product_name,price,rating,review_count,product_url,image_url,category,source
"Microflash S7-Deep Bass, Clear Hi-Fi Sound, Headphones ...",188.0,3.8,32346.0,https://www.flipkart.com/microflash-s7-deep-bass-clear-hi-fi-sound-headphones-wired/p/itme66ddf4e418b8?pid=ACCGHE4EWZZJNF2Q&lid=LSTACCGHE4EWZZJNF2QJ8HPIR&marketplace=FLIPKART&q=earphones&store=0pm%2Ffcn%2F821&srno=s_1_1&otracker=search&otracker1=search&fm=Search&iid=en_8qb_sblX8Zo2SJmRe3VDoUSRKvhGJUthRo_uJtPrdPBhSmE3VWazkTQQ_dufwXpZVr-0qXhRmRB4Gvm5MJzjjQ%3D%3D&ppt=sp&ppn=sp&ssid=0fz6yk2yc00000001753105988574&qH=54597ea1f2fc7f2e,https://rukminim2.flixcart.com/image/612/612/xif0q/headphone/e/v/z/s7-deep-bass-clear-hi-fi-sound-headphones-microflash-original-imah939sazg6zzpe.jpeg?q=70,Earphones,Flipkart
realme Buds 3 wired Wired,599.0,4.4,136034.0,https://www.flipkart.com/realme-buds-3-wired/p/itm70fe1af6a4cc8?pid=ACCHBPM5D8CCHDYB&lid=LSTACCHBPM5D8CCHDYBERQXHG&marketplace=FLIPKART&q=earphones&store=0pm%2Ffcn%2F821&srno=s_1_2&otracker=search&otracker1=search&fm=Search&iid=d8eda83d-c160-45b0-9bae-1ca6cdba734a.ACCHBPM5D8CCHDYB.SEARCH&ppt=sp&ppn=sp&ssid=0fz6yk2yc00000001753105988574&qH=54597ea1f2fc7f2e,https://rukminim2.flixcart.com/image/612/612/xif0q/headphone/x/g/e/-original-imahbpxeqkyar4yq.jpeg?q=70,Earphones,Flipkart
PRODART ORIGINAL EHS61 Deep Bass Sound Wired,191.0,4.0,6637.0,https://www.flipkart.com/prodart-original-ehs61-deep-bass-sound-wired/p/itm4e6d96a4df640?pid=ACCGHD6GVT9CDFWP&lid=LSTACCGHD6GVT9CDFWPIJYJ8C&marketplace=FLIPKART&q=earphones&store=0pm%2Ffcn%2F821&srno=s_1_3&otracker=search&otracker1=search&fm=Search&iid=d8eda83d-c160-45b0-9bae-1ca6cdba734a.ACCGHD6GVT9CDFWP.SEARCH&ppt=sp&ppn=sp&ssid=0fz6yk2yc00000001753105988574&qH=54597ea1f2fc7f2e,https://rukminim2.flixcart.com/image/612/612/xif0q/headphone/x/q/k/original-ehs61-deep-bass-sound-prodart-original-imahdmmyed5fjasw.jpeg?q=70,Earphones,Flipkart
"Boult X1-Wired with Dual Dynamic Drivers, BoomX Rich Ba...",349.0,4.1,365586.0,https://www.flipkart.com/boult-x1-wired-dual-dynamic-drivers-boomx-rich-bass-in-line-control-ipx5-wired/p/itm5c98245b1c123?pid=ACCFHWT5ZVBTYDDY&lid=LSTACCFHWT5ZVBTYDDYITECS7&marketplace=FLIPKART&q=earphones&store=0pm%2Ffcn%2F821&srno=s_1_4&otracker=search&otracker1=search&fm=Search&iid=d8eda83d-c160-45b0-9bae-1ca6cdba734a.ACCFHWT5ZVBTYDDY.SEARCH&ppt=sp&ppn=sp&ssid=0fz6yk2yc00000001753105988574&qH=54597ea1f2fc7f2e,https://rukminim2.flixcart.com/image/612/612/xif0q/headphone/f/7/7/-original-imagg5jypsfdsbjz.jpeg?q=70,Earphones,Flipkart
boAt Bassheads 103 Black Wired,399.0,4.2,635574.0,https://www.flipkart.com/boat-bassheads-103-black-wired/p/itmcef2a10b6ea14?pid=ACCFGYHGGDCFYCA3&lid=LSTACCFGYHGGDCFYCA3NHHIBG&marketplace=FLIPKART&q=earphones&store=0pm%2Ffcn%2F821&srno=s_1_5&otracker=search&otracker1=search&fm=Search&iid=d8eda83d-c160-45b0-9bae-1ca6cdba734a.ACCFGYHGGDCFYCA3.SEARCH&ppt=sp&ppn=sp&ssid=0fz6yk2yc00000001753105988574&qH=54597ea1f2fc7f2e,https://rukminim2.flixcart.com/image/612/612/kj0bp8w0-0/headphone/l/j/0/bassheads-103-black-boat-original-imafyz3wqtqfzzwd.jpeg?q=70,Earphones,Flipkart
"Boult XO with 3.5mm Jack, Extra Bass, 10mm Dynamic Driv...",299.0,4.1,365586.0,https://www.flipkart.com/boult-xo-3-5mm-jack-extra-bass-10mm-dynamic-driver-inline-control-hd-mic-ipx5-wired/p/itma7f4f140597c8?pid=ACCH96ZHCBFTZHFM&lid=LSTACCH96ZHCBFTZHFMVJIYYR&marketplace=FLIPKART&q=earphones&store=0pm%2Ffcn%2F821&srno=s_1_6&otracker=search&otracker1=search&fm=Search&iid=d8eda83d-c160-45b0-9bae-1ca6cdba734a.ACCH96ZHCBFTZHFM.SEARCH&ppt=sp&ppn=sp&ssid=0fz6yk2yc00000001753105988574&qH=54597ea1f2fc7f2e,https://rukminim2.flixcart.com/image/612/612/xif0q/headphone/h/5/n/-original-imaha9zwftgybbr2.jpeg?q=70,Earphones,Flipkart
PROWARP Original EHS61 Deep Bass with Sound Cancellatio...,191.0,4.0,30604.0,https://www.flipkart.com/prowarp-original-ehs61-deep-bass-sound-cancellation-wired/p/itm37b8da18083dc?pid=ACCGH9GYFUEXGTMF&lid=LSTACCGH9GYFUEXGTMFK0NWDN&marketplace=FLIPKART&q=earphones&store=0pm%2Ffcn%2F821&srno=s_1_7&otracker=search&otracker1=search&fm=Search&iid=d8eda83d-c160-45b0-9bae-1ca6cdba734a.ACCGH9GYFUEXGTMF.SEARCH&ppt=sp&ppn=sp&ssid=0fz6yk2yc00000001753105988574&qH=54597ea1f2fc7f2e,https://rukminim2.flixcart.com/image/612/612/xif0q/headphone/l/i/f/sound-cancellation-premium-quality-3-5mm-cabtronics-original-imah5sbe76d96hua.jpeg?q=70,Earphones,Flipkart
JBL C150SI with One Button Universal Remote Wired,599.0,4.2,426470.0,https://www.flipkart.com/jbl-c150si-one-button-universal-remote-wired/p/itm3d686959702b2?pid=ACCEHDJFUPC8JSEG&lid=LSTACCEHDJFUPC8JSEGZ6VRS0&marketplace=FLIPKART&q=earphones&store=0pm%2Ffcn%2F821&srno=s_1_8&otracker=search&otracker1=search&fm=Search&iid=d8eda83d-c160-45b0-9bae-1ca6cdba734a.ACCEHDJFUPC8JSEG.SEARCH&ppt=sp&ppn=sp&ssid=0fz6yk2yc00000001753105988574&qH=54597ea1f2fc7f2e,https://rukminim2.flixcart.com/image/612/612/k3ncakw0pkrrdj/headphone/dynamic/z/a/r/jbl-c150siured-original-imafhyzxbgwa3czq.jpeg?q=70,Earphones,Flipkart
JBL C50HI Wired,499.0,4.0,178679.0,https://www.flipkart.com/jbl-c50hi-wired/p/itm056b35eacafd3?pid=ACCFAMFQSGUG9D8R&lid=LSTACCFAMFQSGUG9D8RUMXXIK&marketplace=FLIPKART&q=earphones&store=0pm%2Ffcn%2F821&srno=s_1_9&otracker=search&otracker1=search&fm=Search&iid=d8eda83d-c160-45b0-9bae-1ca6cdba734a.ACCFAMFQSGUG9D8R.SEARCH&ppt=sp&ppn=sp&ssid=0fz6yk2yc00000001753105988574&qH=54597ea1f2fc7f2e,https://rukminim2.flixcart.com/image/612/612/k0lbdzk0pkrrdj/headphone-refurbished/h/w/t/u-c50hiblk-jbl-original-imafhmzvhjegfbhz.jpeg?q=70,Earphones,Flipkart
boAt Basshads 104 Wired,349.0,4.1,112346.0,https://www.flipkart.com/boat-basshads-104-wired/p/itm931538cfe1061?pid=ACCGF76Y4YQ3JQJN&lid=LSTACCGF76Y4YQ3JQJNIWK3L8&marketplace=FLIPKART&q=earphones&store=0pm%2Ffcn%2F821&srno=s_1_10&otracker=search&otracker1=search&fm=Search&iid=d8eda83d-c160-45b0-9bae-1ca6cdba734a.ACCGF76Y4YQ3JQJN.SEARCH&ppt=sp&ppn=sp&ssid=0fz6yk2yc00000001753105988574&qH=54597ea1f2fc7f2e,https://rukminim2.flixcart.com/image/612/612/kmf7ki80/headphone/t/7/c/bassheads-104-boat-original-imagfbvxd5t9fvmt.jpeg?q=70,Earphones,Flipkart
boAt Bassheads 242 Wired,449.0,4.2,587328.0,https://www.flipkart.com/boat-bassheads-242-wired/p/itm5080d94a3aaf5?pid=ACCFUXTXY6PRYFFD&lid=LSTACCFUXTXY6PRYFFDHJ6FW9&marketplace=FLIPKART&q=earphones&store=0pm%2Ffcn%2F821&srno=s_1_11&otracker=search&otracker1=search&fm=Search&iid=d8eda83d-c160-45b0-9bae-1ca6cdba734a.ACCFUXTXY6PRYFFD.SEARCH&ppt=sp&ppn=sp&ssid=0fz6yk2yc00000001753105988574&qH=54597ea1f2fc7f2e,https://rukminim2.flixcart.com/image/612/612/keq058w0-0/headphone/s/e/l/bassheads-242-boat-original-imafvcfgxhfysyhh.jpeg?q=70,Earphones,Flipkart
URBANBEATS UV wire and mic colourful HEADPHONES (pack o...,299.0,3.6,227.0,https://www.flipkart.com/urbanbeats-uv-wire-mic-colourful-headphones-pack-4pcs-true-bass-wired-gaming/p/itmfdababfb8ef92?pid=ACCGQXMTTZKV4ART&lid=LSTACCGQXMTTZKV4ARTIRXJ0H&marketplace=FLIPKART&q=earphones&store=0pm%2Ffcn%2F821&srno=s_1_12&otracker=search&otracker1=search&fm=Search&iid=d8eda83d-c160-45b0-9bae-1ca6cdba734a.ACCGQXMTTZKV4ART.SEARCH&ppt=sp&ppn=sp&ssid=0fz6yk2yc00000001753105988574&qH=54597ea1f2fc7f2e,https://rukminim2.flixcart.com/image/612/612/xif0q/headphone/i/6/d/uv-wire-and-mic-colourful-headphones-pack-of-4pcs-true-bass-original-imagwaffe9dhpwrg.jpeg?q=70,Earphones,Flipkart
Mi Type C Wired Headset with Mic Wired,599.0,4.3,547688.0,https://www.flipkart.com/mi-type-c-wired-headset-mic/p/itm539055a349ffa?pid=ACCH5VUZDTUAPCE9&lid=LSTACCH5VUZDTUAPCE9IAMEBV&marketplace=FLIPKART&q=earphones&store=0pm%2Ffcn%2F821&srno=s_1_13&otracker=search&otracker1=search&fm=Search&iid=d8eda83d-c160-45b0-9bae-1ca6cdba734a.ACCH5VUZDTUAPCE9.SEARCH&ppt=sp&ppn=sp&ssid=0fz6yk2yc00000001753105988574&qH=54597ea1f2fc7f2e,https://rukminim2.flixcart.com/image/612/612/xif0q/headphone/2/q/i/-original-imah8be6a49tsmzf.jpeg?q=70,Earphones,Flipkart
"ZEBRONICS Zeb-Buds 30, with In-Line Mic, 3.5mm Jack, 14...",299.0,3.8,948.0,https://www.flipkart.com/zebronics-zeb-buds-30-in-line-mic-3-5mm-jack-14mm-drivers-volume-control-durable-wired/p/itm525bb60b56c2d?pid=ACCGNM395HGYSGQS&lid=LSTACCGNM395HGYSGQSGY8B6U&marketplace=FLIPKART&q=earphones&store=0pm%2Ffcn%2F821&srno=s_1_14&otracker=search&otracker1=search&fm=Search&iid=d8eda83d-c160-45b0-9bae-1ca6cdba734a.ACCGNM395HGYSGQS.SEARCH&ppt=sp&ppn=sp&ssid=0fz6yk2yc00000001753105988574&qH=54597ea1f2fc7f2e,https://rukminim2.flixcart.com/image/612/612/xif0q/headphone/q/4/m/zeb-buds-30-3-5mm-stereo-wired-in-ear-earphone-with-microphone-original-imagnm2re8ucqqht.jpeg?q=70,Earphones,Flipkart
realme Buds 2 Wired,599.0,4.4,136034.0,https://www.flipkart.com/realme-buds-2-wired/p/itm192cca0f0aa57?pid=ACCGTGKXSTSMYV7E&lid=LSTACCGTGKXSTSMYV7E1RK7QD&marketplace=FLIPKART&q=earphones&store=0pm%2Ffcn%2F821&srno=s_1_15&otracker=search&otracker1=search&fm=Search&iid=d8eda83d-c160-45b0-9bae-1ca6cdba734a.ACCGTGKXSTSMYV7E.SEARCH&ppt=sp&ppn=sp&ssid=0fz6yk2yc00000001753105988574&qH=54597ea1f2fc7f2e,https://rukminim2.flixcart.com/image/612/612/xif0q/headphone/u/j/3/-original-imagtyy3gtfngmta.jpeg?q=70,Earphones,Flipkart
"boAt Rockerz 110 with 40 HRS Playback, ENx Technology, ...",799.0,4.1,51492.0,https://www.flipkart.com/boat-rockerz-110-40-hrs-playback-enx-technology-beast-mode-asap-charge-bluetooth/p/itm0295d17338c98?pid=ACCGS9ZMAXHZFU2K&lid=LSTACCGS9ZMAXHZFU2KFEHHN6&marketplace=FLIPKART&q=earphones&store=0pm%2Ffcn%2F821&srno=s_1_16&otracker=search&otracker1=search&fm=Search&iid=d8eda83d-c160-45b0-9bae-1ca6cdba734a.ACCGS9ZMAXHZFU2K.SEARCH&ppt=sp&ppn=sp&ssid=0fz6yk2yc00000001753105988574&qH=54597ea1f2fc7f2e,https://rukminim2.flixcart.com/image/612/612/xif0q/headphone/v/a/e/-original-imaguggqkr2cjf3r.jpeg?q=70,Earphones,Flipkart
"Aroma NB120 Amaze Upto 50 Hours Playtime*, Fast Chargin...",300.0,3.8,124208.0,https://www.flipkart.com/aroma-nb120-amaze-upto-50-hours-playtime-fast-charging-dual-pairing-neckband-bluetooth/p/itmcaffc9be2871e?pid=ACCHDFNHMZWQABDN&lid=LSTACCHDFNHMZWQABDNHRENMC&marketplace=FLIPKART&q=earphones&store=0pm%2Ffcn%2F821&srno=s_1_17&otracker=search&otracker1=search&fm=Search&iid=en_8qb_sblX8Zo2SJmRe3VDoUSRKvhGJUthRo_uJtPrdPDzxSbp30kvZCB1VAD021CVzjiWzGshNDbQX2hxeKCkdg%3D%3D&ppt=sp&ppn=sp&ssid=0fz6yk2yc00000001753105988574&qH=54597ea1f2fc7f2e,https://rukminim2.flixcart.com/image/612/612/xif0q/headphone/u/x/9/nb120-amaze-upto-50-hours-playtime-fast-charging-dual-pairing-original-imahd8bgft3dndh2.jpeg?q=70,Earphones,Flipkart
Aroma NB121 Pods Upto 40 Hours Playtime* Type C Fast Ch...,299.0,3.7,69361.0,https://www.flipkart.com/aroma-nb121-pods-upto-40-hours-playtime-type-c-fast-charging-dual-pairing-earbuds-bluetooth/p/itm911b47c91c5dd?pid=ACCH77MF4NYVHZTE&lid=LSTACCH77MF4NYVHZTETGQDWP&marketplace=FLIPKART&q=earphones&store=0pm%2Ffcn%2F821&srno=s_1_18&otracker=search&otracker1=search&fm=Search&iid=en_8qb_sblX8Zo2SJmRe3VDoUSRKvhGJUthRo_uJtPrdPAQlpxlA5ax3ugk1KHKkAnobgbeYhXh7-RrWVNDAdqn-g%3D%3D&ppt=sp&ppn=sp&ssid=0fz6yk2yc00000001753105988574&qH=54597ea1f2fc7f2e,https://rukminim2.flixcart.com/image/612/612/xif0q/headphone/b/y/9/nb121-pods-upto-40-hours-playtime-type-c-fast-charging-dual-original-imahd8bgcdwr3pgf.jpeg?q=70,Earphones,Flipkart
"Boult Loop2 with 10mm Drivers, BoomX Rich Bass, In-line...",249.0,4.0,45835.0,https://www.flipkart.com/boult-loop2-10mm-drivers-boomx-rich-bass-in-line-controls-soft-silicon-snugfit-wired/p/itm34b51a9133ab2?pid=ACCGHBHQYGXU7QKY&lid=LSTACCGHBHQYGXU7QKYQR43TR&marketplace=FLIPKART&q=earphones&store=0pm%2Ffcn%2F821&srno=s_1_19&otracker=search&otracker1=search&fm=Search&iid=d8eda83d-c160-45b0-9bae-1ca6cdba734a.ACCGHBHQYGXU7QKY.SEARCH&ppt=sp&ppn=sp&ssid=0fz6yk2yc00000001753105988574&qH=54597ea1f2fc7f2e,https://rukminim2.flixcart.com/image/612/612/xif0q/headphone/z/r/v/-original-imagjfqefb3hzhcw.jpeg?q=70,Earphones,Flipkart
"ZEBRONICS ZEB-BRO, With In-Line MiC, 3.5mm Jack, 10mm d...",159.0,3.7,114411.0,https://www.flipkart.com/zebronics-zeb-bro-in-line-mic-3-5mm-jack-10mm-drivers-compatible-phone-tablet-wired/p/itm8b078070391e2?pid=ACCGG6NAUNJKDPYG&lid=LSTACCGG6NAUNJKDPYGRNBWR5&marketplace=FLIPKART&q=earphones&store=0pm%2Ffcn%2F821&srno=s_1_20&otracker=search&otracker1=search&fm=Search&iid=d8eda83d-c160-45b0-9bae-1ca6cdba734a.ACCGG6NAUNJKDPYG.SEARCH&ppt=sp&ppn=sp&ssid=0fz6yk2yc00000001753105988574&qH=54597ea1f2fc7f2e,https://rukminim2.flixcart.com/image/612/612/xif0q/headphone/x/f/r/-original-imahfpmehbsghzyj.jpeg?q=70,Earphones,Flipkart
"Boult Astra with Quad Mic ENC, 48Hrs Battery, Low Laten...",1299.0,4.1,186402.0,https://www.flipkart.com/boult-astra-quad-mic-enc-48hrs-battery-low-latency-gaming-made-india-5-3v-bluetooth/p/itmd2008f28b12bd?pid=ACCGS2VSKG3E2JW8&lid=LSTACCGS2VSKG3E2JW8GGXDAU&marketplace=FLIPKART&q=earphones&store=0pm%2Ffcn%2F821&srno=s_1_21&otracker=search&otracker1=search&fm=Search&iid=en_8qb_sblX8Zo2SJmRe3VDoUSRKvhGJUthRo_uJtPrdPA_YewcqpnqIdbPZZrPMExFSSytohaId8k4K8SPQ_j_SkKsf8s6I2Oz2HOgbXTo_9U%3D&ppt=sp&ppn=sp&ssid=0fz6yk2yc00000001753105988574&qH=54597ea1f2fc7f2e,https://rukminim2.flixcart.com/image/612/612/xif0q/headphone/w/d/k/astra-boult-original-imahd2zfafgdggg5.jpeg?q=70,Earphones,Flipkart
"Boult Y1 with Zen ENC Mic, 50H Battery, Fast Charging, ...",999.0,4.1,515436.0,https://www.flipkart.com/boult-y1-zen-enc-mic-50h-battery-fast-charging-pro-calling-knurled-design-bluetooth/p/itme9f738a82d2c7?pid=ACCGQQ3CZZZSHZJZ&lid=LSTACCGQQ3CZZZSHZJZCCB8IL&marketplace=FLIPKART&q=earphones&store=0pm%2Ffcn%2F821&srno=s_1_22&otracker=search&otracker1=search&fm=Search&iid=en_8qb_sblX8Zo2SJmRe3VDoUSRKvhGJUthRo_uJtPrdPDCm7r6IyLyY4V8gmUfi_luBp0o3656N5QVo1DnagiD0uvN4Mn-dv-pi277bRzMbnY%3D&ppt=sp&ppn=sp&ssid=0fz6yk2yc00000001753105988574&qH=54597ea1f2fc7f2e,https://rukminim2.flixcart.com/image/612/612/xif0q/headphone/u/p/y/-original-imahe38vezkmxad9.jpeg?q=70,Earphones,Flipkart
"Portronics Conch Gama Earphone,1.2m Tangle Free Cable, ...",276.0,4.1,8823.0,https://www.flipkart.com/portronics-conch-gama-earphone-1-2m-tangle-free-cable-mic-3-5mm-aux-port-wired-gaming/p/itm3aab1acc9da41?pid=ACCFHHR4G5DWDWZU&lid=LSTACCFHHR4G5DWDWZUIIEETQ&marketplace=FLIPKART&q=earphones&store=0pm%2Ffcn%2F821&srno=s_1_23&otracker=search&otracker1=search&fm=Search&iid=d8eda83d-c160-45b0-9bae-1ca6cdba734a.ACCFHHR4G5DWDWZU.SEARCH&ppt=sp&ppn=sp&ssid=0fz6yk2yc00000001753105988574&qH=54597ea1f2fc7f2e,https://rukminim2.flixcart.com/image/612/612/xif0q/headphone/o/v/u/por-1025-gama-portronics-original-imahbnhya6fkhrsy.jpeg?q=70,Earphones,Flipkart
"Boult X1 with Dual Dynamic Drivers, BoomX Rich Bass, In...",349.0,4.1,365586.0,https://www.flipkart.com/boult-x1-dual-dynamic-drivers-boomx-rich-bass-in-line-control-ipx5-wired/p/itmedade30a44ef9?pid=ACCFHWT5S8XUNWT7&lid=LSTACCFHWT5S8XUNWT7ZNKIWC&marketplace=FLIPKART&q=earphones&store=0pm%2Ffcn%2F821&srno=s_1_24&otracker=search&otracker1=search&fm=Search&iid=d8eda83d-c160-45b0-9bae-1ca6cdba734a.ACCFHWT5S8XUNWT7.SEARCH&ppt=sp&ppn=sp&ssid=0fz6yk2yc00000001753105988574&qH=54597ea1f2fc7f2e,https://rukminim2.flixcart.com/image/612/612/xif0q/headphone/h/j/9/-original-imagg5jyaqyqy6ke.jpeg?q=70,Earphones,Flipkart
"ZEBRONICS Zeb-Buds 30, with In-Line Mic, 3.5mm Jack, 14...",199.0,3.9,135.0,https://www.flipkart.com/zebronics-zeb-buds-30-in-line-mic-3-5mm-jack-14mm-drivers-volume-control-durable-wired/p/itm71af13a2b1b04?pid=ACCGNMFZFGGTXWKT&lid=LSTACCGNMFZFGGTXWKTO437TK&marketplace=FLIPKART&q=earphones&store=0pm%2Ffcn%2F821&spotlightTagId=default_TrendingId_0pm%2Ffcn%2F821&srno=s_1_25&otracker=search&otracker1=search&fm=Search&iid=d8eda83d-c160-45b0-9bae-1ca6cdba734a.ACCGNMFZFGGTXWKT.SEARCH&ppt=sp&ppn=sp&ssid=0fz6yk2yc00000001753105988574&qH=54597ea1f2fc7f2e,https://rukminim2.flixcart.com/image/612/612/xif0q/headphone/e/v/s/zeb-buds-30-3-5mm-stereo-wired-in-ear-earphone-with-microphone-original-imagsz5uszzuqfgu.jpeg?q=70,Earphones,Flipkart
"Boult Q 70 Hrs Battery, ENC Mic, 40mm Boosted Drivers, ...",1999.0,4.1,10402.0,https://www.flipkart.com/boult-q-70-hrs-battery-enc-mic-40mm-boosted-drivers-4-eq-modes-supreme-bass-5-4v-bluetooth-wired/p/itmc4d9fc2d455b9?pid=ACCH3WJ5U5GPBFC8&lid=LSTACCH3WJ5U5GPBFC8MYHY6P&marketplace=FLIPKART&q=earphones&store=0pm%2Ffcn%2F821&srno=s_1_27&otracker=search&otracker1=search&fm=Search&iid=en_8qb_sblX8Zo2SJmRe3VDoUSRKvhGJUthRo_uJtPrdPACDz7DhcPMEd7ItjeCWVgcc3ppQS4Ov-6RXp92AWLc8Ehz9c-MSIoFe8xMxkfU6dM%3D&ppt=sp&ppn=sp&ssid=0fz6yk2yc00000001753105988574&qH=54597ea1f2fc7f2e,https://rukminim2.flixcart.com/image/612/612/xif0q/headphone/t/t/j/-original-imahd2syvmhjsxhm.jpeg?q=70,Earphones,Flipkart
"realme Buds T200 Lite with 12.4mm Driver, 48hrs Playbac...",1399.0,4.1,94770.0,https://www.flipkart.com/realme-buds-t200-lite-12-4mm-driver-48hrs-playback-ai-enc-dual-device-pairing-bluetooth/p/itm1e7ce9f953e30?pid=ACCHAFSFESQZQGBH&lid=LSTACCHAFSFESQZQGBH8DC7KM&marketplace=FLIPKART&q=earphones&store=0pm%2Ffcn%2F821&srno=s_1_28&otracker=search&otracker1=search&fm=Search&iid=d8eda83d-c160-45b0-9bae-1ca6cdba734a.ACCHAFSFESQZQGBH.SEARCH&ppt=sp&ppn=sp&ssid=0fz6yk2yc00000001753105988574&qH=54597ea1f2fc7f2e,https://rukminim2.flixcart.com/image/612/612/xif0q/headphone/d/b/h/-original-imaha6btcgqdqy5e.jpeg?q=70,Earphones,Flipkart
"boAt Airdopes Alpha with 35 HRS Playback, 13mm Drivers,...",899.0,4.0,592689.0,https://www.flipkart.com/boat-airdopes-alpha-35-hrs-playback-13mm-drivers-dual-mics-enx-beast-mode-bluetooth/p/itm4c4b15a91146e?pid=ACCH9K5BMHR95ZRP&lid=LSTACCH9K5BMHR95ZRP1RGN4T&marketplace=FLIPKART&q=earphones&store=0pm%2Ffcn%2F821&srno=s_1_29&otracker=search&otracker1=search&fm=Search&iid=d8eda83d-c160-45b0-9bae-1ca6cdba734a.ACCH9K5BMHR95ZRP.SEARCH&ppt=sp&ppn=sp&ssid=0fz6yk2yc00000001753105988574&qH=54597ea1f2fc7f2e,https://rukminim2.flixcart.com/image/612/612/xif0q/headphone/2/m/0/-original-imahae3e9ynh9bpa.jpeg?q=70,Earphones,Flipkart
"realme Buds Wireless 5 Lite with 35Hrs Playback,12.4mm ...",1199.0,4.3,159407.0,https://www.flipkart.com/realme-buds-wireless-5-lite-35hrs-playback-12-4mm-drivers-enc-ip55-45ms-latency-bluetooth/p/itm5e477acf46d16?pid=ACCHCTTMF8T7PEXG&lid=LSTACCHCTTMF8T7PEXG60TQEM&marketplace=FLIPKART&q=earphones&store=0pm%2Ffcn%2F821&srno=s_1_30&otracker=search&otracker1=search&fm=Search&iid=d8eda83d-c160-45b0-9bae-1ca6cdba734a.ACCHCTTMF8T7PEXG.SEARCH&ppt=sp&ppn=sp&ssid=0fz6yk2yc00000001753105988574&qH=54597ea1f2fc7f2e,https://rukminim2.flixcart.com/image/612/612/xif0q/headphone/x/u/j/-original-imahd9fjmzg3gm6x.jpeg?q=70,Earphones,Flipkart
Apple EarPods (USB-C) Wired,1649.0,4.4,7076.0,https://www.flipkart.com/apple-earpods-usb-c-wired/p/itmb69425661a87d?pid=ACCGTCYRGXKRSUSR&lid=LSTACCGTCYRGXKRSUSRUFVUOZ&marketplace=FLIPKART&q=earphones&store=0pm%2Ffcn%2F821&srno=s_1_31&otracker=search&otracker1=search&fm=Search&iid=d8eda83d-c160-45b0-9bae-1ca6cdba734a.ACCGTCYRGXKRSUSR.SEARCH&ppt=sp&ppn=sp&ssid=0fz6yk2yc00000001753105988574&qH=54597ea1f2fc7f2e,https://rukminim2.flixcart.com/image/612/612/xif0q/headphone/a/7/a/wired-headphones-crystal-clear-sound-earphones-for-oneplus-oppo-original-imagtmzfuqf8fe8a.jpeg?q=70,Earphones,Flipkart
SONY EX14AP Wired,549.0,4.0,153589.0,https://www.flipkart.com/sony-ex14ap-wired/p/itm184e58cc42871?pid=ACCEWH82VYCDUHHH&lid=LSTACCEWH82VYCDUHHH50DUJ3&marketplace=FLIPKART&q=earphones&store=0pm%2Ffcn%2F821&srno=s_1_32&otracker=search&otracker1=search&fm=Search&iid=d8eda83d-c160-45b0-9bae-1ca6cdba734a.ACCEWH82VYCDUHHH.SEARCH&ppt=sp&ppn=sp&ssid=0fz6yk2yc00000001753105988574&qH=54597ea1f2fc7f2e,https://rukminim2.flixcart.com/image/612/612/xif0q/headphone/v/n/k/-original-imahfmbchfyjg6tt.jpeg?q=70,Earphones,Flipkart
"Mozu Audiology 101 with Rugged Wire, L-Shape Connector,...",198.0,4.0,801.0,https://www.flipkart.com/mozu-audiology-101-rugged-wire-l-shape-connector-built-in-mic-wired/p/itmc582c4a43532c?pid=ACCG3PEQNK5HETEG&lid=LSTACCG3PEQNK5HETEGERKBNG&marketplace=FLIPKART&q=earphones&store=0pm%2Ffcn%2F821&srno=s_1_34&otracker=search&otracker1=search&fm=Search&iid=d8eda83d-c160-45b0-9bae-1ca6cdba734a.ACCG3PEQNK5HETEG.SEARCH&ppt=sp&ppn=sp&ssid=0fz6yk2yc00000001753105988574&qH=54597ea1f2fc7f2e,https://rukminim2.flixcart.com/image/612/612/xif0q/headphone/b/c/x/audiology-101-with-rugged-wire-l-shape-connector-built-in-mic-original-imagw4khqvhhwggz.jpeg?q=70,Earphones,Flipkart
"Mi Earphones with Mic, Ultra Deep Bass & Metal Sound Ch...",449.0,4.3,547688.0,https://www.flipkart.com/mi-earphones-mic-ultra-deep-bass-metal-sound-chamber-wired/p/itm7f83460725fc7?pid=ACCFSEGG4ZNHTHFG&lid=LSTACCFSEGG4ZNHTHFGYQAPOX&marketplace=FLIPKART&q=earphones&store=0pm%2Ffcn%2F821&srno=s_1_35&otracker=search&otracker1=search&fm=Search&iid=d8eda83d-c160-45b0-9bae-1ca6cdba734a.ACCFSEGG4ZNHTHFG.SEARCH&ppt=sp&ppn=sp&ssid=0fz6yk2yc00000001753105988574&qH=54597ea1f2fc7f2e,https://rukminim2.flixcart.com/image/612/612/kbzergw0/headphone/q/j/f/ydjc01jy-mi-original-imaft7gypyfhhpjr.jpeg?q=70,Earphones,Flipkart
Mi Basic Wired Headset with Mic,449.0,4.3,547688.0,https://www.flipkart.com/mi-basic-wired-headset-mic/p/itm802a7abd7b51d?pid=ACCF3YPVXUHHGJUZ&lid=LSTACCF3YPVXUHHGJUZ7ROMUU&marketplace=FLIPKART&q=earphones&store=0pm%2Ffcn%2F821&srno=s_1_36&otracker=search&otracker1=search&fm=Search&iid=d8eda83d-c160-45b0-9bae-1ca6cdba734a.ACCF3YPVXUHHGJUZ.SEARCH&ppt=sp&ppn=sp&ssid=0fz6yk2yc00000001753105988574&qH=54597ea1f2fc7f2e,https://rukminim2.flixcart.com/image/612/612/krntoy80/headphone/j/l/n/ydjc01jy-mi-original-imag5egze7eb9taj.jpeg?q=70,Earphones,Flipkart
"ZEBRONICS Zeb-Calyx, with In-Line Mic, 3.5mm Jack, 12mm...",258.0,3.7,2397.0,https://www.flipkart.com/zebronics-zeb-calyx-in-line-mic-3-5mm-jack-12mm-drivers-deep-bass-durable-wired/p/itmc590449d2662e?pid=ACCFKTFQKGMVFWW9&lid=LSTACCFKTFQKGMVFWW9GOFRDD&marketplace=FLIPKART&q=earphones&store=0pm%2Ffcn%2F821&srno=s_1_40&otracker=search&otracker1=search&fm=Search&iid=d8eda83d-c160-45b0-9bae-1ca6cdba734a.ACCFKTFQKGMVFWW9.SEARCH&ppt=sp&ppn=sp&ssid=0fz6yk2yc00000001753105988574&qH=54597ea1f2fc7f2e,https://rukminim2.flixcart.com/image/612/612/xif0q/headphone/c/m/q/zeb-calyx-zebronics-original-imahbgyvyzpmppvd.jpeg?q=70,Earphones,Flipkart
PRODART wired headphones with sound cancellation Wired,188.0,4.1,587.0,https://www.flipkart.com/prodart-wired-headphones-sound-cancellation/p/itma61bd654f379c?pid=ACCGH89XRVHG76MP&lid=LSTACCGH89XRVHG76MPK9PLNQ&marketplace=FLIPKART&q=earphones&store=0pm%2Ffcn%2F821&srno=s_2_43&otracker=search&otracker1=search&fm=Search&iid=2247ad38-0720-420a-95b4-87dd49456845.ACCGH89XRVHG76MP.SEARCH&ppt=sp&ppn=sp&ssid=wtbp0vyn3k0000001753106001023&qH=54597ea1f2fc7f2e,https://rukminim2.flixcart.com/image/612/612/xif0q/headphone/p/u/i/wired-headphones-with-sound-cancellation-prodart-original-imah95f3mkwm5mys.jpeg?q=70,Earphones,Flipkart
PROWARP Deep Bass 3.5mm Original Quality Wired,191.0,4.0,1520.0,https://www.flipkart.com/prowarp-deep-bass-3-5mm-original-quality-wired/p/itmfe6d719d671e6?pid=ACCHYW38M8E2EQQ6&lid=LSTACCHYW38M8E2EQQ6SDSW7V&marketplace=FLIPKART&q=earphones&store=0pm%2Ffcn%2F821&srno=s_2_44&otracker=search&otracker1=search&fm=Search&iid=2247ad38-0720-420a-95b4-87dd49456845.ACCHYW38M8E2EQQ6.SEARCH&ppt=sp&ppn=sp&ssid=wtbp0vyn3k0000001753106001023&qH=54597ea1f2fc7f2e,https://rukminim2.flixcart.com/image/612/612/xif0q/headphone/q/5/s/deep-bass-3-5-mm-original-quality-prowarp-original-imah8r8yarkghe8b.jpeg?q=70,Earphones,Flipkart
IAIR In-Ear Beats Wired Earphone with Mic Dynamic Styli...,170.0,3.5,2052.0,https://www.flipkart.com/iair-in-ear-beats-wired-earphone-mic-dynamic-stylish-soft-silicon-ear-tip-black/p/itm1f7f3292b6dca?pid=ACCGGTHTBVCMSBEF&lid=LSTACCGGTHTBVCMSBEFOLXC4V&marketplace=FLIPKART&q=earphones&store=0pm%2Ffcn%2F821&srno=s_2_45&otracker=search&otracker1=search&fm=Search&iid=2247ad38-0720-420a-95b4-87dd49456845.ACCGGTHTBVCMSBEF.SEARCH&ppt=sp&ppn=sp&ssid=wtbp0vyn3k0000001753106001023&qH=54597ea1f2fc7f2e,https://rukminim2.flixcart.com/image/612/612/xif0q/headphone/p/0/r/in-ear-beats-wired-earphone-with-mic-dynamic-stylish-soft-original-imahcm8abczf36gp.jpeg?q=70,Earphones,Flipkart
NEXWARP Original EHS61 Deep Bass with Sound Cancellatio...,169.0,4.2,35.0,https://www.flipkart.com/nexwarp-original-ehs61-deep-bass-sound-cancellation-wired/p/itm8d04f4bd159c7?pid=ACCGZMFRX3QUHHG2&lid=LSTACCGZMFRX3QUHHG2UFEW9F&marketplace=FLIPKART&q=earphones&store=0pm%2Ffcn%2F821&srno=s_2_46&otracker=search&otracker1=search&fm=Search&iid=2247ad38-0720-420a-95b4-87dd49456845.ACCGZMFRX3QUHHG2.SEARCH&ppt=sp&ppn=sp&ssid=wtbp0vyn3k0000001753106001023&qH=54597ea1f2fc7f2e,https://rukminim2.flixcart.com/image/612/612/xif0q/headphone/a/5/2/original-ehs61-deep-bass-with-sound-cancellation-nexwarp-original-imahdcgspjjywa4g.jpeg?q=70,Earphones,Flipkart
NEXWARP ORIGINAL EHS61 Deep Bass Sound Wired,172.0,4.4,9.0,https://www.flipkart.com/nexwarp-original-ehs61-deep-bass-sound-wired/p/itm9af42c75456c1?pid=ACCGZTXYWEJFS6KE&lid=LSTACCGZTXYWEJFS6KEEBSPMR&marketplace=FLIPKART&q=earphones&store=0pm%2Ffcn%2F821&srno=s_2_49&otracker=search&otracker1=search&fm=Search&iid=2247ad38-0720-420a-95b4-87dd49456845.ACCGZTXYWEJFS6KE.SEARCH&ppt=sp&ppn=sp&ssid=wtbp0vyn3k0000001753106001023&qH=54597ea1f2fc7f2e,https://rukminim2.flixcart.com/image/612/612/xif0q/headphone/k/0/w/original-ehs61-deep-bass-sound-nexwarp-original-imahd85pk2spzuer.jpeg?q=70,Earphones,Flipkart
"realme Buds Wireless 3 Neo with 13.4mm Driver, 32 hrs P...",1299.0,4.2,471350.0,https://www.flipkart.com/realme-buds-wireless-3-neo-13-4mm-driver-32-hrs-playback-dual-device-connection-bluetooth/p/itmfacc0c48b9799?pid=ACCHYRHPDUU2HUGG&lid=LSTACCHYRHPDUU2HUGGYZLKOX&marketplace=FLIPKART&q=earphones&store=0pm%2Ffcn%2F821&srno=s_2_50&otracker=search&otracker1=search&fm=Search&iid=2247ad38-0720-420a-95b4-87dd49456845.ACCHYRHPDUU2HUGG.SEARCH&ppt=sp&ppn=sp&ssid=wtbp0vyn3k0000001753106001023&qH=54597ea1f2fc7f2e,https://rukminim2.flixcart.com/image/612/612/xif0q/headphone/v/p/2/-original-imahyy62yzupu5z8.jpeg?q=70,Earphones,Flipkart
SONY EX155 Wired,998.0,4.2,23882.0,https://www.flipkart.com/sony-ex155-wired/p/itm92f01fb1ea182?pid=ACCEVAEWCBH7WR3K&lid=LSTACCEVAEWCBH7WR3KVJET8H&marketplace=FLIPKART&q=earphones&store=0pm%2Ffcn%2F821&srno=s_2_53&otracker=search&otracker1=search&fm=Search&iid=2247ad38-0720-420a-95b4-87dd49456845.ACCEVAEWCBH7WR3K.SEARCH&ppt=sp&ppn=sp&ssid=wtbp0vyn3k0000001753106001023&qH=54597ea1f2fc7f2e,https://rukminim2.flixcart.com/image/612/612/jz05rww0/headphone/h/t/w/sony-mdr-ex155ap-original-imaf8eyfba7gvtyh.jpeg?q=70,Earphones,Flipkart
"Jib Wired Earbuds with Microphone, Noise Isolating Fit,...",549.0,4.0,55326.0,https://www.flipkart.com/jib-wired-earbuds-microphone-noise-isolating-fit-call-track-control/p/itmead37fa9faecb?pid=ACCF6C86FVXGXUNJ&lid=LSTACCF6C86FVXGXUNJ52ORM3&marketplace=FLIPKART&q=earphones&store=0pm%2Ffcn%2F821&srno=s_2_55&otracker=search&otracker1=search&fm=Search&iid=2247ad38-0720-420a-95b4-87dd49456845.ACCF6C86FVXGXUNJ.SEARCH&ppt=sp&ppn=sp&ssid=wtbp0vyn3k0000001753106001023&qH=54597ea1f2fc7f2e,https://rukminim2.flixcart.com/image/612/612/xif0q/headphone/0/x/f/-original-imah97hjzgx8bvpf.jpeg?q=70,Earphones,Flipkart
Meyaar Pack Of 2 High Quality Headphones with Mic For A...,245.0,,,https://www.flipkart.com/meyaar-pack-2-high-quality-headphones-mic-all-smartphones-wired/p/itm00516c7706944?pid=ACCFYVD4Z3PBS3DH&lid=LSTACCFYVD4Z3PBS3DHUYSVBK&marketplace=FLIPKART&q=earphones&store=0pm%2Ffcn%2F821&srno=s_2_56&otracker=search&otracker1=search&fm=Search&iid=2247ad38-0720-420a-95b4-87dd49456845.ACCFYVD4Z3PBS3DH.SEARCH&ppt=sp&ppn=sp&ssid=wtbp0vyn3k0000001753106001023&qH=54597ea1f2fc7f2e,https://rukminim2.flixcart.com/image/612/612/kj61gnk0-0/headphone/o/d/x/2-pack-high-bass-headphones-with-mic-for-all-smartphones-meyaar-original-imafysfgzu4z4sp4.jpeg?q=70,Earphones,Flipkart
ORAIMO OEP-E12N Wired,299.0,3.7,1129.0,https://www.flipkart.com/oraimo-oep-e12n-wired/p/itm13ead869f7f6d?pid=ACCGFFZ4CPSC5XCA&lid=LSTACCGFFZ4CPSC5XCAOUURO4&marketplace=FLIPKART&q=earphones&store=0pm%2Ffcn%2F821&srno=s_2_57&otracker=search&otracker1=search&fm=Search&iid=2247ad38-0720-420a-95b4-87dd49456845.ACCGFFZ4CPSC5XCA.SEARCH&ppt=sp&ppn=sp&ssid=wtbp0vyn3k0000001753106001023&qH=54597ea1f2fc7f2e,https://rukminim2.flixcart.com/image/612/612/xif0q/headphone/j/p/g/-original-imagg8q4swwmm6mn.jpeg?q=70,Earphones,Flipkart
"Ziddjeet X268 ARU-1132 Wireless ENC, 360 degree Spatial...",413.0,,,https://www.flipkart.com/ziddjeet-x268-aru-1132-wireless-enc-360-degree-spatial-audio-upto-40-hours-playback-bluetooth-without-mic/p/itma45e66660baf9?pid=ACCH29S6DHHXUGFV&lid=LSTACCH29S6DHHXUGFVATLSON&marketplace=FLIPKART&q=earphones&store=0pm%2Ffcn%2F821&srno=s_2_59&otracker=search&otracker1=search&fm=Search&iid=2247ad38-0720-420a-95b4-87dd49456845.ACCH29S6DHHXUGFV.SEARCH&ppt=sp&ppn=sp&ssid=wtbp0vyn3k0000001753106001023&qH=54597ea1f2fc7f2e,https://rukminim2.flixcart.com/image/612/612/xif0q/headphone/w/c/y/x268-aru-1132-wireless-enc-360-degree-spatial-audio-upto-40-original-imah29rhm9e43mcu.jpeg?q=70,Earphones,Flipkart
Ultraprolink MoBass+ UM1129 Noise Isolation Hands free ...,486.0,2.8,5.0,https://www.flipkart.com/ultraprolink-mobass-um1129-noise-isolation-hands-free-metal-earphones-mic-wired/p/itm4d7747d674c27?pid=ACCGM6YDNHFUZECU&lid=LSTACCGM6YDNHFUZECUXRJ4UJ&marketplace=FLIPKART&q=earphones&store=0pm%2Ffcn%2F821&srno=s_2_60&otracker=search&otracker1=search&fm=Search&iid=2247ad38-0720-420a-95b4-87dd49456845.ACCGM6YDNHFUZECU.SEARCH&ppt=sp&ppn=sp&ssid=wtbp0vyn3k0000001753106001023&qH=54597ea1f2fc7f2e,https://rukminim2.flixcart.com/image/612/612/xif0q/headphone/m/j/a/mobass-um1129-noise-isolation-hands-free-metal-earphones-with-original-imah6mghh46kzt5c.jpeg?q=70,Earphones,Flipkart
TECHFIRE Bullets 360 TWS Earbuds with 100 HRS Playtime ...,297.0,3.4,54246.0,https://www.flipkart.com/techfire-bullets-360-tws-earbuds-100-hrs-playtime-bluetooth/p/itmb94383018b237?pid=ACCH375MGNFAVJ4G&lid=LSTACCH375MGNFAVJ4GAKH40Y&marketplace=FLIPKART&q=earphones&store=0pm%2Ffcn%2F821&srno=s_2_68&otracker=search&otracker1=search&fm=Search&iid=2247ad38-0720-420a-95b4-87dd49456845.ACCH375MGNFAVJ4G.SEARCH&ppt=sp&ppn=sp&ssid=wtbp0vyn3k0000001753106001023&qH=54597ea1f2fc7f2e,https://rukminim2.flixcart.com/image/612/612/xif0q/headphone/6/9/q/bullets-360-tws-earbuds-with-100-hrs-playtime-50ms-low-latency-original-imah88ay9x2n4hcy.jpeg?q=70,Earphones,Flipkart
"Aroma NB120 Amaze Upto 50 Hours* Playtime, Fast Chargin...",299.0,3.8,124208.0,https://www.flipkart.com/aroma-nb120-amaze-upto-50-hours-playtime-fast-charging-dual-pairing-neckband-bluetooth/p/itma8cdb1bc7b6c0?pid=ACCH5Z8QAWAYHCVK&lid=LSTACCH5Z8QAWAYHCVKR26ZQC&marketplace=FLIPKART&q=earphones&store=0pm%2Ffcn%2F821&srno=s_2_69&otracker=search&otracker1=search&fm=Search&iid=2247ad38-0720-420a-95b4-87dd49456845.ACCH5Z8QAWAYHCVK.SEARCH&ppt=sp&ppn=sp&ssid=wtbp0vyn3k0000001753106001023&qH=54597ea1f2fc7f2e,https://rukminim2.flixcart.com/image/612/612/xif0q/headphone/n/t/t/nb120-amaze-upto-50-hours-playtime-fast-charging-dual-pairing-original-imahd8bghpntyk8j.jpeg?q=70,Earphones,Flipkart
BULLSTORM BS ultrapood Bluetooth Gaming,297.0,3.4,13139.0,https://www.flipkart.com/bullstorm-bs-ultrapood-bluetooth-gaming/p/itm58a679ce7e4ca?pid=ACCHBRYWFRZGDNDA&lid=LSTACCHBRYWFRZGDNDANYXYXJ&marketplace=FLIPKART&q=earphones&store=0pm%2Ffcn%2F821&srno=s_2_70&otracker=search&otracker1=search&fm=Search&iid=2247ad38-0720-420a-95b4-87dd49456845.ACCHBRYWFRZGDNDA.SEARCH&ppt=sp&ppn=sp&ssid=wtbp0vyn3k0000001753106001023&qH=54597ea1f2fc7f2e,https://rukminim2.flixcart.com/image/612/612/xif0q/headphone/s/r/9/bs-ultrapood-bullstorm-original-imahcus46hzumv9a.jpeg?q=70,Earphones,Flipkart
Portronics Conch Theta C Type C Wired Earphone With HD ...,297.0,4.1,5581.0,https://www.flipkart.com/portronics-conch-theta-c-type-wired-earphone-hd-quality-in-line-mic-14-2mm-driver/p/itm3a6311fa66105?pid=ACCH3ZTK9HSYJNZA&lid=LSTACCH3ZTK9HSYJNZA7QB60X&marketplace=FLIPKART&q=earphones&store=0pm%2Ffcn%2F821&srno=s_2_71&otracker=search&otracker1=search&fm=Search&iid=2247ad38-0720-420a-95b4-87dd49456845.ACCH3ZTK9HSYJNZA.SEARCH&ppt=sp&ppn=sp&ssid=wtbp0vyn3k0000001753106001023&qH=54597ea1f2fc7f2e,https://rukminim2.flixcart.com/image/612/612/xif0q/headphone/n/e/9/conch-theta-c-type-c-wired-earphone-with-hd-quality-in-line-mic-original-imah3ztgu7cmfuqq.jpeg?q=70,Earphones,Flipkart
"Microflash Air Buds L95 2days Battery, Touch, Strong Ba...",300.0,3.8,1003.0,https://www.flipkart.com/microflash-air-buds-l95-2days-battery-touch-strong-bass-dual-mic-ai-enc-low-latency-bluetooth/p/itm2e8f39d72795e?pid=ACCH7REERXCHVQS7&lid=LSTACCH7REERXCHVQS7SCVA3B&marketplace=FLIPKART&q=earphones&store=0pm%2Ffcn%2F821&srno=s_2_72&otracker=search&otracker1=search&fm=Search&iid=2247ad38-0720-420a-95b4-87dd49456845.ACCH7REERXCHVQS7.SEARCH&ppt=sp&ppn=sp&ssid=wtbp0vyn3k0000001753106001023&qH=54597ea1f2fc7f2e,https://rukminim2.flixcart.com/image/612/612/xif0q/headphone/r/7/8/air-buds-l95-2days-battery-touch-strong-bass-dual-mic-ai-enc-low-original-imahdr97uszw48dh.jpeg?q=70,Earphones,Flipkart
Aroma NB119 Genius Upto 60 Hours Playtime* Dual Pairing...,289.0,3.7,40090.0,https://www.flipkart.com/aroma-nb119-genius-upto-60-hours-playtime-dual-pairing-fast-charging-neckband-bluetooth/p/itm909384d7fd669?pid=ACCHBSJDGVAFWP8Y&lid=LSTACCHBSJDGVAFWP8YBO2CEF&marketplace=FLIPKART&q=earphones&store=0pm%2Ffcn%2F821&srno=s_2_73&otracker=search&otracker1=search&fm=Search&iid=2247ad38-0720-420a-95b4-87dd49456845.ACCHBSJDGVAFWP8Y.SEARCH&ppt=sp&ppn=sp&ssid=wtbp0vyn3k0000001753106001023&qH=54597ea1f2fc7f2e,https://rukminim2.flixcart.com/image/612/612/xif0q/headphone/x/i/u/nb119-genius-upto-60-hours-playtime-dual-pairing-fast-charging-original-imahd8bgmzq7792u.jpeg?q=70,Earphones,Flipkart
MZ NB111 (Wireless Headphone) Magnetic Neckband 250h st...,210.0,3.8,36036.0,https://www.flipkart.com/mz-nb111-wireless-headphone-magnetic-neckband-250h-standby-200mah-bluetooth/p/itm61c7bddd2b804?pid=ACCGWCMHVKA29VKH&lid=LSTACCGWCMHVKA29VKHEUKRTQ&marketplace=FLIPKART&q=earphones&store=0pm%2Ffcn%2F821&srno=s_2_74&otracker=search&otracker1=search&fm=Search&iid=2247ad38-0720-420a-95b4-87dd49456845.ACCGWCMHVKA29VKH.SEARCH&ppt=sp&ppn=sp&ssid=wtbp0vyn3k0000001753106001023&qH=54597ea1f2fc7f2e,https://rukminim2.flixcart.com/image/612/612/xif0q/headphone/3/m/u/nb111-wireless-headphone-magnetic-neckband-250h-standby-200mah-original-imah77cwrvwjzbyt.jpeg?q=70,Earphones,Flipkart
myxes New Edition TWS M19 Gaming Earbuds Bluetooth 5.0 ...,299.0,3.6,36461.0,https://www.flipkart.com/myxes-new-tws-m19-gaming-earbuds-bluetooth-5-0-wireless-led-digital-display-n8/p/itmf139fdf9c0e1c?pid=ACCGHHZ9VG3JNAUV&lid=LSTACCGHHZ9VG3JNAUVPX3FJB&marketplace=FLIPKART&q=earphones&store=0pm%2Ffcn%2F821&srno=s_2_75&otracker=search&otracker1=search&fm=Search&iid=2247ad38-0720-420a-95b4-87dd49456845.ACCGHHZ9VG3JNAUV.SEARCH&ppt=sp&ppn=sp&ssid=wtbp0vyn3k0000001753106001023&qH=54597ea1f2fc7f2e,https://rukminim2.flixcart.com/image/612/612/xif0q/headphone/3/c/f/new-edition-tws-m19-gaming-earbuds-bluetooth-5-0-wireless-led-original-imah96zwnpzh4gu7.jpeg?q=70,Earphones,Flipkart
Aroma NB126 Aster V5.4 Upto 50Hr Playtime* 45Ms Latency...,469.0,3.9,18315.0,https://www.flipkart.com/aroma-nb126-aster-v5-4-upto-50hr-playtime-45ms-latency-fast-charging-rgb-gaming-tws-bluetooth/p/itma011fff06aff8?pid=ACCH93WDDZU2Z5YG&lid=LSTACCH93WDDZU2Z5YGQTQ3XY&marketplace=FLIPKART&q=earphones&store=0pm%2Ffcn%2F821&srno=s_2_76&otracker=search&otracker1=search&fm=Search&iid=2247ad38-0720-420a-95b4-87dd49456845.ACCH93WDDZU2Z5YG.SEARCH&ppt=sp&ppn=sp&ssid=wtbp0vyn3k0000001753106001023&qH=54597ea1f2fc7f2e,https://rukminim2.flixcart.com/image/612/612/xif0q/headphone/v/t/8/nb126-aster-v5-4-upto-50hr-playtime-45ms-latency-fast-charging-original-imahd8bgsmygfjcr.jpeg?q=70,Earphones,Flipkart
Aroma NB121 Corridor Upto 40 Hours Playtime* Fast Charg...,249.0,3.9,393606.0,https://www.flipkart.com/aroma-nb121-corridor-upto-40-hours-playtime-fast-charging-dual-pairing-neckband-bluetooth/p/itm5afa0ce7d5e7d?pid=ACCH77KU9QQKMWCC&lid=LSTACCH77KU9QQKMWCCCZEXAL&marketplace=FLIPKART&q=earphones&store=0pm%2Ffcn%2F821&srno=s_2_77&otracker=search&otracker1=search&fm=Search&iid=2247ad38-0720-420a-95b4-87dd49456845.ACCH77KU9QQKMWCC.SEARCH&ppt=sp&ppn=sp&ssid=wtbp0vyn3k0000001753106001023&qH=54597ea1f2fc7f2e,https://rukminim2.flixcart.com/image/612/612/xif0q/headphone/j/w/t/nb11-corridor-upto-40-hours-playtime-fast-charging-dual-pairing-original-imahd8bg3kzchbgh.jpeg?q=70,Earphones,Flipkart
Mozu Audiology 100 Type C earphones with mic rugged wir...,288.0,3.7,1493.0,https://www.flipkart.com/mozu-audiology-100-type-c-earphones-mic-rugged-wire-wide-compatibility-wired/p/itm19a417dfe0788?pid=ACCGRS6SCXZ8P4RC&lid=LSTACCGRS6SCXZ8P4RCSTNTQO&marketplace=FLIPKART&q=earphones&store=0pm%2Ffcn%2F821&srno=s_2_78&otracker=search&otracker1=search&fm=Search&iid=2247ad38-0720-420a-95b4-87dd49456845.ACCGRS6SCXZ8P4RC.SEARCH&ppt=sp&ppn=sp&ssid=wtbp0vyn3k0000001753106001023&qH=54597ea1f2fc7f2e,https://rukminim2.flixcart.com/image/612/612/xif0q/headphone/r/m/s/audiology-100-type-c-earphones-with-mic-rugged-wire-wide-original-imah7ffrm29uyrgh.jpeg?q=70,Earphones,Flipkart
truke Crystal Dyno Leather Finish earbuds w/ Spatial Au...,999.0,4.2,2019.0,https://www.flipkart.com/truke-crystal-dyno-leather-finish-earbuds-w-spatial-audio-70h-battery-quad-mic-enc-bluetooth/p/itmca0d9860b9d91?pid=ACCHAVF229KVTG53&lid=LSTACCHAVF229KVTG53F0TZS7&marketplace=FLIPKART&q=earphones&store=0pm%2Ffcn%2F821&srno=s_2_80&otracker=search&otracker1=search&fm=Search&iid=2247ad38-0720-420a-95b4-87dd49456845.ACCHAVF229KVTG53.SEARCH&ppt=sp&ppn=sp&ssid=wtbp0vyn3k0000001753106001023&qH=54597ea1f2fc7f2e,https://rukminim2.flixcart.com/image/612/612/xif0q/headphone/n/4/8/-original-imahbb8hxg86v9hg.jpeg?q=70,Earphones,Flipkart
"truke Crystal Bass earbuds with 13mm Drivers, Made in I...",799.0,4.1,4994.0,https://www.flipkart.com/truke-crystal-bass-earbuds-13mm-drivers-made-india-70hrs-playtime-4-mic-enc-bluetooth/p/itm9e4924fc3df12?pid=ACCH8Z4YHAZBGFYZ&lid=LSTACCH8Z4YHAZBGFYZQP8AS0&marketplace=FLIPKART&q=earphones&store=0pm%2Ffcn%2F821&srno=s_3_83&otracker=search&otracker1=search&fm=Search&iid=fb4f1383-1962-4cbd-825e-0a423a0bdc78.ACCH8Z4YHAZBGFYZ.SEARCH&ppt=sp&ppn=sp&ssid=glmjuqed6o0000001753106012468&qH=54597ea1f2fc7f2e,https://rukminim2.flixcart.com/image/612/612/xif0q/headphone/e/v/f/-original-imahbzmfcrpac9xr.jpeg?q=70,Earphones,Flipkart
Portronics Conch Theta A 3.5mm Earphone With HD Quality...,259.0,4.2,4690.0,https://www.flipkart.com/portronics-conch-theta-3-5mm-earphone-hd-quality-in-line-mic-14-2mm-driver-wired/p/itm433ca1ecd4060?pid=ACCH3ZT5FCUVHTNK&lid=LSTACCH3ZT5FCUVHTNKAJWWEE&marketplace=FLIPKART&q=earphones&store=0pm%2Ffcn%2F821&srno=s_3_84&otracker=search&otracker1=search&fm=Search&iid=fb4f1383-1962-4cbd-825e-0a423a0bdc78.ACCH3ZT5FCUVHTNK.SEARCH&ppt=sp&ppn=sp&ssid=glmjuqed6o0000001753106012468&qH=54597ea1f2fc7f2e,https://rukminim2.flixcart.com/image/612/612/xif0q/headphone/t/v/1/conch-theta-a-3-5mm-wired-earphone-with-hd-quality-in-line-mic-original-imah3zt4vg4r8say.jpeg?q=70,Earphones,Flipkart
TECHFIRE Fire 500v2 Neckband hi-bass Wireless headphone...,300.0,3.8,138604.0,https://www.flipkart.com/techfire-fire-500v2-neckband-hi-bass-wireless-headphone-bluetooth-gaming/p/itmc8a95289a942e?pid=ACCG5EPZBRZDZFSZ&lid=LSTACCG5EPZBRZDZFSZ3T1MBA&marketplace=FLIPKART&q=earphones&store=0pm%2Ffcn%2F821&srno=s_3_85&otracker=search&otracker1=search&fm=Search&iid=fb4f1383-1962-4cbd-825e-0a423a0bdc78.ACCG5EPZBRZDZFSZ.SEARCH&ppt=sp&ppn=sp&ssid=glmjuqed6o0000001753106012468&qH=54597ea1f2fc7f2e,https://rukminim2.flixcart.com/image/612/612/kxhvf680/headphone/g/3/e/fire-500v2-neckband-hi-bass-wireless-bluetooth-headphone-original-imag9x6r55mzmety.jpeg?q=70,Earphones,Flipkart
"truke Buds AURA with 70Hrs Playtime, 4-Mic ENC, 13mm Sp...",799.0,4.1,2153.0,https://www.flipkart.com/truke-buds-aura-70hrs-playtime-4-mic-enc-13mm-speakers-rapid-charge-game-mode-bluetooth/p/itm5821462555da3?pid=ACCH8Z4Y6RQGJHUC&lid=LSTACCH8Z4Y6RQGJHUCRIDLVC&marketplace=FLIPKART&q=earphones&store=0pm%2Ffcn%2F821&srno=s_3_86&otracker=search&otracker1=search&fm=Search&iid=fb4f1383-1962-4cbd-825e-0a423a0bdc78.ACCH8Z4Y6RQGJHUC.SEARCH&ppt=sp&ppn=sp&ssid=glmjuqed6o0000001753106012468&qH=54597ea1f2fc7f2e,https://rukminim2.flixcart.com/image/612/612/xif0q/headphone/t/s/c/-original-imah9yfdvdas5fuy.jpeg?q=70,Earphones,Flipkart
"ZEBRONICS Zeb-Sound Bomb 7, TWS, 60h Backup, BT v5.2, E...",799.0,4.0,14343.0,https://www.flipkart.com/zebronics-zeb-sound-bomb-7-tws-60h-backup-bt-v5-2-enc-rapid-charge-flash-connect-bluetooth/p/itm439e012b4ba58?pid=ACCGH2D7RDNCKCTW&lid=LSTACCGH2D7RDNCKCTWNV2JLO&marketplace=FLIPKART&q=earphones&store=0pm%2Ffcn%2F821&srno=s_3_89&otracker=search&otracker1=search&fm=Search&iid=fb4f1383-1962-4cbd-825e-0a423a0bdc78.ACCGH2D7RDNCKCTW.SEARCH&ppt=sp&ppn=sp&ssid=glmjuqed6o0000001753106012468&qH=54597ea1f2fc7f2e,https://rukminim2.flixcart.com/image/612/612/xif0q/headphone/s/y/x/sound-7-zebronics-original-imahbb5j8ugsyyf2.jpeg?q=70,Earphones,Flipkart
Aroma NB119B Badshah Upto 60 Hours Playtime* Fast Charg...,289.0,3.9,393606.0,https://www.flipkart.com/aroma-nb119b-badshah-upto-60-hours-playtime-fast-charging-dual-pairing-neckband-bluetooth/p/itmd87491f5f7ddc?pid=ACCHBSJFG4GAEYTK&lid=LSTACCHBSJFG4GAEYTKC1JEZN&marketplace=FLIPKART&q=earphones&store=0pm%2Ffcn%2F821&srno=s_3_90&otracker=search&otracker1=search&fm=Search&iid=fb4f1383-1962-4cbd-825e-0a423a0bdc78.ACCHBSJFG4GAEYTK.SEARCH&ppt=sp&ppn=sp&ssid=glmjuqed6o0000001753106012468&qH=54597ea1f2fc7f2e,https://rukminim2.flixcart.com/image/612/612/xif0q/headphone/r/f/2/nb119b-badshah-upto-60-hours-playtime-fast-charging-dual-pairing-original-imahd8bgyvkyfwvc.jpeg?q=70,Earphones,Flipkart
OnePlus Bullets Wireless Z3 Bluetooth,1699.0,4.3,355912.0,https://www.flipkart.com/oneplus-bullets-wireless-z3-bluetooth/p/itme85fef80e03a9?pid=ACCHCY7SC9JNUFTQ&lid=LSTACCHCY7SC9JNUFTQUUC2WF&marketplace=FLIPKART&q=earphones&store=0pm%2Ffcn%2F821&srno=s_3_93&otracker=search&otracker1=search&fm=Search&iid=fb4f1383-1962-4cbd-825e-0a423a0bdc78.ACCHCY7SC9JNUFTQ.SEARCH&ppt=sp&ppn=sp&ssid=glmjuqed6o0000001753106012468&qH=54597ea1f2fc7f2e,https://rukminim2.flixcart.com/image/612/612/xif0q/headphone/v/5/6/bullets-wireless-z3-oneplus-original-imahe6hbgrhhy9xr.jpeg?q=70,Earphones,Flipkart
TECHFIRE T60 Bullets Wireless Z Bass Edition Neckband h...,300.0,3.6,68242.0,https://www.flipkart.com/techfire-t60-bullets-wireless-z-bass-neckband-headphone-40-hr-playtime-bluetooth/p/itm1f0b562bcd5a3?pid=ACCGHZYDDCH3KZDT&lid=LSTACCGHZYDDCH3KZDTGCT34S&marketplace=FLIPKART&q=earphones&store=0pm%2Ffcn%2F821&srno=s_3_94&otracker=search&otracker1=search&fm=Search&iid=fb4f1383-1962-4cbd-825e-0a423a0bdc78.ACCGHZYDDCH3KZDT.SEARCH&ppt=sp&ppn=sp&ssid=glmjuqed6o0000001753106012468&qH=54597ea1f2fc7f2e,https://rukminim2.flixcart.com/image/612/612/xif0q/headphone/k/r/a/t60-bullets-wireless-z-bass-edition-neckband-headphone-with-40-original-imaghzyd6eqwgzzm.jpeg?q=70,Earphones,Flipkart
"truke BTG Ultra with 60H Playtime, 360Spatial, Low Late...",799.0,4.0,26142.0,https://www.flipkart.com/truke-btg-ultra-60h-playtime-360spatial-low-latency-13mm-drivers-multi-modes-bluetooth/p/itme0040f3fc7c35?pid=ACCHY79ZKKYVWUKT&lid=LSTACCHY79ZKKYVWUKTRR3WBQ&marketplace=FLIPKART&q=earphones&store=0pm%2Ffcn%2F821&srno=s_3_95&otracker=search&otracker1=search&fm=Search&iid=fb4f1383-1962-4cbd-825e-0a423a0bdc78.ACCHY79ZKKYVWUKT.SEARCH&ppt=sp&ppn=sp&ssid=glmjuqed6o0000001753106012468&qH=54597ea1f2fc7f2e,https://rukminim2.flixcart.com/image/612/612/xif0q/headphone/u/o/j/-original-imahfet3ydgc4dgw.jpeg?q=70,Earphones,Flipkart
TECHFIRE Fire 500v2 Neckband hi-bass Wireless Bluetooth...,300.0,3.8,138604.0,https://www.flipkart.com/techfire-fire-500v2-neckband-hi-bass-wireless-bluetooth-headphone/p/itm65b6ecc6401c2?pid=ACCG9KYX8FHKRZPP&lid=LSTACCG9KYX8FHKRZPPSJRQX3&marketplace=FLIPKART&q=earphones&store=0pm%2Ffcn%2F821&srno=s_3_96&otracker=search&otracker1=search&fm=Search&iid=fb4f1383-1962-4cbd-825e-0a423a0bdc78.ACCG9KYX8FHKRZPP.SEARCH&ppt=sp&ppn=sp&ssid=glmjuqed6o0000001753106012468&qH=54597ea1f2fc7f2e,https://rukminim2.flixcart.com/image/612/612/xif0q/headphone/f/f/t/fire-500v2-neckband-hi-bass-wireless-bluetooth-headphone-original-imah7nj2vza7fuzt.jpeg?q=70,Earphones,Flipkart
"Noise Buds Marine, 35Hr Battery, Alloy Metal Case With ...",1999.0,3.5,108.0,https://www.flipkart.com/noise-buds-marine-35hr-battery-alloy-metal-case-chain-32db-anc-dual-pairing-bluetooth/p/itme539fd90270b6?pid=ACCH887UWD8JKJHU&lid=LSTACCH887UWD8JKJHUG9DX2P&marketplace=FLIPKART&q=earphones&store=0pm%2Ffcn%2F821&srno=s_3_98&otracker=search&otracker1=search&fm=Search&iid=en_vUcqzM2-MxSr_6w1vPWGG69i-jnqM485P-Th373HlLxzreSbWDwrSVJdu3tM6Pt-Zp2JdRvm44OqowPgpwL5DQ%3D%3D&ppt=sp&ppn=sp&ssid=glmjuqed6o0000001753106012468&qH=54597ea1f2fc7f2e,https://rukminim2.flixcart.com/image/612/612/xif0q/headphone/p/n/w/-original-imahdvfbucqgcgqh.jpeg?q=70,Earphones,Flipkart
"Aroma NB119 Zebra Upto 100H Playtime, ENC, Magnetic On/...",479.0,4.0,30382.0,https://www.flipkart.com/aroma-nb119-zebra-upto-100h-playtime-enc-magnetic-on-off-fast-charging-neckband-bluetooth/p/itm004d1f2b228f8?pid=ACCH837GUDQXDYTH&lid=LSTACCH837GUDQXDYTHK0XFFV&marketplace=FLIPKART&q=earphones&store=0pm%2Ffcn%2F821&srno=s_3_99&otracker=search&otracker1=search&fm=Search&iid=fb4f1383-1962-4cbd-825e-0a423a0bdc78.ACCH837GUDQXDYTH.SEARCH&ppt=sp&ppn=sp&ssid=glmjuqed6o0000001753106012468&qH=54597ea1f2fc7f2e,https://rukminim2.flixcart.com/image/612/612/xif0q/headphone/9/s/c/nb119-zebra-upto-100h-playtime-enc-magnetic-on-off-fast-charging-original-imahd8bh6jty7fqy.jpeg?q=70,Earphones,Flipkart
"Portronics Conch Sigma C in Ear Type C Wired Earphones,...",299.0,4.0,1252.0,https://www.flipkart.com/portronics-conch-sigma-c-ear-type-wired-earphones-in-line-hd-mic-14-2mm-driver/p/itm36befdeb13c5d?pid=ACCH9A2VM9VQ4D4N&lid=LSTACCH9A2VM9VQ4D4NLJGI0A&marketplace=FLIPKART&q=earphones&store=0pm%2Ffcn%2F821&srno=s_3_100&otracker=search&otracker1=search&fm=Search&iid=fb4f1383-1962-4cbd-825e-0a423a0bdc78.ACCH9A2VM9VQ4D4N.SEARCH&ppt=sp&ppn=sp&ssid=glmjuqed6o0000001753106012468&qH=54597ea1f2fc7f2e,https://rukminim2.flixcart.com/image/612/612/xif0q/headphone/x/g/1/conch-sigma-c-in-ear-type-c-wired-earphones-in-line-hd-mic-14-original-imah9c4b2hzy6fpn.jpeg?q=70,Earphones,Flipkart
"HOPPUP Xo6 Gaming Earbuds with 35MS Low Latency, RGB LE...",799.0,4.0,6637.0,https://www.flipkart.com/hoppup-xo6-gaming-earbuds-35ms-low-latency-rgb-led-13mm-drivers-50h-playtime-bluetooth/p/itma7accf9fb3ec3?pid=ACCHYKHV8BJHYBZU&lid=LSTACCHYKHV8BJHYBZU5HSVAW&marketplace=FLIPKART&q=earphones&store=0pm%2Ffcn%2F821&srno=s_3_101&otracker=search&otracker1=search&fm=Search&iid=en_vUcqzM2-MxSr_6w1vPWGG69i-jnqM485P-Th373HlLzgepPnpFfBc6PYXyd28NXAZ29gF9tn9HdeNhvdB48OFQ%3D%3D&ppt=sp&ppn=sp&ssid=glmjuqed6o0000001753106012468&qH=54597ea1f2fc7f2e,https://rukminim2.flixcart.com/image/612/612/xif0q/headphone/r/k/p/xo6-gaming-earbuds-with-35ms-low-latency-rgb-led-13mm-drivers-original-imahfayb8x85j7kv.jpeg?q=70,Earphones,Flipkart
"truke Mega 9 Buds w/ 24-bit Spatial Sound, 70H battery,...",1299.0,4.1,1347.0,https://www.flipkart.com/truke-mega-9-buds-w-24-bit-spatial-sound-70h-battery-leather-finish-13mm-speakers-bluetooth/p/itm575e9e59de042?pid=ACCHAVF28XGAGFVG&lid=LSTACCHAVF28XGAGFVG2KQKQT&marketplace=FLIPKART&q=earphones&store=0pm%2Ffcn%2F821&srno=s_3_102&otracker=search&otracker1=search&fm=Search&iid=en_vUcqzM2-MxSr_6w1vPWGG69i-jnqM485P-Th373HlLxrahBvWKDG3DMV9ZpTGt_5UVAs-Rd4TcmeuroX0-v-gaV8WX5krIChubBlraAu4CQ%3D&ppt=sp&ppn=sp&ssid=glmjuqed6o0000001753106012468&qH=54597ea1f2fc7f2e,https://rukminim2.flixcart.com/image/612/612/xif0q/headphone/2/6/v/-original-imahcax8tt7u7yez.jpeg?q=70,Earphones,Flipkart
Hectic Black Earbuds With Premium Quality Sound Bluetoo...,286.0,3.8,52.0,https://www.flipkart.com/hectic-black-earbuds-premium-quality-sound-bluetooth/p/itmd5546f2bc4c9d?pid=ACCHDBPTXG2BYFHB&lid=LSTACCHDBPTXG2BYFHB1JCGCE&marketplace=FLIPKART&q=earphones&store=0pm%2Ffcn%2F821&srno=s_3_103&otracker=search&otracker1=search&fm=Search&iid=fb4f1383-1962-4cbd-825e-0a423a0bdc78.ACCHDBPTXG2BYFHB.SEARCH&ppt=sp&ppn=sp&ssid=glmjuqed6o0000001753106012468&qH=54597ea1f2fc7f2e,https://rukminim2.flixcart.com/image/612/612/xif0q/headphone/j/4/y/black-earbuds-with-premium-quality-sound-hectic-original-imahdmngx2vamnkg.jpeg?q=70,Earphones,Flipkart
"NS WORLD V2.0 TWS Earbuds, 20H Playtime,IPX5,Bluetooth ...",295.0,3.7,1553.0,https://www.flipkart.com/ns-world-v2-0-tws-earbuds-20h-playtime-ipx5-bluetooth-v5-1-voice-assistant-bluetooth/p/itm2aaaeadff2d1d?pid=ACCGRGHWRHUZHGQZ&lid=LSTACCGRGHWRHUZHGQZBTZPEO&marketplace=FLIPKART&q=earphones&store=0pm%2Ffcn%2F821&srno=s_3_104&otracker=search&otracker1=search&fm=Search&iid=fb4f1383-1962-4cbd-825e-0a423a0bdc78.ACCGRGHWRHUZHGQZ.SEARCH&ppt=sp&ppn=sp&ssid=glmjuqed6o0000001753106012468&qH=54597ea1f2fc7f2e,https://rukminim2.flixcart.com/image/612/612/xif0q/headphone/t/p/l/v2-0-tws-earbuds-20h-playtime-ipx5-bluetooth-v5-1-voice-original-imahbpyzhyrcng6x.jpeg?q=70,Earphones,Flipkart
"realme Buds T310 with 12.4mm Driver, 46dB ANC, Spatial ...",2199.0,4.3,109786.0,https://www.flipkart.com/realme-buds-t310-12-4mm-driver-46db-anc-spatial-audio-upto-40-hours-playback-bluetooth/p/itmfac7ac8f4e369?pid=ACCH2PGXGP4BV2JF&lid=LSTACCH2PGXGP4BV2JFSD12ER&marketplace=FLIPKART&q=earphones&store=0pm%2Ffcn%2F821&srno=s_3_105&otracker=search&otracker1=search&fm=Search&iid=fb4f1383-1962-4cbd-825e-0a423a0bdc78.ACCH2PGXGP4BV2JF.SEARCH&ppt=sp&ppn=sp&ssid=glmjuqed6o0000001753106012468&qH=54597ea1f2fc7f2e,https://rukminim2.flixcart.com/image/612/612/xif0q/headphone/6/9/j/-original-imah388mvfzxm2u8.jpeg?q=70,Earphones,Flipkart
"Mivi Duopods I6, 55Hrs PT, HD Call, Fast Charging, 3D S...",699.0,3.9,42915.0,https://www.flipkart.com/mivi-duopods-i6-55hrs-pt-hd-call-fast-charging-3d-sound-9eq-modes-app-supp-ipx4-bluetooth/p/itmea59eac5e1c2c?pid=ACCH238YMBHRNHHE&lid=LSTACCH238YMBHRNHHEOCWXJC&marketplace=FLIPKART&q=earphones&store=0pm%2Ffcn%2F821&srno=s_3_106&otracker=search&otracker1=search&fm=Search&iid=fb4f1383-1962-4cbd-825e-0a423a0bdc78.ACCH238YMBHRNHHE.SEARCH&ppt=sp&ppn=sp&ssid=glmjuqed6o0000001753106012468&qH=54597ea1f2fc7f2e,https://rukminim2.flixcart.com/image/612/612/xif0q/headphone/t/n/s/-original-imah34yhpbw475hc.jpeg?q=70,Earphones,Flipkart
"Noise Air clips with Dual Device Pairing, 40 Hours of P...",2999.0,3.8,4300.0,https://www.flipkart.com/noise-air-clips-dual-device-pairing-40-hours-playtime-airwave-technology-bluetooth/p/itmd967100651692?pid=ACCH4MJ8ZMGZMXH8&lid=LSTACCH4MJ8ZMGZMXH839ZDO6&marketplace=FLIPKART&q=earphones&store=0pm%2Ffcn%2F821&srno=s_3_107&otracker=search&otracker1=search&fm=Search&iid=en_vUcqzM2-MxSr_6w1vPWGG69i-jnqM485P-Th373HlLwUzkLoZeu8Bhci7YbCAjh2WQ0gTyqAPMvWGlPG99mZXU4IsYyWu-Pj9cxFjFAoaLk%3D&ppt=sp&ppn=sp&ssid=glmjuqed6o0000001753106012468&qH=54597ea1f2fc7f2e,https://rukminim2.flixcart.com/image/612/612/xif0q/headphone/m/f/e/-original-imah74hcgf6yzgaf.jpeg?q=70,Earphones,Flipkart
"truke BTG1 Earbuds with Game Mode, 48H Playtime, Quad M...",699.0,4.0,85510.0,https://www.flipkart.com/truke-btg1-earbuds-game-mode-48h-playtime-quad-mic-enc-13mm-driver-aac-codec-bluetooth/p/itm5bca4567be1ed?pid=ACCG5BDHUHJCZ4CG&lid=LSTACCG5BDHUHJCZ4CGYZPEN9&marketplace=FLIPKART&q=earphones&store=0pm%2Ffcn%2F821&srno=s_3_109&otracker=search&otracker1=search&fm=Search&iid=fb4f1383-1962-4cbd-825e-0a423a0bdc78.ACCG5BDHUHJCZ4CG.SEARCH&ppt=sp&ppn=sp&ssid=glmjuqed6o0000001753106012468&qH=54597ea1f2fc7f2e,https://rukminim2.flixcart.com/image/612/612/xif0q/headphone/o/n/y/-original-imah78ue9hezapth.jpeg?q=70,Earphones,Flipkart
"truke Buds F1 Ultra with 60 Hours Playtime, Spatial Aud...",799.0,4.0,35116.0,https://www.flipkart.com/truke-buds-f1-ultra-60-hours-playtime-spatial-audio-13mm-drivers-multi-modes-bluetooth/p/itmb796f4449fb68?pid=ACCGXYWDARFKZ6WJ&lid=LSTACCGXYWDARFKZ6WJ3NRPIS&marketplace=FLIPKART&q=earphones&store=0pm%2Ffcn%2F821&srno=s_3_110&otracker=search&otracker1=search&fm=Search&iid=fb4f1383-1962-4cbd-825e-0a423a0bdc78.ACCGXYWDARFKZ6WJ.SEARCH&ppt=sp&ppn=sp&ssid=glmjuqed6o0000001753106012468&qH=54597ea1f2fc7f2e,https://rukminim2.flixcart.com/image/612/612/xif0q/headphone/k/z/m/buds-f1-ultra-truke-original-imagy2n2mmadjgpx.jpeg?q=70,Earphones,Flipkart
"GOBOULT Mustang Torq with 50 Hrs Battery, App Support, ...",1999.0,4.2,39891.0,https://www.flipkart.com/goboult-mustang-torq-50-hrs-battery-app-support-4-mic-enc-breathable-leds-5-4v-bluetooth/p/itm74a6b52a73f95?pid=ACCH7KPDFXMWQ6XN&lid=LSTACCH7KPDFXMWQ6XNMWY8CR&marketplace=FLIPKART&q=earphones&store=0pm%2Ffcn%2F821&srno=s_3_111&otracker=search&otracker1=search&fm=Search&iid=en_vUcqzM2-MxSr_6w1vPWGG69i-jnqM485P-Th373HlLxokpdXOHAAIof6YVYuCvVojednNGGOawemNgqqVgTO1UKsf8s6I2Oz2HOgbXTo_9U%3D&ppt=sp&ppn=sp&ssid=glmjuqed6o0000001753106012468&qH=54597ea1f2fc7f2e,https://rukminim2.flixcart.com/image/612/612/xif0q/headphone/9/a/w/-original-imahe5gm9yszqgxc.jpeg?q=70,Earphones,Flipkart
"HOPPUP AirDoze S40 Earbuds with 13MM Drivers, 40H Playt...",599.0,4.1,58019.0,https://www.flipkart.com/hoppup-airdoze-s40-earbuds-13mm-drivers-40h-playtime-rage-mode-enc-type-c-bluetooth/p/itmf2c41845d2999?pid=ACCGPW7CSXTVSCRE&lid=LSTACCGPW7CSXTVSCRESHK6LL&marketplace=FLIPKART&q=earphones&store=0pm%2Ffcn%2F821&srno=s_3_112&otracker=search&otracker1=search&fm=Search&iid=en_vUcqzM2-MxSr_6w1vPWGG69i-jnqM485P-Th373HlLzjV3ZvcaoKIPHKJO6xG61fkP2tmpCQSmNTrmS_bORYFuo15S0a61Wzzbg3qNOknKY%3D&ppt=sp&ppn=sp&ssid=glmjuqed6o0000001753106012468&qH=54597ea1f2fc7f2e,https://rukminim2.flixcart.com/image/612/612/xif0q/headphone/p/c/n/airdoze-s40-earbuds-with-13mm-drivers-40h-playtime-rage-mode-enc-original-imah2srqqycdu36y.jpeg?q=70,Earphones,Flipkart
"Portronics Conch Gamma C in Ear Type C Wired Earphones,...",299.0,3.9,379.0,https://www.flipkart.com/portronics-conch-gamma-c-ear-type-wired-earphones-in-line-hd-mic-magnetic-earbuds/p/itm3f579067a2f78?pid=ACCHBSF3NWQZP5PT&lid=LSTACCHBSF3NWQZP5PTQAWRXJ&marketplace=FLIPKART&q=earphones&store=0pm%2Ffcn%2F821&srno=s_3_113&otracker=search&otracker1=search&fm=Search&iid=fb4f1383-1962-4cbd-825e-0a423a0bdc78.ACCHBSF3NWQZP5PT.SEARCH&ppt=sp&ppn=sp&ssid=glmjuqed6o0000001753106012468&qH=54597ea1f2fc7f2e,https://rukminim2.flixcart.com/image/612/612/xif0q/headphone/o/r/m/conch-gamma-c-in-ear-type-c-wired-earphones-in-line-hd-mic-original-imahbsf3q6xf2hhy.jpeg?q=70,Earphones,Flipkart
"Aroma NB126 Berry V5.4 Upto 60Hr Playtime* Dual Paring,...",449.0,3.9,17436.0,https://www.flipkart.com/aroma-nb126-berry-v5-4-upto-60hr-playtime-dual-paring-fast-charging-heavy-bass-bluetooth/p/itmcc1944184eaed?pid=ACCH93VYFFSAQEMZ&lid=LSTACCH93VYFFSAQEMZO2J5I9&marketplace=FLIPKART&q=earphones&store=0pm%2Ffcn%2F821&srno=s_3_114&otracker=search&otracker1=search&fm=Search&iid=fb4f1383-1962-4cbd-825e-0a423a0bdc78.ACCH93VYFFSAQEMZ.SEARCH&ppt=sp&ppn=sp&ssid=glmjuqed6o0000001753106012468&qH=54597ea1f2fc7f2e,https://rukminim2.flixcart.com/image/612/612/xif0q/headphone/v/3/k/nb126-berry-v5-4-upto-60hr-playtime-dual-paring-fast-charging-original-imahd8bg4hauk4un.jpeg?q=70,Earphones,Flipkart
"realme Buds T200x with 25dB ANC,12.4mm Dynamic Bass Dri...",1599.0,4.0,1162.0,https://www.flipkart.com/realme-buds-t200x-25db-anc-12-4mm-dynamic-bass-drivers-48hrs-playback-bt5-4-ip55-bluetooth/p/itm95531da7725cd?pid=ACCHCEHF8FUDVWYS&lid=LSTACCHCEHF8FUDVWYSRP5ZZX&marketplace=FLIPKART&q=earphones&store=0pm%2Ffcn%2F821&srno=s_3_115&otracker=search&otracker1=search&fm=Search&iid=fb4f1383-1962-4cbd-825e-0a423a0bdc78.ACCHCEHF8FUDVWYS.SEARCH&ppt=sp&ppn=sp&ssid=glmjuqed6o0000001753106012468&qH=54597ea1f2fc7f2e,https://rukminim2.flixcart.com/image/612/612/xif0q/headphone/s/a/i/-original-imahcyy3c5dyfgjt.jpeg?q=70,Earphones,Flipkart
"Mozu Audiology 100, L Shape Jack, Volume Controller, Bu...",229.0,4.0,4350.0,https://www.flipkart.com/mozu-audiology-100-l-shape-jack-volume-controller-built-mic-wired/p/itm8617f68cd5fde?pid=ACCG6DYJTHWDYJHM&lid=LSTACCG6DYJTHWDYJHMO8UTSL&marketplace=FLIPKART&q=earphones&store=0pm%2Ffcn%2F821&srno=s_3_116&otracker=search&otracker1=search&fm=Search&iid=fb4f1383-1962-4cbd-825e-0a423a0bdc78.ACCG6DYJTHWDYJHM.SEARCH&ppt=sp&ppn=sp&ssid=glmjuqed6o0000001753106012468&qH=54597ea1f2fc7f2e,https://rukminim2.flixcart.com/image/612/612/xif0q/headphone/h/4/a/audiology-100-l-shape-jack-volume-controller-built-in-mic-mozu-original-imahf2ffwwegk4z7.jpeg?q=70,Earphones,Flipkart
Aroma NB120 Electro Buds Wireless 2 Neo 50Hrs Playtime*...,299.0,3.9,104860.0,https://www.flipkart.com/aroma-nb120-electro-buds-wireless-2-neo-50hrs-playtime-fast-charge-bass-boost-neckband-bluetooth/p/itm254240ddca017?pid=ACCHBS53HJJJU9GJ&lid=LSTACCHBS53HJJJU9GJPJNHNN&marketplace=FLIPKART&q=earphones&store=0pm%2Ffcn%2F821&srno=s_3_117&otracker=search&otracker1=search&fm=Search&iid=en_vUcqzM2-MxSr_6w1vPWGG69i-jnqM485P-Th373HlLyQotBxALfsZBR9DxHkwPbdLhUnlbb-3zYpQGwXJ3W3zA%3D%3D&ppt=sp&ppn=sp&ssid=glmjuqed6o0000001753106012468&qH=54597ea1f2fc7f2e,https://rukminim2.flixcart.com/image/612/612/xif0q/headphone/p/e/w/nb120-electro-buds-wireless-2-neo-50hrs-playtime-fast-charge-original-imahd8bg3dzzppjz.jpeg?q=70,Earphones,Flipkart
HOPPUP Predator Xo4 Gaming Earbuds with 35MS Low Latenc...,699.0,4.1,7834.0,https://www.flipkart.com/hoppup-predator-xo4-gaming-earbuds-35ms-low-latency-50h-playtime-13mm-drivers-enc-bluetooth/p/itma3641539ac4e6?pid=ACCGVFSNBHGFXGCH&lid=LSTACCGVFSNBHGFXGCHGJF93J&marketplace=FLIPKART&q=earphones&store=0pm%2Ffcn%2F821&srno=s_3_119&otracker=search&otracker1=search&fm=Search&iid=fb4f1383-1962-4cbd-825e-0a423a0bdc78.ACCGVFSNBHGFXGCH.SEARCH&ppt=sp&ppn=sp&ssid=glmjuqed6o0000001753106012468&qH=54597ea1f2fc7f2e,https://rukminim2.flixcart.com/image/612/612/xif0q/headphone/u/k/c/predator-xo4-gaming-earbuds-with-35ms-low-latency-50h-playtime-original-imagvfsmmzennwvs.jpeg?q=70,Earphones,Flipkart
"boAt Nirvana Zenith Pro (2025),50dB Hybrid ANC,Spatial ...",2999.0,4.4,198.0,https://www.flipkart.com/boat-nirvana-zenith-pro-2025-50db-hybrid-anc-spatial-audio-80hr-battery-app-support-bluetooth/p/itm022a8f0a57382?pid=ACCH9K5BSTKDMBJX&lid=LSTACCH9K5BSTKDMBJX0EDAGI&marketplace=FLIPKART&q=earphones&store=0pm%2Ffcn%2F821&srno=s_4_124&otracker=search&otracker1=search&fm=Search&iid=49a8060f-042a-4645-b8e0-18f65e7316c8.ACCH9K5BSTKDMBJX.SEARCH&ppt=sp&ppn=sp&ssid=tnpiiuizbk0000001753106043084&qH=54597ea1f2fc7f2e,https://rukminim2.flixcart.com/image/612/612/xif0q/headphone/u/z/m/-original-imahdvzsgz9n2azy.jpeg?q=70,Earphones,Flipkart
"HOPPUP S40 Earbuds with 13MM Drivers, 40H Playtime, Rag...",599.0,4.1,58019.0,https://www.flipkart.com/hoppup-s40-earbuds-13mm-drivers-40h-playtime-rage-mode-enc-type-c-bluetooth-gaming/p/itm9684dcb5e758a?pid=ACCGPW7JKY6HF3A6&lid=LSTACCGPW7JKY6HF3A65CG5KB&marketplace=FLIPKART&q=earphones&store=0pm%2Ffcn%2F821&srno=s_4_125&otracker=search&otracker1=search&fm=Search&iid=49a8060f-042a-4645-b8e0-18f65e7316c8.ACCGPW7JKY6HF3A6.SEARCH&ppt=sp&ppn=sp&ssid=tnpiiuizbk0000001753106043084&qH=54597ea1f2fc7f2e,https://rukminim2.flixcart.com/image/612/612/xif0q/headphone/7/j/4/airdoze-s40-earbuds-with-13mm-drivers-40h-playtime-rage-mode-enc-original-imagrzkxqwnxn9ac.jpeg?q=70,Earphones,Flipkart
SpinBot BattleBudz W20 Wired Gaming Earphones with Boom...,701.0,3.6,4918.0,https://www.flipkart.com/spinbot-battlebudz-w20-wired-gaming-earphones-boom-mic-mobiles-pc-xbox/p/itm9c6aaab08a252?pid=ACCGHVHNUVYXEXUG&lid=LSTACCGHVHNUVYXEXUGW1YVNG&marketplace=FLIPKART&q=earphones&store=0pm%2Ffcn%2F821&srno=s_4_130&otracker=search&otracker1=search&fm=Search&iid=49a8060f-042a-4645-b8e0-18f65e7316c8.ACCGHVHNUVYXEXUG.SEARCH&ppt=sp&ppn=sp&ssid=tnpiiuizbk0000001753106043084&qH=54597ea1f2fc7f2e,https://rukminim2.flixcart.com/image/612/612/xif0q/headphone/0/e/a/battlebudz-w20-wired-gaming-earphones-with-boom-mic-for-mobiles-original-imah3ywdgkhfpvws.jpeg?q=70,Earphones,Flipkart
"Mivi Superpods Opera, 60Hrs PT, Spatial Audio, Hi-Res &...",1499.0,4.1,19965.0,https://www.flipkart.com/mivi-superpods-opera-60hrs-pt-spatial-audio-hi-res-ldac-3d-hd-fast-chg-bluetooth/p/itm8bdd246084463?pid=ACCHFYXM9ZMHRPAV&lid=LSTACCHFYXM9ZMHRPAVAA1V79&marketplace=FLIPKART&q=earphones&store=0pm%2Ffcn%2F821&srno=s_4_134&otracker=search&otracker1=search&fm=Search&iid=49a8060f-042a-4645-b8e0-18f65e7316c8.ACCHFYXM9ZMHRPAV.SEARCH&ppt=sp&ppn=sp&ssid=tnpiiuizbk0000001753106043084&qH=54597ea1f2fc7f2e,https://rukminim2.flixcart.com/image/612/612/xif0q/headphone/y/x/n/-original-imahdeuj3ga3ptrf.jpeg?q=70,Earphones,Flipkart
Aroma NB119D Dream Upto 60 Hours Playtime* Dual Pairing...,299.0,3.8,124208.0,https://www.flipkart.com/aroma-nb119d-dream-upto-60-hours-playtime-dual-pairing-fast-charging-neckband-bluetooth/p/itm7be7ef37e4626?pid=ACCHBZW2MFRYRHKK&lid=LSTACCHBZW2MFRYRHKKVMH9AE&marketplace=FLIPKART&q=earphones&store=0pm%2Ffcn%2F821&srno=s_4_135&otracker=search&otracker1=search&fm=Search&iid=49a8060f-042a-4645-b8e0-18f65e7316c8.ACCHBZW2MFRYRHKK.SEARCH&ppt=sp&ppn=sp&ssid=tnpiiuizbk0000001753106043084&qH=54597ea1f2fc7f2e,https://rukminim2.flixcart.com/image/612/612/xif0q/headphone/4/0/h/nb119d-dream-upto-60-hours-playtime-dual-pairing-fast-charging-original-imahdmr45zdvzxdd.jpeg?q=70,Earphones,Flipkart
boAt Airdopes 91 Bluetooth,799.0,3.9,6047.0,https://www.flipkart.com/boat-airdopes-91-bluetooth/p/itma32a259e45d62?pid=ACCH5FKQRGV2J8NJ&lid=LSTACCH5FKQRGV2J8NJXA3C6K&marketplace=FLIPKART&q=earphones&store=0pm%2Ffcn%2F821&srno=s_4_139&otracker=search&otracker1=search&fm=Search&iid=49a8060f-042a-4645-b8e0-18f65e7316c8.ACCH5FKQRGV2J8NJ.SEARCH&ppt=sp&ppn=sp&ssid=tnpiiuizbk0000001753106043084&qH=54597ea1f2fc7f2e,https://rukminim2.flixcart.com/image/612/612/xif0q/headphone/h/l/z/-original-imahbuzznrfssfqe.jpeg?q=70,Earphones,Flipkart
"Earboss 4 Mics Auto AI ENC , 120 HRS Playback Bluetooth",473.0,3.8,1059.0,https://www.flipkart.com/earboss-4-mics-auto-ai-enc-120-hrs-playback-bluetooth/p/itm8c50f9e81818a?pid=ACCH4F6VWUJCAY4M&lid=LSTACCH4F6VWUJCAY4MEDBSEL&marketplace=FLIPKART&q=earphones&store=0pm%2Ffcn%2F821&srno=s_4_140&otracker=search&otracker1=search&fm=Search&iid=49a8060f-042a-4645-b8e0-18f65e7316c8.ACCH4F6VWUJCAY4M.SEARCH&ppt=sp&ppn=sp&ssid=tnpiiuizbk0000001753106043084&qH=54597ea1f2fc7f2e,https://rukminim2.flixcart.com/image/612/612/xif0q/headphone/s/7/o/w-4-mics-auto-ai-enc-120-hrs-playback-earboss-original-imah43aaqzhncf2u.jpeg?q=70,Earphones,Flipkart
"realme Buds Wireless 5 with 50dB ANC, 360 degree Spatia...",1799.0,4.2,21588.0,https://www.flipkart.com/realme-buds-wireless-5-50db-anc-360-degree-spatial-audio-ip55-38hrs-playback-bluetooth/p/itm45023e2c5ac08?pid=ACCH6SR89YFVYNHW&lid=LSTACCH6SR89YFVYNHWZBTBRY&marketplace=FLIPKART&q=earphones&store=0pm%2Ffcn%2F821&srno=s_4_143&otracker=search&otracker1=search&fm=Search&iid=49a8060f-042a-4645-b8e0-18f65e7316c8.ACCH6SR89YFVYNHW.SEARCH&ppt=sp&ppn=sp&ssid=tnpiiuizbk0000001753106043084&qH=54597ea1f2fc7f2e,https://rukminim2.flixcart.com/image/612/612/xif0q/headphone/y/z/u/-original-imah8g8y8udh9mnn.jpeg?q=70,Earphones,Flipkart
boAt Airdopes 161/163 with ASAP Charge & 40 HRS Playbac...,899.0,4.0,1352703.0,https://www.flipkart.com/boat-airdopes-161-163-asap-charge-40-hrs-playback-bluetooth/p/itm2b68016d7899f?pid=ACCG6DS7Z2Z8SEAF&lid=LSTACCG6DS7Z2Z8SEAFRXTQCY&marketplace=FLIPKART&q=earphones&store=0pm%2Ffcn%2F821&srno=s_4_145&otracker=search&otracker1=search&fm=Search&iid=49a8060f-042a-4645-b8e0-18f65e7316c8.ACCG6DS7Z2Z8SEAF.SEARCH&ppt=sp&ppn=sp&ssid=tnpiiuizbk0000001753106043084&qH=54597ea1f2fc7f2e,https://rukminim2.flixcart.com/image/612/612/xif0q/headphone/3/9/9/-original-imahcu3de6zgubbc.jpeg?q=70,Earphones,Flipkart
"JBL Wave Beam TWS, 32Hr Playtime, IP54, Smart Ambient &...",2499.0,3.8,9908.0,https://www.flipkart.com/jbl-wave-beam-tws-32hr-playtime-ip54-smart-ambient-talkthru-mode-app-bluetooth/p/itmc99555f237d52?pid=ACCGM93AEZYMBHYY&lid=LSTACCGM93AEZYMBHYYSUBV4S&marketplace=FLIPKART&q=earphones&store=0pm%2Ffcn%2F821&srno=s_4_149&otracker=search&otracker1=search&fm=Search&iid=49a8060f-042a-4645-b8e0-18f65e7316c8.ACCGM93AEZYMBHYY.SEARCH&ppt=sp&ppn=sp&ssid=tnpiiuizbk0000001753106043084&qH=54597ea1f2fc7f2e,https://rukminim2.flixcart.com/image/612/612/xif0q/headphone/h/o/l/-original-imagn457wuvstxfu.jpeg?q=70,Earphones,Flipkart
"Boult ProBass EQCharge with ZEN Mode ENC, 32hrs Playtim...",899.0,4.0,154149.0,https://www.flipkart.com/boult-probass-eqcharge-zen-mode-enc-32hrs-playtime-ultra-fast-charging-bluetooth/p/itma30bd26ae76e5?pid=ACCGEDKJUCXSXVGK&lid=LSTACCGEDKJUCXSXVGK4HUFEM&marketplace=FLIPKART&q=earphones&store=0pm%2Ffcn%2F821&srno=s_4_150&otracker=search&otracker1=search&fm=Search&iid=49a8060f-042a-4645-b8e0-18f65e7316c8.ACCGEDKJUCXSXVGK.SEARCH&ppt=sp&ppn=sp&ssid=tnpiiuizbk0000001753106043084&qH=54597ea1f2fc7f2e,https://rukminim2.flixcart.com/image/612/612/xif0q/headphone/x/g/q/-original-imagtwb7zhyynv8a.jpeg?q=70,Earphones,Flipkart
"boAt Airdopes 161, Adv 4Mic ENx, 50H Battery,Fast Charg...",999.0,3.9,41384.0,https://www.flipkart.com/boat-airdopes-161-adv-4mic-enx-50h-battery-fast-charge-13mm-driver-metallic-finish-bluetooth/p/itmc28324fa1e1dd?pid=ACCHY8GFZUFNZ92H&lid=LSTACCHY8GFZUFNZ92HPHWUUZ&marketplace=FLIPKART&q=earphones&store=0pm%2Ffcn%2F821&srno=s_4_153&otracker=search&otracker1=search&fm=Search&iid=49a8060f-042a-4645-b8e0-18f65e7316c8.ACCHY8GFZUFNZ92H.SEARCH&ppt=sp&ppn=sp&ssid=tnpiiuizbk0000001753106043084&qH=54597ea1f2fc7f2e,https://rukminim2.flixcart.com/image/612/612/xif0q/headphone/e/0/c/-original-imah6gwkggsucg8f.jpeg?q=70,Earphones,Flipkart
"truke Buds Elite with 10mm Driver, 70Hrs Battery, Volum...",699.0,4.0,2358.0,https://www.flipkart.com/truke-buds-elite-10mm-driver-70hrs-battery-volume-control-2-mic-enc-game-mode-bluetooth/p/itmff203c4d3b8e1?pid=ACCH8Z4YKSZ8BSF6&lid=LSTACCH8Z4YKSZ8BSF6W6XCKP&marketplace=FLIPKART&q=earphones&store=0pm%2Ffcn%2F821&srno=s_4_154&otracker=search&otracker1=search&fm=Search&iid=49a8060f-042a-4645-b8e0-18f65e7316c8.ACCH8Z4YKSZ8BSF6.SEARCH&ppt=sp&ppn=sp&ssid=tnpiiuizbk0000001753106043084&qH=54597ea1f2fc7f2e,https://rukminim2.flixcart.com/image/612/612/xif0q/headphone/m/v/s/-original-imahbh24bxnrntd6.jpeg?q=70,Earphones,Flipkart
"Boult W20 with Zen ENC Mic,40H Battery Life,Low Latency...",999.0,4.1,216459.0,https://www.flipkart.com/boult-w20-zen-enc-mic-40h-battery-life-low-latency-gaming-made-india-5-3v-bluetooth/p/itm42ba3da4c8d78?pid=ACCGRNFM5GBPUKPF&lid=LSTACCGRNFM5GBPUKPFYSZIXK&marketplace=FLIPKART&q=earphones&store=0pm%2Ffcn%2F821&srno=s_4_155&otracker=search&otracker1=search&fm=Search&iid=49a8060f-042a-4645-b8e0-18f65e7316c8.ACCGRNFM5GBPUKPF.SEARCH&ppt=sp&ppn=sp&ssid=tnpiiuizbk0000001753106043084&qH=54597ea1f2fc7f2e,https://rukminim2.flixcart.com/image/612/612/xif0q/headphone/q/d/l/-original-imahd2rhttvvwugh.jpeg?q=70,Earphones,Flipkart
"realme Buds T110 with AI ENC for calls, upto 38 hours o...",1499.0,4.1,94770.0,https://www.flipkart.com/realme-buds-t110-ai-enc-calls-upto-38-hours-playback-fast-charging-bluetooth/p/itm2c2214d0fe64c?pid=ACCGZN9AG6YP38EG&lid=LSTACCGZN9AG6YP38EGQAQFYJ&marketplace=FLIPKART&q=earphones&store=0pm%2Ffcn%2F821&srno=s_4_156&otracker=search&otracker1=search&fm=Search&iid=49a8060f-042a-4645-b8e0-18f65e7316c8.ACCGZN9AG6YP38EG.SEARCH&ppt=sp&ppn=sp&ssid=tnpiiuizbk0000001753106043084&qH=54597ea1f2fc7f2e,https://rukminim2.flixcart.com/image/612/612/xif0q/headphone/a/5/0/-original-imahy3uqdmgx6qey.jpeg?q=70,Earphones,Flipkart
"Boult YCharge with Pro+ Calling Mic, Full Charge in 20 ...",699.0,3.9,81065.0,https://www.flipkart.com/boult-ycharge-pro-calling-mic-full-charge-20-mins-boomx-tec-made-india-bluetooth/p/itm3984faa32f696?pid=ACCGJPJQAZFGVHHH&lid=LSTACCGJPJQAZFGVHHHIISRWU&marketplace=FLIPKART&q=earphones&store=0pm%2Ffcn%2F821&srno=s_4_158&otracker=search&otracker1=search&fm=Search&iid=en_wFvNufWlP2URRt6LZc_wL1nJMS6PGRLJsYhF8vZQVwpkXbvTWmuCUTYbHl2UiV1n-SKVnIbBQObURwzkW2fpAYnfEY2D5bWfIUmTlXs_oiU%3D&ppt=sp&ppn=sp&ssid=tnpiiuizbk0000001753106043084&qH=54597ea1f2fc7f2e,https://rukminim2.flixcart.com/image/612/612/xif0q/headphone/p/o/r/-original-imagtwb7xd2vpanj.jpeg?q=70,Earphones,Flipkart
"Portronics Harmonics Z5 Wireless Neckband, 33Hrs Playti...",699.0,4.1,15211.0,https://www.flipkart.com/portronics-harmonics-z5-wireless-neckband-33hrs-playtime-double-eq-mode-fast-charging-bluetooth/p/itmb4eb7effc9689?pid=ACCGJ63DD4H57T6U&lid=LSTACCGJ63DD4H57T6UH5OJGP&marketplace=FLIPKART&q=earphones&store=0pm%2Ffcn%2F821&srno=s_4_159&otracker=search&otracker1=search&fm=Search&iid=49a8060f-042a-4645-b8e0-18f65e7316c8.ACCGJ63DD4H57T6U.SEARCH&ppt=sp&ppn=sp&ssid=tnpiiuizbk0000001753106043084&qH=54597ea1f2fc7f2e,https://rukminim2.flixcart.com/image/612/612/xif0q/shopsy-headphone/s/n/k/bluetooth-yes-harmonics-z5-wireless-stereo-neckband-portronics-original-imahf4tkgbqhzzca.jpeg?q=70,Earphones,Flipkart
bAot Bluetooth Wireless B2 Premium Neckband With 50Hrs ...,599.0,3.5,382.0,https://www.flipkart.com/baot-bluetooth-wireless-b2-premium-neckband-50hrs-playback-clear-sound-deepbass/p/itm91b4074c06cb5?pid=ACCHB7WYFUZ6V6J8&lid=LSTACCHB7WYFUZ6V6J84Y98VD&marketplace=FLIPKART&q=earphones&store=0pm%2Ffcn%2F821&srno=s_4_160&otracker=search&otracker1=search&fm=Search&iid=49a8060f-042a-4645-b8e0-18f65e7316c8.ACCHB7WYFUZ6V6J8.SEARCH&ppt=sp&ppn=sp&ssid=tnpiiuizbk0000001753106043084&qH=54597ea1f2fc7f2e,https://rukminim2.flixcart.com/image/612/612/xif0q/headphone/s/p/0/bullets-wireless-b2-premium-neckband-with-50hrs-playback-clear-original-imahd3qb7htregsr.jpeg?q=70,Earphones,Flipkart
"Portronics Harmonics Twins S3 Smart TWS Earbuds,20 Hour...",699.0,4.0,9050.0,https://www.flipkart.com/portronics-harmonics-twins-s3-smart-tws-earbuds-20-hours-playtime-booming-bass-bluetooth/p/itm6251eac2ef48f?pid=ACCGHYF4NZYNGMB5&lid=LSTACCGHYF4NZYNGMB5UK9BXG&marketplace=FLIPKART&q=earphones&store=0pm%2Ffcn%2F821&srno=s_5_163&otracker=search&otracker1=search&fm=Search&iid=4c1a6ec1-d5c8-46fa-8a4d-adad5b8aeae2.ACCGHYF4NZYNGMB5.SEARCH&ppt=sp&ppn=sp&ssid=8s85a15s5c0000001753106078787&qH=54597ea1f2fc7f2e,https://rukminim2.flixcart.com/image/612/612/xif0q/headphone/w/a/h/harmonics-twins-s3-portronics-original-imagnyqyr67eqzyw.jpeg?q=70,Earphones,Flipkart
"Boult W35 with 48 Hrs Battery Life,4 Mic ENC, Wavy Shel...",799.0,3.9,5724.0,https://www.flipkart.com/boult-w35-48-hrs-battery-life-4-mic-enc-wavy-shell-design-lowest-latency-5-4v-bluetooth/p/itmb89f06399dd15?pid=ACCH8PF4B56C7THH&lid=LSTACCH8PF4B56C7THH3OBUDP&marketplace=FLIPKART&q=earphones&store=0pm%2Ffcn%2F821&srno=s_5_165&otracker=search&otracker1=search&fm=Search&iid=4c1a6ec1-d5c8-46fa-8a4d-adad5b8aeae2.ACCH8PF4B56C7THH.SEARCH&ppt=sp&ppn=sp&ssid=8s85a15s5c0000001753106078787&qH=54597ea1f2fc7f2e,https://rukminim2.flixcart.com/image/612/612/xif0q/headphone/a/c/o/-original-imahaeyaf7jwmgqz.jpeg?q=70,Earphones,Flipkart
"Noise Airwave, ENC calling, 50 Hrs of Playtime, Low lat...",999.0,4.1,9440.0,https://www.flipkart.com/noise-airwave-enc-calling-50-hrs-playtime-low-latency-up-50ms-3-eq-modes-bluetooth/p/itmfa90c644d8bbd?pid=ACCGW5QGDN4WDQXQ&lid=LSTACCGW5QGDN4WDQXQXXKF29&marketplace=FLIPKART&q=earphones&store=0pm%2Ffcn%2F821&srno=s_5_166&otracker=search&otracker1=search&fm=Search&iid=4c1a6ec1-d5c8-46fa-8a4d-adad5b8aeae2.ACCGW5QGDN4WDQXQ.SEARCH&ppt=sp&ppn=sp&ssid=8s85a15s5c0000001753106078787&qH=54597ea1f2fc7f2e,https://rukminim2.flixcart.com/image/612/612/xif0q/headphone/e/e/w/-original-imagxgjz5em8hsaz.jpeg?q=70,Earphones,Flipkart
VEROX Type C Wired Earphone 14.2mm Copper Bass Driver w...,298.0,,,https://www.flipkart.com/verox-type-c-wired-earphone-14-2mm-copper-bass-driver-inline-control-hd/p/itm1ed780db5c00e?pid=ACCHEFYGTQST4WVF&lid=LSTACCHEFYGTQST4WVFAPTP3Z&marketplace=FLIPKART&q=earphones&store=0pm%2Ffcn%2F821&srno=s_5_169&otracker=search&otracker1=search&fm=Search&iid=4c1a6ec1-d5c8-46fa-8a4d-adad5b8aeae2.ACCHEFYGTQST4WVF.SEARCH&ppt=sp&ppn=sp&ssid=8s85a15s5c0000001753106078787&qH=54597ea1f2fc7f2e,https://rukminim2.flixcart.com/image/612/612/xif0q/headphone/x/i/g/type-c-wired-earphone-14-2mm-copper-bass-driver-with-inline-original-imahe5hkhwfk4dtq.jpeg?q=70,Earphones,Flipkart
"Noise Buds Trance with 45 Hrs Playtime, Low Latency (up...",999.0,4.1,36563.0,https://www.flipkart.com/noise-buds-trance-45-hrs-playtime-low-latency-up-40ms-hypersync-ipx5-bluetooth/p/itm0ab04a37eab6c?pid=ACCGP29XHZ5CZ7TN&lid=LSTACCGP29XHZ5CZ7TNYVBPDG&marketplace=FLIPKART&q=earphones&store=0pm%2Ffcn%2F821&srno=s_5_170&otracker=search&otracker1=search&fm=Search&iid=4c1a6ec1-d5c8-46fa-8a4d-adad5b8aeae2.ACCGP29XHZ5CZ7TN.SEARCH&ppt=sp&ppn=sp&ssid=8s85a15s5c0000001753106078787&qH=54597ea1f2fc7f2e,https://rukminim2.flixcart.com/image/612/612/xif0q/headphone/b/3/0/-original-imagpgv5yg9y9ja4.jpeg?q=70,Earphones,Flipkart
"Noise Buds VS102 Neo with 40 Hrs Playtime, Environmenta...",799.0,4.1,108635.0,https://www.flipkart.com/noise-buds-vs102-neo-40-hrs-playtime-environmental-cancellation-quad-mic-bluetooth/p/itmdf6ca9f6d8aaa?pid=ACCGQSGW2N3WYDZV&lid=LSTACCGQSGW2N3WYDZV7BEXEW&marketplace=FLIPKART&q=earphones&store=0pm%2Ffcn%2F821&srno=s_5_173&otracker=search&otracker1=search&fm=Search&iid=4c1a6ec1-d5c8-46fa-8a4d-adad5b8aeae2.ACCGQSGW2N3WYDZV.SEARCH&ppt=sp&ppn=sp&ssid=8s85a15s5c0000001753106078787&qH=54597ea1f2fc7f2e,https://rukminim2.flixcart.com/image/612/612/xif0q/headphone/9/v/m/-original-imahyz8hmfgwhtdv.jpeg?q=70,Earphones,Flipkart
"Noise Buds VS102 with 50 Hrs Playtime, 11mm Driver, IPX...",1199.0,4.0,635592.0,https://www.flipkart.com/noise-buds-vs102-50-hrs-playtime-11mm-driver-ipx5-unique-flybird-design-bluetooth-gaming/p/itm6cc239faac681?pid=ACCGBWZ7SZUHJGC8&lid=LSTACCGBWZ7SZUHJGC8NZGKHY&marketplace=FLIPKART&q=earphones&store=0pm%2Ffcn%2F821&srno=s_5_174&otracker=search&otracker1=search&fm=Search&iid=4c1a6ec1-d5c8-46fa-8a4d-adad5b8aeae2.ACCGBWZ7SZUHJGC8.SEARCH&ppt=sp&ppn=sp&ssid=8s85a15s5c0000001753106078787&qH=54597ea1f2fc7f2e,https://rukminim2.flixcart.com/image/612/612/xif0q/headphone/k/i/o/-original-imagp6skdxptyrjt.jpeg?q=70,Earphones,Flipkart
WEKTU Wireless Neckband for Workouts & Gym Bluetooth,998.0,,,https://www.flipkart.com/wektu-wireless-neckband-workouts-gym-bluetooth/p/itm487f73a0c571f?pid=ACCHDVKWMP2VQX78&lid=LSTACCHDVKWMP2VQX78MMBXI6&marketplace=FLIPKART&q=earphones&store=0pm%2Ffcn%2F821&srno=s_5_175&otracker=search&otracker1=search&fm=Search&iid=4c1a6ec1-d5c8-46fa-8a4d-adad5b8aeae2.ACCHDVKWMP2VQX78.SEARCH&ppt=sp&ppn=sp&ssid=8s85a15s5c0000001753106078787&qH=54597ea1f2fc7f2e,https://rukminim2.flixcart.com/image/612/612/xif0q/headphone/p/t/3/wireless-neckband-for-workouts-gym-wektu-original-imahe6khyhztxhyx.jpeg?q=70,Earphones,Flipkart
"Apple AirPods 4 Wireless Earbuds, Personalised Spatial ...",11999.0,4.4,1683.0,https://www.flipkart.com/apple-airpods-4-wireless-earbuds-personalised-spatial-audio-sweat-water-resistant-bluetooth/p/itmdf102348be4b9?pid=ACCH4JE2SWZHZXE2&lid=LSTACCH4JE2SWZHZXE2B9N3XI&marketplace=FLIPKART&q=earphones&store=0pm%2Ffcn%2F821&srno=s_5_176&otracker=search&otracker1=search&fm=Search&iid=4c1a6ec1-d5c8-46fa-8a4d-adad5b8aeae2.ACCH4JE2SWZHZXE2.SEARCH&ppt=sp&ppn=sp&ssid=8s85a15s5c0000001753106078787&qH=54597ea1f2fc7f2e,https://rukminim2.flixcart.com/image/612/612/xif0q/headphone/h/k/g/-original-imah4jvf79j6xdtd.jpeg?q=70,Earphones,Flipkart
OnePlus Bullets Wireless Z2 Bluetooth,1549.0,3.3,218.0,https://www.flipkart.com/oneplus-bullets-wireless-z2-bluetooth/p/itm1797590c0a716?pid=ACCH7VFJSBYCCER6&lid=LSTACCH7VFJSBYCCER6O3VZUN&marketplace=FLIPKART&q=earphones&store=0pm%2Ffcn%2F821&srno=s_5_179&otracker=search&otracker1=search&fm=Search&iid=4c1a6ec1-d5c8-46fa-8a4d-adad5b8aeae2.ACCH7VFJSBYCCER6.SEARCH&ppt=sp&ppn=sp&ssid=8s85a15s5c0000001753106078787&qH=54597ea1f2fc7f2e,https://rukminim2.flixcart.com/image/612/612/xif0q/headphone/v/p/x/xplorer-o2-anc-bluetooth-earphones-with-mic-45db-hybrid-anc-original-imahf5p8qkr73bv6.jpeg?q=70,Earphones,Flipkart
ZSIV Bluetooth Headphone - MAGNETIC POWER OFF/ON 48Hr P...,549.0,,,https://www.flipkart.com/zsiv-bluetooth-headphone-magnetic-power-off-on-48hr-playtime-neckband-earphone9/p/itmbd3a461ded18f?pid=ACCHDWM2ZCSTMUZH&lid=LSTACCHDWM2ZCSTMUZHUU7RPD&marketplace=FLIPKART&q=earphones&store=0pm%2Ffcn%2F821&srno=s_5_180&otracker=search&otracker1=search&fm=Search&iid=4c1a6ec1-d5c8-46fa-8a4d-adad5b8aeae2.ACCHDWM2ZCSTMUZH.SEARCH&ppt=sp&ppn=sp&ssid=8s85a15s5c0000001753106078787&qH=54597ea1f2fc7f2e,https://rukminim2.flixcart.com/image/612/612/xif0q/headphone/e/w/5/bluetooth-headphone-magnetic-power-off-on-48hr-playtime-neckband-original-imahdwm28pczp9zr.jpeg?q=70,Earphones,Flipkart
"Aroma NB119 Titanium Pro Upto 100 Hr Playtime*,ENC,Fast...",479.0,4.0,311028.0,https://www.flipkart.com/aroma-nb119-titanium-pro-upto-100-hr-playtime-enc-fast-charging-dual-pairing-neckband-bluetooth/p/itm2479b2304d8aa?pid=ACCH7VDEPQUKBTPX&lid=LSTACCH7VDEPQUKBTPXVBJ52D&marketplace=FLIPKART&q=earphones&store=0pm%2Ffcn%2F821&srno=s_5_183&otracker=search&otracker1=search&fm=Search&iid=4c1a6ec1-d5c8-46fa-8a4d-adad5b8aeae2.ACCH7VDEPQUKBTPX.SEARCH&ppt=sp&ppn=sp&ssid=8s85a15s5c0000001753106078787&qH=54597ea1f2fc7f2e,https://rukminim2.flixcart.com/image/612/612/xif0q/headphone/u/h/u/nb119-titanium-pro-upto-100-hr-playtime-enc-fast-charging-dual-original-imahd8bgmhmjuzjn.jpeg?q=70,Earphones,Flipkart
vivo TWS 3e buds up-to 30dB Active Noise Cancellation |...,1899.0,4.1,8759.0,https://www.flipkart.com/vivo-tws-3e-buds-up-to-30db-active-noise-cancellation-up-to-42-hrs-battery-life-bluetooth/p/itm20ee91841cff6?pid=ACCH2P7URDQZQG9T&lid=LSTACCH2P7URDQZQG9TKI3PZJ&marketplace=FLIPKART&q=earphones&store=0pm%2Ffcn%2F821&srno=s_5_185&otracker=search&otracker1=search&fm=Search&iid=4c1a6ec1-d5c8-46fa-8a4d-adad5b8aeae2.ACCH2P7URDQZQG9T.SEARCH&ppt=sp&ppn=sp&ssid=8s85a15s5c0000001753106078787&qH=54597ea1f2fc7f2e,https://rukminim2.flixcart.com/image/612/612/xif0q/headphone/g/5/s/xe-w30-vivo-original-imahef7nymrykrzp.jpeg?q=70,Earphones,Flipkart
WEKTU Gaming Neckband with Low Latency Sound Bluetooth,998.0,,,https://www.flipkart.com/wektu-gaming-neckband-low-latency-sound-bluetooth/p/itm19e64379bdff7?pid=ACCHDVKXG2EAZP5W&lid=LSTACCHDVKXG2EAZP5W0D2UBV&marketplace=FLIPKART&q=earphones&store=0pm%2Ffcn%2F821&srno=s_5_190&otracker=search&otracker1=search&fm=Search&iid=4c1a6ec1-d5c8-46fa-8a4d-adad5b8aeae2.ACCHDVKXG2EAZP5W.SEARCH&ppt=sp&ppn=sp&ssid=8s85a15s5c0000001753106078787&qH=54597ea1f2fc7f2e,https://rukminim2.flixcart.com/image/612/612/xif0q/headphone/g/q/c/gaming-neckband-with-low-latency-sound-wektu-original-imahe6kheh9v529m.jpeg?q=70,Earphones,Flipkart
"Number Super Buds Pro GT99 Dual Pair, 4 Mic ENC Gaming ...",799.0,4.0,26688.0,https://www.flipkart.com/number-super-buds-pro-gt99-dual-pair-4-mic-enc-gaming-rgb-tws-35ms-latency-50h-battery-bluetooth/p/itm57db82fcc01a1?pid=ACCGRZUA54VGMST8&lid=LSTACCGRZUA54VGMST85GDESA&marketplace=FLIPKART&q=earphones&store=0pm%2Ffcn%2F821&srno=s_5_193&otracker=search&otracker1=search&fm=Search&iid=4c1a6ec1-d5c8-46fa-8a4d-adad5b8aeae2.ACCGRZUA54VGMST8.SEARCH&ppt=sp&ppn=sp&ssid=8s85a15s5c0000001753106078787&qH=54597ea1f2fc7f2e,https://rukminim2.flixcart.com/image/612/612/xif0q/headphone/r/p/t/-original-imagspdrzrf4razp.jpeg?q=70,Earphones,Flipkart
"Boult Y1 Pro with Zen Quad Mic ENC, 60Hrs Battery, Fast...",899.0,4.1,52019.0,https://www.flipkart.com/boult-y1-pro-zen-quad-mic-enc-60hrs-battery-fast-charging-knurled-design-5-3v-bluetooth/p/itmb608b71a99806?pid=ACCHY2JNQC6EEGWV&lid=LSTACCHY2JNQC6EEGWVUHRDER&marketplace=FLIPKART&q=earphones&store=0pm%2Ffcn%2F821&srno=s_5_197&otracker=search&otracker1=search&fm=Search&iid=en_i_YRJAqYZVeoBZeDHlUFKK-ztTi45y65Jee3ZyINIFbLmQxmHalVs9tC-O6SX9VoJS1EaPLTxavE3f3SiMcuUkhz9c-MSIoFe8xMxkfU6dM%3D&ppt=sp&ppn=sp&ssid=8s85a15s5c0000001753106078787&qH=54597ea1f2fc7f2e,https://rukminim2.flixcart.com/image/612/612/xif0q/headphone/s/7/f/-original-imahf4qppx6fkxtw.jpeg?q=70,Earphones,Flipkart
"Boult W40 with Quad Mic ENC, 48H Battery Life, Low Late...",1099.0,4.1,158203.0,https://www.flipkart.com/boult-w40-quad-mic-enc-48h-battery-life-low-latency-gaming-made-india-5-3v-bluetooth-gaming/p/itm1a8ec38afaf97?pid=ACCGXYXKXWPZMGMR&lid=LSTACCGXYXKXWPZMGMR0SUIXN&marketplace=FLIPKART&q=earphones&store=0pm%2Ffcn%2F821&srno=s_5_198&otracker=search&otracker1=search&fm=Search&iid=en_i_YRJAqYZVeoBZeDHlUFKK-ztTi45y65Jee3ZyINIFY2R0LH0C9CI-04VziFVLosKQJfKKyJxh7wyZ6OfwWGJInfEY2D5bWfIUmTlXs_oiU%3D&ppt=sp&ppn=sp&ssid=8s85a15s5c0000001753106078787&qH=54597ea1f2fc7f2e,https://rukminim2.flixcart.com/image/612/612/xif0q/headphone/k/a/3/-original-imagxaxaxgjzrcfe.jpeg?q=70,Earphones,Flipkart
"Mi Buds 5 with 46dB Hybrid ANC earbuds, Quad-Mic AI ENC...",1699.0,4.0,11374.0,https://www.flipkart.com/mi-buds-5-46db-hybrid-anc-earbuds-quad-mic-ai-enc-dual-device-connection-bluetooth/p/itm1391338b614e1?pid=ACCGXMYDASUYSJBR&lid=LSTACCGXMYDASUYSJBR4YGT5Z&marketplace=FLIPKART&q=earphones&store=0pm%2Ffcn%2F821&srno=s_5_199&otracker=search&otracker1=search&fm=Search&iid=4c1a6ec1-d5c8-46fa-8a4d-adad5b8aeae2.ACCGXMYDASUYSJBR.SEARCH&ppt=sp&ppn=sp&ssid=8s85a15s5c0000001753106078787&qH=54597ea1f2fc7f2e,https://rukminim2.flixcart.com/image/612/612/xif0q/headphone/3/b/d/m2316e1-redmi-original-imagxmxj7zfftbcy.jpeg?q=70,Earphones,Flipkart
"OnePlus Buds 3 TWS, in Ear Earbuds with Sliding Volume ...",5499.0,4.5,37726.0,https://www.flipkart.com/oneplus-buds-3-tws-ear-earbuds-sliding-volume-control-49db-anc-bluetooth/p/itmfccde298e032a?pid=ACCGWVFAKPFZ8DZT&lid=LSTACCGWVFAKPFZ8DZTEXS33C&marketplace=FLIPKART&q=earphones&store=0pm%2Ffcn%2F821&srno=s_5_200&otracker=search&otracker1=search&fm=Search&iid=4c1a6ec1-d5c8-46fa-8a4d-adad5b8aeae2.ACCGWVFAKPFZ8DZT.SEARCH&ppt=sp&ppn=sp&ssid=8s85a15s5c0000001753106078787&qH=54597ea1f2fc7f2e,https://rukminim2.flixcart.com/image/612/612/xif0q/headphone/8/u/r/buds-3-e509a-oneplus-original-imahe6hbjufxjt3z.jpeg?q=70,Earphones,Flipkart
"CMF by Nothing Buds 42 dB Active Noise Cancellation, Ul...",2299.0,4.3,60917.0,https://www.flipkart.com/cmf-nothing-buds-42-db-active-noise-cancellation-ultra-bass-technology-35-5-hrs-playtime-bluetooth-gaming/p/itmc68d1b79d6464?pid=ACCGXX62AZJ2WEPH&lid=LSTACCGXX62AZJ2WEPHAWHDWD&marketplace=FLIPKART&q=earphones&store=0pm%2Ffcn%2F821&srno=s_6_204&otracker=search&otracker1=search&fm=Search&iid=9e4ac736-ce81-4efc-9955-629b0ccdb429.ACCGXX62AZJ2WEPH.SEARCH&ppt=sp&ppn=sp&ssid=7jd0wmzdfk0000001753106115240&qH=54597ea1f2fc7f2e,https://rukminim2.flixcart.com/image/612/612/xif0q/headphone/g/i/x/-original-imahyfkkp43w6z4v.jpeg?q=70,Earphones,Flipkart
"TRIGGR Ultrabuds N1 Neo with ENC, 40Hr Playback, 13mm D...",599.0,4.0,53955.0,https://www.flipkart.com/triggr-ultrabuds-n1-neo-enc-40hr-playback-13mm-drivers-rich-bass-fast-charging-bluetooth/p/itm2325e2c91786f?pid=ACCH2WWTBSFY3V5G&lid=LSTACCH2WWTBSFY3V5GODSKBF&marketplace=FLIPKART&q=earphones&store=0pm%2Ffcn%2F821&srno=s_6_205&otracker=search&otracker1=search&fm=Search&iid=9e4ac736-ce81-4efc-9955-629b0ccdb429.ACCH2WWTBSFY3V5G.SEARCH&ppt=sp&ppn=sp&ssid=7jd0wmzdfk0000001753106115240&qH=54597ea1f2fc7f2e,https://rukminim2.flixcart.com/image/612/612/xif0q/headphone/c/q/u/-original-imah4grrp9tnjyz9.jpeg?q=70,Earphones,Flipkart
"Boult Rcharge with 30Hrs Playtime, ENC mic, Dual Device...",699.0,4.0,20698.0,https://www.flipkart.com/boult-rcharge-30hrs-playtime-enc-mic-dual-device-pairing-fast-charging-5-3v-bluetooth/p/itm683ecffd7794a?pid=ACCGPQY5HDRG97UU&lid=LSTACCGPQY5HDRG97UUTPHJMU&marketplace=FLIPKART&q=earphones&store=0pm%2Ffcn%2F821&srno=s_6_206&otracker=search&otracker1=search&fm=Search&iid=9e4ac736-ce81-4efc-9955-629b0ccdb429.ACCGPQY5HDRG97UU.SEARCH&ppt=sp&ppn=sp&ssid=7jd0wmzdfk0000001753106115240&qH=54597ea1f2fc7f2e,https://rukminim2.flixcart.com/image/612/612/xif0q/headphone/q/u/e/-original-imagtwb7fffbyex9.jpeg?q=70,Earphones,Flipkart
boAt 333 Pro with 60 Hours Battery Bluetooth,1499.0,4.2,115586.0,https://www.flipkart.com/boat-333-pro-60-hours-battery-bluetooth/p/itmaafd80f14ec84?pid=ACCG8MXCVNDWHVMZ&lid=LSTACCG8MXCVNDWHVMZ2GBP6X&marketplace=FLIPKART&q=earphones&store=0pm%2Ffcn%2F821&srno=s_6_209&otracker=search&otracker1=search&fm=Search&iid=9e4ac736-ce81-4efc-9955-629b0ccdb429.ACCG8MXCVNDWHVMZ.SEARCH&ppt=sp&ppn=sp&ssid=7jd0wmzdfk0000001753106115240&qH=54597ea1f2fc7f2e,https://rukminim2.flixcart.com/image/612/612/xif0q/headphone/f/z/l/-original-imagg24ab6gqq8ag.jpeg?q=70,Earphones,Flipkart
"Boult ProBass Fcharge with 40 hrs Playtime, ENC, Fast C...",899.0,3.9,149294.0,https://www.flipkart.com/boult-probass-fcharge-40-hrs-playtime-enc-fast-charging-pairing-bluetooth/p/itm4da445c6f6342?pid=ACCGC2JJSZZNZYCX&lid=LSTACCGC2JJSZZNZYCXTJPHQX&marketplace=FLIPKART&q=earphones&store=0pm%2Ffcn%2F821&srno=s_6_210&otracker=search&otracker1=search&fm=Search&iid=9e4ac736-ce81-4efc-9955-629b0ccdb429.ACCGC2JJSZZNZYCX.SEARCH&ppt=sp&ppn=sp&ssid=7jd0wmzdfk0000001753106115240&qH=54597ea1f2fc7f2e,https://rukminim2.flixcart.com/image/612/612/xif0q/headphone/g/e/7/-original-imahd2rh4xrxaynm.jpeg?q=70,Earphones,Flipkart
NEXX ARHAM TWS BLUETOOTH HEADSET WIRELESS TWINS WITH GO...,294.0,3.8,1434.0,https://www.flipkart.com/nexx-arham-tws-bluetooth-headset-wireless-twins-good-backup-sound-quality/p/itmb28d7c4dfaeac?pid=ACCH74JS6GRUUGHG&lid=LSTACCH74JS6GRUUGHGKWLNGR&marketplace=FLIPKART&q=earphones&store=0pm%2Ffcn%2F821&srno=s_6_214&otracker=search&otracker1=search&fm=Search&iid=9e4ac736-ce81-4efc-9955-629b0ccdb429.ACCH74JS6GRUUGHG.SEARCH&ppt=sp&ppn=sp&ssid=7jd0wmzdfk0000001753106115240&qH=54597ea1f2fc7f2e,https://rukminim2.flixcart.com/image/612/612/xif0q/shopsy-headphone/x/9/k/bluetooth-yes-tws-nexx-arham-original-imagyvcgugzpkz98.jpeg?q=70,Earphones,Flipkart
"boAt Rockerz 109 with Dual Pairing, 40 HRS Playback & A...",799.0,4.1,112710.0,https://www.flipkart.com/boat-rockerz-109-dual-pairing-40-hrs-playback-asap-charge-bluetooth/p/itmbe0acd8f09dfb?pid=ACCH5Y3E8TUWKWGH&lid=LSTACCH5Y3E8TUWKWGHYCVX6F&marketplace=FLIPKART&q=earphones&store=0pm%2Ffcn%2F821&srno=s_6_215&otracker=search&otracker1=search&fm=Search&iid=9e4ac736-ce81-4efc-9955-629b0ccdb429.ACCH5Y3E8TUWKWGH.SEARCH&ppt=sp&ppn=sp&ssid=7jd0wmzdfk0000001753106115240&qH=54597ea1f2fc7f2e,https://rukminim2.flixcart.com/image/612/612/xif0q/headphone/a/o/5/-original-imah6t3m3hhcjerh.jpeg?q=70,Earphones,Flipkart
"Mi Buds 5A, 25dB ANC,30hr playtime, AI-ENC clear calls,...",1299.0,4.0,11374.0,https://www.flipkart.com/mi-buds-5a-25db-anc-30hr-playtime-ai-enc-clear-calls-bt-5-4-low-latency-gaming-bluetooth/p/itm65f58b3c18909?pid=ACCH5VUZC4HSANSD&lid=LSTACCH5VUZC4HSANSDQ6DX1A&marketplace=FLIPKART&q=earphones&store=0pm%2Ffcn%2F821&srno=s_6_220&otracker=search&otracker1=search&fm=Search&iid=9e4ac736-ce81-4efc-9955-629b0ccdb429.ACCH5VUZC4HSANSD.SEARCH&ppt=sp&ppn=sp&ssid=7jd0wmzdfk0000001753106115240&qH=54597ea1f2fc7f2e,https://rukminim2.flixcart.com/image/612/612/xif0q/headphone/x/2/d/-original-imah7k3wqy3h566c.jpeg?q=70,Earphones,Flipkart
"Boult Astra with Quad Mic ENC, 48Hrs Battery, Low Laten...",1399.0,4.1,186402.0,https://www.flipkart.com/boult-astra-quad-mic-enc-48hrs-battery-low-latency-gaming-made-india-5-3v-bluetooth/p/itm88d2eb2a6c21d?pid=ACCGS2VSSPZNZZ5P&lid=LSTACCGS2VSSPZNZZ5PYUIHZP&marketplace=FLIPKART&q=earphones&store=0pm%2Ffcn%2F821&srno=s_6_223&otracker=search&otracker1=search&fm=Search&iid=9e4ac736-ce81-4efc-9955-629b0ccdb429.ACCGS2VSSPZNZZ5P.SEARCH&ppt=sp&ppn=sp&ssid=7jd0wmzdfk0000001753106115240&qH=54597ea1f2fc7f2e,https://rukminim2.flixcart.com/image/612/612/xif0q/headphone/r/r/j/astra-boult-original-imahd2zfpdhmb3ya.jpeg?q=70,Earphones,Flipkart
"Boult Astra Neo 70Hrs Playtime, 4 Mic ENC, BT 5.4, 40ms...",1099.0,4.1,186402.0,https://www.flipkart.com/boult-astra-neo-70hrs-playtime-4-mic-enc-bt-5-4-40ms-low-latency-comfort-grip-case-bluetooth/p/itm19d1bfd0771dc?pid=ACCGXY5FVH2HXK5E&lid=LSTACCGXY5FVH2HXK5EOVWQUB&marketplace=FLIPKART&q=earphones&store=0pm%2Ffcn%2F821&srno=s_6_229&otracker=search&otracker1=search&fm=Search&iid=9e4ac736-ce81-4efc-9955-629b0ccdb429.ACCGXY5FVH2HXK5E.SEARCH&ppt=sp&ppn=sp&ssid=7jd0wmzdfk0000001753106115240&qH=54597ea1f2fc7f2e,https://rukminim2.flixcart.com/image/612/612/xif0q/headphone/l/t/k/-original-imagydy6zcu6hmvw.jpeg?q=70,Earphones,Flipkart
"truke Buds Infinity OWS w/ 70H Playtime, 16mm Speakers,...",1499.0,4.3,147.0,https://www.flipkart.com/truke-buds-infinity-ows-w-70h-playtime-16mm-speakers-dual-pairing-4mic-enc-bt-5-4-bluetooth/p/itme139521fc630e?pid=ACCHCGB6XCSRRDCK&lid=LSTACCHCGB6XCSRRDCKILOZDP&marketplace=FLIPKART&q=earphones&store=0pm%2Ffcn%2F821&srno=s_6_230&otracker=search&otracker1=search&fm=Search&iid=9e4ac736-ce81-4efc-9955-629b0ccdb429.ACCHCGB6XCSRRDCK.SEARCH&ppt=sp&ppn=sp&ssid=7jd0wmzdfk0000001753106115240&qH=54597ea1f2fc7f2e,https://rukminim2.flixcart.com/image/612/612/xif0q/headphone/g/t/i/-original-imahczdcwy3myztw.jpeg?q=70,Earphones,Flipkart
"realme Buds Air7 with 52dB ANC, 12.4mm Driver, 52hrs Pl...",3299.0,4.4,10677.0,https://www.flipkart.com/realme-buds-air7-52db-anc-12-4mm-driver-52hrs-playback-ip55-45ms-low-latency-bluetooth/p/itmc263890c42965?pid=ACCH7S8GPZUDHGPG&lid=LSTACCH7S8GPZUDHGPGFE8R6M&marketplace=FLIPKART&q=earphones&store=0pm%2Ffcn%2F821&srno=s_6_234&otracker=search&otracker1=search&fm=Search&iid=9e4ac736-ce81-4efc-9955-629b0ccdb429.ACCH7S8GPZUDHGPG.SEARCH&ppt=sp&ppn=sp&ssid=7jd0wmzdfk0000001753106115240&qH=54597ea1f2fc7f2e,https://rukminim2.flixcart.com/image/612/612/xif0q/headphone/k/6/j/-original-imahaumhnaun5m4g.jpeg?q=70,Earphones,Flipkart
"Noise Buds VS102 Pro with ANC (25dB), 70 Hours Playtime...",1299.0,3.8,64360.0,https://www.flipkart.com/noise-buds-vs102-pro-anc-25db-70-hours-playtime-enc-quad-mic-bluetooth-gaming/p/itm1d02f8e2380f5?pid=ACCGJUEJMADC2EPY&lid=LSTACCGJUEJMADC2EPYY57MMQ&marketplace=FLIPKART&q=earphones&store=0pm%2Ffcn%2F821&srno=s_6_235&otracker=search&otracker1=search&fm=Search&iid=9e4ac736-ce81-4efc-9955-629b0ccdb429.ACCGJUEJMADC2EPY.SEARCH&ppt=sp&ppn=sp&ssid=7jd0wmzdfk0000001753106115240&qH=54597ea1f2fc7f2e,https://rukminim2.flixcart.com/image/612/612/xif0q/headphone/f/g/z/-original-imaghzfpykshtyn2.jpeg?q=70,Earphones,Flipkart
Apple AirPods(2nd gen) with Charging Case Bluetooth Hea...,9999.0,4.5,154810.0,https://www.flipkart.com/apple-airpods-2nd-gen-charging-case-bluetooth-headset-mic/p/itm8f1b2b0173ce4?pid=ACCFF2R85H8YG4WH&lid=LSTACCFF2R85H8YG4WHGHLQ66&marketplace=FLIPKART&q=earphones&store=0pm%2Ffcn%2F821&srno=s_6_236&otracker=search&otracker1=search&fm=Search&iid=9e4ac736-ce81-4efc-9955-629b0ccdb429.ACCFF2R85H8YG4WH.SEARCH&ppt=sp&ppn=sp&ssid=7jd0wmzdfk0000001753106115240&qH=54597ea1f2fc7f2e,https://rukminim2.flixcart.com/image/612/612/kpinwy80/headphone/x/r/e/mmef2hn-a-apple-original-imag3qe9hphsevrt.jpeg?q=70,Earphones,Flipkart
"Noise Buds F1, 50H playtime, Matte finish Case, Quad Mi...",1299.0,3.9,2843.0,https://www.flipkart.com/noise-buds-f1-50h-playtime-matte-finish-case-quad-mic-enc-in-built-eq-modes-bluetooth/p/itm0eae964f93f1c?pid=ACCH759ENNEXNHZN&lid=LSTACCH759ENNEXNHZNEQJQJ2&marketplace=FLIPKART&q=earphones&store=0pm%2Ffcn%2F821&srno=s_7_246&otracker=search&otracker1=search&fm=Search&iid=ff6e106a-31f9-47c9-93a8-8c4bb3c1d33e.ACCH759ENNEXNHZN.SEARCH&ppt=sp&ppn=sp&ssid=o8owbo6xpc0000001753106144991&qH=54597ea1f2fc7f2e,https://rukminim2.flixcart.com/image/612/612/xif0q/headphone/e/f/v/-original-imahccwcvaqh9syb.jpeg?q=70,Earphones,Flipkart
"Aroma NB140 Buds 3 Truly Wireless Upto 60H Playtime*,EN...",499.0,3.7,28948.0,https://www.flipkart.com/aroma-nb140-buds-3-truly-wireless-upto-60h-playtime-enc-fast-charging-dual-pairing-bluetooth/p/itmbfd1ee5400049?pid=ACCH8ATUV5KBQT5Y&lid=LSTACCH8ATUV5KBQT5Y3AJJUQ&marketplace=FLIPKART&q=earphones&store=0pm%2Ffcn%2F821&srno=s_7_264&otracker=search&otracker1=search&fm=Search&iid=ff6e106a-31f9-47c9-93a8-8c4bb3c1d33e.ACCH8ATUV5KBQT5Y.SEARCH&ppt=sp&ppn=sp&ssid=o8owbo6xpc0000001753106144991&qH=54597ea1f2fc7f2e,https://rukminim2.flixcart.com/image/612/612/xif0q/headphone/r/c/n/nb140-buds-3-truly-wireless-upto-60h-playtime-enc-fast-charging-original-imahd8bgvezsheww.jpeg?q=70,Earphones,Flipkart
"TRIGGR Ultrabuds N4 with Premium Finish, Rubber Grip De...",799.0,4.1,891.0,https://www.flipkart.com/triggr-ultrabuds-n4-premium-finish-rubber-grip-design-40h-battery-13-mm-drivers-bluetooth/p/itm6ddbe8be451d0?pid=ACCH85X8G2KQGJPJ&lid=LSTACCH85X8G2KQGJPJTVYGFR&marketplace=FLIPKART&q=earphones&store=0pm%2Ffcn%2F821&srno=s_7_266&otracker=search&otracker1=search&fm=Search&iid=ff6e106a-31f9-47c9-93a8-8c4bb3c1d33e.ACCH85X8G2KQGJPJ.SEARCH&ppt=sp&ppn=sp&ssid=o8owbo6xpc0000001753106144991&qH=54597ea1f2fc7f2e,https://rukminim2.flixcart.com/image/612/612/xif0q/headphone/t/v/w/-original-imahddx9akzxkvwg.jpeg?q=70,Earphones,Flipkart
"Mivi Duopods K2, 40Hrs PT, HD Call, Fast Charging, 50ms...",699.0,3.9,106163.0,https://www.flipkart.com/mivi-duopods-k2-40hrs-pt-hd-call-fast-charging-50ms-latency-ipx4-voice-asst-5-3v-bluetooth/p/itm48b8399bf0d8b?pid=ACCGPFCNWY92GAHY&lid=LSTACCGPFCNWY92GAHYT6R2IL&marketplace=FLIPKART&q=earphones&store=0pm%2Ffcn%2F821&srno=s_7_273&otracker=search&otracker1=search&fm=Search&iid=ff6e106a-31f9-47c9-93a8-8c4bb3c1d33e.ACCGPFCNWY92GAHY.SEARCH&ppt=sp&ppn=sp&ssid=o8owbo6xpc0000001753106144991&qH=54597ea1f2fc7f2e,https://rukminim2.flixcart.com/image/612/612/xif0q/headphone/e/h/y/-original-imagpxhfztqxwsbz.jpeg?q=70,Earphones,Flipkart
"realme Buds Air 7 Pro with 53dB ANC,360 Spatial Audio, ...",5499.0,4.4,887.0,https://www.flipkart.com/realme-buds-air-7-pro-53db-anc-360-spatial-audio-48hrs-playback-ip55-6-mic-bluetooth/p/itm443751fcda635?pid=ACCHC3FF3BMYSRZN&lid=LSTACCHC3FF3BMYSRZNEXEPM7&marketplace=FLIPKART&q=earphones&store=0pm%2Ffcn%2F821&srno=s_7_276&otracker=search&otracker1=search&fm=Search&iid=ff6e106a-31f9-47c9-93a8-8c4bb3c1d33e.ACCHC3FF3BMYSRZN.SEARCH&ppt=sp&ppn=sp&ssid=o8owbo6xpc0000001753106144991&qH=54597ea1f2fc7f2e,https://rukminim2.flixcart.com/image/612/612/xif0q/headphone/d/0/w/-original-imahcmy45pbdhr3s.jpeg?q=70,Earphones,Flipkart
Aroma NB119 Pro Belief Upto 48H Playtime* Fast Charging...,279.0,3.6,41694.0,https://www.flipkart.com/aroma-nb119-pro-belief-upto-48h-playtime-fast-charging-dual-pairing-neckband-bluetooth/p/itm2c7088a55ed94?pid=ACCH3WZW6FHU7T3F&lid=LSTACCH3WZW6FHU7T3FB61A7Y&marketplace=FLIPKART&q=earphones&store=0pm%2Ffcn%2F821&srno=s_7_279&otracker=search&otracker1=search&fm=Search&iid=ff6e106a-31f9-47c9-93a8-8c4bb3c1d33e.ACCH3WZW6FHU7T3F.SEARCH&ppt=sp&ppn=sp&ssid=o8owbo6xpc0000001753106144991&qH=54597ea1f2fc7f2e,https://rukminim2.flixcart.com/image/612/612/xif0q/headphone/y/z/x/nb119-pro-belief-upto-48h-playtime-fast-charging-dual-pairing-original-imahd8bgdqxs4spy.jpeg?q=70,Earphones,Flipkart
"Portronics Harmonics Twins S16 in Ear Earbuds With Mic,...",599.0,3.9,2401.0,https://www.flipkart.com/portronics-harmonics-twins-s16-ear-earbuds-mic-24h-playtime-gamemode-clear-calls-bluetooth/p/itmc894fe1485b3c?pid=ACCGXX4QTVCWXNHD&lid=LSTACCGXX4QTVCWXNHDD0TZDJ&marketplace=FLIPKART&q=earphones&store=0pm%2Ffcn%2F821&srno=s_7_280&otracker=search&otracker1=search&fm=Search&iid=ff6e106a-31f9-47c9-93a8-8c4bb3c1d33e.ACCGXX4QTVCWXNHD.SEARCH&ppt=sp&ppn=sp&ssid=o8owbo6xpc0000001753106144991&qH=54597ea1f2fc7f2e,https://rukminim2.flixcart.com/image/612/612/xif0q/shopsy-headphone/h/v/b/bluetooth-yes-harmonics-twins-s16-in-ear-earbuds-with-mic-24h-original-imahf4tk57zxstfd.jpeg?q=70,Earphones,Flipkart
Apple AirPods (3rd generation) Bluetooth,10990.0,4.3,3931.0,https://www.flipkart.com/apple-airpods-3rd-generation-bluetooth/p/itm6ffae700b8445?pid=ACCG7XA99NB9RYG9&lid=LSTACCG7XA99NB9RYG9RLYV4Y&marketplace=FLIPKART&q=earphones&store=0pm%2Ffcn%2F821&srno=s_8_283&otracker=search&otracker1=search&fm=Search&iid=ced89841-c3a4-4780-9f32-ad7302a73735.ACCG7XA99NB9RYG9.SEARCH&ppt=sp&ppn=sp&ssid=jv4cx9gygg0000001753106159159&qH=54597ea1f2fc7f2e,https://rukminim2.flixcart.com/image/612/612/kwdv3bk0/headphone/q/o/x/-original-imag92pgct73fbvx.jpeg?q=70,Earphones,Flipkart
Soundcore by Anker R50i Vi (Black) Bluetooth,1099.0,3.9,79.0,https://www.flipkart.com/soundcore-anker-r50i-vi-black-bluetooth/p/itm494686932f164?pid=ACCHCFH2VQGSSRXN&lid=LSTACCHCFH2VQGSSRXNYUWJQX&marketplace=FLIPKART&q=earphones&store=0pm%2Ffcn%2F821&srno=s_8_284&otracker=search&otracker1=search&fm=Search&iid=ced89841-c3a4-4780-9f32-ad7302a73735.ACCHCFH2VQGSSRXN.SEARCH&ppt=sp&ppn=sp&ssid=jv4cx9gygg0000001753106159159&qH=54597ea1f2fc7f2e,https://rukminim2.flixcart.com/image/612/612/xif0q/headphone/f/5/c/r50i-vi-soundcore-original-imahdvdmuaeg2zpw.jpeg?q=70,Earphones,Flipkart
"Boult W10 55H Battery, 4 Mic ENC, Spatial Audio, 45ms L...",899.0,4.0,19948.0,https://www.flipkart.com/boult-w10-55h-battery-4-mic-enc-spatial-audio-45ms-low-latency-13mm-drivers-5-4v-bluetooth/p/itm730f26bc792bc?pid=ACCH47WYDDZFA8J6&lid=LSTACCH47WYDDZFA8J6S57UIR&marketplace=FLIPKART&q=earphones&store=0pm%2Ffcn%2F821&srno=s_8_285&otracker=search&otracker1=search&fm=Search&iid=ced89841-c3a4-4780-9f32-ad7302a73735.ACCH47WYDDZFA8J6.SEARCH&ppt=sp&ppn=sp&ssid=jv4cx9gygg0000001753106159159&qH=54597ea1f2fc7f2e,https://rukminim2.flixcart.com/image/612/612/xif0q/headphone/w/t/u/-original-imahd2rhchhnq7mv.jpeg?q=70,Earphones,Flipkart
Apple AirPods 4 Wireless Earbuds with Active Noise Canc...,16990.0,4.4,770.0,https://www.flipkart.com/apple-airpods-4-wireless-earbuds-active-noise-cancellation-adaptive-audio-bluetooth/p/itm8fa3b69c4f879?pid=ACCH4JE2BAJH75N3&lid=LSTACCH4JE2BAJH75N35NL6RG&marketplace=FLIPKART&q=earphones&store=0pm%2Ffcn%2F821&srno=s_8_289&otracker=search&otracker1=search&fm=Search&iid=ced89841-c3a4-4780-9f32-ad7302a73735.ACCH4JE2BAJH75N3.SEARCH&ppt=sp&ppn=sp&ssid=jv4cx9gygg0000001753106159159&qH=54597ea1f2fc7f2e,https://rukminim2.flixcart.com/image/612/612/xif0q/headphone/i/p/p/-original-imah9a3tahjtnyd8.jpeg?q=70,Earphones,Flipkart
Portronics Portrnics Conch Gama Earphone Wired,404.0,4.3,34.0,https://www.flipkart.com/portronics-portrnics-conch-gama-earphone-wired/p/itm4ce8492ea3301?pid=ACCFUXZCDH9XAASN&lid=LSTACCFUXZCDH9XAASNZN5GSI&marketplace=FLIPKART&q=earphones&store=0pm%2Ffcn%2F821&srno=s_8_290&otracker=search&otracker1=search&fm=Search&iid=ced89841-c3a4-4780-9f32-ad7302a73735.ACCFUXZCDH9XAASN.SEARCH&ppt=sp&ppn=sp&ssid=jv4cx9gygg0000001753106159159&qH=54597ea1f2fc7f2e,https://rukminim2.flixcart.com/image/612/612/kdkkdjk0-0/headphone/d/z/2/portrnics-conch-gama-earphone-portronics-original-imafufuqzugfpvd5.jpeg?q=70,Earphones,Flipkart
"SONY New WF-C510 TWS Light Weight, Compact In-Ear Earbu...",4990.0,4.1,4559.0,https://www.flipkart.com/sony-new-wf-c510-tws-light-weight-compact-in-ear-earbuds-22hrs-battery-mic-bluetooth/p/itm34a03c786fe0e?pid=ACCH4F9JYWJGFKGE&lid=LSTACCH4F9JYWJGFKGE53XKRM&marketplace=FLIPKART&q=earphones&store=0pm%2Ffcn%2F821&srno=s_8_293&otracker=search&otracker1=search&fm=Search&iid=ced89841-c3a4-4780-9f32-ad7302a73735.ACCH4F9JYWJGFKGE.SEARCH&ppt=sp&ppn=sp&ssid=jv4cx9gygg0000001753106159159&qH=54597ea1f2fc7f2e,https://rukminim2.flixcart.com/image/612/612/xif0q/headphone/7/r/o/wf-c510-sony-original-imah4gkssgxguhyn.jpeg?q=70,Earphones,Flipkart
"boAt Airdopes 131 Pro Buds w/ In Ear Detection, 4 Mics ...",1499.0,4.0,146330.0,https://www.flipkart.com/boat-airdopes-131-pro-buds-w-ear-detection-4-mics-enx-tech-40-hrs-playback-bluetooth/p/itm8213d68cb24b1?pid=ACCH3Y28XZKPXUW3&lid=LSTACCH3Y28XZKPXUW3GTHRAU&marketplace=FLIPKART&q=earphones&store=0pm%2Ffcn%2F821&srno=s_8_295&otracker=search&otracker1=search&fm=Search&iid=ced89841-c3a4-4780-9f32-ad7302a73735.ACCH3Y28XZKPXUW3.SEARCH&ppt=sp&ppn=sp&ssid=jv4cx9gygg0000001753106159159&qH=54597ea1f2fc7f2e,https://rukminim2.flixcart.com/image/612/612/xif0q/headphone/e/a/o/-original-imah4vctcsyyduxp.jpeg?q=70,Earphones,Flipkart
"boAt Airdopes 219, 40H Battery,4Mics ENx Tech,Signature...",1099.0,3.9,62.0,https://www.flipkart.com/boat-airdopes-219-40h-battery-4mics-enx-tech-signature-sound-beast-mode-asap-charge-bluetooth/p/itm9514600334640?pid=ACCHCJW3HZ2GVH29&lid=LSTACCHCJW3HZ2GVH29OUT3P5&marketplace=FLIPKART&q=earphones&store=0pm%2Ffcn%2F821&srno=s_8_296&otracker=search&otracker1=search&fm=Search&iid=ced89841-c3a4-4780-9f32-ad7302a73735.ACCHCJW3HZ2GVH29.SEARCH&ppt=sp&ppn=sp&ssid=jv4cx9gygg0000001753106159159&qH=54597ea1f2fc7f2e,https://rukminim2.flixcart.com/image/612/612/xif0q/headphone/5/b/b/-original-imahdt83yzyjqqhe.jpeg?q=70,Earphones,Flipkart
"CMF by Nothing Buds 2a, 42 dB ANC, 12.4mm Driver, Dirac...",2199.0,4.1,668.0,https://www.flipkart.com/cmf-nothing-buds-2a-42-db-anc-12-4mm-driver-dirac-tuned-ultra-bass-tech-35-5-hrs-bluetooth/p/itm93873fb1a3a49?pid=ACCHBK3PNKBGXFHZ&lid=LSTACCHBK3PNKBGXFHZNZEVGS&marketplace=FLIPKART&q=earphones&store=0pm%2Ffcn%2F821&srno=s_8_303&otracker=search&otracker1=search&fm=Search&iid=ced89841-c3a4-4780-9f32-ad7302a73735.ACCHBK3PNKBGXFHZ.SEARCH&ppt=sp&ppn=sp&ssid=jv4cx9gygg0000001753106159159&qH=54597ea1f2fc7f2e,https://rukminim2.flixcart.com/image/612/612/xif0q/headphone/u/1/0/buds-2a-cmf-by-nothing-original-imahe6hb5fbzfjrn.jpeg?q=70,Earphones,Flipkart
"JBL Tune 310C, Hi-Res Audio with DAC , 3-Button EQ , Co...",1499.0,3.8,4758.0,https://www.flipkart.com/jbl-tune-310c-hi-res-audio-dac-3-button-eq-compatible-usb-c-devices-wired/p/itm5fe6d6e19c4ca?pid=ACCGXW37NEGEHZ9F&lid=LSTACCGXW37NEGEHZ9FSKR0GB&marketplace=FLIPKART&q=earphones&store=0pm%2Ffcn%2F821&srno=s_8_305&otracker=search&otracker1=search&fm=Search&iid=ced89841-c3a4-4780-9f32-ad7302a73735.ACCGXW37NEGEHZ9F.SEARCH&ppt=sp&ppn=sp&ssid=jv4cx9gygg0000001753106159159&qH=54597ea1f2fc7f2e,https://rukminim2.flixcart.com/image/612/612/xif0q/headphone/j/l/r/-original-imagydwpwwpdyzrb.jpeg?q=70,Earphones,Flipkart
"realme Buds T01 with 13mm Driver, AI ENC for Calls, BT ...",1099.0,3.9,8387.0,https://www.flipkart.com/realme-buds-t01-13mm-driver-ai-enc-calls-bt-5-4-upto-28-hours-playback-bluetooth/p/itmd287bc542fc0c?pid=ACCH3QWA2NQ7ZGFB&lid=LSTACCH3QWA2NQ7ZGFBAV1FOB&marketplace=FLIPKART&q=earphones&store=0pm%2Ffcn%2F821&srno=s_8_306&otracker=search&otracker1=search&fm=Search&iid=ced89841-c3a4-4780-9f32-ad7302a73735.ACCH3QWA2NQ7ZGFB.SEARCH&ppt=sp&ppn=sp&ssid=jv4cx9gygg0000001753106159159&qH=54597ea1f2fc7f2e,https://rukminim2.flixcart.com/image/612/612/xif0q/headphone/s/n/u/-original-imah3yrgpyqeazhw.jpeg?q=70,Earphones,Flipkart
"Noise Buds VS102 Elite with 50Hr Playtime, ENC, Quad Mi...",1299.0,4.0,635592.0,https://www.flipkart.com/noise-buds-vs102-elite-50hr-playtime-enc-quad-mic-chrome-finish-flybird-design-bluetooth/p/itmd21bac81f0954?pid=ACCHFCF2G2NAQU8V&lid=LSTACCHFCF2G2NAQU8VMO1SCO&marketplace=FLIPKART&q=earphones&store=0pm%2Ffcn%2F821&srno=s_8_309&otracker=search&otracker1=search&fm=Search&iid=ced89841-c3a4-4780-9f32-ad7302a73735.ACCHFCF2G2NAQU8V.SEARCH&ppt=sp&ppn=sp&ssid=jv4cx9gygg0000001753106159159&qH=54597ea1f2fc7f2e,https://rukminim2.flixcart.com/image/612/612/xif0q/headphone/c/w/9/-original-imah32ghkqg8trrm.jpeg?q=70,Earphones,Flipkart
"Boult Z60 with 60Hr Battery, Quad Mic ENC, 50ms Ultra L...",999.0,4.1,65825.0,https://www.flipkart.com/boult-z60-60hr-battery-quad-mic-enc-50ms-ultra-low-latency-made-india-5-3-bluetooth/p/itm6442032837894?pid=ACCGRB6T6ZPSFV2V&lid=LSTACCGRB6T6ZPSFV2VJ78TRO&marketplace=FLIPKART&q=earphones&store=0pm%2Ffcn%2F821&srno=s_8_310&otracker=search&otracker1=search&fm=Search&iid=ced89841-c3a4-4780-9f32-ad7302a73735.ACCGRB6T6ZPSFV2V.SEARCH&ppt=sp&ppn=sp&ssid=jv4cx9gygg0000001753106159159&qH=54597ea1f2fc7f2e,https://rukminim2.flixcart.com/image/612/612/xif0q/headphone/r/d/b/-original-imagrznuthnpy44a.jpeg?q=70,Earphones,Flipkart
"TECHFIRE Wireless Neckband with FastCharge,40Hrs playti...",297.0,3.8,9477.0,https://www.flipkart.com/techfire-wireless-neckband-fastcharge-40hrs-playtime-earphones-mic-bluetooth/p/itm9de4aa13a4291?pid=ACCGV33JCQKWG3VZ&lid=LSTACCGV33JCQKWG3VZQBTQQG&marketplace=FLIPKART&q=earphones&store=0pm%2Ffcn%2F821&srno=s_8_313&otracker=search&otracker1=search&fm=Search&iid=ced89841-c3a4-4780-9f32-ad7302a73735.ACCGV33JCQKWG3VZ.SEARCH&ppt=sp&ppn=sp&ssid=jv4cx9gygg0000001753106159159&qH=54597ea1f2fc7f2e,https://rukminim2.flixcart.com/image/612/612/xif0q/headphone/h/q/z/bullets-arc-wireless-neckband-with-fastcharge-40hrs-playtime-original-imagv33gnhmzczk2.jpeg?q=70,Earphones,Flipkart
OnePlus Nord Buds 2 Earbuds with 25dB Active Noise Canc...,2699.0,4.3,99524.0,https://www.flipkart.com/oneplus-nord-buds-2-earbuds-25db-active-noise-cancellation-bluetooth/p/itm1564d0b502ff6?pid=ACCGNSJ2TZEJ3U66&lid=LSTACCGNSJ2TZEJ3U66DYYFN0&marketplace=FLIPKART&q=earphones&store=0pm%2Ffcn%2F821&srno=s_8_314&otracker=search&otracker1=search&fm=Search&iid=ced89841-c3a4-4780-9f32-ad7302a73735.ACCGNSJ2TZEJ3U66.SEARCH&ppt=sp&ppn=sp&ssid=jv4cx9gygg0000001753106159159&qH=54597ea1f2fc7f2e,https://rukminim2.flixcart.com/image/612/612/xif0q/headphone/0/v/m/nord-buds-2-oneplus-original-imagnwf7sgjetqwg.jpeg?q=70,Earphones,Flipkart
"PTron Bassbuds Vibe w/ 34 Hrs Playback,Clear Calls,13mm...",599.0,4.1,3883.0,https://www.flipkart.com/ptron-bassbuds-vibe-w-34-hrs-playback-clear-calls-13mm-dynamic-drivers-bluetooth-v5-3-bluetooth/p/itmb2b88126a7b60?pid=ACCH2PKWJNWACX6F&lid=LSTACCH2PKWJNWACX6FRIBZ0A&marketplace=FLIPKART&q=earphones&store=0pm%2Ffcn%2F821&srno=s_8_315&otracker=search&otracker1=search&fm=Search&iid=ced89841-c3a4-4780-9f32-ad7302a73735.ACCH2PKWJNWACX6F.SEARCH&ppt=sp&ppn=sp&ssid=jv4cx9gygg0000001753106159159&qH=54597ea1f2fc7f2e,https://rukminim2.flixcart.com/image/612/612/xif0q/headphone/5/d/z/-original-imah9f97v6ujkcfx.jpeg?q=70,Earphones,Flipkart
Nothing Ear (2) 2023 | Dual chamber sound | Hi-res audi...,7999.0,4.3,12828.0,https://www.flipkart.com/nothing-ear-2-2023-dual-chamber-sound-hi-res-audio-smart-anc-connection-bluetooth/p/itm6d79168be59b2?pid=ACCGQFSYJMHPNFEN&lid=LSTACCGQFSYJMHPNFENYB5EX1&marketplace=FLIPKART&q=earphones&store=0pm%2Ffcn%2F821&srno=s_8_316&otracker=search&otracker1=search&fm=Search&iid=ced89841-c3a4-4780-9f32-ad7302a73735.ACCGQFSYJMHPNFEN.SEARCH&ppt=sp&ppn=sp&ssid=jv4cx9gygg0000001753106159159&qH=54597ea1f2fc7f2e,https://rukminim2.flixcart.com/image/612/612/xif0q/headphone/u/l/2/-original-imahfg2nc5k9qbdb.jpeg?q=70,Earphones,Flipkart
"boAt Nirvana Ion 32dB Active Noise Cancellation, 120HRS...",1899.0,4.1,120414.0,https://www.flipkart.com/boat-nirvana-ion-32db-active-noise-cancellation-120hrs-bionic-mode-hifi5-bluetooth/p/itmbdf03ab73bf93?pid=ACCGT3NUWVDFDF3W&lid=LSTACCGT3NUWVDFDF3WWVNVOA&marketplace=FLIPKART&q=earphones&store=0pm%2Ffcn%2F821&srno=s_8_319&otracker=search&otracker1=search&fm=Search&iid=ced89841-c3a4-4780-9f32-ad7302a73735.ACCGT3NUWVDFDF3W.SEARCH&ppt=sp&ppn=sp&ssid=jv4cx9gygg0000001753106159159&qH=54597ea1f2fc7f2e,https://rukminim2.flixcart.com/image/612/612/xif0q/headphone/l/s/o/-original-imagwmkbrfqvthrt.jpeg?q=70,Earphones,Flipkart
"Noise Buds VS102 Plus with 70 Hrs Playtime, Environment...",1099.0,3.8,111833.0,https://www.flipkart.com/noise-buds-vs102-plus-70-hrs-playtime-environmental-cancellation-quad-mic-bluetooth-gaming/p/itma1c21e6795b13?pid=ACCGNX3S5YGTQHYY&lid=LSTACCGNX3S5YGTQHYYDNWYLE&marketplace=FLIPKART&q=earphones&store=0pm%2Ffcn%2F821&srno=s_8_320&otracker=search&otracker1=search&fm=Search&iid=ced89841-c3a4-4780-9f32-ad7302a73735.ACCGNX3S5YGTQHYY.SEARCH&ppt=sp&ppn=sp&ssid=jv4cx9gygg0000001753106159159&qH=54597ea1f2fc7f2e,https://rukminim2.flixcart.com/image/612/612/xif0q/headphone/w/t/i/-original-imagqhqkafvuxanx.jpeg?q=70,Earphones,Flipkart
"GUGGU Neckband Earphones with 4 Hour Battery Life, Dual...",364.0,,,https://www.flipkart.com/guggu-neckband-earphones-4-hour-battery-life-dual-connectivity-microphone-b168-bluetooth/p/itm91ad6b7304565?pid=ACCH23AQUERWF9GX&lid=LSTACCH23AQUERWF9GXBWBLIE&marketplace=FLIPKART&q=earphones&store=0pm%2Ffcn%2F821&srno=s_10_375&otracker=search&otracker1=search&fm=Search&iid=8a7431db-f44b-46f7-b649-1edf814207f7.ACCH23AQUERWF9GX.SEARCH&ppt=sp&ppn=sp&ssid=h84j78xo400000001753106204826&qH=54597ea1f2fc7f2e,https://rukminim2.flixcart.com/image/612/612/xif0q/headphone/5/b/q/neckband-earphones-with-4-hour-battery-life-dual-connectivity-original-imah23apkkjpyytu.jpeg?q=70,Earphones,Flipkart
"Nilesawar X185 ARU-1132 Neckband, Dedicated Switch, 40H...",426.0,,,https://www.flipkart.com/nilesawar-x185-aru-1132-neckband-dedicated-switch-40h-battery-dual-pairing-fast-charge-bluetooth-without-mic/p/itm6db5fd87cf79b?pid=ACCH29S5Z8Y7WA35&lid=LSTACCH29S5Z8Y7WA357NNBXO&marketplace=FLIPKART&q=earphones&store=0pm%2Ffcn%2F821&srno=s_10_376&otracker=search&otracker1=search&fm=Search&iid=8a7431db-f44b-46f7-b649-1edf814207f7.ACCH29S5Z8Y7WA35.SEARCH&ppt=sp&ppn=sp&ssid=h84j78xo400000001753106204826&qH=54597ea1f2fc7f2e,https://rukminim2.flixcart.com/image/612/612/xif0q/headphone/c/l/s/a878-wireless-nack-band-with-type-c-fast-charge-bass-boost-original-imah4qrq7tvwaxe9.jpeg?q=70,Earphones,Flipkart
GPQ STORE 235 Pro Wireless Bluetooth Neckband(0.614 Blu...,274.0,3.9,182.0,https://www.flipkart.com/gpq-store-235-pro-wireless-bluetooth-neckband-0-614/p/itm60663d13d0537?pid=ACCGYJPQ3HACZJJM&lid=LSTACCGYJPQ3HACZJJMG3IB08&marketplace=FLIPKART&q=earphones&store=0pm%2Ffcn%2F821&srno=s_10_393&otracker=search&otracker1=search&fm=Search&iid=8a7431db-f44b-46f7-b649-1edf814207f7.ACCGYJPQ3HACZJJM.SEARCH&ppt=sp&ppn=sp&ssid=h84j78xo400000001753106204826&qH=54597ea1f2fc7f2e,https://rukminim2.flixcart.com/image/612/612/xif0q/headphone/e/k/6/rokerz-235-pro-wireless-bluetooth-neckband-0-633-gpq-store-original-imahyx6gvbszzgm9.jpeg?q=70,Earphones,Flipkart
"Ziddjeet X220 ARU-1132 Wireless ENC, 360 degree Spatial...",413.0,,,https://www.flipkart.com/ziddjeet-x220-aru-1132-wireless-enc-360-degree-spatial-audio-upto-40-hours-playback-bluetooth-without-mic/p/itm687020c18a528?pid=ACCH29S7J9FW6MNA&lid=LSTACCH29S7J9FW6MNAD9FFBN&marketplace=FLIPKART&q=earphones&store=0pm%2Ffcn%2F821&srno=s_10_395&otracker=search&otracker1=search&fm=Search&iid=8a7431db-f44b-46f7-b649-1edf814207f7.ACCH29S7J9FW6MNA.SEARCH&ppt=sp&ppn=sp&ssid=h84j78xo400000001753106204826&qH=54597ea1f2fc7f2e,https://rukminim2.flixcart.com/image/612/612/xif0q/headphone/i/s/w/x220-aru-1132-wireless-enc-360-degree-spatial-audio-upto-40-original-imah29rhgpymrgxv.jpeg?q=70,Earphones,Flipkart
"Nilesawar X8 ARU-1128 Wireless ENC, 360 degree Spatial ...",430.0,,,https://www.flipkart.com/nilesawar-x8-aru-1128-wireless-enc-360-degree-spatial-audio-upto-40-hours-playback-bluetooth-wired/p/itm0675c3116368d?pid=ACCH2QKGRAK2YBWP&lid=LSTACCH2QKGRAK2YBWPQVBBML&marketplace=FLIPKART&q=earphones&store=0pm%2Ffcn%2F821&srno=s_11_405&otracker=search&otracker1=search&fm=Search&iid=e9f4951f-338e-4a61-b4c7-d53de83c85d1.ACCH2QKGRAK2YBWP.SEARCH&ppt=sp&ppn=sp&ssid=bd3iyo42cg0000001753106240284&qH=54597ea1f2fc7f2e,https://rukminim2.flixcart.com/image/612/612/xif0q/headphone/p/s/8/x8-aru-1128-wireless-enc-360-degree-spatial-audio-upto-40-hours-original-imah2qjqggxcazfd.jpeg?q=70,Earphones,Flipkart
GPQ STORE Rokerz 235 Pro Wireless Bluetooth Neckband(0....,290.0,,,https://www.flipkart.com/gpq-store-rokerz-235-pro-wireless-bluetooth-neckband-0-2074/p/itm8ebfc21d284ef?pid=ACCGZGTHNKP4TZCZ&lid=LSTACCGZGTHNKP4TZCZXRY87T&marketplace=FLIPKART&q=earphones&store=0pm%2Ffcn%2F821&srno=s_11_409&otracker=search&otracker1=search&fm=Search&iid=e9f4951f-338e-4a61-b4c7-d53de83c85d1.ACCGZGTHNKP4TZCZ.SEARCH&ppt=sp&ppn=sp&ssid=bd3iyo42cg0000001753106240284&qH=54597ea1f2fc7f2e,https://rukminim2.flixcart.com/image/612/612/xif0q/headphone/3/o/m/rokerz-235-pro-wireless-bluetooth-neckband-0-2074-gpq-store-original-imahcrdqvrg532np.jpeg?q=70,Earphones,Flipkart
"Nilesawar X173 ARU-1128 Neckband, Dedicated Switch, 40H...",426.0,,,https://www.flipkart.com/nilesawar-x173-aru-1128-neckband-dedicated-switch-40h-battery-dual-pairing-fast-charge-bluetooth-without-mic/p/itma76c9a5ffa2d7?pid=ACCH29S3BHB54JFH&lid=LSTACCH29S3BHB54JFHE7PDMG&marketplace=FLIPKART&q=earphones&store=0pm%2Ffcn%2F821&srno=s_11_413&otracker=search&otracker1=search&fm=Search&iid=e9f4951f-338e-4a61-b4c7-d53de83c85d1.ACCH29S3BHB54JFH.SEARCH&ppt=sp&ppn=sp&ssid=bd3iyo42cg0000001753106240284&qH=54597ea1f2fc7f2e,https://rukminim2.flixcart.com/image/612/612/xif0q/headphone/u/b/u/x386-wireless-nack-band-with-type-c-fast-charge-bass-boost-original-imah4qrqtbd8ydh4.jpeg?q=70,Earphones,Flipkart
GPQ STORE Rokerz 235 Pro Wireless Bluetooth Neckband(0....,288.0,,,https://www.flipkart.com/gpq-store-rokerz-235-pro-wireless-bluetooth-neckband-0-338/p/itm134bc8a8f9932?pid=ACCGYJ36MQ7USDYE&lid=LSTACCGYJ36MQ7USDYESQW20B&marketplace=FLIPKART&q=earphones&store=0pm%2Ffcn%2F821&srno=s_11_416&otracker=search&otracker1=search&fm=Search&iid=e9f4951f-338e-4a61-b4c7-d53de83c85d1.ACCGYJ36MQ7USDYE.SEARCH&ppt=sp&ppn=sp&ssid=bd3iyo42cg0000001753106240284&qH=54597ea1f2fc7f2e,https://rukminim2.flixcart.com/image/612/612/xif0q/headphone/5/c/g/rokerz-235-pro-wireless-bluetooth-neckband-0-338-gpq-store-original-imah7c6hegp9abgc.jpeg?q=70,Earphones,Flipkart
"Nilesawar X189 ARU-1128 Neckband, Dedicated Switch, 40H...",426.0,,,https://www.flipkart.com/nilesawar-x189-aru-1128-neckband-dedicated-switch-40h-battery-dual-pairing-fast-charge-bluetooth/p/itmbd4a7682aeeec?pid=ACCHFDZC27F4HQHG&lid=LSTACCHFDZC27F4HQHGS32TGI&marketplace=FLIPKART&q=earphones&store=0pm%2Ffcn%2F821&srno=s_11_419&otracker=search&otracker1=search&fm=Search&iid=e9f4951f-338e-4a61-b4c7-d53de83c85d1.ACCHFDZC27F4HQHG.SEARCH&ppt=sp&ppn=sp&ssid=bd3iyo42cg0000001753106240284&qH=54597ea1f2fc7f2e,https://rukminim2.flixcart.com/image/612/612/xif0q/headphone/w/c/s/a382-wireless-nack-band-with-type-c-fast-charge-bass-boost-original-imah4qrq2bgud2ep.jpeg?q=70,Earphones,Flipkart
"Ziddjeet S210 Neckband, Dedicated Switch, 40H Battery, ...",413.0,1.5,2.0,https://www.flipkart.com/ziddjeet-s210-neckband-dedicated-switch-40h-battery-dual-pairing-fast-charge-bluetooth/p/itmf34be4331b665?pid=ACCH34VKMZ6GZHGV&lid=LSTACCH34VKMZ6GZHGVP4MGVN&marketplace=FLIPKART&q=earphones&store=0pm%2Ffcn%2F821&srno=s_11_424&otracker=search&otracker1=search&fm=Search&iid=e9f4951f-338e-4a61-b4c7-d53de83c85d1.ACCH34VKMZ6GZHGV.SEARCH&ppt=sp&ppn=sp&ssid=bd3iyo42cg0000001753106240284&qH=54597ea1f2fc7f2e,https://rukminim2.flixcart.com/image/612/612/xif0q/headphone/g/j/w/s210-neckband-dedicated-switch-40h-battery-dual-pairing-fast-original-imah34uwqkqyhvyz.jpeg?q=70,Earphones,Flipkart
GPQ STORE Rokerz 235 Pro Wireless Bluetooth Neckband(0....,292.0,,,https://www.flipkart.com/gpq-store-rokerz-235-pro-wireless-bluetooth-neckband-0-428/p/itm19fae92a70516?pid=ACCGYJ365D48FFFF&lid=LSTACCGYJ365D48FFFFHQV5W1&marketplace=FLIPKART&q=earphones&store=0pm%2Ffcn%2F821&srno=s_11_430&otracker=search&otracker1=search&fm=Search&iid=e9f4951f-338e-4a61-b4c7-d53de83c85d1.ACCGYJ365D48FFFF.SEARCH&ppt=sp&ppn=sp&ssid=bd3iyo42cg0000001753106240284&qH=54597ea1f2fc7f2e,https://rukminim2.flixcart.com/image/612/612/xif0q/headphone/p/i/7/rokerz-235-pro-wireless-bluetooth-neckband-0-428-gpq-store-original-imah78wrferhyfje.jpeg?q=70,Earphones,Flipkart
GPQ STORE Rokerz 235 Pro Wireless Bluetooth Neckband(0....,283.0,,,https://www.flipkart.com/gpq-store-rokerz-235-pro-wireless-bluetooth-neckband-0-639/p/itm7558659247378?pid=ACCGYJPQ9GJH6HHK&lid=LSTACCGYJPQ9GJH6HHKO5NWDV&marketplace=FLIPKART&q=earphones&store=0pm%2Ffcn%2F821&srno=s_11_439&otracker=search&otracker1=search&fm=Search&iid=e9f4951f-338e-4a61-b4c7-d53de83c85d1.ACCGYJPQ9GJH6HHK.SEARCH&ppt=sp&ppn=sp&ssid=bd3iyo42cg0000001753106240284&qH=54597ea1f2fc7f2e,https://rukminim2.flixcart.com/image/612/612/xif0q/shopsy-headphone/8/x/2/bluetooth-yes-rokerz-235-pro-wireless-bluetooth-neckband-sh-589-original-imah77c32hnwgrgf.jpeg?q=70,Earphones,Flipkart
"Ziddjeet X256 ARU-1132 Wireless ENC, 360 degree Spatial...",413.0,,,https://www.flipkart.com/ziddjeet-x256-aru-1132-wireless-enc-360-degree-spatial-audio-upto-40-hours-playback-bluetooth-without-mic/p/itm8bc8534af5bf6?pid=ACCH29SAMGSZDWJ5&lid=LSTACCH29SAMGSZDWJ5F7IBBV&marketplace=FLIPKART&q=earphones&store=0pm%2Ffcn%2F821&srno=s_11_440&otracker=search&otracker1=search&fm=Search&iid=e9f4951f-338e-4a61-b4c7-d53de83c85d1.ACCH29SAMGSZDWJ5.SEARCH&ppt=sp&ppn=sp&ssid=bd3iyo42cg0000001753106240284&qH=54597ea1f2fc7f2e,https://rukminim2.flixcart.com/image/612/612/xif0q/headphone/l/c/0/x256-aru-1132-wireless-enc-360-degree-spatial-audio-upto-40-original-imah29rnrgshngqb.jpeg?q=70,Earphones,Flipkart
"Shamsa X97 ARU-1128 Neckband, Dedicated Switch, 40H Bat...",295.0,,,https://www.flipkart.com/shamsa-x97-aru-1128-neckband-dedicated-switch-40h-battery-dual-pairing-fast-charge-bluetooth/p/itm8a458206a102a?pid=ACCHFDZEFGQEWQ7M&lid=LSTACCHFDZEFGQEWQ7MJXGYL7&marketplace=FLIPKART&q=earphones&store=0pm%2Ffcn%2F821&srno=s_12_445&otracker=search&otracker1=search&fm=Search&iid=9ef9d083-892c-4d13-9cfc-5aa7ba7ff367.ACCHFDZEFGQEWQ7M.SEARCH&ppt=sp&ppn=sp&ssid=yrr6n385j40000001753106264838&qH=54597ea1f2fc7f2e,https://rukminim2.flixcart.com/image/612/612/xif0q/headphone/l/b/k/x493-aru-1128-neckband-dedicated-switch-40h-battery-dual-pairing-original-imah4qre8jrcvkfh.jpeg?q=70,Earphones,Flipkart
GPQ STORE Rokerz 235 Pro Wireless Bluetooth Neckband(0B...,290.0,2.3,14.0,https://www.flipkart.com/gpq-store-rokerz-235-pro-wireless-bluetooth-neckband-0b-168/p/itmca8fb07354ea2?pid=ACCGYSRVMGPXZCHG&lid=LSTACCGYSRVMGPXZCHGLQ6MFK&marketplace=FLIPKART&q=earphones&store=0pm%2Ffcn%2F821&srno=s_12_464&otracker=search&otracker1=search&fm=Search&iid=9ef9d083-892c-4d13-9cfc-5aa7ba7ff367.ACCGYSRVMGPXZCHG.SEARCH&ppt=sp&ppn=sp&ssid=yrr6n385j40000001753106264838&qH=54597ea1f2fc7f2e,https://rukminim2.flixcart.com/image/612/612/xif0q/headphone/v/r/4/rokerz-235-pro-wireless-bluetooth-neckband-0b-168-gpq-store-original-imahcufuzajxucjg.jpeg?q=70,Earphones,Flipkart
"Shamsa A469 Rcharge with 40Hrs Playtime, ENC mic, Dual ...",297.0,,,https://www.flipkart.com/shamsa-a469-rcharge-40hrs-playtime-enc-mic-dual-device-pairing-fast-charging-bluetooth/p/itm7fa8a4087cb49?pid=ACCHFBCAZHB2EAYE&lid=LSTACCHFBCAZHB2EAYE2SUB1M&marketplace=FLIPKART&q=earphones&store=0pm%2Ffcn%2F821&srno=s_12_473&otracker=search&otracker1=search&fm=Search&iid=9ef9d083-892c-4d13-9cfc-5aa7ba7ff367.ACCHFBCAZHB2EAYE.SEARCH&ppt=sp&ppn=sp&ssid=yrr6n385j40000001753106264838&qH=54597ea1f2fc7f2e,https://rukminim2.flixcart.com/image/612/612/xif0q/headphone/o/t/8/a469-rcharge-with-40hrs-playtime-enc-mic-dual-device-pairing-original-imahfbbe3ahdhhjw.jpeg?q=70,Earphones,Flipkart
GPQ STORE Rokerz 235 Pro Wireless Bluetooth Neckband(0B...,292.0,,,https://www.flipkart.com/gpq-store-rokerz-235-pro-wireless-bluetooth-neckband-0b-948/p/itm355bd5fea71c5?pid=ACCGYVWGZADXFFGN&lid=LSTACCGYVWGZADXFFGNULMYLL&marketplace=FLIPKART&q=earphones&store=0pm%2Ffcn%2F821&srno=s_12_480&otracker=search&otracker1=search&fm=Search&iid=9ef9d083-892c-4d13-9cfc-5aa7ba7ff367.ACCGYVWGZADXFFGN.SEARCH&ppt=sp&ppn=sp&ssid=yrr6n385j40000001753106264838&qH=54597ea1f2fc7f2e,https://rukminim2.flixcart.com/image/612/612/xif0q/shopsy-headphone/i/b/1/bluetooth-yes-rokerz-235-pro-wireless-bluetooth-neckband-bsh-195-original-imah779pdfgz82uu.jpeg?q=70,Earphones,Flipkart
FRONY Wireless Gaming Sports Headphones Stereo With SD ...,557.0,,,https://www.flipkart.com/frony-wireless-gaming-sports-headphones-stereo-sd-card-5-6h-battery-backupgt290-bluetooth/p/itm03468534e53d1?pid=ACCH2D8K4DVGDXGQ&lid=LSTACCH2D8K4DVGDXGQ9XGMFG&marketplace=FLIPKART&q=earphones&store=0pm%2Ffcn%2F821&srno=s_13_494&otracker=search&otracker1=search&fm=Search&iid=66f33f8c-86e1-4543-b6ed-1e685e0835ff.ACCH2D8K4DVGDXGQ.SEARCH&ppt=sp&ppn=sp&ssid=72z2cwd5hc0000001753106283778&qH=54597ea1f2fc7f2e,https://rukminim2.flixcart.com/image/612/612/xif0q/headphone/6/e/h/wireless-gaming-sports-headphones-stereo-with-sd-card-5-6h-original-imah2d8gagvdthry.jpeg?q=70,Earphones,Flipkart
"Shamsa X393 ARU-1128 Neckband, Dedicated Switch, 40H Ba...",297.0,,,https://www.flipkart.com/shamsa-x393-aru-1128-neckband-dedicated-switch-40h-battery-dual-pairing-fast-charge-bluetooth-without-mic/p/itm6d1af678b30f9?pid=ACCH29S5KACGNNJ8&lid=LSTACCH29S5KACGNNJ87GUUS4&marketplace=FLIPKART&q=earphones&store=0pm%2Ffcn%2F821&srno=s_13_509&otracker=search&otracker1=search&fm=Search&iid=66f33f8c-86e1-4543-b6ed-1e685e0835ff.ACCH29S5KACGNNJ8.SEARCH&ppt=sp&ppn=sp&ssid=72z2cwd5hc0000001753106283778&qH=54597ea1f2fc7f2e,https://rukminim2.flixcart.com/image/612/612/xif0q/headphone/z/j/h/x393-aru-1128-neckband-dedicated-switch-40h-battery-dual-pairing-original-imah29rm8ew2hhs9.jpeg?q=70,Earphones,Flipkart
GPQ STORE Rokerz 235 Pro Wireless Bluetooth Neckband(0B...,288.0,,,https://www.flipkart.com/gpq-store-rokerz-235-pro-wireless-bluetooth-neckband-0b-61/p/itm9d632293dd48e?pid=ACCGYSRWZXHN7ZFG&lid=LSTACCGYSRWZXHN7ZFG3B4JHS&marketplace=FLIPKART&q=earphones&store=0pm%2Ffcn%2F821&srno=s_13_513&otracker=search&otracker1=search&fm=Search&iid=66f33f8c-86e1-4543-b6ed-1e685e0835ff.ACCGYSRWZXHN7ZFG.SEARCH&ppt=sp&ppn=sp&ssid=72z2cwd5hc0000001753106283778&qH=54597ea1f2fc7f2e,https://rukminim2.flixcart.com/image/612/612/xif0q/shopsy-headphone/m/t/6/bluetooth-yes-rokerz-235-pro-wireless-bluetooth-neckband-sh-900-original-imah76grdhsa7xa5.jpeg?q=70,Earphones,Flipkart
GPQ STORE Rokerz 235 Pro Wireless Bluetooth Neckband(0....,294.0,,,https://www.flipkart.com/gpq-store-rokerz-235-pro-wireless-bluetooth-neckband-0-2944/p/itmcb21606fcf9cc?pid=ACCGZJ6RZ7B4YABZ&lid=LSTACCGZJ6RZ7B4YABZP8BRKT&marketplace=FLIPKART&q=earphones&store=0pm%2Ffcn%2F821&srno=s_13_516&otracker=search&otracker1=search&fm=Search&iid=66f33f8c-86e1-4543-b6ed-1e685e0835ff.ACCGZJ6RZ7B4YABZ.SEARCH&ppt=sp&ppn=sp&ssid=72z2cwd5hc0000001753106283778&qH=54597ea1f2fc7f2e,https://rukminim2.flixcart.com/image/612/612/xif0q/shopsy-headphone/2/9/6/bluetooth-yes-rokerz-235-pro-wireless-bluetooth-neckband-blsh-original-imah76a4gwqjeqss.jpeg?q=70,Earphones,Flipkart
GPQ STORE Rokerz 235 Pro Wireless Bluetooth Neckband(B....,290.0,,,https://www.flipkart.com/gpq-store-rokerz-235-pro-wireless-bluetooth-neckband-b-0-288/p/itm9376f3f54ff28?pid=ACCGYTDTMFW3BKVZ&lid=LSTACCGYTDTMFW3BKVZW25OSM&marketplace=FLIPKART&q=earphones&store=0pm%2Ffcn%2F821&srno=s_13_519&otracker=search&otracker1=search&fm=Search&iid=66f33f8c-86e1-4543-b6ed-1e685e0835ff.ACCGYTDTMFW3BKVZ.SEARCH&ppt=sp&ppn=sp&ssid=72z2cwd5hc0000001753106283778&qH=54597ea1f2fc7f2e,https://rukminim2.flixcart.com/image/612/612/xif0q/headphone/e/v/6/rokerz-235-pro-wireless-bluetooth-neckband-b-0-434-gpq-store-original-imagytdpcuqdmngr.jpeg?q=70,Earphones,Flipkart
GPQ STORE Rokerz 235 Pro Wireless Bluetooth Neckband(B....,288.0,,,https://www.flipkart.com/gpq-store-rokerz-235-pro-wireless-bluetooth-neckband-b-0-478/p/itm89577b989e7d9?pid=ACCGYTDRX6HA3TNR&lid=LSTACCGYTDRX6HA3TNRLJOE9Z&marketplace=FLIPKART&q=earphones&store=0pm%2Ffcn%2F821&srno=s_14_523&otracker=search&otracker1=search&fm=Search&iid=aaefc6e3-1737-46fa-b45f-b017e285525f.ACCGYTDRX6HA3TNR.SEARCH&ppt=sp&ppn=sp&ssid=cz0b2jwynk0000001753106311692&qH=54597ea1f2fc7f2e,https://rukminim2.flixcart.com/image/612/612/xif0q/headphone/k/n/c/rokerz-235-pro-wireless-bluetooth-neckband-b-0-478-gpq-store-original-imahcrdrpcdcgffe.jpeg?q=70,Earphones,Flipkart
PRODART Original 3.5mm Jack Handsfree for All Android S...,191.0,4.2,1349.0,https://www.flipkart.com/prodart-original-3-5mm-jack-handsfree-all-android-smart-phones-wired/p/itmeba7f8a9359b9?pid=ACCGG5S38NDQ9M6D&lid=LSTACCGG5S38NDQ9M6DESMMAC&marketplace=FLIPKART&q=earphones&store=0pm%2Ffcn%2F821&srno=s_14_533&otracker=search&otracker1=search&fm=Search&iid=aaefc6e3-1737-46fa-b45f-b017e285525f.ACCGG5S38NDQ9M6D.SEARCH&ppt=sp&ppn=sp&ssid=cz0b2jwynk0000001753106311692&qH=54597ea1f2fc7f2e,https://rukminim2.flixcart.com/image/612/612/xif0q/headphone/y/e/g/original-3-5mm-jack-handsfree-for-all-android-smart-phones-original-imah95f3hz3xzfve.jpeg?q=70,Earphones,Flipkart
Nilesawar X54 ARU-1128 Wireless with Type-C Fast Charge...,426.0,,,https://www.flipkart.com/nilesawar-x54-aru-1128-wireless-type-c-fast-charge-bass-boost-bluetooth-without-mic/p/itm649af1fd13e6b?pid=ACCH29S3AE2HYVXK&lid=LSTACCH29S3AE2HYVXKEEHUAD&marketplace=FLIPKART&q=earphones&store=0pm%2Ffcn%2F821&srno=s_14_534&otracker=search&otracker1=search&fm=Search&iid=aaefc6e3-1737-46fa-b45f-b017e285525f.ACCH29S3AE2HYVXK.SEARCH&ppt=sp&ppn=sp&ssid=cz0b2jwynk0000001753106311692&qH=54597ea1f2fc7f2e,https://rukminim2.flixcart.com/image/612/612/xif0q/headphone/9/v/r/x54-aru-1128-wireless-with-type-c-fast-charge-bass-boost-bashaam-original-imah29rmkbazydgn.jpeg?q=70,Earphones,Flipkart
"truke Mega 10 Earbuds w/ 70H Battery, 24-Bit Spatial So...",1299.0,4.5,40.0,https://www.flipkart.com/truke-mega-10-earbuds-w-70h-battery-24-bit-spatial-sound-dual-pairing-13mm-drivers-bluetooth/p/itmb97923a0e19e9?pid=ACCHD8ASYHUYHJYC&lid=LSTACCHD8ASYHUYHJYCW0YXSK&marketplace=FLIPKART&q=earphones&store=0pm%2Ffcn%2F821&srno=s_14_538&otracker=search&otracker1=search&fm=Search&iid=en_Zu-KMdQBd4uu5F7VHBBNyJoTPHlIZKuRGLheHDuUeRvc0bsZJRwyqDLVrZKKM7O445CKVN2OlhiOxOx43P4TkvUFjCTyOHoHZs-Z5_PS_w0%3D&ppt=sp&ppn=sp&ssid=cz0b2jwynk0000001753106311692&qH=54597ea1f2fc7f2e,https://rukminim2.flixcart.com/image/612/612/xif0q/headphone/n/m/6/-original-imahdxxzzx4jnfgb.jpeg?q=70,Earphones,Flipkart
Nilesawar X210 ARU-1128 Wireless with Type-C Fast Charg...,428.0,,,https://www.flipkart.com/nilesawar-x210-aru-1128-wireless-type-c-fast-charge-bass-boost-bluetooth-without-mic/p/itmedd92fb2440f9?pid=ACCH29S3ETGW2FJQ&lid=LSTACCH29S3ETGW2FJQ7X8MYF&marketplace=FLIPKART&q=earphones&store=0pm%2Ffcn%2F821&srno=s_14_553&otracker=search&otracker1=search&fm=Search&iid=aaefc6e3-1737-46fa-b45f-b017e285525f.ACCH29S3ETGW2FJQ.SEARCH&ppt=sp&ppn=sp&ssid=cz0b2jwynk0000001753106311692&qH=54597ea1f2fc7f2e,https://rukminim2.flixcart.com/image/612/612/xif0q/headphone/y/2/s/x210-aru-1128-wireless-with-type-c-fast-charge-bass-boost-bydye-original-imah29rhjbqqrmzm.jpeg?q=70,Earphones,Flipkart
ULTRASHARP Original EHS61 Deep Bass with Sound Cancella...,191.0,4.1,124.0,https://www.flipkart.com/ultrasharp-original-ehs61-deep-bass-sound-cancellation-wired/p/itm57d76461d65e4?pid=ACCGZGE2F7XZPUWJ&lid=LSTACCGZGE2F7XZPUWJTQSZ0O&marketplace=FLIPKART&q=earphones&store=0pm%2Ffcn%2F821&srno=s_14_554&otracker=search&otracker1=search&fm=Search&iid=aaefc6e3-1737-46fa-b45f-b017e285525f.ACCGZGE2F7XZPUWJ.SEARCH&ppt=sp&ppn=sp&ssid=cz0b2jwynk0000001753106311692&qH=54597ea1f2fc7f2e,https://rukminim2.flixcart.com/image/612/612/xif0q/headphone/f/g/q/original-ehs61-deep-bass-with-sound-cancellation-ultrasharp-original-imahbsx9hg8vgnhy.jpeg?q=70,Earphones,Flipkart
"Ziddjeet X428 -1128 Wireless ENC, 360 degree Spatial Au...",413.0,,,https://www.flipkart.com/ziddjeet-x428-1128-wireless-enc-360-degree-spatial-audio-upto-40-hours-playback-bluetooth/p/itm21cc3ea41f143?pid=ACCHFDZFCDC5E3ZU&lid=LSTACCHFDZFCDC5E3ZUT9WDCW&marketplace=FLIPKART&q=earphones&store=0pm%2Ffcn%2F821&srno=s_14_559&otracker=search&otracker1=search&fm=Search&iid=aaefc6e3-1737-46fa-b45f-b017e285525f.ACCHFDZFCDC5E3ZU.SEARCH&ppt=sp&ppn=sp&ssid=cz0b2jwynk0000001753106311692&qH=54597ea1f2fc7f2e,https://rukminim2.flixcart.com/image/612/612/xif0q/headphone/h/k/r/x428-aru-1128-wireless-enc-360-degree-spatial-audio-upto-40-original-imahfdnxf3peg7uy.jpeg?q=70,Earphones,Flipkart
GPQ STORE Rokerz 235 Pro Wireless Bluetooth Neckband(B....,292.0,,,https://www.flipkart.com/gpq-store-rokerz-235-pro-wireless-bluetooth-neckband-b-0-296/p/itme5b84988b2df7?pid=ACCGYTDTUJWV8QFA&lid=LSTACCGYTDTUJWV8QFATIRSTX&marketplace=FLIPKART&q=earphones&store=0pm%2Ffcn%2F821&srno=s_15_564&otracker=search&otracker1=search&fm=Search&iid=02fc2e04-5ed6-4b7e-882e-2ca5a519d56b.ACCGYTDTUJWV8QFA.SEARCH&ppt=sp&ppn=sp&ssid=n4v4ihpxv40000001753106332991&qH=54597ea1f2fc7f2e,https://rukminim2.flixcart.com/image/612/612/xif0q/headphone/e/y/c/rokerz-235-pro-wireless-bluetooth-neckband-b-0-300-gpq-store-original-imahyd84agzy3p9y.jpeg?q=70,Earphones,Flipkart
GPQ STORE Wireless Bluetooth Neckband(B.0.438 Bluetooth,290.0,2.9,7.0,https://www.flipkart.com/gpq-store-wireless-bluetooth-neckband-b-0-438/p/itm95f59d0e273c0?pid=ACCGYTDSV8CYFZRK&lid=LSTACCGYTDSV8CYFZRKD82CG8&marketplace=FLIPKART&q=earphones&store=0pm%2Ffcn%2F821&srno=s_15_570&otracker=search&otracker1=search&fm=Search&iid=02fc2e04-5ed6-4b7e-882e-2ca5a519d56b.ACCGYTDSV8CYFZRK.SEARCH&ppt=sp&ppn=sp&ssid=n4v4ihpxv40000001753106332991&qH=54597ea1f2fc7f2e,https://rukminim2.flixcart.com/image/612/612/xif0q/shopsy-headphone/q/p/v/bluetooth-yes-rokerz-235-pro-wireless-bluetooth-neckband-bsh-649-original-imah765zpyyyyztb.jpeg?q=70,Earphones,Flipkart
FRONY KQ-944 P47 Headset Super Extra Bass Bluetooth Hea...,425.0,,,https://www.flipkart.com/frony-kq-944-p47-headset-super-extra-bass-bluetooth-furious-ear/p/itm7a07bd525b8ae?pid=ACCGZZHWJ9ETYK7D&lid=LSTACCGZZHWJ9ETYK7DLBCJRZ&marketplace=FLIPKART&q=earphones&store=0pm%2Ffcn%2F821&srno=s_15_584&otracker=search&otracker1=search&fm=Search&iid=02fc2e04-5ed6-4b7e-882e-2ca5a519d56b.ACCGZZHWJ9ETYK7D.SEARCH&ppt=sp&ppn=sp&ssid=n4v4ihpxv40000001753106332991&qH=54597ea1f2fc7f2e,https://rukminim2.flixcart.com/image/612/612/xif0q/headphone/2/4/d/kq-944-p47-headset-super-extra-bass-bluetooth-headset-furious-on-original-imahyyyqd42u8wy3.jpeg?q=70,Earphones,Flipkart
"Leaf Buds X214 True Wireless, AI SOUND App, 40H Playtim...",699.0,4.0,174.0,https://www.flipkart.com/leaf-buds-x214-true-wireless-ai-sound-app-40h-playtime-13m-driver-ipx5-bt-v5-4-bluetooth-gaming/p/itmc367927a002a8?pid=ACCH9N7GMYPCVZCU&lid=LSTACCH9N7GMYPCVZCUIIH897&marketplace=FLIPKART&q=earphones&store=0pm%2Ffcn%2F821&srno=s_16_605&otracker=search&otracker1=search&fm=Search&iid=c6cf3469-b7fd-40b7-bef8-56a1eda2b155.ACCH9N7GMYPCVZCU.SEARCH&ppt=sp&ppn=sp&ssid=tnc9yptzrk0000001753106355445&qH=54597ea1f2fc7f2e,https://rukminim2.flixcart.com/image/612/612/xif0q/headphone/x/u/r/buds-x214-leaf-original-imahagdadv4cfwqh.jpeg?q=70,Earphones,Flipkart
"TRIGGR Ultrabuds N4 with Premium Finish, Rubber Grip De...",899.0,4.1,891.0,https://www.flipkart.com/triggr-ultrabuds-n4-premium-finish-rubber-grip-design-40h-battery-13-mm-drivers-bluetooth/p/itm25e28fd1f8c9f?pid=ACCH85X8XKSJ7T9A&lid=LSTACCH85X8XKSJ7T9AFW5VZC&marketplace=FLIPKART&q=earphones&store=0pm%2Ffcn%2F821&srno=s_16_606&otracker=search&otracker1=search&fm=Search&iid=c6cf3469-b7fd-40b7-bef8-56a1eda2b155.ACCH85X8XKSJ7T9A.SEARCH&ppt=sp&ppn=sp&ssid=tnc9yptzrk0000001753106355445&qH=54597ea1f2fc7f2e,https://rukminim2.flixcart.com/image/612/612/xif0q/headphone/h/4/s/-original-imahddx9zgvznaqu.jpeg?q=70,Earphones,Flipkart
NEXX ARHAM TRUE WIRLESS BLUETOOTH AIR_PODS WITH GOOD SO...,290.0,3.6,839.0,https://www.flipkart.com/nexx-arham-true-wirless-bluetooth-air-pods-good-sound-quality-bass-10-h-playtime/p/itm1cd35d3e77bf9?pid=ACCH74KDYEMGZWBF&lid=LSTACCH74KDYEMGZWBF1SQDX2&marketplace=FLIPKART&q=earphones&store=0pm%2Ffcn%2F821&srno=s_16_609&otracker=search&otracker1=search&fm=Search&iid=c6cf3469-b7fd-40b7-bef8-56a1eda2b155.ACCH74KDYEMGZWBF.SEARCH&ppt=sp&ppn=sp&ssid=tnc9yptzrk0000001753106355445&qH=54597ea1f2fc7f2e,https://rukminim2.flixcart.com/image/612/612/xif0q/headphone/l/x/v/bluetooth-tws-wireless-air-pods-with-good-sound-quality-and-10-original-imah748gavweqqfu.jpeg?q=70,Earphones,Flipkart
boAt Airdopes 131 Elite ANC w/ Active Noise Cancellatio...,1399.0,4.0,1946189.0,https://www.flipkart.com/boat-airdopes-131-elite-anc-w-active-noise-cancellation-60hrs-playback-chrome-design-bluetooth/p/itm9ed50fc93d622?pid=ACCHYKKEKZGYY7YS&lid=LSTACCHYKKEKZGYY7YSGQYMHB&marketplace=FLIPKART&q=earphones&store=0pm%2Ffcn%2F821&srno=s_16_610&otracker=search&otracker1=search&fm=Search&iid=c6cf3469-b7fd-40b7-bef8-56a1eda2b155.ACCHYKKEKZGYY7YS.SEARCH&ppt=sp&ppn=sp&ssid=tnc9yptzrk0000001753106355445&qH=54597ea1f2fc7f2e,https://rukminim2.flixcart.com/image/612/612/xif0q/headphone/l/1/2/-original-imah5vq577veurj3.jpeg?q=70,Earphones,Flipkart
"KZ EDC Pro IEM Earphone with In-Line Microphone, Silver...",900.0,4.1,48.0,https://www.flipkart.com/kz-edc-pro-iem-earphone-in-line-microphone-silver-plated-3-5mm-plug-cable-wired/p/itm535986a18d25b?pid=ACCH3CNC9GKHYEHM&lid=LSTACCH3CNC9GKHYEHMFCI554&marketplace=FLIPKART&q=earphones&store=0pm%2Ffcn%2F821&srno=s_16_613&otracker=search&otracker1=search&fm=Search&iid=c6cf3469-b7fd-40b7-bef8-56a1eda2b155.ACCH3CNC9GKHYEHM.SEARCH&ppt=sp&ppn=sp&ssid=tnc9yptzrk0000001753106355445&qH=54597ea1f2fc7f2e,https://rukminim2.flixcart.com/image/612/612/xif0q/headphone/i/8/y/edc-pro-iem-earphone-with-in-line-microphone-silver-plated-3-5mm-original-imah3cnc8gps8mgz.jpeg?q=70,Earphones,Flipkart
Tunifi Z2 Bluetooth,300.0,3.8,9022.0,https://www.flipkart.com/tunifi-z2-bluetooth/p/itm1a49b6a27f072?pid=ACCH239MEEFWXSV5&lid=LSTACCH239MEEFWXSV50WI8ES&marketplace=FLIPKART&q=earphones&store=0pm%2Ffcn%2F821&srno=s_16_615&otracker=search&otracker1=search&fm=Search&iid=c6cf3469-b7fd-40b7-bef8-56a1eda2b155.ACCH239MEEFWXSV5.SEARCH&ppt=sp&ppn=sp&ssid=tnc9yptzrk0000001753106355445&qH=54597ea1f2fc7f2e,https://rukminim2.flixcart.com/image/612/612/xif0q/headphone/v/e/8/z2-tunifi-original-imahd2gqxgmzabyn.jpeg?q=70,Earphones,Flipkart
"boAt Airdopes 301 with 75HRS Battery, 4Mics ENx, Fast C...",1099.0,3.9,8867.0,https://www.flipkart.com/boat-airdopes-301-75hrs-battery-4mics-enx-fast-charge-beast-mode-ipx5-bluetooth/p/itm35e9b852742fc?pid=ACCH5Y3EYFRVA8K8&lid=LSTACCH5Y3EYFRVA8K8Q49YS9&marketplace=FLIPKART&q=earphones&store=0pm%2Ffcn%2F821&srno=s_16_616&otracker=search&otracker1=search&fm=Search&iid=c6cf3469-b7fd-40b7-bef8-56a1eda2b155.ACCH5Y3EYFRVA8K8.SEARCH&ppt=sp&ppn=sp&ssid=tnc9yptzrk0000001753106355445&qH=54597ea1f2fc7f2e,https://rukminim2.flixcart.com/image/612/612/xif0q/headphone/3/d/p/-original-imah6zpws9yh5gca.jpeg?q=70,Earphones,Flipkart
Seashot Bluetooth 5.2 Wireless Earbuds Touch Waterproof...,299.0,3.6,4758.0,https://www.flipkart.com/seashot-bluetooth-5-2-wireless-earbuds-touch-waterproof-ip7x-headset/p/itm07cd8a83e928b?pid=ACCGTH9CC6ZH5HYQ&lid=LSTACCGTH9CC6ZH5HYQRHW7JQ&marketplace=FLIPKART&q=earphones&store=0pm%2Ffcn%2F821&srno=s_16_625&otracker=search&otracker1=search&fm=Search&iid=c6cf3469-b7fd-40b7-bef8-56a1eda2b155.ACCGTH9CC6ZH5HYQ.SEARCH&ppt=sp&ppn=sp&ssid=tnc9yptzrk0000001753106355445&qH=54597ea1f2fc7f2e,https://rukminim2.flixcart.com/image/612/612/xif0q/headphone/m/c/5/m19-bluetooth-5-2-wireless-earbuds-touch-waterproof-ip7x-original-imagth9bkj56eyht.jpeg?q=70,Earphones,Flipkart
"SONY WF-1000XM5 Best Noise Cancelling TWS Earbuds,Multi...",24990.0,4.2,411.0,https://www.flipkart.com/sony-wf-1000xm5-best-noise-cancelling-tws-earbuds-multi-point-upto-36hrs-battery-bluetooth/p/itm7333b29e826e7?pid=ACCGTAGX6HEDHAWZ&lid=LSTACCGTAGX6HEDHAWZKC51VN&marketplace=FLIPKART&q=earphones&store=0pm%2Ffcn%2F821&srno=s_16_626&otracker=search&otracker1=search&fm=Search&iid=c6cf3469-b7fd-40b7-bef8-56a1eda2b155.ACCGTAGX6HEDHAWZ.SEARCH&ppt=sp&ppn=sp&ssid=tnc9yptzrk0000001753106355445&qH=54597ea1f2fc7f2e,https://rukminim2.flixcart.com/image/612/612/xif0q/headphone/z/4/g/wf-1000xm5-sony-original-imagtakf5q7dwhet.jpeg?q=70,Earphones,Flipkart
"Boult Curve Max with 100H Playtime, ENC Mic, Dual Devic...",999.0,4.0,224490.0,https://www.flipkart.com/boult-curve-max-100h-playtime-enc-mic-dual-device-pairing-fast-charging-5-3v-bluetooth/p/itm26e7635e738f7?pid=ACCGTDNHGXV4TESV&lid=LSTACCGTDNHGXV4TESVGB0KQK&marketplace=FLIPKART&q=earphones&store=0pm%2Ffcn%2F821&srno=s_16_629&otracker=search&otracker1=search&fm=Search&iid=c6cf3469-b7fd-40b7-bef8-56a1eda2b155.ACCGTDNHGXV4TESV.SEARCH&ppt=sp&ppn=sp&ssid=tnc9yptzrk0000001753106355445&qH=54597ea1f2fc7f2e,https://rukminim2.flixcart.com/image/612/612/xif0q/headphone/z/3/q/-original-imahd2rhgn7wxgkk.jpeg?q=70,Earphones,Flipkart
"realme Buds T110 (RMA2306) with AI ENC for calls, 38 ho...",1499.0,4.1,94770.0,https://www.flipkart.com/realme-buds-t110-rma2306-ai-enc-calls-38-hours-playback-deep-bass-bluetooth/p/itm01ff64c73870e?pid=ACCH5G34H4GH4NWA&lid=LSTACCH5G34H4GH4NWADXBFAH&marketplace=FLIPKART&q=earphones&store=0pm%2Ffcn%2F821&srno=s_16_633&otracker=search&otracker1=search&fm=Search&iid=c6cf3469-b7fd-40b7-bef8-56a1eda2b155.ACCH5G34H4GH4NWA.SEARCH&ppt=sp&ppn=sp&ssid=tnc9yptzrk0000001753106355445&qH=54597ea1f2fc7f2e,https://rukminim2.flixcart.com/image/612/612/xif0q/headphone/r/n/i/-original-imah5y5gmv7mjest.jpeg?q=70,Earphones,Flipkart
"Mi Buds 5 with 46dB Hybrid ANC earbuds, Quad-Mic AI ENC...",1999.0,4.0,11374.0,https://www.flipkart.com/mi-buds-5-46db-hybrid-anc-earbuds-quad-mic-ai-enc-dual-device-connection-bluetooth/p/itm54be2b01b5caa?pid=ACCGXMYDY8SK6FXX&lid=LSTACCGXMYDY8SK6FXXEC5LFL&marketplace=FLIPKART&q=earphones&store=0pm%2Ffcn%2F821&srno=s_16_634&otracker=search&otracker1=search&fm=Search&iid=c6cf3469-b7fd-40b7-bef8-56a1eda2b155.ACCGXMYDY8SK6FXX.SEARCH&ppt=sp&ppn=sp&ssid=tnc9yptzrk0000001753106355445&qH=54597ea1f2fc7f2e,https://rukminim2.flixcart.com/image/612/612/xif0q/headphone/d/j/9/m2316e1-redmi-original-imagxmxfshcftc9c.jpeg?q=70,Earphones,Flipkart
"TRIGGR Rizz with 40H Playback, Spherical Design, 13mm D...",699.0,4.0,8918.0,https://www.flipkart.com/triggr-rizz-40h-playback-spherical-design-13mm-drivers-rich-bass-fast-charging-bluetooth/p/itm396632c59d1ed?pid=ACCH85X8JK3ZM7GG&lid=LSTACCH85X8JK3ZM7GGNTLJ73&marketplace=FLIPKART&q=earphones&store=0pm%2Ffcn%2F821&srno=s_16_635&otracker=search&otracker1=search&fm=Search&iid=c6cf3469-b7fd-40b7-bef8-56a1eda2b155.ACCH85X8JK3ZM7GG.SEARCH&ppt=sp&ppn=sp&ssid=tnc9yptzrk0000001753106355445&qH=54597ea1f2fc7f2e,https://rukminim2.flixcart.com/image/612/612/xif0q/headphone/2/w/a/-original-imah8wvggektkfgz.jpeg?q=70,Earphones,Flipkart
"Number Navo Buds X1 w/ 50H Playtime, Dual Pairing, 13mm...",599.0,3.7,10625.0,https://www.flipkart.com/number-navo-buds-x1-w-50h-playtime-dual-pairing-13mm-speakers-enc-45ms-low-latency-bluetooth/p/itm7ded4eb0dfe70?pid=ACCH7HYS9MHSHUWC&lid=LSTACCH7HYS9MHSHUWCGQ36T1&marketplace=FLIPKART&q=earphones&store=0pm%2Ffcn%2F821&srno=s_16_636&otracker=search&otracker1=search&fm=Search&iid=c6cf3469-b7fd-40b7-bef8-56a1eda2b155.ACCH7HYS9MHSHUWC.SEARCH&ppt=sp&ppn=sp&ssid=tnc9yptzrk0000001753106355445&qH=54597ea1f2fc7f2e,https://rukminim2.flixcart.com/image/612/612/xif0q/headphone/x/q/y/-original-imah8ufgp4jae7tn.jpeg?q=70,Earphones,Flipkart
Nothing Ear (a) 2024 | ChatGPT Compatible | Hi-Res audi...,7999.0,4.2,2884.0,https://www.flipkart.com/nothing-ear-a-2024-chatgpt-compatible-hi-res-audio-ldac-bluetooth/p/itm8da590d5343d2?pid=ACCGZ6Q3X3W3TZWX&lid=LSTACCGZ6Q3X3W3TZWXTHSA9B&marketplace=FLIPKART&q=earphones&store=0pm%2Ffcn%2F821&srno=s_17_643&otracker=search&otracker1=search&fm=Search&iid=a7aed92e-97c2-4912-96f8-4e7ea2605b66.ACCGZ6Q3X3W3TZWX.SEARCH&ppt=sp&ppn=sp&ssid=gwr89qeir40000001753106380793&qH=54597ea1f2fc7f2e,https://rukminim2.flixcart.com/image/612/612/xif0q/headphone/6/x/a/-original-imahfquhgnp5nqhg.jpeg?q=70,Earphones,Flipkart
"TRIGGR Ultrabuds N3 with Crisp Calling, 50H Playtime, 1...",699.0,4.2,2874.0,https://www.flipkart.com/triggr-ultrabuds-n3-crisp-calling-50h-playtime-13mm-drivers-bassxpand-bluetooth/p/itm1b5bae86e255d?pid=ACCH85X8YSHEKTH5&lid=LSTACCH85X8YSHEKTH5MGW3QE&marketplace=FLIPKART&q=earphones&store=0pm%2Ffcn%2F821&srno=s_17_644&otracker=search&otracker1=search&fm=Search&iid=a7aed92e-97c2-4912-96f8-4e7ea2605b66.ACCH85X8YSHEKTH5.SEARCH&ppt=sp&ppn=sp&ssid=gwr89qeir40000001753106380793&qH=54597ea1f2fc7f2e,https://rukminim2.flixcart.com/image/612/612/xif0q/headphone/k/m/n/-original-imahb5kf7yftmfay.jpeg?q=70,Earphones,Flipkart
HOPPUP Predator Xo3 Gaming Earbuds with 35MS Bluetooth,799.0,4.0,6260.0,https://www.flipkart.com/hoppup-predator-xo3-gaming-earbuds-35ms-bluetooth/p/itme1ab60b979403?pid=ACCGX8MYUQWZFFVT&lid=LSTACCGX8MYUQWZFFVTXBR5BP&marketplace=FLIPKART&q=earphones&store=0pm%2Ffcn%2F821&srno=s_17_645&otracker=search&otracker1=search&fm=Search&iid=a7aed92e-97c2-4912-96f8-4e7ea2605b66.ACCGX8MYUQWZFFVT.SEARCH&ppt=sp&ppn=sp&ssid=gwr89qeir40000001753106380793&qH=54597ea1f2fc7f2e,https://rukminim2.flixcart.com/image/612/612/xif0q/headphone/h/g/u/xo3-gaming-earbuds-with-35ms-low-latency-13mm-drivers-50h-original-imagx8hzzxrrg235.jpeg?q=70,Earphones,Flipkart
BULLSTORM ultrapood Wireless Music Headset Best in Soun...,299.0,3.4,159.0,https://www.flipkart.com/bullstorm-ultrapood-wireless-music-headset-best-sound-bluetooth-gaming/p/itmd3d7c306f29e6?pid=ACCHC5DANFQGSRGG&lid=LSTACCHC5DANFQGSRGG787HU0&marketplace=FLIPKART&q=earphones&store=0pm%2Ffcn%2F821&srno=s_17_646&otracker=search&otracker1=search&fm=Search&iid=a7aed92e-97c2-4912-96f8-4e7ea2605b66.ACCHC5DANFQGSRGG.SEARCH&ppt=sp&ppn=sp&ssid=gwr89qeir40000001753106380793&qH=54597ea1f2fc7f2e,https://rukminim2.flixcart.com/image/612/612/xif0q/headphone/m/x/5/ultrapod-blue-bullstorm-original-imahdyhsyh7ubgxd.jpeg?q=70,Earphones,Flipkart
boAt 100 Wired,349.0,4.3,1455716.0,https://www.flipkart.com/boat-100-wired/p/itm3f39544d0b96c?pid=ACCEVQZABYWJHRHF&lid=LSTACCEVQZABYWJHRHFU92RMS&marketplace=FLIPKART&q=earphones&store=0pm%2Ffcn%2F821&srno=s_17_649&otracker=search&otracker1=search&fm=Search&iid=a7aed92e-97c2-4912-96f8-4e7ea2605b66.ACCEVQZABYWJHRHF.SEARCH&ppt=sp&ppn=sp&ssid=gwr89qeir40000001753106380793&qH=54597ea1f2fc7f2e,https://rukminim2.flixcart.com/image/612/612/kqwobrk0/headphone/3/n/b/bassheads-100-boat-original-imag4tgdrpxfh3pk.jpeg?q=70,Earphones,Flipkart
"Boult XO Pro with Type-C Jack, Extra Bass, 10mm Dynamic...",449.0,4.1,59649.0,https://www.flipkart.com/boult-xo-pro-type-c-jack-extra-bass-10mm-dynamic-driver-inline-control-ipx5-wired/p/itm493def245e28c?pid=ACCH96ZHRNGUXAZM&lid=LSTACCH96ZHRNGUXAZMCGLZTC&marketplace=FLIPKART&q=earphones&store=0pm%2Ffcn%2F821&srno=s_17_650&otracker=search&otracker1=search&fm=Search&iid=a7aed92e-97c2-4912-96f8-4e7ea2605b66.ACCH96ZHRNGUXAZM.SEARCH&ppt=sp&ppn=sp&ssid=gwr89qeir40000001753106380793&qH=54597ea1f2fc7f2e,https://rukminim2.flixcart.com/image/612/612/xif0q/headphone/r/t/t/-original-imaha9zwsxnzcywa.jpeg?q=70,Earphones,Flipkart
"Portronics Z7 with 40Hrs Playback, Gaming Mode, Water R...",519.0,4.1,5596.0,https://www.flipkart.com/portronics-z7-40hrs-playback-gaming-mode-water-resistant-fast-charging-bluetooth/p/itm8ae51e95f5b6b?pid=ACCGRDGZFYVZUYGB&lid=LSTACCGRDGZFYVZUYGBBEGANU&marketplace=FLIPKART&q=earphones&store=0pm%2Ffcn%2F821&srno=s_17_653&otracker=search&otracker1=search&fm=Search&iid=a7aed92e-97c2-4912-96f8-4e7ea2605b66.ACCGRDGZFYVZUYGB.SEARCH&ppt=sp&ppn=sp&ssid=gwr89qeir40000001753106380793&qH=54597ea1f2fc7f2e,https://rukminim2.flixcart.com/image/612/612/xif0q/headphone/o/9/b/harmonics-z7-with-40hrs-playback-gaming-mode-water-resistant-original-imagrdgy246fjjyb.jpeg?q=70,Earphones,Flipkart
CEHNO Earbuds Bluetooth,288.0,3.5,720.0,https://www.flipkart.com/cehno-earbuds-bluetooth/p/itm3e36261f16547?pid=ACCHA7BKPG9GUWZ8&lid=LSTACCHA7BKPG9GUWZ8WH9BPT&marketplace=FLIPKART&q=earphones&store=0pm%2Ffcn%2F821&srno=s_17_654&otracker=search&otracker1=search&fm=Search&iid=a7aed92e-97c2-4912-96f8-4e7ea2605b66.ACCHA7BKPG9GUWZ8.SEARCH&ppt=sp&ppn=sp&ssid=gwr89qeir40000001753106380793&qH=54597ea1f2fc7f2e,https://rukminim2.flixcart.com/image/612/612/xif0q/headphone/e/b/s/earbuds-cehno-original-imahaaw8q9wxgb8z.jpeg?q=70,Earphones,Flipkart
"realme Buds Air 6 Pro with 50dB ANC, 360 Spatial Audio ...",4999.0,4.4,11460.0,https://www.flipkart.com/realme-buds-air-6-pro-50db-anc-360-spatial-audio-upto-40-hours-playback-bluetooth/p/itmfd29417b3bd40?pid=ACCHFG6GKKMHFJ9A&lid=LSTACCHFG6GKKMHFJ9AZGNNQV&marketplace=FLIPKART&q=earphones&store=0pm%2Ffcn%2F821&srno=s_17_659&otracker=search&otracker1=search&fm=Search&iid=a7aed92e-97c2-4912-96f8-4e7ea2605b66.ACCHFG6GKKMHFJ9A.SEARCH&ppt=sp&ppn=sp&ssid=gwr89qeir40000001753106380793&qH=54597ea1f2fc7f2e,https://rukminim2.flixcart.com/image/612/612/xif0q/headphone/z/t/w/-original-imahaummug42d87v.jpeg?q=70,Earphones,Flipkart
"Aroma NB124 Bombay Upto 100 Hours Playtime*,ENC, Voice ...",449.0,4.0,16131.0,https://www.flipkart.com/aroma-nb124-bombay-upto-100-hours-playtime-enc-voice-changer-fast-charging-neckband-bluetooth/p/itma3cb5f81acf77?pid=ACCH5ZFXXMBWNHNB&lid=LSTACCH5ZFXXMBWNHNBZ2ASNY&marketplace=FLIPKART&q=earphones&store=0pm%2Ffcn%2F821&srno=s_17_660&otracker=search&otracker1=search&fm=Search&iid=a7aed92e-97c2-4912-96f8-4e7ea2605b66.ACCH5ZFXXMBWNHNB.SEARCH&ppt=sp&ppn=sp&ssid=gwr89qeir40000001753106380793&qH=54597ea1f2fc7f2e,https://rukminim2.flixcart.com/image/612/612/xif0q/headphone/y/x/9/nb124-bombay-upto-100-hours-playtime-enc-voice-changer-fast-original-imahd8bh6rzb6qgd.jpeg?q=70,Earphones,Flipkart
"boAt Airdopes 800 w/ Dolby Audio, 4 Mics AI-ENx Tech, T...",1799.0,4.1,14515.0,https://www.flipkart.com/boat-airdopes-800-w-dolby-audio-4-mics-ai-enx-tech-titanium-drivers-asap-charge-bluetooth/p/itm6fc014672e654?pid=ACCHY8GFNJ5ZUCEK&lid=LSTACCHY8GFNJ5ZUCEKOPGEO1&marketplace=FLIPKART&q=earphones&store=0pm%2Ffcn%2F821&srno=s_17_663&otracker=search&otracker1=search&fm=Search&iid=a7aed92e-97c2-4912-96f8-4e7ea2605b66.ACCHY8GFNJ5ZUCEK.SEARCH&ppt=sp&ppn=sp&ssid=gwr89qeir40000001753106380793&qH=54597ea1f2fc7f2e,https://rukminim2.flixcart.com/image/612/612/xif0q/headphone/q/8/i/-original-imahysjgm8wmg9ze.jpeg?q=70,Earphones,Flipkart
TECHFIRE BoomBuds TWS Earbuds with Bluetooth,300.0,3.4,19244.0,https://www.flipkart.com/techfire-boombuds-tws-earbuds-bluetooth/p/itmb5707e2340fe4?pid=ACCH2ASJFWVFGR3J&lid=LSTACCH2ASJFWVFGR3JK1BSZR&marketplace=FLIPKART&q=earphones&store=0pm%2Ffcn%2F821&srno=s_17_664&otracker=search&otracker1=search&fm=Search&iid=a7aed92e-97c2-4912-96f8-4e7ea2605b66.ACCH2ASJFWVFGR3J.SEARCH&ppt=sp&ppn=sp&ssid=gwr89qeir40000001753106380793&qH=54597ea1f2fc7f2e,https://rukminim2.flixcart.com/image/612/612/xif0q/headphone/p/p/m/boombuds-tws-earbuds-with-100-hrs-playtime-50ms-low-latency-original-imah88ezkkgavbkv.jpeg?q=70,Earphones,Flipkart
"TECHFIRE BoomBuds TWS Earbuds with 100 HRS Playtime,(50...",300.0,3.4,19244.0,https://www.flipkart.com/techfire-boombuds-tws-earbuds-100-hrs-playtime-50ms-low-latency-bluetooth-v5-3/p/itme06125fa4e58f?pid=ACCH29XCJW8MGDNF&lid=LSTACCH29XCJW8MGDNFQNRIOP&marketplace=FLIPKART&q=earphones&store=0pm%2Ffcn%2F821&srno=s_17_665&otracker=search&otracker1=search&fm=Search&iid=a7aed92e-97c2-4912-96f8-4e7ea2605b66.ACCH29XCJW8MGDNF.SEARCH&ppt=sp&ppn=sp&ssid=gwr89qeir40000001753106380793&qH=54597ea1f2fc7f2e,https://rukminim2.flixcart.com/image/612/612/xif0q/headphone/2/b/l/boombuds-tws-earbuds-with-100-hrs-playtime-50ms-low-latency-original-imah88dz3cqtxznh.jpeg?q=70,Earphones,Flipkart
Apple EarPods with Lightning Connector Wired,1549.0,4.4,30494.0,https://www.flipkart.com/apple-earpods-lightning-connector-wired/p/itm89a2cd840b303?pid=ACCEMZ7HPZUZHFPM&lid=LSTACCEMZ7HPZUZHFPM3VN0P6&marketplace=FLIPKART&q=earphones&store=0pm%2Ffcn%2F821&srno=s_17_666&otracker=search&otracker1=search&fm=Search&iid=a7aed92e-97c2-4912-96f8-4e7ea2605b66.ACCEMZ7HPZUZHFPM.SEARCH&ppt=sp&ppn=sp&ssid=gwr89qeir40000001753106380793&qH=54597ea1f2fc7f2e,https://rukminim2.flixcart.com/image/612/612/jg15aq80/headphone/n/t/7/xrp-iphone-compatible-3-5mm-stereo-earphone-handsfree-for-original-imaepjzmthscubxj.jpeg?q=70,Earphones,Flipkart
Aroma NB140 Ninja 40 Hours*Playtime | Deep Bass | Fast ...,389.0,3.7,15859.0,https://www.flipkart.com/aroma-nb140-ninja-40-hours-playtime-deep-bass-fast-charging-true-wireless-earbud-bluetooth-gaming/p/itm1dfee96c453ab?pid=ACCGUAFM79AM72BP&lid=LSTACCGUAFM79AM72BPO1JIPI&marketplace=FLIPKART&q=earphones&store=0pm%2Ffcn%2F821&srno=s_17_669&otracker=search&otracker1=search&fm=Search&iid=a7aed92e-97c2-4912-96f8-4e7ea2605b66.ACCGUAFM79AM72BP.SEARCH&ppt=sp&ppn=sp&ssid=gwr89qeir40000001753106380793&qH=54597ea1f2fc7f2e,https://rukminim2.flixcart.com/image/612/612/xif0q/headphone/r/t/s/nb140-ninja-40-hours-playtime-deep-bass-fast-charging-true-original-imahd8bgxrudtt9p.jpeg?q=70,Earphones,Flipkart
"Noise Aura Buds with Dual Device Pairing, 60 Hours of P...",1499.0,4.0,6444.0,https://www.flipkart.com/noise-aura-buds-dual-device-pairing-60-hours-playtime-enc-quad-mic-bluetooth/p/itmf394a7055cd7b?pid=ACCGSQJXWD82QTM5&lid=LSTACCGSQJXWD82QTM5KPKZPA&marketplace=FLIPKART&q=earphones&store=0pm%2Ffcn%2F821&srno=s_17_673&otracker=search&otracker1=search&fm=Search&iid=a7aed92e-97c2-4912-96f8-4e7ea2605b66.ACCGSQJXWD82QTM5.SEARCH&ppt=sp&ppn=sp&ssid=gwr89qeir40000001753106380793&qH=54597ea1f2fc7f2e,https://rukminim2.flixcart.com/image/612/612/xif0q/headphone/i/d/j/-original-imagzzhfgmqtchsu.jpeg?q=70,Earphones,Flipkart
"TRIGGR Kraken X2 Quad Mic ENC, 40 Hr Battery, Rapid Pai...",689.0,4.0,13055.0,https://www.flipkart.com/triggr-kraken-x2-quad-mic-enc-40-hr-battery-rapid-pair-40ms-low-latency-gaming-v5-3-bluetooth/p/itmc79caf9a90ab8?pid=ACCGRMF2YGF5JGCJ&lid=LSTACCGRMF2YGF5JGCJTJ6PIS&marketplace=FLIPKART&q=earphones&store=0pm%2Ffcn%2F821&srno=s_17_674&otracker=search&otracker1=search&fm=Search&iid=a7aed92e-97c2-4912-96f8-4e7ea2605b66.ACCGRMF2YGF5JGCJ.SEARCH&ppt=sp&ppn=sp&ssid=gwr89qeir40000001753106380793&qH=54597ea1f2fc7f2e,https://rukminim2.flixcart.com/image/612/612/xif0q/headphone/s/g/s/-original-imahfqxuzd987pvu.jpeg?q=70,Earphones,Flipkart
DATIVE Tws Earbuds With 24 Hours Playtime IP*6 Waterpro...,295.0,3.6,3209.0,https://www.flipkart.com/dative-tws-earbuds-24-hours-playtime-ip-6-waterproof-v5-1-new-technology-bluetooth/p/itm16fe4f627cade?pid=ACCGTE9VNV4WZHDA&lid=LSTACCGTE9VNV4WZHDARNTQCM&marketplace=FLIPKART&q=earphones&store=0pm%2Ffcn%2F821&srno=s_17_675&otracker=search&otracker1=search&fm=Search&iid=a7aed92e-97c2-4912-96f8-4e7ea2605b66.ACCGTE9VNV4WZHDA.SEARCH&ppt=sp&ppn=sp&ssid=gwr89qeir40000001753106380793&qH=54597ea1f2fc7f2e,https://rukminim2.flixcart.com/image/612/612/xif0q/headphone/j/o/m/tws-earbuds-with-24-hours-playtime-ip-6-waterproof-v5-1-new-original-imagwtesyzesgruq.jpeg?q=70,Earphones,Flipkart
"Tunifi Neckband Pro Environmental Noise Cancellation, S...",299.0,3.9,2182.0,https://www.flipkart.com/tunifi-neckband-pro-environmental-noise-cancellation-smart-dial-design-37hrs-playtime-bluetooth/p/itm542ceacbc1578?pid=ACCH6BHV4HEQQWZF&lid=LSTACCH6BHV4HEQQWZFIGO89X&marketplace=FLIPKART&q=earphones&store=0pm%2Ffcn%2F821&srno=s_17_676&otracker=search&otracker1=search&fm=Search&iid=a7aed92e-97c2-4912-96f8-4e7ea2605b66.ACCH6BHV4HEQQWZF.SEARCH&ppt=sp&ppn=sp&ssid=gwr89qeir40000001753106380793&qH=54597ea1f2fc7f2e,https://rukminim2.flixcart.com/image/612/612/xif0q/headphone/a/j/t/neckband-pro-environmental-noise-cancellation-smart-dial-design-original-imahaxszs8mckeut.jpeg?q=70,Earphones,Flipkart
"CMF by Nothing Buds 42 dB Active Noise Cancellation, Ul...",2499.0,4.3,60917.0,https://www.flipkart.com/cmf-nothing-buds-42-db-active-noise-cancellation-ultra-bass-technology-35-5-hrs-playtime-bluetooth/p/itm7053a121bfac5?pid=ACCGXX62ATGFSZG8&lid=LSTACCGXX62ATGFSZG8WNIGXQ&marketplace=FLIPKART&q=earphones&store=0pm%2Ffcn%2F821&srno=s_17_679&otracker=search&otracker1=search&fm=Search&iid=a7aed92e-97c2-4912-96f8-4e7ea2605b66.ACCGXX62ATGFSZG8.SEARCH&ppt=sp&ppn=sp&ssid=gwr89qeir40000001753106380793&qH=54597ea1f2fc7f2e,https://rukminim2.flixcart.com/image/612/612/xif0q/headphone/u/v/0/-original-imahyfkkyamsjxn8.jpeg?q=70,Earphones,Flipkart
"Portronics Harmonics Z8 Neckband with 40H Playtime,Game...",699.0,4.0,563.0,https://www.flipkart.com/portronics-harmonics-z8-neckband-40h-playtime-game-mode-magnetic-on-off-led-display-bluetooth/p/itmfaf5d4d4c0f84?pid=ACCH39BHXTGY5F8D&lid=LSTACCH39BHXTGY5F8DBEUTV1&marketplace=FLIPKART&q=earphones&store=0pm%2Ffcn%2F821&srno=s_18_685&otracker=search&otracker1=search&fm=Search&iid=421a83fd-dbdf-4ce4-8a3f-06bbd561f720.ACCH39BHXTGY5F8D.SEARCH&ppt=sp&ppn=sp&ssid=yws6fserkw0000001753106412734&qH=54597ea1f2fc7f2e,https://rukminim2.flixcart.com/image/612/612/xif0q/headphone/b/h/u/harmonics-z8-neckband-with-40h-playtime-game-mode-magnetic-on-original-imah39bkxuzdfjxc.jpeg?q=70,Earphones,Flipkart
"Microflash Clear Hi-Fi Sound, Headphones Wired",188.0,3.8,32346.0,https://www.flipkart.com/microflash-clear-hi-fi-sound-headphones-wired/p/itm822e3564415fd?pid=ACCGHEYDFRXHWMGC&lid=LSTACCGHEYDFRXHWMGCT7NUM8&marketplace=FLIPKART&q=earphones&store=0pm%2Ffcn%2F821&srno=s_18_686&otracker=search&otracker1=search&fm=Search&iid=421a83fd-dbdf-4ce4-8a3f-06bbd561f720.ACCGHEYDFRXHWMGC.SEARCH&ppt=sp&ppn=sp&ssid=yws6fserkw0000001753106412734&qH=54597ea1f2fc7f2e,https://rukminim2.flixcart.com/image/612/612/xif0q/headphone/r/j/y/s7-deep-bass-clear-hi-fi-sound-headphones-microflash-original-imah939qysp9fnbe.jpeg?q=70,Earphones,Flipkart
"TRIGGR Bassplugs 100 Neckband, Dedicated Switch, 40H Ba...",299.0,3.6,2633.0,https://www.flipkart.com/triggr-bassplugs-100-neckband-dedicated-switch-40h-battery-dual-pairing-fast-charge-bluetooth/p/itm8d37b0fc69f4e?pid=ACCGZFMCQS7MCYVF&lid=LSTACCGZFMCQS7MCYVFZIGEGV&marketplace=FLIPKART&q=earphones&store=0pm%2Ffcn%2F821&srno=s_18_689&otracker=search&otracker1=search&fm=Search&iid=421a83fd-dbdf-4ce4-8a3f-06bbd561f720.ACCGZFMCQS7MCYVF.SEARCH&ppt=sp&ppn=sp&ssid=yws6fserkw0000001753106412734&qH=54597ea1f2fc7f2e,https://rukminim2.flixcart.com/image/612/612/xif0q/headphone/j/g/r/-original-imah242p3kupkygw.jpeg?q=70,Earphones,Flipkart
"boAt Airdopes 800 HiDef, Hi-Res LDAC, Adv 4Mic AI-ENx, ...",1999.0,4.1,14515.0,https://www.flipkart.com/boat-airdopes-800-hidef-hi-res-ldac-adv-4mic-ai-enx-app-support-fast-charge-ipx5-bluetooth/p/itm99ae5be4ba72f?pid=ACCH44E5HYNFZCW6&lid=LSTACCH44E5HYNFZCW6GXEYAY&marketplace=FLIPKART&q=earphones&store=0pm%2Ffcn%2F821&srno=s_18_690&otracker=search&otracker1=search&fm=Search&iid=421a83fd-dbdf-4ce4-8a3f-06bbd561f720.ACCH44E5HYNFZCW6.SEARCH&ppt=sp&ppn=sp&ssid=yws6fserkw0000001753106412734&qH=54597ea1f2fc7f2e,https://rukminim2.flixcart.com/image/612/612/xif0q/headphone/h/d/o/-original-imah6mahphka5wrs.jpeg?q=70,Earphones,Flipkart
boAt Immortal 181 Bluetooth,999.0,3.8,432.0,https://www.flipkart.com/boat-immortal-181-bluetooth/p/itmed78d224cccb4?pid=ACCH8GEKMZVZXA7W&lid=LSTACCH8GEKMZVZXA7WZU26EJ&marketplace=FLIPKART&q=earphones&store=0pm%2Ffcn%2F821&srno=s_18_694&otracker=search&otracker1=search&fm=Search&iid=421a83fd-dbdf-4ce4-8a3f-06bbd561f720.ACCH8GEKMZVZXA7W.SEARCH&ppt=sp&ppn=sp&ssid=yws6fserkw0000001753106412734&qH=54597ea1f2fc7f2e,https://rukminim2.flixcart.com/image/612/612/xif0q/headphone/n/x/a/-original-imah8kc2qhjyppny.jpeg?q=70,Earphones,Flipkart
"HOPPUP Predator Xo1 Gaming Earbuds with 50H Playtime,13...",699.0,4.1,31108.0,https://www.flipkart.com/hoppup-predator-xo1-gaming-earbuds-50h-playtime-13mm-bluetooth/p/itm86c435fc8c5ff?pid=ACCGTBG7NSGNKWY4&lid=LSTACCGTBG7NSGNKWY4CQRUSZ&marketplace=FLIPKART&q=earphones&store=0pm%2Ffcn%2F821&srno=s_18_695&otracker=search&otracker1=search&fm=Search&iid=421a83fd-dbdf-4ce4-8a3f-06bbd561f720.ACCGTBG7NSGNKWY4.SEARCH&ppt=sp&ppn=sp&ssid=yws6fserkw0000001753106412734&qH=54597ea1f2fc7f2e,https://rukminim2.flixcart.com/image/612/612/xif0q/headphone/l/a/p/predator-xo1-gaming-earbuds-with-50h-playtime-13mm-drivers-40ms-original-imah2pe8yzaehp8g.jpeg?q=70,Earphones,Flipkart
"boAt Airdopes 161 ANC Elite w/ ANC, 50 HRS Playback, AS...",1399.0,4.0,1352703.0,https://www.flipkart.com/boat-airdopes-161-anc-elite-w-anc-50-hrs-playback-asap-charge-enx-technology-bluetooth/p/itma2a4043ea698d?pid=ACCHYVEQGCVGNPY8&lid=LSTACCHYVEQGCVGNPY8MPEE4V&marketplace=FLIPKART&q=earphones&store=0pm%2Ffcn%2F821&srno=s_18_696&otracker=search&otracker1=search&fm=Search&iid=421a83fd-dbdf-4ce4-8a3f-06bbd561f720.ACCHYVEQGCVGNPY8.SEARCH&ppt=sp&ppn=sp&ssid=yws6fserkw0000001753106412734&qH=54597ea1f2fc7f2e,https://rukminim2.flixcart.com/image/612/612/xif0q/headphone/g/y/w/-original-imah5vq5nxzzjz6z.jpeg?q=70,Earphones,Flipkart
Aroma NB140 Matrix Upto 40Hr Playtime* Fast Charging Du...,399.0,3.8,26022.0,https://www.flipkart.com/aroma-nb140-matrix-upto-40hr-playtime-fast-charging-dual-pairing-true-wireless-bluetooth-gaming/p/itm12fa06b5e473c?pid=ACCGUAFN8JSZGSKF&lid=LSTACCGUAFN8JSZGSKFQ8KCTL&marketplace=FLIPKART&q=earphones&store=0pm%2Ffcn%2F821&srno=s_18_699&otracker=search&otracker1=search&fm=Search&iid=421a83fd-dbdf-4ce4-8a3f-06bbd561f720.ACCGUAFN8JSZGSKF.SEARCH&ppt=sp&ppn=sp&ssid=yws6fserkw0000001753106412734&qH=54597ea1f2fc7f2e,https://rukminim2.flixcart.com/image/612/612/xif0q/headphone/w/q/4/playtime-deep-bass-fast-charging-true-wireless-earbud-aroma-original-imahd8bhswgvgzyk.jpeg?q=70,Earphones,Flipkart
"Mivi Superpods Immersio, 60Hrs PT, Dolby Audio, Quad Mi...",2199.0,3.9,3425.0,https://www.flipkart.com/mivi-superpods-immersio-60hrs-pt-dolby-audio-quad-mic-3d-hd-fast-chg-5-4v-bluetooth/p/itm003f0d662e4b9?pid=ACCH3GFF7ATCGCGH&lid=LSTACCH3GFF7ATCGCGH4UPXH1&marketplace=FLIPKART&q=earphones&store=0pm%2Ffcn%2F821&srno=s_18_703&otracker=search&otracker1=search&fm=Search&iid=421a83fd-dbdf-4ce4-8a3f-06bbd561f720.ACCH3GFF7ATCGCGH.SEARCH&ppt=sp&ppn=sp&ssid=yws6fserkw0000001753106412734&qH=54597ea1f2fc7f2e,https://rukminim2.flixcart.com/image/612/612/xif0q/headphone/s/m/t/-original-imahdeujcybqtcjs.jpeg?q=70,Earphones,Flipkart
"Number Navo Buds N1 w/ 100Hrs Playtime, 4Mic ENC, Dual ...",899.0,4.0,1434.0,https://www.flipkart.com/number-navo-buds-n1-w-100hrs-playtime-4mic-enc-dual-pairing-high-bass-fast-charge-bluetooth/p/itm2362281323d7f?pid=ACCH7ZCTXWT5Z7GT&lid=LSTACCH7ZCTXWT5Z7GTMF8IQU&marketplace=FLIPKART&q=earphones&store=0pm%2Ffcn%2F821&srno=s_18_704&otracker=search&otracker1=search&fm=Search&iid=421a83fd-dbdf-4ce4-8a3f-06bbd561f720.ACCH7ZCTXWT5Z7GT.SEARCH&ppt=sp&ppn=sp&ssid=yws6fserkw0000001753106412734&qH=54597ea1f2fc7f2e,https://rukminim2.flixcart.com/image/612/612/xif0q/headphone/o/b/p/-original-imahbfajzzmne7xm.jpeg?q=70,Earphones,Flipkart
"SONY WF-C700N Lightest TWS ANC 20Hr battery, In-Ear, 10...",8990.0,4.0,1109.0,https://www.flipkart.com/sony-wf-c700n-lightest-tws-anc-20hr-battery-in-ear-10-min-quick-charge-multi-point-bluetooth/p/itm0cd6a3c79152a?pid=ACCGRK9YV3VJBYC5&lid=LSTACCGRK9YV3VJBYC5KA0IJ7&marketplace=FLIPKART&q=earphones&store=0pm%2Ffcn%2F821&srno=s_18_705&otracker=search&otracker1=search&fm=Search&iid=421a83fd-dbdf-4ce4-8a3f-06bbd561f720.ACCGRK9YV3VJBYC5.SEARCH&ppt=sp&ppn=sp&ssid=yws6fserkw0000001753106412734&qH=54597ea1f2fc7f2e,https://rukminim2.flixcart.com/image/612/612/xif0q/headphone/z/0/v/-original-imagrufzy5mev7kt.jpeg?q=70,Earphones,Flipkart
"Number Navo Buds Z1 w/ Digital Display, 72H Playtime, 4...",799.0,4.3,1004.0,https://www.flipkart.com/number-navo-buds-z1-w-digital-display-72h-playtime-4mic-enc-dual-pairing-hi-bass-bluetooth/p/itmcdf27c4412450?pid=ACCHBJG7ZEVGEQFY&lid=LSTACCHBJG7ZEVGEQFYMWAGBY&marketplace=FLIPKART&q=earphones&store=0pm%2Ffcn%2F821&srno=s_18_706&otracker=search&otracker1=search&fm=Search&iid=421a83fd-dbdf-4ce4-8a3f-06bbd561f720.ACCHBJG7ZEVGEQFY.SEARCH&ppt=sp&ppn=sp&ssid=yws6fserkw0000001753106412734&qH=54597ea1f2fc7f2e,https://rukminim2.flixcart.com/image/612/612/xif0q/headphone/y/q/3/navo-buds-z1-number-original-imahcn9ykjbfacuj.jpeg?q=70,Earphones,Flipkart
Portronics Harmonics Twins S18 Earbuds With 30H Playtim...,769.0,4.0,406.0,https://www.flipkart.com/portronics-harmonics-twins-s18-earbuds-30h-playtime-game-music-mode-touch-control-bluetooth/p/itm4ac8833d40fc2?pid=ACCH4C5FPDZFZZKZ&lid=LSTACCH4C5FPDZFZZKZIRKDVV&marketplace=FLIPKART&q=earphones&store=0pm%2Ffcn%2F821&srno=s_18_709&otracker=search&otracker1=search&fm=Search&iid=421a83fd-dbdf-4ce4-8a3f-06bbd561f720.ACCH4C5FPDZFZZKZ.SEARCH&ppt=sp&ppn=sp&ssid=yws6fserkw0000001753106412734&qH=54597ea1f2fc7f2e,https://rukminim2.flixcart.com/image/612/612/xif0q/headphone/4/w/u/harmonics-twins-s18-earbuds-with-30h-playtime-game-music-mode-original-imah4c4zp2q5cpgk.jpeg?q=70,Earphones,Flipkart
"ZEBRONICS Raga F2 Neckband with 22H Playback, Magsnap (...",899.0,3.5,81.0,https://www.flipkart.com/zebronics-raga-f2-neckband-22h-playback-magsnap-magnetic-play-pause-rapid-charging-bluetooth/p/itm1042d6a05973d?pid=ACCHAMUNCK48XZPB&lid=LSTACCHAMUNCK48XZPBVQNZ7Q&marketplace=FLIPKART&q=earphones&store=0pm%2Ffcn%2F821&srno=s_18_710&otracker=search&otracker1=search&fm=Search&iid=421a83fd-dbdf-4ce4-8a3f-06bbd561f720.ACCHAMUNCK48XZPB.SEARCH&ppt=sp&ppn=sp&ssid=yws6fserkw0000001753106412734&qH=54597ea1f2fc7f2e,https://rukminim2.flixcart.com/image/612/612/xif0q/headphone/r/h/b/zeb-raga-f2-zeb-nbk-3-zebronics-original-imahbb4ran6teptk.jpeg?q=70,Earphones,Flipkart
"Aroma NB119 Badshah Plus 80 Hours Playtime, Quick Charg...",479.0,3.9,393606.0,https://www.flipkart.com/aroma-nb119-badshah-plus-80-hours-playtime-quick-charge-enc-bluetooth-headset/p/itmfdbdb228947f3?pid=ACCHF5VUADBZKJ4E&lid=LSTACCHF5VUADBZKJ4EXAFGF8&marketplace=FLIPKART&q=earphones&store=0pm%2Ffcn%2F821&srno=s_18_713&otracker=search&otracker1=search&fm=Search&iid=421a83fd-dbdf-4ce4-8a3f-06bbd561f720.ACCHF5VUADBZKJ4E.SEARCH&ppt=sp&ppn=sp&ssid=yws6fserkw0000001753106412734&qH=54597ea1f2fc7f2e,https://rukminim2.flixcart.com/image/612/612/xif0q/headphone/y/j/j/nb119-badshah-plus-80-hours-playtime-quick-charge-enc-bluetooth-original-imahd8bhkbhfq7sa.jpeg?q=70,Earphones,Flipkart
OnePlus Bullets Z2 Bluetooth,1695.0,3.4,388.0,https://www.flipkart.com/oneplus-bullets-z2-bluetooth/p/itm5f5590fbad86c?pid=ACCHDY7RNGDXYMZY&lid=LSTACCHDY7RNGDXYMZYFIMI62&marketplace=FLIPKART&q=earphones&store=0pm%2Ffcn%2F821&srno=s_18_714&otracker=search&otracker1=search&fm=Search&iid=421a83fd-dbdf-4ce4-8a3f-06bbd561f720.ACCHDY7RNGDXYMZY.SEARCH&ppt=sp&ppn=sp&ssid=yws6fserkw0000001753106412734&qH=54597ea1f2fc7f2e,https://rukminim2.flixcart.com/image/612/612/xif0q/headphone/t/8/r/bullets-wireless-z2-bluetooth-oneplus-original-imahczhpb7v7qddq.jpeg?q=70,Earphones,Flipkart
"boAt Nirvana Ivy w/ 360 Spatial Audio, Dynamic Head Tra...",2999.0,4.0,2074.0,https://www.flipkart.com/boat-nirvana-ivy-w-360-spatial-audio-dynamic-head-tracking-anc-50db-app-support-bluetooth/p/itm8752aa6182a66?pid=ACCH3JCX7FXE69TG&lid=LSTACCH3JCX7FXE69TGJCINBS&marketplace=FLIPKART&q=earphones&store=0pm%2Ffcn%2F821&srno=s_18_715&otracker=search&otracker1=search&fm=Search&iid=421a83fd-dbdf-4ce4-8a3f-06bbd561f720.ACCH3JCX7FXE69TG.SEARCH&ppt=sp&ppn=sp&ssid=yws6fserkw0000001753106412734&qH=54597ea1f2fc7f2e,https://rukminim2.flixcart.com/image/612/612/xif0q/headphone/d/k/i/-original-imah47mzbjn9vpza.jpeg?q=70,Earphones,Flipkart
"PHILIPS TAT1209BK/00In Ear Earbuds, 18H Play Time, 10mm...",1699.0,4.3,12.0,https://www.flipkart.com/philips-tat1209bk-00in-ear-earbuds-18h-play-time-10mm-dynamic-drivers-anc-ipx4-bluetooth/p/itm966116c825662?pid=ACCH3CNCV3GDPKSC&lid=LSTACCH3CNCV3GDPKSCCOI9PI&marketplace=FLIPKART&q=earphones&store=0pm%2Ffcn%2F821&srno=s_18_716&otracker=search&otracker1=search&fm=Search&iid=421a83fd-dbdf-4ce4-8a3f-06bbd561f720.ACCH3CNCV3GDPKSC.SEARCH&ppt=sp&ppn=sp&ssid=yws6fserkw0000001753106412734&qH=54597ea1f2fc7f2e,https://rukminim2.flixcart.com/image/612/612/xif0q/headphone/s/n/c/audio-tat1209bk-00-true-wireless-bluetooth-in-ear-earphones-original-imah3g6qchuzx4gp.jpeg?q=70,Earphones,Flipkart
BULLSTORM Ultrapods Black Bluetooth,286.0,3.4,3414.0,https://www.flipkart.com/bullstorm-ultrapods-black-bluetooth/p/itm7779be339eae0?pid=ACCHBR2AFTCPGFVK&lid=LSTACCHBR2AFTCPGFVKNV7GYB&marketplace=FLIPKART&q=earphones&store=0pm%2Ffcn%2F821&srno=s_18_719&otracker=search&otracker1=search&fm=Search&iid=421a83fd-dbdf-4ce4-8a3f-06bbd561f720.ACCHBR2AFTCPGFVK.SEARCH&ppt=sp&ppn=sp&ssid=yws6fserkw0000001753106412734&qH=54597ea1f2fc7f2e,https://rukminim2.flixcart.com/image/612/612/xif0q/headphone/s/y/i/ultrapods-sobeys-original-imah8ah8wzvys2pg.jpeg?q=70,Earphones,Flipkart
"Portronics Harmonics Z5 Wireless Neckband, 33Hrs Playti...",849.0,4.1,15211.0,https://www.flipkart.com/portronics-harmonics-z5-wireless-neckband-33hrs-playtime-double-eq-mode-fast-charging-bluetooth/p/itm9182a7de0293a?pid=ACCGJ668PGVHBKT8&lid=LSTACCGJ668PGVHBKT8S3GI3Y&marketplace=FLIPKART&q=earphones&store=0pm%2Ffcn%2F821&srno=s_18_720&otracker=search&otracker1=search&fm=Search&iid=421a83fd-dbdf-4ce4-8a3f-06bbd561f720.ACCGJ668PGVHBKT8.SEARCH&ppt=sp&ppn=sp&ssid=yws6fserkw0000001753106412734&qH=54597ea1f2fc7f2e,https://rukminim2.flixcart.com/image/612/612/xif0q/headphone/w/a/n/harmonics-z5-wireless-stereo-neckband-portronics-original-imagj65yxvfymwhx.jpeg?q=70,Earphones,Flipkart
Aroma NB138 Ascrow 32dB Active Noice Cancellation 70H* ...,597.0,3.9,17436.0,https://www.flipkart.com/aroma-nb138-ascrow-32db-active-noice-cancellation-70h-fast-charging-earbuds-bluetooth/p/itmb0a3f37707b00?pid=ACCH6R7PGZYH6CZP&lid=LSTACCH6R7PGZYH6CZPTYUXIS&marketplace=FLIPKART&q=earphones&store=0pm%2Ffcn%2F821&srno=s_19_723&otracker=search&otracker1=search&fm=Search&iid=14c282b3-32a2-41b0-9448-b04ca2385768.ACCH6R7PGZYH6CZP.SEARCH&ppt=sp&ppn=sp&ssid=y0sx684obk0000001753106447898&qH=54597ea1f2fc7f2e,https://rukminim2.flixcart.com/image/612/612/xif0q/headphone/v/p/b/nb138-32db-cancellation-70h-fast-charging-earbuds-aroma-original-imahd583fpeyqzuz.jpeg?q=70,Earphones,Flipkart
"JBL Wave Buds 2 ANC Earbuds with BTv5.3,Multi Connect,F...",2999.0,3.7,860.0,https://www.flipkart.com/jbl-wave-buds-2-anc-earbuds-btv5-3-multi-connect-fast-charge-40h-runtime-4-mics-bluetooth/p/itm57d2873d620d1?pid=ACCH5XTGMFBQWQSM&lid=LSTACCH5XTGMFBQWQSM1MOHMM&marketplace=FLIPKART&q=earphones&store=0pm%2Ffcn%2F821&srno=s_19_724&otracker=search&otracker1=search&fm=Search&iid=14c282b3-32a2-41b0-9448-b04ca2385768.ACCH5XTGMFBQWQSM.SEARCH&ppt=sp&ppn=sp&ssid=y0sx684obk0000001753106447898&qH=54597ea1f2fc7f2e,https://rukminim2.flixcart.com/image/612/612/xif0q/headphone/f/v/g/-original-imah7hdwgehbxhxj.jpeg?q=70,Earphones,Flipkart
"TRIGGR Ultrabuds N1 Neo with ENC, 40Hr Playback, 13mm D...",699.0,4.0,53955.0,https://www.flipkart.com/triggr-ultrabuds-n1-neo-enc-40hr-playback-13mm-drivers-rich-bass-fast-charging-bluetooth/p/itm9a5b9e7b7a0f7?pid=ACCHBY3BJSMZVGA3&lid=LSTACCHBY3BJSMZVGA3ZJIEDF&marketplace=FLIPKART&q=earphones&store=0pm%2Ffcn%2F821&srno=s_19_725&otracker=search&otracker1=search&fm=Search&iid=14c282b3-32a2-41b0-9448-b04ca2385768.ACCHBY3BJSMZVGA3.SEARCH&ppt=sp&ppn=sp&ssid=y0sx684obk0000001753106447898&qH=54597ea1f2fc7f2e,https://rukminim2.flixcart.com/image/612/612/xif0q/headphone/z/l/t/-original-imahcy6yvx6uykkw.jpeg?q=70,Earphones,Flipkart
"Mivi AI-Buds (Breakthrough Launch), World's 1st Human-l...",6999.0,4.4,501.0,https://www.flipkart.com/mivi-ai-buds-breakthrough-launch-world-s-1st-human-like-ai-android-only-bluetooth/p/itm5b6d14835e326?pid=ACCHC55XVHBH96YN&lid=LSTACCHC55XVHBH96YNTMINXC&marketplace=FLIPKART&q=earphones&store=0pm%2Ffcn%2F821&srno=s_19_726&otracker=search&otracker1=search&fm=Search&iid=14c282b3-32a2-41b0-9448-b04ca2385768.ACCHC55XVHBH96YN.SEARCH&ppt=sp&ppn=sp&ssid=y0sx684obk0000001753106447898&qH=54597ea1f2fc7f2e,https://rukminim2.flixcart.com/image/612/612/xif0q/headphone/k/a/u/-original-imahdq374gpygwzs.jpeg?q=70,Earphones,Flipkart
Nothing Ear (stick) Bluetooth,4999.0,3.8,4781.0,https://www.flipkart.com/nothing-ear-stick-bluetooth/p/itm6b61ae506f190?pid=ACCGEDSQM6ZV3CAE&lid=LSTACCGEDSQM6ZV3CAEMN7RHO&marketplace=FLIPKART&q=earphones&store=0pm%2Ffcn%2F821&srno=s_19_733&otracker=search&otracker1=search&fm=Search&iid=14c282b3-32a2-41b0-9448-b04ca2385768.ACCGEDSQM6ZV3CAE.SEARCH&ppt=sp&ppn=sp&ssid=y0sx684obk0000001753106447898&qH=54597ea1f2fc7f2e,https://rukminim2.flixcart.com/image/612/612/xif0q/headphone/v/c/3/-original-imagh3ygjs4gmr6d.jpeg?q=70,Earphones,Flipkart
Fastrack FPods FS100 Bluetooth,999.0,3.8,4742.0,https://www.flipkart.com/fastrack-fpods-fs100-bluetooth/p/itm0dd6e094868ab?pid=ACCGPK2Z7UNC28ZD&lid=LSTACCGPK2Z7UNC28ZDEUD4JQ&marketplace=FLIPKART&q=earphones&store=0pm%2Ffcn%2F821&srno=s_19_734&otracker=search&otracker1=search&fm=Search&iid=14c282b3-32a2-41b0-9448-b04ca2385768.ACCGPK2Z7UNC28ZD.SEARCH&ppt=sp&ppn=sp&ssid=y0sx684obk0000001753106447898&qH=54597ea1f2fc7f2e,https://rukminim2.flixcart.com/image/612/612/xif0q/headphone/x/0/i/fpods-fs100-fastrack-original-imagpn8xnsacz5hh.jpeg?q=70,Earphones,Flipkart
Aroma NB138 Ascrow 32dB Active Noise Cancellation 70H* ...,597.0,3.9,17436.0,https://www.flipkart.com/aroma-nb138-ascrow-32db-active-noise-cancellation-70h-fast-charging-earbuds-bluetooth/p/itm3e8e9fefe70f3?pid=ACCH6R7PYQXCJF8X&lid=LSTACCH6R7PYQXCJF8XHT12NM&marketplace=FLIPKART&q=earphones&store=0pm%2Ffcn%2F821&srno=s_19_736&otracker=search&otracker1=search&fm=Search&iid=14c282b3-32a2-41b0-9448-b04ca2385768.ACCH6R7PYQXCJF8X.SEARCH&ppt=sp&ppn=sp&ssid=y0sx684obk0000001753106447898&qH=54597ea1f2fc7f2e,https://rukminim2.flixcart.com/image/612/612/xif0q/headphone/i/g/0/nb138-32db-active-noice-cancellation-70h-fast-charging-earbuds-original-imahd8bgdw66tkux.jpeg?q=70,Earphones,Flipkart
"realme Buds T110 with AI ENC for calls, upto 38 hours o...",949.0,4.3,263261.0,https://www.flipkart.com/realme-buds-t110-ai-enc-calls-upto-38-hours-playback-fast-charging-bluetooth/p/itmfeed8da280408?pid=ACCGZN9AENHZYPZZ&lid=LSTACCGZN9AENHZYPZZSBR7XT&marketplace=FLIPKART&q=earphones&store=0pm%2Ffcn%2F821&srno=s_19_739&otracker=search&otracker1=search&fm=Search&iid=14c282b3-32a2-41b0-9448-b04ca2385768.ACCGZN9AENHZYPZZ.SEARCH&ppt=sp&ppn=sp&ssid=y0sx684obk0000001753106447898&qH=54597ea1f2fc7f2e,https://rukminim2.flixcart.com/image/612/612/xif0q/headphone/y/n/r/-original-imahy3uqgzvx6dqg.jpeg?q=70,Earphones,Flipkart
"Leaf Buds X121 True Wireless, AI SOUND App,30H Playtime...",699.0,4.0,600.0,https://www.flipkart.com/leaf-buds-x121-true-wireless-ai-sound-app-30h-playtime-fast-charge-10mm-driver-bluetooth/p/itmfc28de3b26da5?pid=ACCH4DZPSPUZYHPD&lid=LSTACCH4DZPSPUZYHPDVMZULJ&marketplace=FLIPKART&q=earphones&store=0pm%2Ffcn%2F821&srno=s_19_740&otracker=search&otracker1=search&fm=Search&iid=14c282b3-32a2-41b0-9448-b04ca2385768.ACCH4DZPSPUZYHPD.SEARCH&ppt=sp&ppn=sp&ssid=y0sx684obk0000001753106447898&qH=54597ea1f2fc7f2e,https://rukminim2.flixcart.com/image/612/612/xif0q/headphone/m/r/n/-original-imah83snssgegzms.jpeg?q=70,Earphones,Flipkart
boAt Rockerz 255 Pro+ /258 Pro+ with ASAP Charge and up...,1299.0,4.2,673430.0,https://www.flipkart.com/boat-rockerz-255-pro-258-asap-charge-upto-60-hours-playback-bluetooth/p/itm4174f29ad0389?pid=ACCFZ95MY8SGZQRT&lid=LSTACCFZ95MY8SGZQRTUMBZLR&marketplace=FLIPKART&q=earphones&store=0pm%2Ffcn%2F821&srno=s_19_743&otracker=search&otracker1=search&fm=Search&iid=14c282b3-32a2-41b0-9448-b04ca2385768.ACCFZ95MY8SGZQRT.SEARCH&ppt=sp&ppn=sp&ssid=y0sx684obk0000001753106447898&qH=54597ea1f2fc7f2e,https://rukminim2.flixcart.com/image/612/612/xif0q/headphone/t/q/0/-original-imagzuzzrfgytsfz.jpeg?q=70,Earphones,Flipkart
"Microflash New H13 2days Battery Life, High Bass/Sound,...",300.0,3.7,5486.0,https://www.flipkart.com/microflash-new-h13-2days-battery-life-high-bass-sound-dual-mic-magnetic-on-off-enc-bluetooth/p/itm85d743b97a116?pid=ACCHB3GXMGHMHPXG&lid=LSTACCHB3GXMGHMHPXG5KKKC7&marketplace=FLIPKART&q=earphones&store=0pm%2Ffcn%2F821&srno=s_19_744&otracker=search&otracker1=search&fm=Search&iid=14c282b3-32a2-41b0-9448-b04ca2385768.ACCHB3GXMGHMHPXG.SEARCH&ppt=sp&ppn=sp&ssid=y0sx684obk0000001753106447898&qH=54597ea1f2fc7f2e,https://rukminim2.flixcart.com/image/612/612/xif0q/headphone/n/m/c/new-h13-2days-battery-life-high-bass-sound-dual-mic-magnetic-on-original-imahcznvqacynnyc.jpeg?q=70,Earphones,Flipkart
CMF by Nothing Buds Pro 2 with 50 dB ANC| Hi-Res + LDAC...,4299.0,4.3,14371.0,https://www.flipkart.com/cmf-nothing-buds-pro-2-50-db-anc-hi-res-ldac-smart-dial-spatial-audio-dual-drivers-bluetooth/p/itm674bc8d75f1ff?pid=ACCHFZ2FERECPNGC&lid=LSTACCHFZ2FERECPNGCBB1S7U&marketplace=FLIPKART&q=earphones&store=0pm%2Ffcn%2F821&srno=s_19_745&otracker=search&otracker1=search&fm=Search&iid=14c282b3-32a2-41b0-9448-b04ca2385768.ACCHFZ2FERECPNGC.SEARCH&ppt=sp&ppn=sp&ssid=y0sx684obk0000001753106447898&qH=54597ea1f2fc7f2e,https://rukminim2.flixcart.com/image/612/612/xif0q/headphone/s/f/j/audio-cmf-by-nothing-original-imah2f8d8zabb7bu.jpeg?q=70,Earphones,Flipkart
"boAt Airdopes Supreme w/ 4 Mics AI ENx Tech, 50 HRS Pla...",1399.0,4.1,144660.0,https://www.flipkart.com/boat-airdopes-supreme-w-4-mics-ai-enx-tech-50-hrs-playback-multi-point-connectivity-bluetooth/p/itmc5e212310a66b?pid=ACCHFPZJDP33ZH8K&lid=LSTACCHFPZJDP33ZH8KV3IL4Q&marketplace=FLIPKART&q=earphones&store=0pm%2Ffcn%2F821&srno=s_19_746&otracker=search&otracker1=search&fm=Search&iid=14c282b3-32a2-41b0-9448-b04ca2385768.ACCHFPZJDP33ZH8K.SEARCH&ppt=sp&ppn=sp&ssid=y0sx684obk0000001753106447898&qH=54597ea1f2fc7f2e,https://rukminim2.flixcart.com/image/612/612/xif0q/headphone/y/f/u/-original-imah2h4mkhhyzgdx.jpeg?q=70,Earphones,Flipkart
KZ EDX Pro In-Ear monitor Earphone with Mic Wired,1236.0,3.9,1150.0,https://www.flipkart.com/kz-edx-pro-in-ear-monitor-earphone-mic-wired/p/itm6c83e73f7aa1d?pid=ACCGU3HVPYHENEHQ&lid=LSTACCGU3HVPYHENEHQSUFBFZ&marketplace=FLIPKART&q=earphones&store=0pm%2Ffcn%2F821&srno=s_19_749&otracker=search&otracker1=search&fm=Search&iid=14c282b3-32a2-41b0-9448-b04ca2385768.ACCGU3HVPYHENEHQ.SEARCH&ppt=sp&ppn=sp&ssid=y0sx684obk0000001753106447898&qH=54597ea1f2fc7f2e,https://rukminim2.flixcart.com/image/612/612/xif0q/headphone/4/7/w/edx-pro-in-ear-monitor-earphone-with-mic-kz-original-imahcqgxgksbbvzh.jpeg?q=70,Earphones,Flipkart
Soundcore by Anker K20i (Black) Bluetooth,899.0,4.2,90.0,https://www.flipkart.com/soundcore-anker-k20i-black-bluetooth/p/itm0cc9d5ae4d0e6?pid=ACCHBWQ9EZAHPJRD&lid=LSTACCHBWQ9EZAHPJRDKSDYLT&marketplace=FLIPKART&q=earphones&store=0pm%2Ffcn%2F821&srno=s_19_750&otracker=search&otracker1=search&fm=Search&iid=14c282b3-32a2-41b0-9448-b04ca2385768.ACCHBWQ9EZAHPJRD.SEARCH&ppt=sp&ppn=sp&ssid=y0sx684obk0000001753106447898&qH=54597ea1f2fc7f2e,https://rukminim2.flixcart.com/image/612/612/xif0q/headphone/8/x/a/a3994h11-soundcore-original-imahdh8yth8hdycg.jpeg?q=70,Earphones,Flipkart
"TRIGGR Kraken X1 Plus with Dual Pairing, Battery Displa...",899.0,4.1,3536.0,https://www.flipkart.com/triggr-kraken-x1-plus-dual-pairing-battery-display-quad-enc-70h-battery-v5-3-bluetooth/p/itmdb2bfbde0d2ac?pid=ACCH3CZ2UANYYPNZ&lid=LSTACCH3CZ2UANYYPNZZWKCHP&marketplace=FLIPKART&q=earphones&store=0pm%2Ffcn%2F821&srno=s_19_755&otracker=search&otracker1=search&fm=Search&iid=14c282b3-32a2-41b0-9448-b04ca2385768.ACCH3CZ2UANYYPNZ.SEARCH&ppt=sp&ppn=sp&ssid=y0sx684obk0000001753106447898&qH=54597ea1f2fc7f2e,https://rukminim2.flixcart.com/image/612/612/xif0q/headphone/d/3/e/-original-imah8bfrpj5fyzt7.jpeg?q=70,Earphones,Flipkart
myxes Tws Ecouteur Headsets Earphones Wireless Earbuds ...,300.0,3.7,6094.0,https://www.flipkart.com/myxes-tws-ecouteur-headsets-earphones-wireless-earbuds-mobile-phone-bluetooth/p/itmef110760d118d?pid=ACCGHYD2F355KUUP&lid=LSTACCGHYD2F355KUUPK50TVR&marketplace=FLIPKART&q=earphones&store=0pm%2Ffcn%2F821&srno=s_20_763&otracker=search&otracker1=search&fm=Search&iid=8c808220-bc8d-41a8-8d6f-0d67c74d4b4e.ACCGHYD2F355KUUP.SEARCH&ppt=sp&ppn=sp&ssid=9b0pahkye80000001753106480437&qH=54597ea1f2fc7f2e,https://rukminim2.flixcart.com/image/612/612/xif0q/headphone/6/p/d/m19-tws-ecouteur-headsets-earphones-wireless-earbuds-for-mobile-original-imah96p5wa9megeg.jpeg?q=70,Earphones,Flipkart
"ZEBRONICS Zeb-Buds C2, Type-C , In-Line Mic, 10mm Drive...",299.0,3.8,10225.0,https://www.flipkart.com/zebronics-zeb-buds-c2-type-c-in-line-mic-10mm-drivers-metallic-design-braided-cable-wired/p/itm89d5d0e49e5d9?pid=ACCG49CSDKVQJH6W&lid=LSTACCG49CSDKVQJH6WT5FFZI&marketplace=FLIPKART&q=earphones&store=0pm%2Ffcn%2F821&srno=s_20_764&otracker=search&otracker1=search&fm=Search&iid=8c808220-bc8d-41a8-8d6f-0d67c74d4b4e.ACCG49CSDKVQJH6W.SEARCH&ppt=sp&ppn=sp&ssid=9b0pahkye80000001753106480437&qH=54597ea1f2fc7f2e,https://rukminim2.flixcart.com/image/612/612/xif0q/headphone/d/a/s/-original-imahbgyhzxfc97su.jpeg?q=70,Earphones,Flipkart
WINGS Pro Gaming Earbuds with LED Battery Indicator Blu...,842.0,3.9,192.0,https://www.flipkart.com/wings-pro-gaming-earbuds-led-battery-indicator-bluetooth/p/itm93bc6c5746fe4?pid=ACCHBGRB82G99YCD&lid=LSTACCHBGRB82G99YCDYIPTK2&marketplace=FLIPKART&q=earphones&store=0pm%2Ffcn%2F821&srno=s_20_765&otracker=search&otracker1=search&fm=Search&iid=8c808220-bc8d-41a8-8d6f-0d67c74d4b4e.ACCHBGRB82G99YCD.SEARCH&ppt=sp&ppn=sp&ssid=9b0pahkye80000001753106480437&qH=54597ea1f2fc7f2e,https://rukminim2.flixcart.com/image/612/612/xif0q/headphone/n/i/m/pro-gaming-earbuds-with-led-battery-indicator-wings-original-imahbgrbharthx9a.jpeg?q=70,Earphones,Flipkart
"Tunifi Z2 Wireless with Fast Charge, 30 Hrs Battery Lif...",295.0,3.7,992.0,https://www.flipkart.com/tunifi-z2-wireless-fast-charge-30-hrs-battery-life-earphones-mic-bluetooth/p/itm9727d954c8e94?pid=ACCH2GHUHXQBXEGF&lid=LSTACCH2GHUHXQBXEGFC5JCJB&marketplace=FLIPKART&q=earphones&store=0pm%2Ffcn%2F821&srno=s_20_766&otracker=search&otracker1=search&fm=Search&iid=8c808220-bc8d-41a8-8d6f-0d67c74d4b4e.ACCH2GHUHXQBXEGF.SEARCH&ppt=sp&ppn=sp&ssid=9b0pahkye80000001753106480437&qH=54597ea1f2fc7f2e,https://rukminim2.flixcart.com/image/612/612/xif0q/headphone/5/l/t/z2-wireless-with-fast-charge-30-hrs-battery-life-earphones-with-original-imahd2gq2jkxzgnj.jpeg?q=70,Earphones,Flipkart
SIGNATIZE Wireless in-Ear Neckband Bluetooth Earphones ...,243.0,3.8,564.0,https://www.flipkart.com/signatize-wireless-in-ear-neckband-bluetooth-earphones-10mm-drive-50-hours-playtime-wired/p/itm00362449a2c6d?pid=ACCH9HTBMT9W8ZFD&lid=LSTACCH9HTBMT9W8ZFDTT67ZO&marketplace=FLIPKART&q=earphones&store=0pm%2Ffcn%2F821&srno=s_20_769&otracker=search&otracker1=search&fm=Search&iid=8c808220-bc8d-41a8-8d6f-0d67c74d4b4e.ACCH9HTBMT9W8ZFD.SEARCH&ppt=sp&ppn=sp&ssid=9b0pahkye80000001753106480437&qH=54597ea1f2fc7f2e,https://rukminim2.flixcart.com/image/612/612/xif0q/headphone/1/w/3/bluetooth-earphones-with-10mm-drivers-50-hours-playtime-type-c-original-imah9hpnzdbbm6bk.jpeg?q=70,Earphones,Flipkart
Techio TWS AIRPOD black Earbud AN_1 Bluetooth,599.0,4.4,5.0,https://www.flipkart.com/techio-tws-airpod-black-earbud-an-1-bluetooth/p/itm37c0443b39793?pid=ACCHD3QKTFZRQDVW&lid=LSTACCHD3QKTFZRQDVWKRVNOW&marketplace=FLIPKART&q=earphones&store=0pm%2Ffcn%2F821&srno=s_20_770&otracker=search&otracker1=search&fm=Search&iid=8c808220-bc8d-41a8-8d6f-0d67c74d4b4e.ACCHD3QKTFZRQDVW.SEARCH&ppt=sp&ppn=sp&ssid=9b0pahkye80000001753106480437&qH=54597ea1f2fc7f2e,https://rukminim2.flixcart.com/image/612/612/xif0q/headphone/4/n/q/tws-airpod-black-earbud-an-1-techio-original-imahe7pkxf6h85fw.jpeg?q=70,Earphones,Flipkart
HOPPUP Predator Xo3 Gaming Earbuds with 35MS Low Latenc...,799.0,4.0,6260.0,https://www.flipkart.com/hoppup-predator-xo3-gaming-earbuds-35ms-low-latency-13mm-drivers-50h-playtime-bluetooth/p/itm5c79343528d83?pid=ACCGX7GBAHQ5YEMB&lid=LSTACCGX7GBAHQ5YEMBHL72GF&marketplace=FLIPKART&q=earphones&store=0pm%2Ffcn%2F821&srno=s_20_773&otracker=search&otracker1=search&fm=Search&iid=8c808220-bc8d-41a8-8d6f-0d67c74d4b4e.ACCGX7GBAHQ5YEMB.SEARCH&ppt=sp&ppn=sp&ssid=9b0pahkye80000001753106480437&qH=54597ea1f2fc7f2e,https://rukminim2.flixcart.com/image/612/612/xif0q/headphone/e/5/9/predator-xo3-gaming-earbuds-with-35ms-low-latency-13mm-drivers-original-imagx7gazw6f2cbd.jpeg?q=70,Earphones,Flipkart
REXBURG Easy Pairing Bluetooth Earbuds With Charging Ca...,283.0,3.7,1457.0,https://www.flipkart.com/rexburg-easy-pairing-bluetooth-earbuds-charging-case-portable-carry/p/itm46cb8ba4ba114?pid=ACCHFPRVY2ZBN6ZS&lid=LSTACCHFPRVY2ZBN6ZSAKUIUB&marketplace=FLIPKART&q=earphones&store=0pm%2Ffcn%2F821&srno=s_20_779&otracker=search&otracker1=search&fm=Search&iid=8c808220-bc8d-41a8-8d6f-0d67c74d4b4e.ACCHFPRVY2ZBN6ZS.SEARCH&ppt=sp&ppn=sp&ssid=9b0pahkye80000001753106480437&qH=54597ea1f2fc7f2e,https://rukminim2.flixcart.com/image/612/612/xif0q/shopsy-smart-headphone/w/0/d/tws-i12-twin-dual-headset-with-touch-sensor-and-magnetic-original-imagxvuunguuzjj3.jpeg?q=70,Earphones,Flipkart
"truke BTG Crystal Buds with Spatial Audio, Dual Pairing...",899.0,4.1,4994.0,https://www.flipkart.com/truke-btg-crystal-buds-spatial-audio-dual-pairing-68hrs-battery-4mic-enc-5-4v-bluetooth-gaming/p/itmeb2105b7753fd?pid=ACCH3SBFDHBM5D8F&lid=LSTACCH3SBFDHBM5D8FGAG6DW&marketplace=FLIPKART&q=earphones&store=0pm%2Ffcn%2F821&srno=s_20_783&otracker=search&otracker1=search&fm=Search&iid=8c808220-bc8d-41a8-8d6f-0d67c74d4b4e.ACCH3SBFDHBM5D8F.SEARCH&ppt=sp&ppn=sp&ssid=9b0pahkye80000001753106480437&qH=54597ea1f2fc7f2e,https://rukminim2.flixcart.com/image/612/612/xif0q/headphone/1/u/r/-original-imahbzmffcdffkdu.jpeg?q=70,Earphones,Flipkart
"JBL Live Beam 3, Hi-Res LDAC Audio ANC TWS, SmartCase,4...",14999.0,4.2,433.0,https://www.flipkart.com/jbl-live-beam-3-hi-res-ldac-audio-anc-tws-smartcase-48h-runtime-wireless-charging-bluetooth/p/itmb9353119b5779?pid=ACCHF9ZSZFGTJFHX&lid=LSTACCHF9ZSZFGTJFHXLZTRCP&marketplace=FLIPKART&q=earphones&store=0pm%2Ffcn%2F821&srno=s_20_784&otracker=search&otracker1=search&fm=Search&iid=8c808220-bc8d-41a8-8d6f-0d67c74d4b4e.ACCHF9ZSZFGTJFHX.SEARCH&ppt=sp&ppn=sp&ssid=9b0pahkye80000001753106480437&qH=54597ea1f2fc7f2e,https://rukminim2.flixcart.com/image/612/612/xif0q/headphone/h/7/k/live-beam-3-jbl-original-imahfd7ang9hrgvq.jpeg?q=70,Earphones,Flipkart
"Number Super Buds GT M9 Gaming TWS Earbuds, 60Hr Playba...",1099.0,3.8,4839.0,https://www.flipkart.com/number-super-buds-gt-m9-gaming-tws-earbuds-60hr-playback-anc-4-mic-enc-dual-pairing-bluetooth/p/itme8196707ff785?pid=ACCHFEH43APMVVGC&lid=LSTACCHFEH43APMVVGCCO4ZI7&marketplace=FLIPKART&q=earphones&store=0pm%2Ffcn%2F821&srno=s_20_785&otracker=search&otracker1=search&fm=Search&iid=8c808220-bc8d-41a8-8d6f-0d67c74d4b4e.ACCHFEH43APMVVGC.SEARCH&ppt=sp&ppn=sp&ssid=9b0pahkye80000001753106480437&qH=54597ea1f2fc7f2e,https://rukminim2.flixcart.com/image/612/612/xif0q/headphone/1/a/0/superbuds-gt-m9-anc-gaming-tws-number-original-imahfeh3zpka9zzy.jpeg?q=70,Earphones,Flipkart
"Boult Klarity 3 ANC 50dB Hybrid ANC, 6 Mics, App Suppor...",1999.0,3.9,9588.0,https://www.flipkart.com/boult-klarity-3-anc-50db-hybrid-anc-6-mics-app-support-dual-pairing-50hrs-battery-bluetooth/p/itmdedab67ede856?pid=ACCH2EAZZHGS3CTY&lid=LSTACCH2EAZZHGS3CTYGLG1NT&marketplace=FLIPKART&q=earphones&store=0pm%2Ffcn%2F821&srno=s_20_786&otracker=search&otracker1=search&fm=Search&iid=8c808220-bc8d-41a8-8d6f-0d67c74d4b4e.ACCH2EAZZHGS3CTY.SEARCH&ppt=sp&ppn=sp&ssid=9b0pahkye80000001753106480437&qH=54597ea1f2fc7f2e,https://rukminim2.flixcart.com/image/612/612/xif0q/headphone/1/1/k/-original-imahdev4g4a3pvwj.jpeg?q=70,Earphones,Flipkart
"HOPPUP Gaming Earbuds with 35MS Low Latency, 13MM Drive...",899.0,4.0,1695.0,https://www.flipkart.com/hoppup-gaming-earbuds-35ms-low-latency-13mm-drivers-quad-mic-enc-bluetooth/p/itm04fb1f4c55186?pid=ACCHFM2FQK5RWKSC&lid=LSTACCHFM2FQK5RWKSCUQPW0V&marketplace=FLIPKART&q=earphones&store=0pm%2Ffcn%2F821&srno=s_20_789&otracker=search&otracker1=search&fm=Search&iid=8c808220-bc8d-41a8-8d6f-0d67c74d4b4e.ACCHFM2FQK5RWKSC.SEARCH&ppt=sp&ppn=sp&ssid=9b0pahkye80000001753106480437&qH=54597ea1f2fc7f2e,https://rukminim2.flixcart.com/image/612/612/xif0q/headphone/1/w/f/predator-xo7-gaming-earbuds-with-35ms-low-latency-13mm-drivers-original-imah2tvtdbnsnfxg.jpeg?q=70,Earphones,Flipkart
"PTron Bassstrings 4A with 18 Hrs Playtime,Deep Bass,Cle...",449.0,3.9,1713.0,https://www.flipkart.com/ptron-bassstrings-4a-18-hrs-playtime-deep-bass-clear-calls-type-c-fast-charging-bluetooth/p/itm72172b9ba71b5?pid=ACCGNPG4REBFUAHK&lid=LSTACCGNPG4REBFUAHKWDC0OW&marketplace=FLIPKART&q=earphones&store=0pm%2Ffcn%2F821&srno=s_20_790&otracker=search&otracker1=search&fm=Search&iid=8c808220-bc8d-41a8-8d6f-0d67c74d4b4e.ACCGNPG4REBFUAHK.SEARCH&ppt=sp&ppn=sp&ssid=9b0pahkye80000001753106480437&qH=54597ea1f2fc7f2e,https://rukminim2.flixcart.com/image/612/612/xif0q/headphone/e/e/1/-original-imagnyc48vmzyhtg.jpeg?q=70,Earphones,Flipkart
"ZEBRONICS Jumbo Lite, with 70Hrs Backup, Fast Charging,...",599.0,3.8,10132.0,https://www.flipkart.com/zebronics-jumbo-lite-70hrs-backup-fast-charging-enc-mic-gaming-mode-splash-proof-bluetooth/p/itm920cf5f24a817?pid=ACCGK5GRB8JDBCUM&lid=LSTACCGK5GRB8JDBCUMQWNOFO&marketplace=FLIPKART&q=earphones&store=0pm%2Ffcn%2F821&srno=s_20_794&otracker=search&otracker1=search&fm=Search&iid=8c808220-bc8d-41a8-8d6f-0d67c74d4b4e.ACCGK5GRB8JDBCUM.SEARCH&ppt=sp&ppn=sp&ssid=9b0pahkye80000001753106480437&qH=54597ea1f2fc7f2e,https://rukminim2.flixcart.com/image/612/612/xif0q/headphone/u/h/e/zeb-yoga-7-jumbo-lite-with-70-hours-backup-enc-calling-gaming-original-imagk5gru3snsrzy.jpeg?q=70,Earphones,Flipkart
BULLSTORM ultrapood Wireless Music Headset Bluetooth Ga...,295.0,3.4,145.0,https://www.flipkart.com/bullstorm-ultrapood-wireless-music-headset-bluetooth-gaming/p/itm5438dbae294a6?pid=ACCHC56ZEUFGDSKE&lid=LSTACCHC56ZEUFGDSKEFFNT3D&marketplace=FLIPKART&q=earphones&store=0pm%2Ffcn%2F821&srno=s_20_796&otracker=search&otracker1=search&fm=Search&iid=8c808220-bc8d-41a8-8d6f-0d67c74d4b4e.ACCHC56ZEUFGDSKE.SEARCH&ppt=sp&ppn=sp&ssid=9b0pahkye80000001753106480437&qH=54597ea1f2fc7f2e,https://rukminim2.flixcart.com/image/612/612/xif0q/headphone/t/u/h/ultrapood-wireless-music-headset-bullstorm-original-imahcee9uykmcehb.jpeg?q=70,Earphones,Flipkart
Sennheiser CX 80S in-Ear Wired Headphones with in-line ...,1690.0,4.0,1959.0,https://www.flipkart.com/sennheiser-cx-80s-in-ear-wired-headphones-in-line-one-button-smart-control-mic/p/itm763b0077b7bc4?pid=ACCFNV8NXGNEG9TY&lid=LSTACCFNV8NXGNEG9TYBOOXJW&marketplace=FLIPKART&q=earphones&store=0pm%2Ffcn%2F821&srno=s_21_805&otracker=search&otracker1=search&fm=Search&iid=e56da30b-fa82-43f3-9e63-aa1697099550.ACCFNV8NXGNEG9TY.SEARCH&ppt=sp&ppn=sp&ssid=tgyhiu6rls0000001753106511440&qH=54597ea1f2fc7f2e,https://rukminim2.flixcart.com/image/612/612/k6nxrbk0/headphone/9/t/y/sennheiser-cx-80s-original-imafp2h9uhnngauh.jpeg?q=70,Earphones,Flipkart
"Portronics Conch Sigma A in Ear 3.5mm Wired Earphones,i...",295.0,4.1,254.0,https://www.flipkart.com/portronics-conch-sigma-ear-3-5mm-wired-earphones-in-line-hd-mic-14-2mm-driver/p/itme28ad65e53911?pid=ACCH9ZH5TCXVE6TZ&lid=LSTACCH9ZH5TCXVE6TZZE6SH2&marketplace=FLIPKART&q=earphones&store=0pm%2Ffcn%2F821&srno=s_21_806&otracker=search&otracker1=search&fm=Search&iid=e56da30b-fa82-43f3-9e63-aa1697099550.ACCH9ZH5TCXVE6TZ.SEARCH&ppt=sp&ppn=sp&ssid=tgyhiu6rls0000001753106511440&qH=54597ea1f2fc7f2e,https://rukminim2.flixcart.com/image/612/612/xif0q/headphone/p/k/h/conch-sigma-a-in-ear-3-5mm-wired-earphones-in-line-hd-mic-14-2mm-original-imahacrgzayxnrhn.jpeg?q=70,Earphones,Flipkart
"Portronics Harmonics Twins S16 in Ear Earbuds With Mic,...",749.0,3.9,2401.0,https://www.flipkart.com/portronics-harmonics-twins-s16-ear-earbuds-mic-24h-playtime-gamemode-clear-calls-bluetooth/p/itmc5f4af39b0bdf?pid=ACCH2AQGA7V9CHGK&lid=LSTACCH2AQGA7V9CHGKEEOOVK&marketplace=FLIPKART&q=earphones&store=0pm%2Ffcn%2F821&srno=s_21_809&otracker=search&otracker1=search&fm=Search&iid=e56da30b-fa82-43f3-9e63-aa1697099550.ACCH2AQGA7V9CHGK.SEARCH&ppt=sp&ppn=sp&ssid=tgyhiu6rls0000001753106511440&qH=54597ea1f2fc7f2e,https://rukminim2.flixcart.com/image/612/612/xif0q/headphone/2/f/c/harmonics-twins-s16-in-ear-earbuds-with-mic-24h-playtime-original-imah2czeurrc9z8d.jpeg?q=70,Earphones,Flipkart
Aroma NB140 Ranger 50 Hours* Playtime |Perfect for Musi...,469.0,3.7,28948.0,https://www.flipkart.com/aroma-nb140-ranger-50-hours-playtime-perfect-music-dual-pairing-mode-bluetooth/p/itmb0f72c614bd34?pid=ACCGVX2BGFCAHKJH&lid=LSTACCGVX2BGFCAHKJHHT8KUR&marketplace=FLIPKART&q=earphones&store=0pm%2Ffcn%2F821&srno=s_21_810&otracker=search&otracker1=search&fm=Search&iid=e56da30b-fa82-43f3-9e63-aa1697099550.ACCGVX2BGFCAHKJH.SEARCH&ppt=sp&ppn=sp&ssid=tgyhiu6rls0000001753106511440&qH=54597ea1f2fc7f2e,https://rukminim2.flixcart.com/image/612/612/xif0q/headphone/0/n/v/nb140-ranger-50-hours-playtime-perfect-for-music-dual-pairing-original-imahd8bhfpfjp6w9.jpeg?q=70,Earphones,Flipkart
"MAK POWER Type-C Wired Earphone, Premium HD Audio, 120 ...",260.0,3.9,1833.0,https://www.flipkart.com/mak-power-type-c-wired-earphone-premium-hd-audio-120-cm-tangle-free-cable-in-line-mic/p/itm079285496a76e?pid=ACCH8ZFCHXQ7EYNA&lid=LSTACCH8ZFCHXQ7EYNAIIT8GN&marketplace=FLIPKART&q=earphones&store=0pm%2Ffcn%2F821&srno=s_21_815&otracker=search&otracker1=search&fm=Search&iid=e56da30b-fa82-43f3-9e63-aa1697099550.ACCH8ZFCHXQ7EYNA.SEARCH&ppt=sp&ppn=sp&ssid=tgyhiu6rls0000001753106511440&qH=54597ea1f2fc7f2e,https://rukminim2.flixcart.com/image/612/612/xif0q/headphone/w/v/g/type-c-wired-earphone-premium-hd-audio-120-cm-tangle-free-cable-original-imahb5n3jyhb5fen.jpeg?q=70,Earphones,Flipkart
Samsung Galaxy Buds 3 Pro Bluetooth,16999.0,4.5,443.0,https://www.flipkart.com/samsung-galaxy-buds-3-pro-bluetooth/p/itm13f27472805c8?pid=ACCH28Z8MYZWVAEE&lid=LSTACCH28Z8MYZWVAEEZU7CFL&marketplace=FLIPKART&q=earphones&store=0pm%2Ffcn%2F821&srno=s_21_816&otracker=search&otracker1=search&fm=Search&iid=e56da30b-fa82-43f3-9e63-aa1697099550.ACCH28Z8MYZWVAEE.SEARCH&ppt=sp&ppn=sp&ssid=tgyhiu6rls0000001753106511440&qH=54597ea1f2fc7f2e,https://rukminim2.flixcart.com/image/612/612/xif0q/headphone/2/l/s/-original-imah2nhzmmtzthfx.jpeg?q=70,Earphones,Flipkart
"PTron Bassstrings Indie with 45 Hrs Playback, Clear Cal...",549.0,3.7,656.0,https://www.flipkart.com/ptron-bassstrings-indie-45-hrs-playback-clear-calls-deep-bass-type-c-charging-bluetooth/p/itm083401811df7e?pid=ACCH2PKWYPKSHAFA&lid=LSTACCH2PKWYPKSHAFAIWJD5D&marketplace=FLIPKART&q=earphones&store=0pm%2Ffcn%2F821&srno=s_21_820&otracker=search&otracker1=search&fm=Search&iid=e56da30b-fa82-43f3-9e63-aa1697099550.ACCH2PKWYPKSHAFA.SEARCH&ppt=sp&ppn=sp&ssid=tgyhiu6rls0000001753106511440&qH=54597ea1f2fc7f2e,https://rukminim2.flixcart.com/image/612/612/xif0q/headphone/q/h/k/bassstrings-indie-ptron-original-imah3fzht2y9bs5g.jpeg?q=70,Earphones,Flipkart
TECHFIRE T60 Bullets Wireless Z Bass Edition Neckband h...,295.0,3.6,68242.0,https://www.flipkart.com/techfire-t60-bullets-wireless-z-bass-neckband-headphone-40-hr-playtime-bluetooth/p/itm882c9378ce094?pid=ACCGHZYAZUPVWTEV&lid=LSTACCGHZYAZUPVWTEVISQKSN&marketplace=FLIPKART&q=earphones&store=0pm%2Ffcn%2F821&srno=s_21_823&otracker=search&otracker1=search&fm=Search&iid=e56da30b-fa82-43f3-9e63-aa1697099550.ACCGHZYAZUPVWTEV.SEARCH&ppt=sp&ppn=sp&ssid=tgyhiu6rls0000001753106511440&qH=54597ea1f2fc7f2e,https://rukminim2.flixcart.com/image/612/612/xif0q/headphone/v/j/x/t60-bullets-wireless-z-bass-edition-neckband-headphone-with-40-original-imaghzya3f7ypbmg.jpeg?q=70,Earphones,Flipkart
"boAt Rockerz 210 ANC w/ 30dB Active Noise Cancellation,...",1499.0,4.0,12092.0,https://www.flipkart.com/boat-rockerz-210-anc-w-30db-active-noise-cancellation-ai-enx-tech-spatial-audio-bluetooth/p/itm877c05519bca2?pid=ACCH2PMYZGVNECM2&lid=LSTACCH2PMYZGVNECM2H0E8ZE&marketplace=FLIPKART&q=earphones&store=0pm%2Ffcn%2F821&srno=s_21_824&otracker=search&otracker1=search&fm=Search&iid=e56da30b-fa82-43f3-9e63-aa1697099550.ACCH2PMYZGVNECM2.SEARCH&ppt=sp&ppn=sp&ssid=tgyhiu6rls0000001753106511440&qH=54597ea1f2fc7f2e,https://rukminim2.flixcart.com/image/612/612/xif0q/headphone/x/o/r/-original-imah4gxg283tyubb.jpeg?q=70,Earphones,Flipkart
"Aroma NB120 Banner Upto 40H Playtime*, ENC, Fast Chargi...",199.0,3.9,393606.0,https://www.flipkart.com/aroma-nb120-banner-upto-40h-playtime-enc-fast-charging-dual-pairing-neckband-bluetooth/p/itmf532afb0dd2d2?pid=ACCH8ZU6ZPKFZXMY&lid=LSTACCH8ZU6ZPKFZXMYZD0QSR&marketplace=FLIPKART&q=earphones&store=0pm%2Ffcn%2F821&srno=s_21_825&otracker=search&otracker1=search&fm=Search&iid=e56da30b-fa82-43f3-9e63-aa1697099550.ACCH8ZU6ZPKFZXMY.SEARCH&ppt=sp&ppn=sp&ssid=tgyhiu6rls0000001753106511440&qH=54597ea1f2fc7f2e,https://rukminim2.flixcart.com/image/612/612/xif0q/headphone/g/q/m/nb120-banner-upto-40h-playtime-enc-fast-charging-dual-pairing-original-imahahknp27gkwqf.jpeg?q=70,Earphones,Flipkart
"CMF by Nothing Buds Pro with 45 dB ANC, Ultra Bass Tech...",2999.0,4.1,20238.0,https://www.flipkart.com/cmf-nothing-buds-pro-45-db-anc-ultra-bass-technology-upto-39-hours-battery-life-bluetooth/p/itm88f70990b01c5?pid=ACCGPTY9DXMSXXQ3&lid=LSTACCGPTY9DXMSXXQ3WP9YQC&marketplace=FLIPKART&q=earphones&store=0pm%2Ffcn%2F821&srno=s_21_829&otracker=search&otracker1=search&fm=Search&iid=e56da30b-fa82-43f3-9e63-aa1697099550.ACCGPTY9DXMSXXQ3.SEARCH&ppt=sp&ppn=sp&ssid=tgyhiu6rls0000001753106511440&qH=54597ea1f2fc7f2e,https://rukminim2.flixcart.com/image/612/612/xif0q/headphone/j/9/x/buds-pro-cmf-by-nothing-original-imagtnz6gycfewru.jpeg?q=70,Earphones,Flipkart
"TRIGGR Apex S2 2025, Dual Pairing, 60H Battery, Preset ...",799.0,4.0,9614.0,https://www.flipkart.com/triggr-apex-s2-2025-dual-pairing-60h-battery-preset-eq-quad-mic-enc-rubber-finish-bluetooth/p/itmbbf195f3b1568?pid=ACCH2WWTN8FHTJMX&lid=LSTACCH2WWTN8FHTJMXY0LMLJ&marketplace=FLIPKART&q=earphones&store=0pm%2Ffcn%2F821&srno=s_21_830&otracker=search&otracker1=search&fm=Search&iid=e56da30b-fa82-43f3-9e63-aa1697099550.ACCH2WWTN8FHTJMX.SEARCH&ppt=sp&ppn=sp&ssid=tgyhiu6rls0000001753106511440&qH=54597ea1f2fc7f2e,https://rukminim2.flixcart.com/image/612/612/xif0q/headphone/x/c/x/-original-imah3q6vw5v4hh8f.jpeg?q=70,Earphones,Flipkart
"Boult Z40 Ultra ANC 32dB , Dual Device Pairing, 100H Ba...",1499.0,4.0,1869.0,https://www.flipkart.com/boult-z40-ultra-anc-32db-dual-device-pairing-100h-battery-4-mic-enc-rubber-finish-bluetooth/p/itm386ce5286db42?pid=ACCHBY44Z2BAMX3U&lid=LSTACCHBY44Z2BAMX3UK63JDL&marketplace=FLIPKART&q=earphones&store=0pm%2Ffcn%2F821&srno=s_21_834&otracker=search&otracker1=search&fm=Search&iid=e56da30b-fa82-43f3-9e63-aa1697099550.ACCHBY44Z2BAMX3U.SEARCH&ppt=sp&ppn=sp&ssid=tgyhiu6rls0000001753106511440&qH=54597ea1f2fc7f2e,https://rukminim2.flixcart.com/image/612/612/xif0q/headphone/m/a/x/-original-imah26h4mqmzpndm.jpeg?q=70,Earphones,Flipkart
VDTECH 2nd Generation Pro 2024 Latest Version Wireless ...,239.0,5.0,5.0,https://www.flipkart.com/vdtech-2nd-generation-pro-2024-latest-version-wireless-bluetooth-fast-charging-case/p/itm002d81a085844?pid=ACCHB6NUGBPMHPGT&lid=LSTACCHB6NUGBPMHPGTHMEG89&marketplace=FLIPKART&q=earphones&store=0pm%2Ffcn%2F821&srno=s_21_836&otracker=search&otracker1=search&fm=Search&iid=e56da30b-fa82-43f3-9e63-aa1697099550.ACCHB6NUGBPMHPGT.SEARCH&ppt=sp&ppn=sp&ssid=tgyhiu6rls0000001753106511440&qH=54597ea1f2fc7f2e,https://rukminim2.flixcart.com/image/612/612/xif0q/headphone/a/e/n/2nd-generation-pro-2024-latest-version-wireless-bluetooth-fast-original-imahb66wrtzjwjrw.jpeg?q=70,Earphones,Flipkart
"boAt Airdopes 300 w/ 4-Mics ENx Technology,Multipoint C...",1399.0,4.0,2783.0,https://www.flipkart.com/boat-airdopes-300-w-4-mics-enx-technology-multipoint-connectivity-ear-detection-bluetooth/p/itm3bf8a601c3ae4?pid=ACCHFCDFNYR48XFF&lid=LSTACCHFCDFNYR48XFFYRXSDN&marketplace=FLIPKART&q=earphones&store=0pm%2Ffcn%2F821&srno=s_21_839&otracker=search&otracker1=search&fm=Search&iid=e56da30b-fa82-43f3-9e63-aa1697099550.ACCHFCDFNYR48XFF.SEARCH&ppt=sp&ppn=sp&ssid=tgyhiu6rls0000001753106511440&qH=54597ea1f2fc7f2e,https://rukminim2.flixcart.com/image/612/612/xif0q/headphone/y/b/s/-original-imah4j2etfbhwhy6.jpeg?q=70,Earphones,Flipkart
GREE MATT Z2 - POWER OFF/ON 48Hr Playtime Headphone Nec...,500.0,3.9,6428.0,https://www.flipkart.com/gree-matt-z2-power-off-on-48hr-playtime-headphone-neckband-n21-bluetooth/p/itm954d90652f22c?pid=ACCH83HAZYBMYP8Z&lid=LSTACCH83HAZYBMYP8ZVLIWEV&marketplace=FLIPKART&q=earphones&store=0pm%2Ffcn%2F821&srno=s_21_840&otracker=search&otracker1=search&fm=Search&iid=e56da30b-fa82-43f3-9e63-aa1697099550.ACCH83HAZYBMYP8Z.SEARCH&ppt=sp&ppn=sp&ssid=tgyhiu6rls0000001753106511440&qH=54597ea1f2fc7f2e,https://rukminim2.flixcart.com/image/612/612/xif0q/headphone/x/j/h/bullets-z2-magnetic-power-off-on-48hr-playtime-headphone-original-imah89pcxwhaehts.jpeg?q=70,Earphones,Flipkart
GREE MATT POWER OFF/ON 48Hr Headphone Neckband N3 Bluet...,500.0,3.9,6428.0,https://www.flipkart.com/gree-matt-power-off-on-48hr-headphone-neckband-n3-bluetooth/p/itmdf0072805a2f3?pid=ACCH7ZEYZDSRUJ4A&lid=LSTACCH7ZEYZDSRUJ4A3JPHQX&marketplace=FLIPKART&q=earphones&store=0pm%2Ffcn%2F821&srno=s_22_843&otracker=search&otracker1=search&fm=Search&iid=a8627832-8bec-4740-ae05-7de909d564fb.ACCH7ZEYZDSRUJ4A.SEARCH&ppt=sp&ppn=sp&ssid=coj3kqtezk0000001753106546893&qH=54597ea1f2fc7f2e,https://rukminim2.flixcart.com/image/612/612/xif0q/headphone/k/5/b/bullets-z2-magnetic-power-off-on-48hr-playtime-headphone-original-imah7zdzfeqy72cs.jpeg?q=70,Earphones,Flipkart
NEXX ARHAM TRUE WIRLESS BLUETOOTH AIR_PODS WITH GOOD SO...,295.0,3.6,30.0,https://www.flipkart.com/nexx-arham-true-wirless-bluetooth-air-pods-good-sound-quality-10-hour-playtime/p/itm1e162cd5bf6bc?pid=ACCH7H2DV6YRBHGU&lid=LSTACCH7H2DV6YRBHGUQV7QEO&marketplace=FLIPKART&q=earphones&store=0pm%2Ffcn%2F821&srno=s_22_844&otracker=search&otracker1=search&fm=Search&iid=a8627832-8bec-4740-ae05-7de909d564fb.ACCH7H2DV6YRBHGU.SEARCH&ppt=sp&ppn=sp&ssid=coj3kqtezk0000001753106546893&qH=54597ea1f2fc7f2e,https://rukminim2.flixcart.com/image/612/612/xif0q/headphone/p/p/j/true-wirless-bluetooth-air-pods-with-good-sound-quality-10-hour-original-imah7h2c4mh6cw4k.jpeg?q=70,Earphones,Flipkart
"boAt Nirvana ION ANC Pro w/ Hi-Res Audio with LDAC, ANC...",2299.0,4.2,100312.0,https://www.flipkart.com/boat-nirvana-ion-anc-pro-w-hi-res-audio-ldac-anc-120-hrs-playback-multipoint-bluetooth/p/itma68b0b05ad459?pid=ACCH3Y28RVDZEZGX&lid=LSTACCH3Y28RVDZEZGXBU9JZD&marketplace=FLIPKART&q=earphones&store=0pm%2Ffcn%2F821&srno=s_22_845&otracker=search&otracker1=search&fm=Search&iid=a8627832-8bec-4740-ae05-7de909d564fb.ACCH3Y28RVDZEZGX.SEARCH&ppt=sp&ppn=sp&ssid=coj3kqtezk0000001753106546893&qH=54597ea1f2fc7f2e,https://rukminim2.flixcart.com/image/612/612/xif0q/headphone/m/w/a/-original-imah5vq5hy4wzch9.jpeg?q=70,Earphones,Flipkart
"Aroma NB120 Carbon Upto 40Hrs Playtime*, ENC,Fast Charg...",279.0,3.9,393606.0,https://www.flipkart.com/aroma-nb120-carbon-upto-40hrs-playtime-enc-fast-charging-dual-pairing-neckband-bluetooth/p/itm407b1915eed7c?pid=ACCH8VZUDDZYTFRE&lid=LSTACCH8VZUDDZYTFREHTS0DS&marketplace=FLIPKART&q=earphones&store=0pm%2Ffcn%2F821&srno=s_22_846&otracker=search&otracker1=search&fm=Search&iid=a8627832-8bec-4740-ae05-7de909d564fb.ACCH8VZUDDZYTFRE.SEARCH&ppt=sp&ppn=sp&ssid=coj3kqtezk0000001753106546893&qH=54597ea1f2fc7f2e,https://rukminim2.flixcart.com/image/612/612/xif0q/headphone/l/1/o/nb120-carbon-upto-40hrs-playtime-enc-fast-charging-dual-pairing-original-imahd8bhzhrzrvmg.jpeg?q=70,Earphones,Flipkart
PHILIPS TAT1150BK/94 PremiumIn Ear Earbuds with ANC& EN...,1999.0,3.8,230.0,https://www.flipkart.com/philips-tat1150bk-94-premiumin-ear-earbuds-anc-enc-55h-play-time-13mm-drivers-ipx5-bluetooth/p/itme9bb52cd966ac?pid=ACCH9M8KWX8MP2JU&lid=LSTACCH9M8KWX8MP2JU3J57T6&marketplace=FLIPKART&q=earphones&store=0pm%2Ffcn%2F821&srno=s_22_849&otracker=search&otracker1=search&fm=Search&iid=a8627832-8bec-4740-ae05-7de909d564fb.ACCH9M8KWX8MP2JU.SEARCH&ppt=sp&ppn=sp&ssid=coj3kqtezk0000001753106546893&qH=54597ea1f2fc7f2e,https://rukminim2.flixcart.com/image/612/612/xif0q/headphone/8/9/z/-original-imahaf9z6erz6ayp.jpeg?q=70,Earphones,Flipkart
"Tunifi Neckband with Fast Charge,50 Hrs Battery Life,Bl...",498.0,4.1,177.0,https://www.flipkart.com/tunifi-neckband-fast-charge-50-hrs-battery-life-bluetooth-earphones-mic-n1-bluetooth/p/itmbd5c4071ebb0a?pid=ACCH8JP6HDA96VS5&lid=LSTACCH8JP6HDA96VS5NDKEIT&marketplace=FLIPKART&q=earphones&store=0pm%2Ffcn%2F821&srno=s_22_850&otracker=search&otracker1=search&fm=Search&iid=a8627832-8bec-4740-ae05-7de909d564fb.ACCH8JP6HDA96VS5.SEARCH&ppt=sp&ppn=sp&ssid=coj3kqtezk0000001753106546893&qH=54597ea1f2fc7f2e,https://rukminim2.flixcart.com/image/612/612/xif0q/headphone/f/n/k/neckband-with-fast-charge-50-hrs-battery-life-bluetooth-original-imahe4gfz4sfnnyc.jpeg?q=70,Earphones,Flipkart
CrossBeats Hawk Gaming TWS|Type-C Dongle|BT v5.4|10ms L...,3999.0,4.3,8.0,https://www.flipkart.com/crossbeats-hawk-gaming-tws-type-c-dongle-bt-v5-4-10ms-latency-rgb-lights-6-ai-enc-mics-bluetooth/p/itm3bcf4d4774568?pid=ACCH8GU72Z77CWJM&lid=LSTACCH8GU72Z77CWJMZKSSL1&marketplace=FLIPKART&q=earphones&store=0pm%2Ffcn%2F821&srno=s_22_853&otracker=search&otracker1=search&fm=Search&iid=a8627832-8bec-4740-ae05-7de909d564fb.ACCH8GU72Z77CWJM.SEARCH&ppt=sp&ppn=sp&ssid=coj3kqtezk0000001753106546893&qH=54597ea1f2fc7f2e,https://rukminim2.flixcart.com/image/612/612/xif0q/headphone/w/s/r/-original-imahdzqs3zedt2fw.jpeg?q=70,Earphones,Flipkart
"Noise Combat X, Spatial Audio, 60 Hours of Playtime, Lo...",999.0,3.9,2291.0,https://www.flipkart.com/noise-combat-x-spatial-audio-60-hours-playtime-low-latency-40ms-enc-quad-mic-bluetooth/p/itma9787b9d8c980?pid=ACCGVHCT7ARRSEYC&lid=LSTACCGVHCT7ARRSEYCYBZVXC&marketplace=FLIPKART&q=earphones&store=0pm%2Ffcn%2F821&srno=s_22_859&otracker=search&otracker1=search&fm=Search&iid=a8627832-8bec-4740-ae05-7de909d564fb.ACCGVHCT7ARRSEYC.SEARCH&ppt=sp&ppn=sp&ssid=coj3kqtezk0000001753106546893&qH=54597ea1f2fc7f2e,https://rukminim2.flixcart.com/image/612/612/xif0q/headphone/z/1/l/-original-imagxm3wkhwnnpbf.jpeg?q=70,Earphones,Flipkart
"PHILIPS Wired Earphones with C-Type Audio Jack, 10mm Dy...",449.0,3.7,68.0,https://www.flipkart.com/philips-wired-earphones-c-type-audio-jack-10mm-dynamic-drivers-inline-mic/p/itmfcdc9e4a73d96?pid=ACCH86XNEYHFUN53&lid=LSTACCH86XNEYHFUN53YUQTRS&marketplace=FLIPKART&q=earphones&store=0pm%2Ffcn%2F821&srno=s_22_863&otracker=search&otracker1=search&fm=Search&iid=a8627832-8bec-4740-ae05-7de909d564fb.ACCH86XNEYHFUN53.SEARCH&ppt=sp&ppn=sp&ssid=coj3kqtezk0000001753106546893&qH=54597ea1f2fc7f2e,https://rukminim2.flixcart.com/image/612/612/xif0q/headphone/5/c/b/-original-imahctqmmywpfsvf.jpeg?q=70,Earphones,Flipkart
"iBAss 3.5mm Jack Stereo Earphone with Richer Bass, S-a-...",184.0,4.0,272.0,https://www.flipkart.com/ibass-3-5mm-jack-stereo-earphone-richer-bass-s-a-m-s-u-n-g-ehs61-5-wired-gaming/p/itm7e87497e135e6?pid=ACCH6RA8JZPGNDB5&lid=LSTACCH6RA8JZPGNDB5PCWGFK&marketplace=FLIPKART&q=earphones&store=0pm%2Ffcn%2F821&srno=s_22_864&otracker=search&otracker1=search&fm=Search&iid=a8627832-8bec-4740-ae05-7de909d564fb.ACCH6RA8JZPGNDB5.SEARCH&ppt=sp&ppn=sp&ssid=coj3kqtezk0000001753106546893&qH=54597ea1f2fc7f2e,https://rukminim2.flixcart.com/image/612/612/xif0q/headphone/f/e/n/3-5mm-jack-stereo-earphone-with-richer-bass-s-a-m-s-u-n-g-ehs61-original-imaha2pmpchkaaah.jpeg?q=70,Earphones,Flipkart
"PHILIPS TAT1150RD/94In Ear Earbuds with ANC & ENC, 55H ...",1999.0,3.8,230.0,https://www.flipkart.com/philips-tat1150rd-94in-ear-earbuds-anc-enc-55h-play-time-13mm-drivers-ipx5-bluetooth/p/itm90b3fd69d6097?pid=ACCH9M8KNH4ADPRQ&lid=LSTACCH9M8KNH4ADPRQAHWCE8&marketplace=FLIPKART&q=earphones&store=0pm%2Ffcn%2F821&srno=s_22_865&otracker=search&otracker1=search&fm=Search&iid=a8627832-8bec-4740-ae05-7de909d564fb.ACCH9M8KNH4ADPRQ.SEARCH&ppt=sp&ppn=sp&ssid=coj3kqtezk0000001753106546893&qH=54597ea1f2fc7f2e,https://rukminim2.flixcart.com/image/612/612/xif0q/headphone/0/4/r/-original-imahamy2mhqebkgr.jpeg?q=70,Earphones,Flipkart
"Boult Z40 Gaming with 60H Battery, 4 Mic ENC, Mode Sync...",999.0,3.9,9359.0,https://www.flipkart.com/boult-z40-gaming-60h-battery-4-mic-enc-mode-sync-led-low-latency-gaming-5-4v-bluetooth/p/itm8999792545ca5?pid=ACCHY2GYZBRKWX7Z&lid=LSTACCHY2GYZBRKWX7ZIEZ1OD&marketplace=FLIPKART&q=earphones&store=0pm%2Ffcn%2F821&srno=s_22_866&otracker=search&otracker1=search&fm=Search&iid=a8627832-8bec-4740-ae05-7de909d564fb.ACCHY2GYZBRKWX7Z.SEARCH&ppt=sp&ppn=sp&ssid=coj3kqtezk0000001753106546893&qH=54597ea1f2fc7f2e,https://rukminim2.flixcart.com/image/612/612/xif0q/headphone/7/m/q/-original-imahb5h3g2jqupkz.jpeg?q=70,Earphones,Flipkart
"Mivi Superpods Opera ANC, 60Hrs PT, Spatial Audio, 35db...",1438.0,4.0,42769.0,https://www.flipkart.com/mivi-superpods-opera-anc-60hrs-pt-spatial-audio-35dbanc-hi-res-ldac-fast-chg-bluetooth/p/itm9ac47a7c7a894?pid=ACCH2HG6MDQ3PZQP&lid=LSTACCH2HG6MDQ3PZQPXGFBNN&marketplace=FLIPKART&q=earphones&store=0pm%2Ffcn%2F821&srno=s_22_869&otracker=search&otracker1=search&fm=Search&iid=a8627832-8bec-4740-ae05-7de909d564fb.ACCH2HG6MDQ3PZQP.SEARCH&ppt=sp&ppn=sp&ssid=coj3kqtezk0000001753106546893&qH=54597ea1f2fc7f2e,https://rukminim2.flixcart.com/image/612/612/xif0q/headphone/y/y/p/-original-imahdeujuyrf6z7y.jpeg?q=70,Earphones,Flipkart
"Leaf Buds X468 True Wireless, AI SOUND App, 50H Playtim...",799.0,3.9,87.0,https://www.flipkart.com/leaf-buds-x468-true-wireless-ai-sound-app-50h-playtime-13mm-driver-ipx5-bt-v5-4-bluetooth-gaming/p/itm77696072db7cc?pid=ACCH9N7GCTY3BESU&lid=LSTACCH9N7GCTY3BESUUKMDLS&marketplace=FLIPKART&q=earphones&store=0pm%2Ffcn%2F821&srno=s_22_874&otracker=search&otracker1=search&fm=Search&iid=a8627832-8bec-4740-ae05-7de909d564fb.ACCH9N7GCTY3BESU.SEARCH&ppt=sp&ppn=sp&ssid=coj3kqtezk0000001753106546893&qH=54597ea1f2fc7f2e,https://rukminim2.flixcart.com/image/612/612/xif0q/headphone/y/k/h/buds-x468-leaf-original-imahagdajgr2hhfm.jpeg?q=70,Earphones,Flipkart
DSSB Earbuds With Premium Quality Sound Bluetooth,299.0,3.6,19423.0,https://www.flipkart.com/dssb-earbuds-premium-quality-sound-bluetooth/p/itme75db2cb94c11?pid=ACCGPXHPJDTG4VCD&lid=LSTACCGPXHPJDTG4VCD2OOXI7&marketplace=FLIPKART&q=earphones&store=0pm%2Ffcn%2F821&srno=s_22_875&otracker=search&otracker1=search&fm=Search&iid=a8627832-8bec-4740-ae05-7de909d564fb.ACCGPXHPJDTG4VCD.SEARCH&ppt=sp&ppn=sp&ssid=coj3kqtezk0000001753106546893&qH=54597ea1f2fc7f2e,https://rukminim2.flixcart.com/image/612/612/xif0q/headphone/k/5/c/latest-black-cobra-earbuds-with-premium-quality-sound-dssb-original-imah9e8y2cwyhkze.jpeg?q=70,Earphones,Flipkart
INNOMAX buds K1 black color Bluetooth,398.0,3.8,128.0,https://www.flipkart.com/innomax-buds-k1-black-color-bluetooth/p/itm8c6b958cb070f?pid=ACCHCE6UHXHQACD5&lid=LSTACCHCE6UHXHQACD5IKFPCY&marketplace=FLIPKART&q=earphones&store=0pm%2Ffcn%2F821&srno=s_22_879&otracker=search&otracker1=search&fm=Search&iid=a8627832-8bec-4740-ae05-7de909d564fb.ACCHCE6UHXHQACD5.SEARCH&ppt=sp&ppn=sp&ssid=coj3kqtezk0000001753106546893&qH=54597ea1f2fc7f2e,https://rukminim2.flixcart.com/image/612/612/xif0q/headphone/n/z/j/buds-k1-black-color-innomax-original-imahcks82hnesz9d.jpeg?q=70,Earphones,Flipkart
KZ EDX Pro X In Ear Monitor Wired Wired,1338.0,4.0,418.0,https://www.flipkart.com/kz-edx-pro-x-ear-monitor-wired/p/itmabe126a4a2fac?pid=ACCGXTYAARFHD76Q&lid=LSTACCGXTYAARFHD76QAZP1F5&marketplace=FLIPKART&q=earphones&store=0pm%2Ffcn%2F821&srno=s_22_880&otracker=search&otracker1=search&fm=Search&iid=a8627832-8bec-4740-ae05-7de909d564fb.ACCGXTYAARFHD76Q.SEARCH&ppt=sp&ppn=sp&ssid=coj3kqtezk0000001753106546893&qH=54597ea1f2fc7f2e,https://rukminim2.flixcart.com/image/612/612/xif0q/headphone/u/l/f/edx-pro-x-in-ear-monitor-wired-earphone-with-mic-3-5mm-jack-original-imagxty6dwgqjrvw.jpeg?q=70,Earphones,Flipkart
PTron Boom Duo Dual Driver Wired,299.0,4.0,2730.0,https://www.flipkart.com/ptron-boom-duo-dual-driver-wired/p/itm33b46c070f216?pid=ACCFQY8CMKX7PTEE&lid=LSTACCFQY8CMKX7PTEEB9MOVS&marketplace=FLIPKART&q=earphones&store=0pm%2Ffcn%2F821&srno=s_23_883&otracker=search&otracker1=search&fm=Search&iid=1af41a8c-3b1e-46e9-899a-40b63b6e694f.ACCFQY8CMKX7PTEE.SEARCH&ppt=sp&ppn=sp&ssid=3fou8h7ik00000001753106572311&qH=54597ea1f2fc7f2e,https://rukminim2.flixcart.com/image/612/612/k7w8eq80/headphone/t/e/e/ptron-boom-duo-dual-driver-original-imafqygsgxfkeejp.jpeg?q=70,Earphones,Flipkart
"Mivi Duopods I2, 45Hrs Playtime, HD Call, Fast Charging...",799.0,4.0,11433.0,https://www.flipkart.com/mivi-duopods-i2-45hrs-playtime-hd-call-fast-charging-ipx4-low-latency-5-3v-bluetooth/p/itm6ba2adb4c9966?pid=ACCGWU35SQGNFWTR&lid=LSTACCGWU35SQGNFWTR5RTMLY&marketplace=FLIPKART&q=earphones&store=0pm%2Ffcn%2F821&srno=s_23_884&otracker=search&otracker1=search&fm=Search&iid=1af41a8c-3b1e-46e9-899a-40b63b6e694f.ACCGWU35SQGNFWTR.SEARCH&ppt=sp&ppn=sp&ssid=3fou8h7ik00000001753106572311&qH=54597ea1f2fc7f2e,https://rukminim2.flixcart.com/image/612/612/xif0q/headphone/v/f/r/-original-imahc34369kfayxu.jpeg?q=70,Earphones,Flipkart
CrossBeats Sonic 3 In-Ear ANC TWS|360 Spatial Audio|100...,1999.0,4.2,109.0,https://www.flipkart.com/crossbeats-sonic-3-in-ear-anc-tws-360-spatial-audio-100hr-playtime-3d-sound-40ms-latency-bluetooth/p/itmbe3287763a783?pid=ACCHYF8H2FRXQDUY&lid=LSTACCHYF8H2FRXQDUYTU52DN&marketplace=FLIPKART&q=earphones&store=0pm%2Ffcn%2F821&srno=s_23_885&otracker=search&otracker1=search&fm=Search&iid=1af41a8c-3b1e-46e9-899a-40b63b6e694f.ACCHYF8H2FRXQDUY.SEARCH&ppt=sp&ppn=sp&ssid=3fou8h7ik00000001753106572311&qH=54597ea1f2fc7f2e,https://rukminim2.flixcart.com/image/612/612/xif0q/headphone/m/1/j/-original-imahdzqtjngpbtcy.jpeg?q=70,Earphones,Flipkart
BULLSTORM BS Ultrapods Blue Bluetooth,279.0,3.5,3842.0,https://www.flipkart.com/bullstorm-bs-ultrapods-blue-bluetooth/p/itm6fbb07629e747?pid=ACCHAYUYW4FPCKRJ&lid=LSTACCHAYUYW4FPCKRJWEOTAM&marketplace=FLIPKART&q=earphones&store=0pm%2Ffcn%2F821&srno=s_23_886&otracker=search&otracker1=search&fm=Search&iid=1af41a8c-3b1e-46e9-899a-40b63b6e694f.ACCHAYUYW4FPCKRJ.SEARCH&ppt=sp&ppn=sp&ssid=3fou8h7ik00000001753106572311&qH=54597ea1f2fc7f2e,https://rukminim2.flixcart.com/image/612/612/xif0q/headphone/b/t/2/bs-ultrapods-blue-bullstorm-original-imahbvacz7tsbg59.jpeg?q=70,Earphones,Flipkart
"bAot Wireless B2 Neckband,50Hrs Playback With Clear Sou...",599.0,3.6,1536.0,https://www.flipkart.com/baot-wireless-b2-neckband-50hrs-playback-clear-sound-deep-bass-bluetooth/p/itmd89920fab45a4?pid=ACCHB4PDZ6UYXVUJ&lid=LSTACCHB4PDZ6UYXVUJRO8M2L&marketplace=FLIPKART&q=earphones&store=0pm%2Ffcn%2F821&srno=s_23_889&otracker=search&otracker1=search&fm=Search&iid=1af41a8c-3b1e-46e9-899a-40b63b6e694f.ACCHB4PDZ6UYXVUJ.SEARCH&ppt=sp&ppn=sp&ssid=3fou8h7ik00000001753106572311&qH=54597ea1f2fc7f2e,https://rukminim2.flixcart.com/image/612/612/xif0q/headphone/j/p/p/bullets-wireless-b2-neckband-50hrs-playback-with-clear-sound-original-imahb5qhecybq4pn.jpeg?q=70,Earphones,Flipkart
boAt Immortal Airspeed Pro w/ Active Noise Cancellation...,1499.0,4.1,1192.0,https://www.flipkart.com/boat-immortal-airspeed-pro-w-active-noise-cancellation-beast-mode-40-hrs-playback-bluetooth/p/itm7010fdaefd92b?pid=ACCHFYZEPKYDX8SH&lid=LSTACCHFYZEPKYDX8SH7VXQVC&marketplace=FLIPKART&q=earphones&store=0pm%2Ffcn%2F821&srno=s_23_890&otracker=search&otracker1=search&fm=Search&iid=1af41a8c-3b1e-46e9-899a-40b63b6e694f.ACCHFYZEPKYDX8SH.SEARCH&ppt=sp&ppn=sp&ssid=3fou8h7ik00000001753106572311&qH=54597ea1f2fc7f2e,https://rukminim2.flixcart.com/image/612/612/xif0q/headphone/q/s/t/-original-imah35ytmrxz93b2.jpeg?q=70,Earphones,Flipkart
"JBL Wave Beam 2 ANC Earbuds with BTv5.3,Multi Connect,F...",3999.0,3.6,595.0,https://www.flipkart.com/jbl-wave-beam-2-anc-earbuds-btv5-3-multi-connect-fast-charge-40h-runtime-4-mics-bluetooth/p/itm6a2cbda69fe22?pid=ACCH5XTGYZG5GSFN&lid=LSTACCH5XTGYZG5GSFNVGNHD8&marketplace=FLIPKART&q=earphones&store=0pm%2Ffcn%2F821&srno=s_23_893&otracker=search&otracker1=search&fm=Search&iid=1af41a8c-3b1e-46e9-899a-40b63b6e694f.ACCH5XTGYZG5GSFN.SEARCH&ppt=sp&ppn=sp&ssid=3fou8h7ik00000001753106572311&qH=54597ea1f2fc7f2e,https://rukminim2.flixcart.com/image/612/612/xif0q/headphone/g/b/v/-original-imah7gfw9fzgnufm.jpeg?q=70,Earphones,Flipkart
NitaiTech Gusto 80 Hours Playtime Wireless Neckband hea...,470.0,4.0,1343.0,https://www.flipkart.com/nitaitech-gusto-80-hours-playtime-wireless-neckband-headphones-earphone-bluetooth/p/itm5ef2401d2b221?pid=ACCGYEYJTVH98AN4&lid=LSTACCGYEYJTVH98AN4GJCBAF&marketplace=FLIPKART&q=earphones&store=0pm%2Ffcn%2F821&srno=s_23_894&otracker=search&otracker1=search&fm=Search&iid=1af41a8c-3b1e-46e9-899a-40b63b6e694f.ACCGYEYJTVH98AN4.SEARCH&ppt=sp&ppn=sp&ssid=3fou8h7ik00000001753106572311&qH=54597ea1f2fc7f2e,https://rukminim2.flixcart.com/image/612/612/xif0q/headphone/r/j/y/gusto-80-hours-playtime-wireless-neckband-headphones-earphone-original-imahcjykhpndgsta.jpeg?q=70,Earphones,Flipkart
"SONY WF-LS900N Battery Life: 20hours, Noise Cancellatio...",16990.0,4.1,624.0,https://www.flipkart.com/sony-wf-ls900n-battery-life-20hours-noise-cancellation-tws-bluetooth/p/itm637197736a603?pid=ACCGJNGTZHFB4NTT&lid=LSTACCGJNGTZHFB4NTTRM4P7L&marketplace=FLIPKART&q=earphones&store=0pm%2Ffcn%2F821&srno=s_23_895&otracker=search&otracker1=search&fm=Search&iid=1af41a8c-3b1e-46e9-899a-40b63b6e694f.ACCGJNGTZHFB4NTT.SEARCH&ppt=sp&ppn=sp&ssid=3fou8h7ik00000001753106572311&qH=54597ea1f2fc7f2e,https://rukminim2.flixcart.com/image/612/612/xif0q/headphone/p/i/4/wf-ls900-sony-original-imagjzsse8zyyfgf.jpeg?q=70,Earphones,Flipkart
Soundcore R50i NC Bluetooth,1899.0,4.6,7.0,https://www.flipkart.com/soundcore-r50i-nc-bluetooth/p/itmabaa19f170be3?pid=ACCHCFE6YCGXGVE7&lid=LSTACCHCFE6YCGXGVE7CMBVUK&marketplace=FLIPKART&q=earphones&store=0pm%2Ffcn%2F821&srno=s_23_896&otracker=search&otracker1=search&fm=Search&iid=1af41a8c-3b1e-46e9-899a-40b63b6e694f.ACCHCFE6YCGXGVE7.SEARCH&ppt=sp&ppn=sp&ssid=3fou8h7ik00000001753106572311&qH=54597ea1f2fc7f2e,https://rukminim2.flixcart.com/image/612/612/xif0q/headphone/z/d/g/r50i-nc-soundcore-original-imahdvhs3frmv89e.jpeg?q=70,Earphones,Flipkart
PHILIPS TAE2146BK USB TYPE C in Ear Wired Headphones wi...,599.0,4.0,41.0,https://www.flipkart.com/philips-tae2146bk-usb-type-c-ear-wired-headphones-mic/p/itm3c0ffea37b826?pid=ACCHBRF29DGBX94R&lid=LSTACCHBRF29DGBX94RWIA7PA&marketplace=FLIPKART&q=earphones&store=0pm%2Ffcn%2F821&srno=s_23_899&otracker=search&otracker1=search&fm=Search&iid=1af41a8c-3b1e-46e9-899a-40b63b6e694f.ACCHBRF29DGBX94R.SEARCH&ppt=sp&ppn=sp&ssid=3fou8h7ik00000001753106572311&qH=54597ea1f2fc7f2e,https://rukminim2.flixcart.com/image/612/612/xif0q/headphone/o/6/f/tae2146bk-usb-type-c-in-ear-wired-headphones-with-mic-philips-original-imahbrf2aar3qpgn.jpeg?q=70,Earphones,Flipkart
GWALBROS EARBUDS Bluetooth,239.0,3.1,11.0,https://www.flipkart.com/gwalbros-earbuds-bluetooth/p/itm4e4029c77a852?pid=ACCHB6NSKQSMWYBG&lid=LSTACCHB6NSKQSMWYBGNZJVEG&marketplace=FLIPKART&q=earphones&store=0pm%2Ffcn%2F821&srno=s_23_900&otracker=search&otracker1=search&fm=Search&iid=1af41a8c-3b1e-46e9-899a-40b63b6e694f.ACCHB6NSKQSMWYBG.SEARCH&ppt=sp&ppn=sp&ssid=3fou8h7ik00000001753106572311&qH=54597ea1f2fc7f2e,https://rukminim2.flixcart.com/image/612/612/xif0q/headphone/l/z/y/earbuds-pb-enterprises-original-imahb66x4pzpzv7k.jpeg?q=70,Earphones,Flipkart
T ZED Wireless Z3 ANC&ENC Earphones&Neckband Bluetooth,299.0,3.8,49.0,https://www.flipkart.com/t-zed-wireless-z3-anc-enc-earphones-neckband-bluetooth/p/itm16a79bfaeaeaf?pid=ACCHBF6S2FAAMC4T&lid=LSTACCHBF6S2FAAMC4TZGFFPG&marketplace=FLIPKART&q=earphones&store=0pm%2Ffcn%2F821&srno=s_23_904&otracker=search&otracker1=search&fm=Search&iid=1af41a8c-3b1e-46e9-899a-40b63b6e694f.ACCHBF6S2FAAMC4T.SEARCH&ppt=sp&ppn=sp&ssid=3fou8h7ik00000001753106572311&qH=54597ea1f2fc7f2e,https://rukminim2.flixcart.com/image/612/612/xif0q/shopsy-headphone/d/e/f/bluetooth-yes-wireless-z3-anc-enc-earphones-neckband-battery-original-imahcrhzdrpgyzr3.jpeg?q=70,Earphones,Flipkart
"Boult X1 Pro with Type-C Connector, Dynamic Drivers, Ri...",449.0,4.1,59649.0,https://www.flipkart.com/boult-x1-pro-type-c-connector-dynamic-drivers-rich-bass-in-line-control-wired-gaming/p/itmb7b53346f1454?pid=ACCGRKA8YN7HKPAA&lid=LSTACCGRKA8YN7HKPAAV4IDW1&marketplace=FLIPKART&q=earphones&store=0pm%2Ffcn%2F821&srno=s_23_906&otracker=search&otracker1=search&fm=Search&iid=1af41a8c-3b1e-46e9-899a-40b63b6e694f.ACCGRKA8YN7HKPAA.SEARCH&ppt=sp&ppn=sp&ssid=3fou8h7ik00000001753106572311&qH=54597ea1f2fc7f2e,https://rukminim2.flixcart.com/image/612/612/xif0q/headphone/w/d/l/-original-imags9rqjfmzg5zn.jpeg?q=70,Earphones,Flipkart
"TRIGGR Apex S1 with Dual Pairing, 100H Battery, Quad Mi...",699.0,3.9,9811.0,https://www.flipkart.com/triggr-apex-s1-dual-pairing-100h-battery-quad-mic-enc-rapid-pair-rubber-finish-bluetooth/p/itmfb4f2bfdaa4a5?pid=ACCH2WWTWHBHYA67&lid=LSTACCH2WWTWHBHYA67RYTS2S&marketplace=FLIPKART&q=earphones&store=0pm%2Ffcn%2F821&srno=s_23_909&otracker=search&otracker1=search&fm=Search&iid=1af41a8c-3b1e-46e9-899a-40b63b6e694f.ACCH2WWTWHBHYA67.SEARCH&ppt=sp&ppn=sp&ssid=3fou8h7ik00000001753106572311&qH=54597ea1f2fc7f2e,https://rukminim2.flixcart.com/image/612/612/xif0q/headphone/l/v/p/-original-imah4gnxdakhrcrn.jpeg?q=70,Earphones,Flipkart
"JBL Live Pro 2, Active Adaptive Noise Cancellation, 40H...",7999.0,4.3,1347.0,https://www.flipkart.com/jbl-live-pro-2-active-adaptive-noise-cancellation-40hr-playtime-6-mics-deep-bass-bluetooth-gaming/p/itm8e1a0d7e94fd9?pid=ACCGEVHGW4H4MRHM&lid=LSTACCGEVHGW4H4MRHMFYD774&marketplace=FLIPKART&q=earphones&store=0pm%2Ffcn%2F821&srno=s_23_914&otracker=search&otracker1=search&fm=Search&iid=1af41a8c-3b1e-46e9-899a-40b63b6e694f.ACCGEVHGW4H4MRHM.SEARCH&ppt=sp&ppn=sp&ssid=3fou8h7ik00000001753106572311&qH=54597ea1f2fc7f2e,https://rukminim2.flixcart.com/image/612/612/xif0q/headphone/b/k/e/-original-imagum69qgwj2vny.jpeg?q=70,Earphones,Flipkart
Apple AirPods Pro (2nd generation) Bluetooth,24990.0,4.3,6.0,https://www.flipkart.com/apple-airpods-pro-2nd-generation-bluetooth/p/itme8963259e9935?pid=ACCHAGBGS9SQEMPT&lid=LSTACCHAGBGS9SQEMPTKMPNZ8&marketplace=FLIPKART&q=earphones&store=0pm%2Ffcn%2F821&srno=s_23_915&otracker=search&otracker1=search&fm=Search&iid=1af41a8c-3b1e-46e9-899a-40b63b6e694f.ACCHAGBGS9SQEMPT.SEARCH&ppt=sp&ppn=sp&ssid=3fou8h7ik00000001753106572311&qH=54597ea1f2fc7f2e,https://rukminim2.flixcart.com/image/612/612/xif0q/headphone/a/q/r/-original-imahahbzbyazrwxj.jpeg?q=70,Earphones,Flipkart
PTron Basspods Spell In-Ear TWS Earbuds with TruTalk AI...,599.0,3.7,151.0,https://www.flipkart.com/ptron-basspods-spell-in-ear-tws-earbuds-trutalk-ai-enc-calls-36hrs-playtime-bluetooth/p/itm9b16fdd7c84b4?pid=ACCGWCHMRSX2TKSW&lid=LSTACCGWCHMRSX2TKSWUYSYFE&marketplace=FLIPKART&q=earphones&store=0pm%2Ffcn%2F821&srno=s_23_916&otracker=search&otracker1=search&fm=Search&iid=1af41a8c-3b1e-46e9-899a-40b63b6e694f.ACCGWCHMRSX2TKSW.SEARCH&ppt=sp&ppn=sp&ssid=3fou8h7ik00000001753106572311&qH=54597ea1f2fc7f2e,https://rukminim2.flixcart.com/image/612/612/xif0q/headphone/9/7/7/-original-imah9d9ztzdgqfc9.jpeg?q=70,Earphones,Flipkart
"ZEBRONICS ZEB-PODS zi 6 (Beast),Gaming TWS, 24H Backup,...",899.0,3.9,609.0,https://www.flipkart.com/zebronics-zeb-pods-zi-6-beast-gaming-tws-24h-backup-btv5-4-splash-proof-flash-connect-bluetooth/p/itm0d75b4ae514c6?pid=ACCHFQV5HVQY95GQ&lid=LSTACCHFQV5HVQY95GQMOWWI9&marketplace=FLIPKART&q=earphones&store=0pm%2Ffcn%2F821&srno=s_23_919&otracker=search&otracker1=search&fm=Search&iid=1af41a8c-3b1e-46e9-899a-40b63b6e694f.ACCHFQV5HVQY95GQ.SEARCH&ppt=sp&ppn=sp&ssid=3fou8h7ik00000001753106572311&qH=54597ea1f2fc7f2e,https://rukminim2.flixcart.com/image/612/612/xif0q/headphone/4/h/6/-original-imah3che2ycmwcwh.jpeg?q=70,Earphones,Flipkart
Samsung -tuned IC100 Type-C Earphone Wired,1849.0,4.1,1357.0,https://www.flipkart.com/samsung-tuned-ic100-type-c-earphone-wired/p/itmbed7658fb4f2f?pid=ACCGFZH22FRY7DHN&lid=LSTACCGFZH22FRY7DHNRQEQPZ&marketplace=FLIPKART&q=earphones&store=0pm%2Ffcn%2F821&srno=s_23_920&otracker=search&otracker1=search&fm=Search&iid=1af41a8c-3b1e-46e9-899a-40b63b6e694f.ACCGFZH22FRY7DHN.SEARCH&ppt=sp&ppn=sp&ssid=3fou8h7ik00000001753106572311&qH=54597ea1f2fc7f2e,https://rukminim2.flixcart.com/image/612/612/xif0q/headphone/b/m/j/akg-tuned-ic100-type-c-earphone-samsung-original-imah4kyjwvrypgpz.jpeg?q=70,Earphones,Flipkart
Pb Enterprises Airdrops pro 3 White wireless bluetooth ...,299.0,3.5,7489.0,https://www.flipkart.com/pb-enterprises-airdrops-pro-3-white-wireless-bluetooth-earbuds-truely-wireless-gaming/p/itmb67b2474b6967?pid=ACCGYY2KNJZXWNXB&lid=LSTACCGYY2KNJZXWNXBB7MPAB&marketplace=FLIPKART&q=earphones&store=0pm%2Ffcn%2F821&srno=s_24_923&otracker=search&otracker1=search&fm=Search&iid=05e123fb-d7eb-4183-984b-1af390de0076.ACCGYY2KNJZXWNXB.SEARCH&ppt=sp&ppn=sp&ssid=4i6g6jcvww0000001753106602659&qH=54597ea1f2fc7f2e,https://rukminim2.flixcart.com/image/612/612/xif0q/shopsy-headphone/p/q/z/bluetooth-yes-earbuds-combo-pack-with-case-wireless-bluetooth-original-imahdutagbrgzdyq.jpeg?q=70,Earphones,Flipkart
"Mivi Duopods B1 (Just Launched)45Hrs Playtime, AI ENC f...",999.0,4.2,15945.0,https://www.flipkart.com/mivi-duopods-b1-just-launched-45hrs-playtime-ai-enc-hd-call-fast-charging-5-3-bluetooth/p/itme15fe36779c99?pid=ACCH8Z359AK7GENH&lid=LSTACCH8Z359AK7GENHWTLLRV&marketplace=FLIPKART&q=earphones&store=0pm%2Ffcn%2F821&srno=s_24_924&otracker=search&otracker1=search&fm=Search&iid=05e123fb-d7eb-4183-984b-1af390de0076.ACCH8Z359AK7GENH.SEARCH&ppt=sp&ppn=sp&ssid=4i6g6jcvww0000001753106602659&qH=54597ea1f2fc7f2e,https://rukminim2.flixcart.com/image/612/612/xif0q/headphone/i/n/o/-original-imaha9pgffeqtgdf.jpeg?q=70,Earphones,Flipkart
Ucool Gusto 80 Hours Playtime Wireless Neckband headpho...,442.0,4.1,6292.0,https://www.flipkart.com/ucool-gusto-80-hours-playtime-wireless-neckband-headphones-earphone-bluetooth/p/itme836366a2f500?pid=ACCGC2VMGF6ZN5KX&lid=LSTACCGC2VMGF6ZN5KX93RGNS&marketplace=FLIPKART&q=earphones&store=0pm%2Ffcn%2F821&srno=s_24_929&otracker=search&otracker1=search&fm=Search&iid=05e123fb-d7eb-4183-984b-1af390de0076.ACCGC2VMGF6ZN5KX.SEARCH&ppt=sp&ppn=sp&ssid=4i6g6jcvww0000001753106602659&qH=54597ea1f2fc7f2e,https://rukminim2.flixcart.com/image/612/612/xif0q/headphone/4/1/w/gusto-80-hours-playtime-wireless-neckband-headphones-earphone-original-imah5b3xtkzvhugv.jpeg?q=70,Earphones,Flipkart
"Aroma NB124 Avenger Upto 100 Hours Playtime*,ENC, Voice...",399.0,3.9,7728.0,https://www.flipkart.com/aroma-nb124-avenger-upto-100-hours-playtime-enc-voice-changer-fast-charging-neckband-bluetooth/p/itm18470e9b657c1?pid=ACCH76AZ7WRWPEA2&lid=LSTACCH76AZ7WRWPEA2W1LCFD&marketplace=FLIPKART&q=earphones&store=0pm%2Ffcn%2F821&srno=s_24_934&otracker=search&otracker1=search&fm=Search&iid=05e123fb-d7eb-4183-984b-1af390de0076.ACCH76AZ7WRWPEA2.SEARCH&ppt=sp&ppn=sp&ssid=4i6g6jcvww0000001753106602659&qH=54597ea1f2fc7f2e,https://rukminim2.flixcart.com/image/612/612/xif0q/headphone/w/z/q/nb124-avenger-upto-100-hours-playtime-enc-voice-changer-fast-original-imahd8bgdsdx5bha.jpeg?q=70,Earphones,Flipkart
Aroma NB119 Cabinet Plus 80 Hours Playtime | Deep Bass ...,479.0,3.9,2838.0,https://www.flipkart.com/aroma-nb119-cabinet-plus-80-hours-playtime-deep-bass-quick-charge-enc-noise-bluetooth/p/itmbe2820567e85a?pid=ACCHYP8475QWRRXN&lid=LSTACCHYP8475QWRRXNLJZ8GT&marketplace=FLIPKART&q=earphones&store=0pm%2Ffcn%2F821&srno=s_24_935&otracker=search&otracker1=search&fm=Search&iid=05e123fb-d7eb-4183-984b-1af390de0076.ACCHYP8475QWRRXN.SEARCH&ppt=sp&ppn=sp&ssid=4i6g6jcvww0000001753106602659&qH=54597ea1f2fc7f2e,https://rukminim2.flixcart.com/image/612/612/xif0q/headphone/d/8/h/nb119-cabinet-plus-80-hours-playtime-deep-bass-quick-charge-enc-original-imahd8bhhjxhvwrg.jpeg?q=70,Earphones,Flipkart
"Boult X10 Pro with Quad Mic ENC, 45H Battery Life, 50ms...",899.0,3.9,120147.0,https://www.flipkart.com/boult-x10-pro-quad-mic-enc-45h-battery-life-50ms-low-latency-gaming-mode-5-3v-bluetooth/p/itmb44ffa52063a5?pid=ACCGQ4XWHJWMSZCR&lid=LSTACCGQ4XWHJWMSZCRABDFID&marketplace=FLIPKART&q=earphones&store=0pm%2Ffcn%2F821&srno=s_24_936&otracker=search&otracker1=search&fm=Search&iid=05e123fb-d7eb-4183-984b-1af390de0076.ACCGQ4XWHJWMSZCR.SEARCH&ppt=sp&ppn=sp&ssid=4i6g6jcvww0000001753106602659&qH=54597ea1f2fc7f2e,https://rukminim2.flixcart.com/image/612/612/xif0q/headphone/3/2/2/-original-imagqnttjfpkt2fg.jpeg?q=70,Earphones,Flipkart
Samsung Galaxy Buds 3 Pro Bluetooth,15999.0,4.5,443.0,https://www.flipkart.com/samsung-galaxy-buds-3-pro-bluetooth/p/itm2288a507af8ff?pid=ACCH28Z8GSWSBFMV&lid=LSTACCH28Z8GSWSBFMVTJSDGA&marketplace=FLIPKART&q=earphones&store=0pm%2Ffcn%2F821&srno=s_24_939&otracker=search&otracker1=search&fm=Search&iid=05e123fb-d7eb-4183-984b-1af390de0076.ACCH28Z8GSWSBFMV.SEARCH&ppt=sp&ppn=sp&ssid=4i6g6jcvww0000001753106602659&qH=54597ea1f2fc7f2e,https://rukminim2.flixcart.com/image/612/612/xif0q/headphone/g/v/p/-original-imahch3ddxezyh6j.jpeg?q=70,Earphones,Flipkart
"GREE MATT Bluetooth Wireless Headphones with Mic,Punchy...",500.0,3.9,6428.0,https://www.flipkart.com/gree-matt-bluetooth-wireless-headphones-mic-punchy-bass-waterproof-clear-calls-n16-gaming/p/itmc359910be3dbe?pid=ACCGVGAFVQPHPYNZ&lid=LSTACCGVGAFVQPHPYNZTI2NEJ&marketplace=FLIPKART&q=earphones&store=0pm%2Ffcn%2F821&srno=s_24_940&otracker=search&otracker1=search&fm=Search&iid=05e123fb-d7eb-4183-984b-1af390de0076.ACCGVGAFVQPHPYNZ.SEARCH&ppt=sp&ppn=sp&ssid=4i6g6jcvww0000001753106602659&qH=54597ea1f2fc7f2e,https://rukminim2.flixcart.com/image/612/612/xif0q/headphone/z/7/x/bluetooth-wireless-headphones-with-mic-punchy-bass-waterproof-original-imah67qczf7nuyfy.jpeg?q=70,Earphones,Flipkart
"PTron Basspods Encore TWS Earbuds, 50H Playtime, Quad M...",699.0,3.7,2523.0,https://www.flipkart.com/ptron-basspods-encore-tws-earbuds-50h-playtime-quad-mic-enc-calls-bt5-3-type-c-ipx4-bluetooth/p/itm5c94c11e7d1a1?pid=ACCGHBPZET62KKMW&lid=LSTACCGHBPZET62KKMWZ8OZPL&marketplace=FLIPKART&q=earphones&store=0pm%2Ffcn%2F821&srno=s_24_944&otracker=search&otracker1=search&fm=Search&iid=05e123fb-d7eb-4183-984b-1af390de0076.ACCGHBPZET62KKMW.SEARCH&ppt=sp&ppn=sp&ssid=4i6g6jcvww0000001753106602659&qH=54597ea1f2fc7f2e,https://rukminim2.flixcart.com/image/612/612/xif0q/headphone/k/t/j/-original-imagzchppcnzuyms.jpeg?q=70,Earphones,Flipkart
Aroma NB140 Superstar Upto 55 Hours* Playtime Deep Bass...,2499.0,3.8,26022.0,https://www.flipkart.com/aroma-nb140-superstar-upto-55-hours-playtime-deep-bass-fast-charging-earbuds-bluetooth/p/itm98c3696b3f198?pid=ACCH3NZSJGJPDFCB&lid=LSTACCH3NZSJGJPDFCB3VPTXN&marketplace=FLIPKART&q=earphones&store=0pm%2Ffcn%2F821&srno=s_24_945&otracker=search&otracker1=search&fm=Search&iid=05e123fb-d7eb-4183-984b-1af390de0076.ACCH3NZSJGJPDFCB.SEARCH&ppt=sp&ppn=sp&ssid=4i6g6jcvww0000001753106602659&qH=54597ea1f2fc7f2e,https://rukminim2.flixcart.com/image/612/612/xif0q/headphone/r/4/u/nb140-superstar-upto-55-hours-playtime-deep-bass-fast-charging-original-imahd8bhxhkdajfn.jpeg?q=70,Earphones,Flipkart
"Noise Buds Verve 2 with 50Hr Playtime, ENC, Quad Mic & ...",1499.0,4.0,3701.0,https://www.flipkart.com/noise-buds-verve-2-50hr-playtime-enc-quad-mic-ultra-low-latency-bluetooth/p/itmaee6e596c3f3d?pid=ACCGZKS4CKN7EK4B&lid=LSTACCGZKS4CKN7EK4BMTR6GG&marketplace=FLIPKART&q=earphones&store=0pm%2Ffcn%2F821&srno=s_24_946&otracker=search&otracker1=search&fm=Search&iid=05e123fb-d7eb-4183-984b-1af390de0076.ACCGZKS4CKN7EK4B.SEARCH&ppt=sp&ppn=sp&ssid=4i6g6jcvww0000001753106602659&qH=54597ea1f2fc7f2e,https://rukminim2.flixcart.com/image/612/612/xif0q/headphone/i/t/6/-original-imah5yvwvm4nwtfa.jpeg?q=70,Earphones,Flipkart
OnePlus Buds Pro 3 - Lunar Rediance Bluetooth,11999.0,4.5,1227.0,https://www.flipkart.com/oneplus-buds-pro-3-lunar-rediance-bluetooth/p/itm352e567a1d6e9?pid=ACCH3AMS5PUAABFK&lid=LSTACCH3AMS5PUAABFKWR7KWB&marketplace=FLIPKART&q=earphones&store=0pm%2Ffcn%2F821&srno=s_24_950&otracker=search&otracker1=search&fm=Search&iid=05e123fb-d7eb-4183-984b-1af390de0076.ACCH3AMS5PUAABFK.SEARCH&ppt=sp&ppn=sp&ssid=4i6g6jcvww0000001753106602659&qH=54597ea1f2fc7f2e,https://rukminim2.flixcart.com/image/612/612/xif0q/headphone/z/u/o/buds-pro-3-lunar-rediance-oneplus-original-imah3czthuutkqy9.jpeg?q=70,Earphones,Flipkart
Flipkart SmartBuy Premium Quality True Wireless Earbuds...,482.0,3.8,1886.0,https://www.flipkart.com/flipkart-smartbuy-premium-quality-true-wireless-earbuds-bluetooth/p/itm0e5770fda8883?pid=ACCH3AHBG24AFGBE&lid=LSTACCH3AHBG24AFGBE9VUYCS&marketplace=FLIPKART&q=earphones&store=0pm%2Ffcn%2F821&srno=s_24_954&otracker=search&otracker1=search&fm=Search&iid=05e123fb-d7eb-4183-984b-1af390de0076.ACCH3AHBG24AFGBE.SEARCH&ppt=sp&ppn=sp&ssid=4i6g6jcvww0000001753106602659&qH=54597ea1f2fc7f2e,https://rukminim2.flixcart.com/image/612/612/xif0q/headphone/s/g/g/ft-201-tws-24hrs-playtime-bt5-3-10mm-drivers-made-in-india-original-imah7srks2eybjuj.jpeg?q=70,Earphones,Flipkart
"boAt Airdopes 161 Pro-Buds w/ ASAP Charge, Multi-Point ...",1499.0,3.8,109181.0,https://www.flipkart.com/boat-airdopes-161-pro-buds-w-asap-charge-multi-point-connectivity-50-hrs-playback-bluetooth/p/itm71d22af68642c?pid=ACCGWMGFDDJYZDFG&lid=LSTACCGWMGFDDJYZDFG6RV8SO&marketplace=FLIPKART&q=earphones&store=0pm%2Ffcn%2F821&srno=s_24_959&otracker=search&otracker1=search&fm=Search&iid=05e123fb-d7eb-4183-984b-1af390de0076.ACCGWMGFDDJYZDFG.SEARCH&ppt=sp&ppn=sp&ssid=4i6g6jcvww0000001753106602659&qH=54597ea1f2fc7f2e,https://rukminim2.flixcart.com/image/612/612/xif0q/headphone/4/o/t/-original-imagwucfqr8tn72n.jpeg?q=70,Earphones,Flipkart
"MAK POWER Lightning Earphone, Clear Audio, Soft Ear Tip...",300.0,3.6,41.0,https://www.flipkart.com/mak-power-lightning-earphone-clear-audio-soft-ear-tips-in-line-mic-tangle-free-cable-wired/p/itm9499de524ebae?pid=ACCHCGHVNXJH88HF&lid=LSTACCHCGHVNXJH88HF2EC9QA&marketplace=FLIPKART&q=earphones&store=0pm%2Ffcn%2F821&srno=s_24_960&otracker=search&otracker1=search&fm=Search&iid=05e123fb-d7eb-4183-984b-1af390de0076.ACCHCGHVNXJH88HF.SEARCH&ppt=sp&ppn=sp&ssid=4i6g6jcvww0000001753106602659&qH=54597ea1f2fc7f2e,https://rukminim2.flixcart.com/image/612/612/xif0q/headphone/r/u/1/hf-802-original-style-type-c-earphone-for-iphone-15-15-pro-15-original-imahcghvcuebgjmu.jpeg?q=70,Earphones,Flipkart
VDTECH pro active noise cancellation spatial audio blue...,239.0,3.4,7.0,https://www.flipkart.com/vdtech-pro-active-noise-cancellation-spatial-audio-bluetooth-headset/p/itm5147c282c7b3c?pid=ACCHB6NUY8ZY6GWF&lid=LSTACCHB6NUY8ZY6GWFCGG3ML&marketplace=FLIPKART&q=earphones&store=0pm%2Ffcn%2F821&srno=s_25_963&otracker=search&otracker1=search&fm=Search&iid=cd742a2d-3533-4018-9d12-2b81b6ffc3e6.ACCHB6NUY8ZY6GWF.SEARCH&ppt=sp&ppn=sp&ssid=4lofaucmfk0000001753106637400&qH=54597ea1f2fc7f2e,https://rukminim2.flixcart.com/image/612/612/xif0q/headphone/u/d/j/pro-active-noise-cancellation-spatial-audio-bluetooth-headset-original-imahb66xgsy5vz9k.jpeg?q=70,Earphones,Flipkart
"boAt Airdopes Drift with Beast Mode, Blazing LEDs, 40 H...",1499.0,4.2,2781.0,https://www.flipkart.com/boat-airdopes-drift-beast-mode-blazing-leds-40-hrs-playback-enx-technology-bluetooth-gaming/p/itm3774f29aa3022?pid=ACCH2PMYYTAMF3UZ&lid=LSTACCH2PMYYTAMF3UZM2OMIF&marketplace=FLIPKART&q=earphones&store=0pm%2Ffcn%2F821&srno=s_25_964&otracker=search&otracker1=search&fm=Search&iid=cd742a2d-3533-4018-9d12-2b81b6ffc3e6.ACCH2PMYYTAMF3UZ.SEARCH&ppt=sp&ppn=sp&ssid=4lofaucmfk0000001753106637400&qH=54597ea1f2fc7f2e,https://rukminim2.flixcart.com/image/612/612/xif0q/headphone/9/w/j/-original-imah6cbvrhxxrv3y.jpeg?q=70,Earphones,Flipkart
"Number Super Buds GT M9 Gaming TWS Earbuds, 60Hr Playba...",899.0,3.8,4839.0,https://www.flipkart.com/number-super-buds-gt-m9-gaming-tws-earbuds-60hr-playback-anc-4-mic-enc-dual-pairing-bluetooth/p/itm2bce7bc87b70a?pid=ACCHFEMYU7H2JHHH&lid=LSTACCHFEMYU7H2JHHH2ETR3M&marketplace=FLIPKART&q=earphones&store=0pm%2Ffcn%2F821&srno=s_25_965&otracker=search&otracker1=search&fm=Search&iid=cd742a2d-3533-4018-9d12-2b81b6ffc3e6.ACCHFEMYU7H2JHHH.SEARCH&ppt=sp&ppn=sp&ssid=4lofaucmfk0000001753106637400&qH=54597ea1f2fc7f2e,https://rukminim2.flixcart.com/image/612/612/xif0q/headphone/x/f/0/superbuds-gt-m9-anc-gaming-tws-number-original-imahfehz6jffqu99.jpeg?q=70,Earphones,Flipkart
Muzigi Latest 2025 Bluetooth Dual Enc Wireless Earbuds ...,436.0,4.0,3.0,https://www.flipkart.com/muzigi-latest-2025-bluetooth-dual-enc-wireless-earbuds-earphone-music-call-gaming/p/itm50aad1ce3eac1?pid=ACCHB3KYM5QBATKW&lid=LSTACCHB3KYM5QBATKWBJFRTX&marketplace=FLIPKART&q=earphones&store=0pm%2Ffcn%2F821&srno=s_25_966&otracker=search&otracker1=search&fm=Search&iid=cd742a2d-3533-4018-9d12-2b81b6ffc3e6.ACCHB3KYM5QBATKW.SEARCH&ppt=sp&ppn=sp&ssid=4lofaucmfk0000001753106637400&qH=54597ea1f2fc7f2e,https://rukminim2.flixcart.com/image/612/612/xif0q/headphone/t/z/l/latest-2025-bluetooth-dual-enc-wireless-earbuds-earphone-for-original-imahb82zhpdnvjpg.jpeg?q=70,Earphones,Flipkart
"TECHFIRE Earbuds with 100 HRS Playtime,(50ms Low Latenc...",442.0,3.5,5628.0,https://www.flipkart.com/techfire-earbuds-100-hrs-playtime-50ms-low-latency-bluetooth-v5-3/p/itm3b04f2e4dfbdd?pid=ACCGYYCCSCW8UFGR&lid=LSTACCGYYCCSCW8UFGRUWICM9&marketplace=FLIPKART&q=earphones&store=0pm%2Ffcn%2F821&srno=s_25_969&otracker=search&otracker1=search&fm=Search&iid=cd742a2d-3533-4018-9d12-2b81b6ffc3e6.ACCGYYCCSCW8UFGR.SEARCH&ppt=sp&ppn=sp&ssid=4lofaucmfk0000001753106637400&qH=54597ea1f2fc7f2e,https://rukminim2.flixcart.com/image/612/612/xif0q/headphone/i/z/z/bullets-max-tws-earbuds-with-100-hrs-playtime-50ms-low-latency-original-imah8retdxh5jtzb.jpeg?q=70,Earphones,Flipkart
ORAIMO OEP-E21P Wired,269.0,4.0,54.0,https://www.flipkart.com/oraimo-oep-e21p-wired/p/itm4e67802069276?pid=ACCGK5K9JQG2QGMX&lid=LSTACCGK5K9JQG2QGMX0UFUBE&marketplace=FLIPKART&q=earphones&store=0pm%2Ffcn%2F821&srno=s_25_970&otracker=search&otracker1=search&fm=Search&iid=cd742a2d-3533-4018-9d12-2b81b6ffc3e6.ACCGK5K9JQG2QGMX.SEARCH&ppt=sp&ppn=sp&ssid=4lofaucmfk0000001753106637400&qH=54597ea1f2fc7f2e,https://rukminim2.flixcart.com/image/612/612/xif0q/headphone/o/d/o/oep-e21p-oraimo-original-imahbha2pmvcebfc.jpeg?q=70,Earphones,Flipkart
"Number SuperBuds 555 with Dual Pair, 66H Battery, 32dB ...",999.0,4.1,2569.0,https://www.flipkart.com/number-superbuds-555-dual-pair-66h-battery-32db-anc-4mic-enc-35ms-latency-gaming-bluetooth/p/itmb789805f1632c?pid=ACCH3HZFP9NDDNPG&lid=LSTACCH3HZFP9NDDNPG2ASAYZ&marketplace=FLIPKART&q=earphones&store=0pm%2Ffcn%2F821&srno=s_25_973&otracker=search&otracker1=search&fm=Search&iid=cd742a2d-3533-4018-9d12-2b81b6ffc3e6.ACCH3HZFP9NDDNPG.SEARCH&ppt=sp&ppn=sp&ssid=4lofaucmfk0000001753106637400&qH=54597ea1f2fc7f2e,https://rukminim2.flixcart.com/image/612/612/xif0q/headphone/z/o/r/-original-imah45pfaf87c3uk.jpeg?q=70,Earphones,Flipkart
OnePlus E507A Bluetooth Gaming,6885.0,4.4,8105.0,https://www.flipkart.com/oneplus-e507a-bluetooth-gaming/p/itm9fdbbcded774f?pid=ACCGHTGVSZQX8ZW3&lid=LSTACCGHTGVSZQX8ZW3UGOUWY&marketplace=FLIPKART&q=earphones&store=0pm%2Ffcn%2F821&srno=s_25_974&otracker=search&otracker1=search&fm=Search&iid=cd742a2d-3533-4018-9d12-2b81b6ffc3e6.ACCGHTGVSZQX8ZW3.SEARCH&ppt=sp&ppn=sp&ssid=4lofaucmfk0000001753106637400&qH=54597ea1f2fc7f2e,https://rukminim2.flixcart.com/image/612/612/xif0q/headphone/k/9/j/buds-pro-2-oneplus-original-imaghtn8geqzfvj7.jpeg?q=70,Earphones,Flipkart
"Earboss 101 Earbud With Auto AI ENC, 13mm Bass Drivers,...",476.0,3.9,114.0,https://www.flipkart.com/earboss-101-earbud-auto-ai-enc-13mm-bass-drivers-120hrs-playback-type-c-bluetooth/p/itmb8187a41fbbb2?pid=ACCH3YQFHPMHFNNF&lid=LSTACCH3YQFHPMHFNNFPTRYBZ&marketplace=FLIPKART&q=earphones&store=0pm%2Ffcn%2F821&srno=s_25_975&otracker=search&otracker1=search&fm=Search&iid=cd742a2d-3533-4018-9d12-2b81b6ffc3e6.ACCH3YQFHPMHFNNF.SEARCH&ppt=sp&ppn=sp&ssid=4lofaucmfk0000001753106637400&qH=54597ea1f2fc7f2e,https://rukminim2.flixcart.com/image/612/612/xif0q/headphone/r/w/q/airdoze-101-earbud-with-auto-ai-enc-13mm-bass-driver-120-hrs-original-imah3uacm8beyag3.jpeg?q=70,Earphones,Flipkart
"PTron Basspods Sync with 40hrs Playback, AI ENC 4 Mic H...",699.0,3.8,572.0,https://www.flipkart.com/ptron-basspods-sync-40hrs-playback-ai-enc-4-mic-hd-calls-deep-bass-in-ear-sensor-bluetooth/p/itmdf0f49184a0d0?pid=ACCH2PKWCRDHPGJE&lid=LSTACCH2PKWCRDHPGJEMPBWLI&marketplace=FLIPKART&q=earphones&store=0pm%2Ffcn%2F821&srno=s_25_976&otracker=search&otracker1=search&fm=Search&iid=cd742a2d-3533-4018-9d12-2b81b6ffc3e6.ACCH2PKWCRDHPGJE.SEARCH&ppt=sp&ppn=sp&ssid=4lofaucmfk0000001753106637400&qH=54597ea1f2fc7f2e,https://rukminim2.flixcart.com/image/612/612/xif0q/headphone/y/x/5/basspods-sync-ptron-original-imah3fz7ufn3ve7d.jpeg?q=70,Earphones,Flipkart
"Leaf Buds X614 ANC, Active Noise Cancellation (30dB), A...",999.0,3.8,185.0,https://www.flipkart.com/leaf-buds-x614-anc-active-noise-cancellation-30db-ai-sound-app-32h-playtime-bluetooth/p/itm01a0b31003e1a?pid=ACCH4DZPGH62BGHR&lid=LSTACCH4DZPGH62BGHRIORD94&marketplace=FLIPKART&q=earphones&store=0pm%2Ffcn%2F821&srno=s_25_980&otracker=search&otracker1=search&fm=Search&iid=cd742a2d-3533-4018-9d12-2b81b6ffc3e6.ACCH4DZPGH62BGHR.SEARCH&ppt=sp&ppn=sp&ssid=4lofaucmfk0000001753106637400&qH=54597ea1f2fc7f2e,https://rukminim2.flixcart.com/image/612/612/xif0q/headphone/s/1/g/-original-imah83sn3kquyvvm.jpeg?q=70,Earphones,Flipkart
"TECHFIRE BoomBuds TWS Earbuds with 100 HRS Playtime,(50...",297.0,3.4,19244.0,https://www.flipkart.com/techfire-boombuds-tws-earbuds-100-hrs-playtime-50ms-low-latency-bluetooth/p/itm8421fb8065c3c?pid=ACCH7RHDSJTHK5GC&lid=LSTACCH7RHDSJTHK5GC311NQX&marketplace=FLIPKART&q=earphones&store=0pm%2Ffcn%2F821&srno=s_25_984&otracker=search&otracker1=search&fm=Search&iid=cd742a2d-3533-4018-9d12-2b81b6ffc3e6.ACCH7RHDSJTHK5GC.SEARCH&ppt=sp&ppn=sp&ssid=4lofaucmfk0000001753106637400&qH=54597ea1f2fc7f2e,https://rukminim2.flixcart.com/image/612/612/xif0q/headphone/c/k/n/boombuds-tws-earbuds-with-100-hrs-playtime-50ms-low-latency-original-imah88c4ccydwgcd.jpeg?q=70,Earphones,Flipkart
JBL C50HI Wired Gaming,449.0,4.0,178679.0,https://www.flipkart.com/jbl-c50hi-wired-gaming/p/itmfe9035fe3e37a?pid=ACCFGWJ7YBRXD8J4&lid=LSTACCFGWJ7YBRXD8J4YM3KZL&marketplace=FLIPKART&q=earphones&store=0pm%2Ffcn%2F821&srno=s_25_985&otracker=search&otracker1=search&fm=Search&iid=cd742a2d-3533-4018-9d12-2b81b6ffc3e6.ACCFGWJ7YBRXD8J4.SEARCH&ppt=sp&ppn=sp&ssid=4lofaucmfk0000001753106637400&qH=54597ea1f2fc7f2e,https://rukminim2.flixcart.com/image/612/612/k0lbdzk0pkrrdj/headphone/u/g/t/jbl-c50hi-rich-bass-original-imafjjw55knce2zm.jpeg?q=70,Earphones,Flipkart
"boAt Nirvana ION ANC Pro w/ Hi-Res Audio with LDAC, ANC...",2499.0,4.2,100312.0,https://www.flipkart.com/boat-nirvana-ion-anc-pro-w-hi-res-audio-ldac-anc-120-hrs-playback-multipoint-bluetooth/p/itm72dd3a2eccbe2?pid=ACCH3Y28JDPHMZSF&lid=LSTACCH3Y28JDPHMZSFNICVVG&marketplace=FLIPKART&q=earphones&store=0pm%2Ffcn%2F821&srno=s_25_986&otracker=search&otracker1=search&fm=Search&iid=cd742a2d-3533-4018-9d12-2b81b6ffc3e6.ACCH3Y28JDPHMZSF.SEARCH&ppt=sp&ppn=sp&ssid=4lofaucmfk0000001753106637400&qH=54597ea1f2fc7f2e,https://rukminim2.flixcart.com/image/612/612/xif0q/headphone/s/5/8/-original-imah5vq5mtgqdpek.jpeg?q=70,Earphones,Flipkart
Cinefx Magnetic Neckband 250h standby 200mAh Bluetooth ...,220.0,3.8,180.0,https://www.flipkart.com/cinefx-magnetic-neckband-250h-standby-200mah-bluetooth-headset-30-hour-backup/p/itmd9135466e0cb2?pid=ACCH3TBKSZTFDPJW&lid=LSTACCH3TBKSZTFDPJWU0WHBK&marketplace=FLIPKART&q=earphones&store=0pm%2Ffcn%2F821&srno=s_25_989&otracker=search&otracker1=search&fm=Search&iid=cd742a2d-3533-4018-9d12-2b81b6ffc3e6.ACCH3TBKSZTFDPJW.SEARCH&ppt=sp&ppn=sp&ssid=4lofaucmfk0000001753106637400&qH=54597ea1f2fc7f2e,https://rukminim2.flixcart.com/image/612/612/xif0q/headphone/h/s/x/magnetic-neckband-250h-standby-200mah-bluetooth-headset-30-hour-original-imah3tbaxdmab5jg.jpeg?q=70,Earphones,Flipkart
OnePlus Buds Pro 3 True Wireless In-Ear Buds Bluetooth,11999.0,4.5,1227.0,https://www.flipkart.com/oneplus-buds-pro-3-true-wireless-in-ear-bluetooth/p/itm506a8c49a55be?pid=ACCH7HSAVSKZW4PA&lid=LSTACCH7HSAVSKZW4PA6K3J5E&marketplace=FLIPKART&q=earphones&store=0pm%2Ffcn%2F821&srno=s_25_990&otracker=search&otracker1=search&fm=Search&iid=cd742a2d-3533-4018-9d12-2b81b6ffc3e6.ACCH7HSAVSKZW4PA.SEARCH&ppt=sp&ppn=sp&ssid=4lofaucmfk0000001753106637400&qH=54597ea1f2fc7f2e,https://rukminim2.flixcart.com/image/612/612/xif0q/headphone/z/4/y/buds-pro-3-true-wireless-in-ear-buds-oneplus-original-imah7m24xz6xhh9h.jpeg?q=70,Earphones,Flipkart
"Number Super Buds 999 40dB ANC Gaming TWS Earbuds,4 Mic...",899.0,3.9,3803.0,https://www.flipkart.com/number-super-buds-999-40db-anc-gaming-tws-earbuds-4-mic-enc-35ms-low-latency-2xpairing-bluetooth/p/itm230456cf8ee67?pid=ACCHYFRDQZGZFZF8&lid=LSTACCHYFRDQZGZFZF8OIUDA6&marketplace=FLIPKART&q=earphones&store=0pm%2Ffcn%2F821&srno=s_25_994&otracker=search&otracker1=search&fm=Search&iid=cd742a2d-3533-4018-9d12-2b81b6ffc3e6.ACCHYFRDQZGZFZF8.SEARCH&ppt=sp&ppn=sp&ssid=4lofaucmfk0000001753106637400&qH=54597ea1f2fc7f2e,https://rukminim2.flixcart.com/image/612/612/xif0q/headphone/p/l/0/superbuds-999-number-original-imahbjhdafhwfghh.jpeg?q=70,Earphones,Flipkart
"Mivi DuoPods K5 TWS Earbuds Metallic Finish, HD calling...",999.0,3.9,32622.0,https://www.flipkart.com/mivi-duopods-k5-tws-earbuds-metallic-finish-hd-calling-ai-enc-50h-playtime-5-3-bluetooth-gaming/p/itm56c5408242551?pid=ACCGZKGZMZGFZGTM&lid=LSTACCGZKGZMZGFZGTMW8PKD9&marketplace=FLIPKART&q=earphones&store=0pm%2Ffcn%2F821&srno=s_25_995&otracker=search&otracker1=search&fm=Search&iid=cd742a2d-3533-4018-9d12-2b81b6ffc3e6.ACCGZKGZMZGFZGTM.SEARCH&ppt=sp&ppn=sp&ssid=4lofaucmfk0000001753106637400&qH=54597ea1f2fc7f2e,https://rukminim2.flixcart.com/image/612/612/xif0q/headphone/m/r/d/-original-imagpk2fny6qnzev.jpeg?q=70,Earphones,Flipkart
Portronics Conch Kappa in Ear 3.5mm Wired Earphones wit...,299.0,4.0,86.0,https://www.flipkart.com/portronics-conch-kappa-ear-3-5mm-wired-earphones-line-hd-mic-powerful-audio/p/itmb8ebc14be1bd6?pid=ACCHBR2K838DYA3E&lid=LSTACCHBR2K838DYA3ELE6AOW&marketplace=FLIPKART&q=earphones&store=0pm%2Ffcn%2F821&srno=s_25_996&otracker=search&otracker1=search&fm=Search&iid=cd742a2d-3533-4018-9d12-2b81b6ffc3e6.ACCHBR2K838DYA3E.SEARCH&ppt=sp&ppn=sp&ssid=4lofaucmfk0000001753106637400&qH=54597ea1f2fc7f2e,https://rukminim2.flixcart.com/image/612/612/xif0q/headphone/h/3/p/conch-kappa-in-ear-3-5mm-wired-earphones-with-in-line-hd-mic-original-imahbrufvp5snf2y.jpeg?q=70,Earphones,Flipkart
Lenovo 100e Chromebook Gen 4 MediaTek Kompanio 520 - (4 GB/32 GB EMMC Storage/Chrome OS) 82W00004HA Ch...,9499.0,3.9,33.0,https://www.flipkart.com/lenovo-100e-chromebook-gen-4-mediatek-kompanio-520-4-gb-32-gb-emmc-storage-chrome-os-82w00004ha/p/itm1ae5f82096ad9?pid=COMHA9FK8YXVUUWA&lid=LSTCOMHA9FK8YXVUUWAR749MF&marketplace=FLIPKART&q=laptop+hp&store=6bo%2Fb5g&srno=s_1_1&otracker=search&fm=organic&iid=en_pWcAF8y6intqHWe6GiKPIeTmdSMPO-odrlRQGp8Ed-OLpGWNrhIqKCIBhOB8J2l-7NGitmIv19gMwKdvIp7F104IsYyWu-Pj9cxFjFAoaLk%3D&ppt=sp&ppn=sp&ssid=49xrydndqo0000001753105162195&qH=afa4496eec6c609d,https://rukminim2.flixcart.com/image/312/312/xif0q/computer/5/f/c/-original-imahd3zwben2yanx.jpeg?q=70,Laptops,Flipkart
HP Chromebook Intel Celeron Dual Core N4120 - (4 GB/64 GB EMMC Storage/Chrome OS) 14a-ca0506TU Chromeb...,17990.0,3.9,158.0,https://www.flipkart.com/hp-chromebook-intel-celeron-dual-core-n4120-4-gb-64-gb-emmc-storage-chrome-os-14a-ca0506tu/p/itmb2e03ff1f9366?pid=COMGBHKFAYHEMVAT&lid=LSTCOMGBHKFAYHEMVATTMWBVX&marketplace=FLIPKART&q=laptop+hp&store=6bo%2Fb5g&srno=s_1_2&otracker=search&fm=organic&iid=en_pWcAF8y6intqHWe6GiKPIeTmdSMPO-odrlRQGp8Ed-ML-2U-pwTkUtaeaokpPGmQDCjsPj5zGuR77J0ugOtXAYQEIsITtCzc4bHaOMTqL08%3D&ppt=sp&ppn=sp&ssid=49xrydndqo0000001753105162195&qH=afa4496eec6c609d,https://rukminim2.flixcart.com/image/312/312/xif0q/computer/d/c/f/-original-imah4sspuxggtusq.jpeg?q=70,Laptops,Flipkart
HP 15 Intel Celeron Dual Core 12th Gen -N4500 - (8 GB/256 GB SSD/Windows 11 Pro) 250 G9 Laptop,23500.0,4.1,4.0,https://www.flipkart.com/hp-15-intel-celeron-dual-core-12th-gen-n4500-8-gb-256-gb-ssd-windows-11-pro-250-g9-laptop/p/itm6929dbff87f98?pid=COMHCZFNKPRFHKHN&lid=LSTCOMHCZFNKPRFHKHNHJ68DI&marketplace=FLIPKART&q=laptop+hp&store=6bo%2Fb5g&spotlightTagId=default_TrendingId_6bo%2Fb5g&srno=s_1_3&otracker=search&fm=organic&iid=77ef25a1-c1d1-4252-9701-31cee9a2f144.COMHCZFNKPRFHKHN.SEARCH&ppt=sp&ppn=sp&ssid=49xrydndqo0000001753105162195&qH=afa4496eec6c609d,https://rukminim2.flixcart.com/image/312/312/xif0q/computer/c/z/o/250-g9-laptop-hp-original-imahczfnxwzvecxj.jpeg?q=70,Laptops,Flipkart
HP 15 G10 (2025) AMD Ryzen 3 Quad Core 7320U - (8 GB/512 GB SSD/Windows 11 Home) 15 G10 Thin and Light...,29750.0,4.3,193.0,https://www.flipkart.com/hp-15-g10-2025-amd-ryzen-3-quad-core-7320u-8-gb-512-gb-ssd-windows-11-home-thin-light-laptop/p/itm4b28b4db440f0?pid=COMH9ZS5WUN6S3H5&lid=LSTCOMH9ZS5WUN6S3H59IZ1T9&marketplace=FLIPKART&q=laptop+hp&store=6bo%2Fb5g&srno=s_1_4&otracker=search&fm=organic&iid=77ef25a1-c1d1-4252-9701-31cee9a2f144.COMH9ZS5WUN6S3H5.SEARCH&ppt=sp&ppn=sp&ssid=49xrydndqo0000001753105162195&qH=afa4496eec6c609d,https://rukminim2.flixcart.com/image/312/312/xif0q/computer/b/a/9/15-g10-thin-and-light-laptop-hp-original-imah9zs5gw5c7myz.jpeg?q=70,Laptops,Flipkart
HP 255 G10 AMD Athlon Dual Core 7120U - (8 GB/256 GB SSD/Windows 11 Home) 255 G10 Thin and Light Lapto...,24700.0,4.1,2.0,https://www.flipkart.com/hp-255-g10-amd-athlon-dual-core-7120u-8-gb-256-gb-ssd-windows-11-home-thin-light-laptop/p/itm0994d96e22416?pid=COMHBCNY8DX2T7HY&lid=LSTCOMHBCNY8DX2T7HYWUKEYT&marketplace=FLIPKART&q=laptop+hp&store=6bo%2Fb5g&srno=s_1_5&otracker=search&fm=organic&iid=77ef25a1-c1d1-4252-9701-31cee9a2f144.COMHBCNY8DX2T7HY.SEARCH&ppt=sp&ppn=sp&ssid=49xrydndqo0000001753105162195&qH=afa4496eec6c609d,https://rukminim2.flixcart.com/image/312/312/xif0q/computer/h/j/x/255-g10-thin-and-light-laptop-hp-original-imahbcnytdxhgmgu.jpeg?q=70,Laptops,Flipkart
ASUS Chromebook CX14 Intel Celeron Dual Core N4500 - (4 GB/64 GB EMMC Storage/Chrome OS) CX1405CKA-NK0...,14990.0,4.4,0.0,https://www.flipkart.com/asus-chromebook-cx14-intel-celeron-dual-core-n4500-4-gb-64-gb-emmc-storage-chrome-os-cx1405cka-nk0154/p/itmdf634cde7dec2?pid=COMHDDZ7PYJZSGUZ&lid=LSTCOMHDDZ7PYJZSGUZKERLBX&marketplace=FLIPKART&q=laptop+hp&store=6bo%2Fb5g&srno=s_1_6&otracker=search&fm=organic&iid=en_pWcAF8y6intqHWe6GiKPIeTmdSMPO-odrlRQGp8Ed-PFf28K7VVwrVbCUkFkroAf9mE9RvfaYo5RcYjIwFS0jDRKtQQVWB8eNWYNLe7VuyQ%3D&ppt=sp&ppn=sp&ssid=49xrydndqo0000001753105162195&qH=afa4496eec6c609d,https://rukminim2.flixcart.com/image/312/312/xif0q/computer/2/i/m/-original-imahdh2st3kwr6qc.jpeg?q=70,Laptops,Flipkart
HP Laptop Intel Core i3 13th Gen 1315U - (8 GB/512 GB SSD/Windows 11 Home) fd0129TU / fd0186TU Thin an...,36990.0,4.1,26.0,https://www.flipkart.com/hp-laptop-intel-core-i3-13th-gen-1315u-8-gb-512-gb-ssd-windows-11-home-fd0129tu-fd0186tu-thin-light/p/itmcf7c16556a324?pid=COMHF6WAGPZCBQVZ&lid=LSTCOMHF6WAGPZCBQVZPP4MLX&marketplace=FLIPKART&q=laptop+hp&store=6bo%2Fb5g&srno=s_1_7&otracker=search&fm=organic&iid=77ef25a1-c1d1-4252-9701-31cee9a2f144.COMHF6WAGPZCBQVZ.SEARCH&ppt=sp&ppn=sp&ssid=49xrydndqo0000001753105162195&qH=afa4496eec6c609d,https://rukminim2.flixcart.com/image/312/312/xif0q/computer/x/7/i/-original-imahdvrt3ar5vdgg.jpeg?q=70,Laptops,Flipkart
HP MSO 2024 Intel Core i3 13th Gen 1315U - (16 GB/512 GB SSD/Windows 11 Home) 15-fd0574TU Thin and Lig...,39490.0,4.1,26.0,https://www.flipkart.com/hp-mso-2024-intel-core-i3-13th-gen-1315u-16-gb-512-gb-ssd-windows-11-home-15-fd0574tu-thin-light-laptop/p/itm9126a589d1667?pid=COMHBFRJEWGN4FMY&lid=LSTCOMHBFRJEWGN4FMYJDMODS&marketplace=FLIPKART&q=laptop+hp&store=6bo%2Fb5g&srno=s_1_8&otracker=search&fm=organic&iid=77ef25a1-c1d1-4252-9701-31cee9a2f144.COMHBFRJEWGN4FMY.SEARCH&ppt=sp&ppn=sp&ssid=49xrydndqo0000001753105162195&qH=afa4496eec6c609d,https://rukminim2.flixcart.com/image/312/312/xif0q/computer/x/7/i/-original-imahdvrt3ar5vdgg.jpeg?q=70,Laptops,Flipkart
HP Intel Celeron Dual Core N4500 - (8 GB/512 GB SSD/Windows 11 Home) 15s- fq3066TU Thin and Light Lapt...,27891.0,3.8,78.0,https://www.flipkart.com/hp-intel-celeron-dual-core-n4500-8-gb-512-gb-ssd-windows-11-home-15s-fq3066tu-thin-light-laptop/p/itm973a47e6377c8?pid=COMGSB2RFTGDGBTF&lid=LSTCOMGSB2RFTGDGBTFEFZJFW&marketplace=FLIPKART&q=laptop+hp&store=6bo%2Fb5g&srno=s_1_9&otracker=search&fm=organic&iid=77ef25a1-c1d1-4252-9701-31cee9a2f144.COMGSB2RFTGDGBTF.SEARCH&ppt=sp&ppn=sp&ssid=49xrydndqo0000001753105162195&qH=afa4496eec6c609d,https://rukminim2.flixcart.com/image/312/312/xif0q/computer/c/w/c/-original-imahcd9hrgcrdkfu.jpeg?q=70,Laptops,Flipkart
HP AMD Ryzen 5 Hexa Core 5500U - (8 GB/512 GB SSD/Windows 11 Home) 15s- eq2144au Thin and Light Laptop,35990.0,4.2,598.0,https://www.flipkart.com/hp-amd-ryzen-5-hexa-core-5500u-8-gb-512-gb-ssd-windows-11-home-15s-eq2144au-thin-light-laptop/p/itmd57b41ed8750a?pid=COMGBH9JDPVGD8BH&lid=LSTCOMGBH9JDPVGD8BHPIK65Z&marketplace=FLIPKART&q=laptop+hp&store=6bo%2Fb5g&srno=s_1_10&otracker=search&fm=organic&iid=77ef25a1-c1d1-4252-9701-31cee9a2f144.COMGBH9JDPVGD8BH.SEARCH&ppt=sp&ppn=sp&ssid=49xrydndqo0000001753105162195&qH=afa4496eec6c609d,https://rukminim2.flixcart.com/image/312/312/xif0q/computer/j/a/a/-original-imahcd9zcpenszva.jpeg?q=70,Laptops,Flipkart
ASUS Chromebook Intel Celeron Dual Core N4500 - (4 GB/128 GB EMMC Storage/Chrome OS) CX1500CKA-NJ0413 ...,16990.0,3.8,273.0,https://www.flipkart.com/asus-chromebook-intel-celeron-dual-core-n4500-4-gb-128-gb-emmc-storage-chrome-os-cx1500cka-nj0413/p/itmc1d20ec9ce589?pid=COMGSHM3XZGQ5MGT&lid=LSTCOMGSHM3XZGQ5MGTME70B6&marketplace=FLIPKART&q=laptop+hp&store=6bo%2Fb5g&srno=s_1_11&otracker=search&fm=organic&iid=en_pWcAF8y6intqHWe6GiKPIeTmdSMPO-odrlRQGp8Ed-NIecMYG7di7oNjhsW3drDdnMGf-fDQWC5FxTkyGRvxXg1kFuKnWaINrJqv3pKVKuU%3D&ppt=sp&ppn=sp&ssid=49xrydndqo0000001753105162195&qH=afa4496eec6c609d,https://rukminim2.flixcart.com/image/312/312/xif0q/computer/t/n/3/cx1500cka-ej0275-chromebook-asus-original-imah2mw8nykenzdx.jpeg?q=70,Laptops,Flipkart
Lenovo Yoga Slim 7 Qualcomm Snapdragon X Plus - (32 GB/1 TB SSD/Windows 11 Home) Yoga Slim 7 14Q8X9 Th...,129190.0,,,https://www.flipkart.com/lenovo-yoga-slim-7-qualcomm-snapdragon-x-plus-32-gb-1-tb-ssd-windows-11-home-14q8x9-thin-light-laptop/p/itm54e8de57bb730?pid=COMH9C7XFM6KJGJK&lid=LSTCOMH9C7XFM6KJGJKPVFXIG&marketplace=FLIPKART&q=laptop+hp&store=6bo%2Fb5g&srno=s_1_12&otracker=search&fm=organic&iid=en_pWcAF8y6intqHWe6GiKPIeTmdSMPO-odrlRQGp8Ed-N3HnW118xdsEtEArPD8tITfZPWb_3QJX3pXWVOjJILRa8iqbiwhGf4dwbXVx7ZSks%3D&ppt=sp&ppn=sp&ssid=49xrydndqo0000001753105162195&qH=afa4496eec6c609d,https://rukminim2.flixcart.com/image/312/312/xif0q/computer/c/p/m/-original-imah3ytgpzvxyt7b.jpeg?q=70,Laptops,Flipkart
HP 14R (2025) Intel Core i3 13th Gen 1315U - (16 GB/512 GB SSD/Windows 11 Home) 14R G9 Thin and Light ...,35690.0,4.3,4.0,https://www.flipkart.com/hp-14r-2025-intel-core-i3-13th-gen-1315u-16-gb-512-gb-ssd-windows-11-home-g9-thin-light-laptop/p/itm590fc87e57789?pid=COMH9H2NSRNMBH9C&lid=LSTCOMH9H2NSRNMBH9CLSASG8&marketplace=FLIPKART&q=laptop+hp&store=6bo%2Fb5g&srno=s_1_13&otracker=search&fm=organic&iid=77ef25a1-c1d1-4252-9701-31cee9a2f144.COMH9H2NSRNMBH9C.SEARCH&ppt=sp&ppn=sp&ssid=49xrydndqo0000001753105162195&qH=afa4496eec6c609d,https://rukminim2.flixcart.com/image/312/312/xif0q/computer/m/n/h/14r-g9-thin-and-light-laptop-hp-original-imah9h2nuak3qfk5.jpeg?q=70,Laptops,Flipkart
HP 15 Intel Core 3 14th Gen 100U - (8 GB/512 GB SSD/Windows 11 Home) 15-fd1253TU/ 15-fd1225TU Thin and...,36990.0,4.0,8.0,https://www.flipkart.com/hp-15-intel-core-3-14th-gen-100u-8-gb-512-gb-ssd-windows-11-home-15-fd1253tu-15-fd1225tu-thin-light-laptop/p/itm09491ad4135b2?pid=COMHBFRJDZSGPFKZ&lid=LSTCOMHBFRJDZSGPFKZ5NBL2S&marketplace=FLIPKART&q=laptop+hp&store=6bo%2Fb5g&srno=s_1_14&otracker=search&fm=organic&iid=77ef25a1-c1d1-4252-9701-31cee9a2f144.COMHBFRJDZSGPFKZ.SEARCH&ppt=sp&ppn=sp&ssid=49xrydndqo0000001753105162195&qH=afa4496eec6c609d,https://rukminim2.flixcart.com/image/312/312/xif0q/computer/r/r/j/-original-imahd7wz7j45dyhd.jpeg?q=70,Laptops,Flipkart
HP 255 G10 (2024) AMD Ryzen 3 Quad Core 7320U - (8 GB/512 GB SSD/Windows 11 Home) 250 G10 Thin and Lig...,26800.0,4.0,51.0,https://www.flipkart.com/hp-255-g10-2024-amd-ryzen-3-quad-core-7320u-8-gb-512-gb-ssd-windows-11-home-250-thin-light-laptop/p/itmac0cd52f844ae?pid=COMH743DRRNQYDSH&lid=LSTCOMH743DRRNQYDSHDA4RDA&marketplace=FLIPKART&q=laptop+hp&store=6bo%2Fb5g&srno=s_1_15&otracker=search&fm=organic&iid=77ef25a1-c1d1-4252-9701-31cee9a2f144.COMH743DRRNQYDSH.SEARCH&ppt=sp&ppn=sp&ssid=49xrydndqo0000001753105162195&qH=afa4496eec6c609d,https://rukminim2.flixcart.com/image/312/312/xif0q/computer/j/3/g/250-g10-laptop-hp-original-imah743dczyznxz9.jpeg?q=70,Laptops,Flipkart
HP 15s AMD Ryzen 3 Quad Core 5300U - (8 GB/512 GB SSD/Windows 11 Home) 15s-eq2143au Thin and Light Lap...,33540.0,4.2,475.0,https://www.flipkart.com/hp-15s-amd-ryzen-3-quad-core-5300u-8-gb-512-gb-ssd-windows-11-home-15s-eq2143au-thin-light-laptop/p/itm59e288d010cef?pid=COMGAX8EEYFKCESS&lid=LSTCOMGAX8EEYFKCESSGYR1YX&marketplace=FLIPKART&q=laptop+hp&store=6bo%2Fb5g&srno=s_1_16&otracker=search&fm=organic&iid=77ef25a1-c1d1-4252-9701-31cee9a2f144.COMGAX8EEYFKCESS.SEARCH&ppt=sp&ppn=sp&ssid=49xrydndqo0000001753105162195&qH=afa4496eec6c609d,https://rukminim2.flixcart.com/image/312/312/xif0q/computer/s/l/t/-original-imahcd9ngf4h2cjy.jpeg?q=70,Laptops,Flipkart
Lenovo 100e Chromebook Gen 4 MediaTek MediaTek Kompanio 528 - (4 GB/64 GB EMMC Storage/Chrome OS) 82W0...,10499.0,3.8,17.0,https://www.flipkart.com/lenovo-100e-chromebook-gen-4-mediatek-kompanio-528-4-gb-64-gb-emmc-storage-chrome-os-82w0001dha/p/itm37ef89935fcd5?pid=COMHA9FKZ7KSC3SZ&lid=LSTCOMHA9FKZ7KSC3SZ6YMQQQ&marketplace=FLIPKART&q=laptop+hp&store=6bo%2Fb5g&srno=s_1_17&otracker=search&fm=organic&iid=en_pWcAF8y6intqHWe6GiKPIeTmdSMPO-odrlRQGp8Ed-PuJkQF1WPvKY0t_3ZsKMoER4Op7HQ5oGMqJd5B81B-vh7zrT4gkWAkPCdPBnPCejA%3D&ppt=sp&ppn=sp&ssid=49xrydndqo0000001753105162195&qH=afa4496eec6c609d,https://rukminim2.flixcart.com/image/312/312/xif0q/computer/5/f/c/-original-imahd3zwben2yanx.jpeg?q=70,Laptops,Flipkart
Lenovo Chromebook MediaTek Kompanio 520 - (4 GB/128 GB EMMC Storage/Chrome OS) 14M868 Chromebook,13990.0,3.8,197.0,https://www.flipkart.com/lenovo-chromebook-mediatek-kompanio-520-4-gb-128-gb-emmc-storage-chrome-os-14m868/p/itm4dc67999fe3de?pid=COMGSYYSHRSUEGMG&lid=LSTCOMGSYYSHRSUEGMGL82DZU&marketplace=FLIPKART&q=laptop+hp&store=6bo%2Fb5g&srno=s_1_18&otracker=search&fm=organic&iid=en_pWcAF8y6intqHWe6GiKPIeTmdSMPO-odrlRQGp8Ed-PpIvGcr31BBOTgVBwlQKFCfpQgqC0aSdv8fB69XlaMKTaXAI15xQIPam6Hsx54Dy4%3D&ppt=sp&ppn=sp&ssid=49xrydndqo0000001753105162195&qH=afa4496eec6c609d,https://rukminim2.flixcart.com/image/312/312/xif0q/computer/f/6/g/-original-imagy3tzbj3xgvu4.jpeg?q=70,Laptops,Flipkart
HP (2024) Intel Core i3 12th Gen 1215U - (8 GB/512 GB SSD/Windows 11 Home) 15-fd0061TU Thin and Light ...,33990.0,3.9,10.0,https://www.flipkart.com/hp-2024-intel-core-i3-12th-gen-1215u-8-gb-512-gb-ssd-windows-11-home-15-fd0061tu-thin-light-laptop/p/itmae9a067923020?pid=COMH6AHAGBDZW429&lid=LSTCOMH6AHAGBDZW429RUFX9C&marketplace=FLIPKART&q=laptop+hp&store=6bo%2Fb5g&srno=s_1_19&otracker=search&fm=organic&iid=77ef25a1-c1d1-4252-9701-31cee9a2f144.COMH6AHAGBDZW429.SEARCH&ppt=sp&ppn=sp&ssid=49xrydndqo0000001753105162195&qH=afa4496eec6c609d,https://rukminim2.flixcart.com/image/312/312/xif0q/computer/x/j/9/-original-imahbgw5pwf7f2gy.jpeg?q=70,Laptops,Flipkart
HP 15 G9 (2025) AMD Ryzen 3 Dual Core 3250U - (16 GB/512 GB SSD/Windows 11 Pro) 15 G9 Thin and Light L...,28990.0,4.1,10.0,https://www.flipkart.com/hp-15-g9-2025-amd-ryzen-3-dual-core-3250u-16-gb-512-gb-ssd-windows-11-pro-thin-light-laptop/p/itma7df4d7d70080?pid=COMH9DVYSUGVCXZV&lid=LSTCOMH9DVYSUGVCXZVPVDYKB&marketplace=FLIPKART&q=laptop+hp&store=6bo%2Fb5g&spotlightTagId=default_TrendingId_6bo%2Fb5g&srno=s_1_20&otracker=search&fm=organic&iid=77ef25a1-c1d1-4252-9701-31cee9a2f144.COMH9DVYSUGVCXZV.SEARCH&ppt=sp&ppn=sp&ssid=49xrydndqo0000001753105162195&qH=afa4496eec6c609d,https://rukminim2.flixcart.com/image/312/312/xif0q/computer/y/2/q/15-g9-thin-and-light-laptop-hp-original-imah9h2hecydjh2c.jpeg?q=70,Laptops,Flipkart
HP Intel Core i5 13th Gen 1334U - (16 GB/512 GB SSD/Windows 11 Home) 15-fd0576TU Thin and Light Laptop,53500.0,4.0,1.0,https://www.flipkart.com/hp-intel-core-i5-13th-gen-1334u-16-gb-512-gb-ssd-windows-11-home-15-fd0576tu-thin-light-laptop/p/itmcd72f4dbb1a74?pid=COMHBFRJFZRPG8ZH&lid=LSTCOMHBFRJFZRPG8ZHHBO2GK&marketplace=FLIPKART&q=laptop+hp&store=6bo%2Fb5g&srno=s_1_21&otracker=search&fm=organic&iid=77ef25a1-c1d1-4252-9701-31cee9a2f144.COMHBFRJFZRPG8ZH.SEARCH&ppt=sp&ppn=sp&ssid=49xrydndqo0000001753105162195&qH=afa4496eec6c609d,https://rukminim2.flixcart.com/image/312/312/xif0q/computer/x/s/p/-original-imahbngsvbzkyhqh.jpeg?q=70,Laptops,Flipkart
HP 240 G8 Intel Core i3 11th Gen 1115G4 - (8 GB/512 GB SSD/Windows 11 Home) 240 G8 Business Laptop,30999.0,4.2,14.0,https://www.flipkart.com/hp-240-g8-intel-core-i3-11th-gen-1115g4-8-gb-512-gb-ssd-windows-11-home-business-laptop/p/itm4bea4ae5c4254?pid=COMGKGWHFZUUG62U&lid=LSTCOMGKGWHFZUUG62UINL6LX&marketplace=FLIPKART&q=laptop+hp&store=6bo%2Fb5g&srno=s_1_22&otracker=search&fm=organic&iid=77ef25a1-c1d1-4252-9701-31cee9a2f144.COMGKGWHFZUUG62U.SEARCH&ppt=sp&ppn=sp&ssid=49xrydndqo0000001753105162195&qH=afa4496eec6c609d,https://rukminim2.flixcart.com/image/312/312/xif0q/computer/w/h/p/240-g8-business-laptop-hp-original-imah4yc47mnhps6h.jpeg?q=70,Laptops,Flipkart
HP 250 G9 Intel Celeron Dual Core N4500 - (8 GB/256 GB SSD/Windows 11 Home) 250 G9 Thin and Light Lapt...,23990.0,4.1,2.0,https://www.flipkart.com/hp-250-g9-intel-celeron-dual-core-n4500-8-gb-256-gb-ssd-windows-11-home-thin-light-laptop/p/itmf0a680c05d471?pid=COMGZK2Z2DT2PVXZ&lid=LSTCOMGZK2Z2DT2PVXZQR0XOG&marketplace=FLIPKART&q=laptop+hp&store=6bo%2Fb5g&srno=s_1_23&otracker=search&fm=organic&iid=77ef25a1-c1d1-4252-9701-31cee9a2f144.COMGZK2Z2DT2PVXZ.SEARCH&ppt=sp&ppn=sp&ssid=49xrydndqo0000001753105162195&qH=afa4496eec6c609d,https://rukminim2.flixcart.com/image/312/312/xif0q/computer/w/d/n/245-g8-business-laptop-hp-original-imagykcscqsk5ppk.jpeg?q=70,Laptops,Flipkart
HP 250R G9 (2024) Intel Core i3 13th Gen Intel Core i3 - 1315U (13th Gen) - (8 GB/512 GB SSD/Windows 1...,33390.0,4.4,1.0,https://www.flipkart.com/hp-250r-g9-2024-intel-core-i3-13th-gen-1315u-13th-gen-8-gb-512-gb-ssd-windows-11-home-thin-light-laptop/p/itmff5abac6385ed?pid=COMH75KHRZHEHBNY&lid=LSTCOMH75KHRZHEHBNYTU45X8&marketplace=FLIPKART&q=laptop+hp&store=6bo%2Fb5g&srno=s_1_24&otracker=search&fm=organic&iid=77ef25a1-c1d1-4252-9701-31cee9a2f144.COMH75KHRZHEHBNY.SEARCH&ppt=sp&ppn=sp&ssid=49xrydndqo0000001753105162195&qH=afa4496eec6c609d,https://rukminim2.flixcart.com/image/312/312/xif0q/computer/q/t/o/250r-g9-thin-and-light-laptop-hp-original-imah77g3dbdcvy6p.jpeg?q=70,Laptops,Flipkart
HP 14s Intel Pentium Quad Core N6000 - (8 GB/512 GB SSD/Windows 11 Home) 14S-DR3003TU Thin and Light L...,27990.0,3.0,2.0,https://www.flipkart.com/hp-14s-intel-pentium-quad-core-n6000-8-gb-512-gb-ssd-windows-11-home-14s-dr3003tu-thin-light-laptop/p/itm9dd5b1aafbe1f?pid=COMGU8XQCSH3WGFQ&lid=LSTCOMGU8XQCSH3WGFQYGVIZJ&marketplace=FLIPKART&q=laptop+hp&store=6bo%2Fb5g&srno=s_2_25&otracker=search&fm=organic&iid=47a22e03-2247-4af6-a25c-b699dfd72f08.COMGU8XQCSH3WGFQ.SEARCH&ppt=sp&ppn=sp&ssid=ryqe1754fk0000001753105174173&qH=afa4496eec6c609d,https://rukminim2.flixcart.com/image/312/312/xif0q/computer/b/x/c/14s-dr3003tu-thin-and-light-laptop-hp-original-imah3smtgtfhktzq.jpeg?q=70,Laptops,Flipkart
HP Pavilion MSO 2021 AMD Ryzen 5 Hexa Core 8540U - (16 GB/512 GB SSD/Windows 11 Home) 16-ag0019AU Thin...,58990.0,4.1,10.0,https://www.flipkart.com/hp-pavilion-mso-2021-amd-ryzen-5-hexa-core-8540u-16-gb-512-gb-ssd-windows-11-home-16-ag0019au-thin-light-laptop/p/itmd14c7a58f1b78?pid=COMHAZY5ZQZQQDKZ&lid=LSTCOMHAZY5ZQZQQDKZ7RBKNI&marketplace=FLIPKART&q=laptop+hp&store=6bo%2Fb5g&srno=s_2_26&otracker=search&fm=organic&iid=47a22e03-2247-4af6-a25c-b699dfd72f08.COMHAZY5ZQZQQDKZ.SEARCH&ppt=sp&ppn=sp&ssid=ryqe1754fk0000001753105174173&qH=afa4496eec6c609d,https://rukminim2.flixcart.com/image/312/312/xif0q/computer/m/z/b/-original-imahdxrfv2ecajy4.jpeg?q=70,Laptops,Flipkart
HP 255 G9 841W6pa AMD Ryzen 3 Dual Core - (8 GB/512 GB SSD/DOS) 6E3Z0PA Laptop,29990.0,3.9,23.0,https://www.flipkart.com/hp-255-g9-841w6pa-amd-ryzen-3-dual-core-8-gb-512-gb-ssd-dos-6e3z0pa-laptop/p/itm4beacda3f5a12?pid=COMGRDEXFPKNER34&lid=LSTCOMGRDEXFPKNER34XEIWWO&marketplace=FLIPKART&q=laptop+hp&store=6bo%2Fb5g&srno=s_2_29&otracker=search&fm=organic&iid=47a22e03-2247-4af6-a25c-b699dfd72f08.COMGRDEXFPKNER34.SEARCH&ppt=sp&ppn=sp&ssid=ryqe1754fk0000001753105174173&qH=afa4496eec6c609d,https://rukminim2.flixcart.com/image/312/312/xif0q/computer/z/e/i/255-g8-laptop-hp-original-imagrfr3trshn7eg.jpeg?q=70,Laptops,Flipkart
HP 255 G9 AMD Ryzen 3 Dual Core 3250 - (8 GB/512 GB SSD/Windows 11 Home) 255 G8 Thin and Light Laptop,27490.0,4.1,108.0,https://www.flipkart.com/hp-255-g9-amd-ryzen-3-dual-core-3250-8-gb-512-gb-ssd-windows-11-home-g8-thin-light-laptop/p/itm087b6d1981ee8?pid=COMGFBK9A3Z2QD9H&lid=LSTCOMGFBK9A3Z2QD9HGGY2DL&marketplace=FLIPKART&q=laptop+hp&store=6bo%2Fb5g&srno=s_2_30&otracker=search&fm=organic&iid=47a22e03-2247-4af6-a25c-b699dfd72f08.COMGFBK9A3Z2QD9H.SEARCH&ppt=sp&ppn=sp&ssid=ryqe1754fk0000001753105174173&qH=afa4496eec6c609d,https://rukminim2.flixcart.com/image/312/312/l48s9zk0/computer/6/z/k/hp-laptop-255-g8-notebook-notebook-hp-original-imagf6hthg9zbxug.jpeg?q=70,Laptops,Flipkart
HP Intel Core i5 12th Gen 1235U - (16 GB/512 GB SSD/Windows 11 Home) 15s-fq5330TU|15-fd0111TU Thin and...,48180.0,4.2,360.0,https://www.flipkart.com/hp-intel-core-i5-12th-gen-1235u-16-gb-512-gb-ssd-windows-11-home-15s-fq5330tu-15-fd0111tu-thin-light-laptop/p/itm5b5f94f7b044c?pid=COMGXNZGJV3MEMWM&lid=LSTCOMGXNZGJV3MEMWMSNTVIR&marketplace=FLIPKART&q=laptop+hp&store=6bo%2Fb5g&srno=s_2_33&otracker=search&fm=organic&iid=47a22e03-2247-4af6-a25c-b699dfd72f08.COMGXNZGJV3MEMWM.SEARCH&ppt=sp&ppn=sp&ssid=ryqe1754fk0000001753105174173&qH=afa4496eec6c609d,https://rukminim2.flixcart.com/image/312/312/xif0q/computer/v/l/k/-original-imahcd9n7cznyzaa.jpeg?q=70,Laptops,Flipkart
HP Chromebook MediaTek MT8183 - (4 GB/64 GB EMMC Storage/Chrome OS) 11A-NA0002MU Chromebook,17890.0,3.7,603.0,https://www.flipkart.com/hp-chromebook-mediatek-mt8183-4-gb-64-gb-emmc-storage-chrome-os-11a-na0002mu/p/itmd49c881ebf1ac?pid=COMGYJYYA7FFRXZC&lid=LSTCOMGYJYYA7FFRXZCBWFST1&marketplace=FLIPKART&q=laptop+hp&store=6bo%2Fb5g&srno=s_2_34&otracker=search&fm=organic&iid=47a22e03-2247-4af6-a25c-b699dfd72f08.COMGYJYYA7FFRXZC.SEARCH&ppt=sp&ppn=sp&ssid=ryqe1754fk0000001753105174173&qH=afa4496eec6c609d,https://rukminim2.flixcart.com/image/312/312/xif0q/computer/h/b/6/11a-na0002mu-chromebook-laptop-hp-original-imah47xukpa3hgxg.jpeg?q=70,Laptops,Flipkart
HP 255 G10 AMD Ryzen 5 Quad Core 7520U - (8 GB/512 GB SSD/Windows 11 Home) 255 G10 Thin and Light Lapt...,29780.0,3.8,0.0,https://www.flipkart.com/hp-255-g10-amd-ryzen-5-quad-core-7520u-8-gb-512-gb-ssd-windows-11-home-thin-light-laptop/p/itm7518784ff76c4?pid=COMHCURDCJMGFKQ8&lid=LSTCOMHCURDCJMGFKQ8MFW2NO&marketplace=FLIPKART&q=laptop+hp&store=6bo%2Fb5g&srno=s_2_35&otracker=search&fm=organic&iid=47a22e03-2247-4af6-a25c-b699dfd72f08.COMHCURDCJMGFKQ8.SEARCH&ppt=sp&ppn=sp&ssid=ryqe1754fk0000001753105174173&qH=afa4496eec6c609d,https://rukminim2.flixcart.com/image/312/312/xif0q/computer/l/l/m/255-g10-thin-and-light-laptop-hp-original-imah9ca3wzcccy8g.jpeg?q=70,Laptops,Flipkart
HP Laptop AMD Ryzen 3 Quad Core 5300U - (8 GB/512 GB SSD/Windows 11 Home) 15s- eq2213AU Thin and Light...,32190.0,4.0,51.0,https://www.flipkart.com/hp-laptop-amd-ryzen-3-quad-core-5300u-8-gb-512-gb-ssd-windows-11-home-15s-eq2213au-thin-light/p/itm5bc815074c08a?pid=COMGHAGNDSCB8WWQ&lid=LSTCOMGHAGNDSCB8WWQL2GB00&marketplace=FLIPKART&q=laptop+hp&store=6bo%2Fb5g&srno=s_2_36&otracker=search&fm=organic&iid=47a22e03-2247-4af6-a25c-b699dfd72f08.COMGHAGNDSCB8WWQ.SEARCH&ppt=sp&ppn=sp&ssid=ryqe1754fk0000001753105174173&qH=afa4496eec6c609d,https://rukminim2.flixcart.com/image/312/312/xif0q/computer/c/i/t/-original-imagykgqgcfyqjpf.jpeg?q=70,Laptops,Flipkart
HP 15s Intel Core i3 12th Gen 1215U - (8 GB/512 GB SSD/Windows 11 Home) 15s-fy5003TU Thin and Light La...,34490.0,4.2,370.0,https://www.flipkart.com/hp-15s-intel-core-i3-12th-gen-1215u-8-gb-512-gb-ssd-windows-11-home-15s-fy5003tu-thin-light-laptop/p/itm2977a9ca00317?pid=COMGZVGHE9QU8C6M&lid=LSTCOMGZVGHE9QU8C6MHJQTO4&marketplace=FLIPKART&q=laptop+hp&store=6bo%2Fb5g&srno=s_2_39&otracker=search&fm=organic&iid=47a22e03-2247-4af6-a25c-b699dfd72f08.COMGZVGHE9QU8C6M.SEARCH&ppt=sp&ppn=sp&ssid=ryqe1754fk0000001753105174173&qH=afa4496eec6c609d,https://rukminim2.flixcart.com/image/312/312/xif0q/computer/c/j/c/-original-imahcd9arucnzwgg.jpeg?q=70,Laptops,Flipkart
HP Victus Intel Core i5 13th Gen 13420H - (16 GB/512 GB SSD/Windows 11 Home/6 GB Graphics/NVIDIA GeFor...,68990.0,4.2,6.0,https://www.flipkart.com/hp-victus-intel-core-i5-13th-gen-13420h-16-gb-512-gb-ssd-windows-11-home-6-graphics-nvidia-geforce-rtx-3050-144-hz-15-fa2700tx-gaming-laptop/p/itm068529921479d?pid=COMH8VXVWNPAZCSX&lid=LSTCOMH8VXVWNPAZCSX9Y3PQV&marketplace=FLIPKART&q=laptop+hp&store=6bo%2Fb5g&srno=s_2_40&otracker=search&fm=organic&iid=47a22e03-2247-4af6-a25c-b699dfd72f08.COMH8VXVWNPAZCSX.SEARCH&ppt=sp&ppn=sp&ssid=ryqe1754fk0000001753105174173&qH=afa4496eec6c609d,https://rukminim2.flixcart.com/image/312/312/xif0q/computer/c/n/r/-original-imahdxrfayjr8mnr.jpeg?q=70,Laptops,Flipkart
HP 15R (2025) Intel Core i3 13th Gen 1315U - (16 GB/512 GB SSD/Windows 11 Home) 15R G9 Thin and Light ...,35990.0,4.0,3.0,https://www.flipkart.com/hp-15r-2025-intel-core-i3-13th-gen-1315u-16-gb-512-gb-ssd-windows-11-home-g9-thin-light-laptop/p/itma7df4d7d70080?pid=COMH9MT3HWTYP8UY&lid=LSTCOMH9MT3HWTYP8UYKYUKPD&marketplace=FLIPKART&q=laptop+hp&store=6bo%2Fb5g&srno=s_2_42&otracker=search&fm=organic&iid=47a22e03-2247-4af6-a25c-b699dfd72f08.COMH9MT3HWTYP8UY.SEARCH&ppt=sp&ppn=sp&ssid=ryqe1754fk0000001753105174173&qH=afa4496eec6c609d,https://rukminim2.flixcart.com/image/312/312/xif0q/computer/r/y/i/15r-g9-thin-and-light-laptop-hp-original-imah9m5bkrhtb4me.jpeg?q=70,Laptops,Flipkart
HP 15s AMD Ryzen 3 Quad Core 5300U - (8 GB/512 GB SSD/Windows 10 Home) 15s- EQ2042AU Thin and Light La...,31990.0,4.3,46.0,https://www.flipkart.com/hp-15s-amd-ryzen-3-quad-core-5300u-8-gb-512-gb-ssd-windows-10-home-15s-eq2042au-thin-light-laptop/p/itmafa17a199da31?pid=COMG56SQHHEUNGJP&lid=LSTCOMG56SQHHEUNGJPRDSTBJ&marketplace=FLIPKART&q=laptop+hp&store=6bo%2Fb5g&srno=s_2_43&otracker=search&fm=organic&iid=47a22e03-2247-4af6-a25c-b699dfd72f08.COMG56SQHHEUNGJP.SEARCH&ppt=sp&ppn=sp&ssid=ryqe1754fk0000001753105174173&qH=afa4496eec6c609d,https://rukminim2.flixcart.com/image/312/312/xif0q/computer/i/n/9/-original-imagp8xzevzkrnhq.jpeg?q=70,Laptops,Flipkart
HP Pavilion AI PC Intel Core Ultra 5 125U - (16 GB/1 TB SSD/Windows 11 Home) 16-af0056TU Thin and Ligh...,62990.0,4.4,22.0,https://www.flipkart.com/hp-pavilion-ai-pc-intel-core-ultra-5-125u-16-gb-1-tb-ssd-windows-11-home-16-af0056tu-thin-light-laptop/p/itmb12a25b64f62b?pid=COMH4KYWQJYGZF2Z&lid=LSTCOMH4KYWQJYGZF2ZK6L5GL&marketplace=FLIPKART&q=laptop+hp&store=6bo%2Fb5g&srno=s_2_44&otracker=search&fm=organic&iid=47a22e03-2247-4af6-a25c-b699dfd72f08.COMH4KYWQJYGZF2Z.SEARCH&ppt=sp&ppn=sp&ssid=ryqe1754fk0000001753105174173&qH=afa4496eec6c609d,https://rukminim2.flixcart.com/image/312/312/xif0q/computer/c/d/t/-original-imahcd9hprgjutnb.jpeg?q=70,Laptops,Flipkart
"HP 255 G10 AMD Ryzen 3 Octa Core 13th Gen AMD Ryzen™ 3 7320U (up to 4.1 GHz, 4 cores, 8 threads) - (8 ...",29779.0,3.8,17.0,https://www.flipkart.com/hp-255-g10-amd-ryzen-3-octa-core-13th-gen-ryzen-7320u-up-4-1-ghz-4-cores-8-threads-8-gb-512-gb-ssd-windows-11-pro-business-laptop/p/itm500aee02a6f84?pid=COMH7Z9HYGGWDPFS&lid=LSTCOMH7Z9HYGGWDPFSULPKZD&marketplace=FLIPKART&q=laptop+hp&store=6bo%2Fb5g&srno=s_2_45&otracker=search&fm=organic&iid=47a22e03-2247-4af6-a25c-b699dfd72f08.COMH7Z9HYGGWDPFS.SEARCH&ppt=sp&ppn=sp&ssid=ryqe1754fk0000001753105174173&qH=afa4496eec6c609d,https://rukminim2.flixcart.com/image/312/312/xif0q/computer/g/w/y/255-g10-business-laptop-hp-original-imah7z9hgmfsghqh.jpeg?q=70,Laptops,Flipkart
HP Intel Pentium Quad Core N6000 - (8 GB/256 GB SSD/Windows 10 Home) 14s- DQ3018TU Thin and Light Lapt...,27999.0,4.2,241.0,https://www.flipkart.com/hp-intel-pentium-quad-core-n6000-8-gb-256-gb-ssd-windows-10-home-14s-dq3018tu-thin-light-laptop/p/itm2c4f3ece70324?pid=COMG2HDWHWHHJV4E&lid=LSTCOMG2HDWHWHHJV4EUQMZSP&marketplace=FLIPKART&q=laptop+hp&store=6bo%2Fb5g&srno=s_2_46&otracker=search&fm=organic&iid=47a22e03-2247-4af6-a25c-b699dfd72f08.COMG2HDWHWHHJV4E.SEARCH&ppt=sp&ppn=sp&ssid=ryqe1754fk0000001753105174173&qH=afa4496eec6c609d,https://rukminim2.flixcart.com/image/312/312/xif0q/computer/t/j/g/-original-imagp8xzcrqaqykz.jpeg?q=70,Laptops,Flipkart
HP 250R G9 Intel Core i3 13th Gen 1315U - (8 GB/512 GB SSD/Windows 11 Home) 42V68PA Thin and Light Lap...,33490.0,4.2,16.0,https://www.flipkart.com/hp-250r-g9-intel-core-i3-13th-gen-1315u-8-gb-512-gb-ssd-windows-11-home-42v68pa-thin-light-laptop/p/itm9015dcea94ace?pid=COMG3N59B6DRHGKW&lid=LSTCOMG3N59B6DRHGKWJTYTCD&marketplace=FLIPKART&q=laptop+hp&store=6bo%2Fb5g&srno=s_2_47&otracker=search&fm=organic&iid=47a22e03-2247-4af6-a25c-b699dfd72f08.COMG3N59B6DRHGKW.SEARCH&ppt=sp&ppn=sp&ssid=ryqe1754fk0000001753105174173&qH=afa4496eec6c609d,https://rukminim2.flixcart.com/image/312/312/kolsscw0/computer/s/x/d/250-g8-thin-and-light-laptop-hp-original-imag3f4kmcvnhkz9.jpeg?q=70,Laptops,Flipkart
HP 15s AMD Ryzen 3 Dual Core 3250U - (8 GB/512 GB SSD/Windows 11 Home) 15s- eq1580AU Thin and Light La...,32990.0,4.2,370.0,https://www.flipkart.com/hp-15s-amd-ryzen-3-dual-core-3250u-8-gb-512-gb-ssd-windows-11-home-15s-eq1580au-thin-light-laptop/p/itm286c2761c52f0?pid=COMGZYRYCB3JVMJS&lid=LSTCOMGZYRYCB3JVMJS5L5TAD&marketplace=FLIPKART&q=laptop+hp&store=6bo%2Fb5g&srno=s_2_48&otracker=search&fm=organic&iid=47a22e03-2247-4af6-a25c-b699dfd72f08.COMGZYRYCB3JVMJS.SEARCH&ppt=sp&ppn=sp&ssid=ryqe1754fk0000001753105174173&qH=afa4496eec6c609d,https://rukminim2.flixcart.com/image/312/312/xif0q/computer/n/z/i/15s-eq1580au-thin-and-light-laptop-hp-original-imah3smzqduqr6hy.jpeg?q=70,Laptops,Flipkart
HP AMD Ryzen 5 Quad Core 7520U - (16 GB/512 GB SSD/Windows 11 Home) 15-fc0156AU Thin and Light Laptop,42990.0,4.0,14.0,https://www.flipkart.com/hp-amd-ryzen-5-quad-core-7520u-16-gb-512-gb-ssd-windows-11-home-15-fc0156au-thin-light-laptop/p/itma0fa438e7d192?pid=COMH4N76ZS7U93JE&lid=LSTCOMH4N76ZS7U93JEON3TMR&marketplace=FLIPKART&q=laptop+hp&store=6bo%2Fb5g&srno=s_3_49&otracker=search&fm=organic&iid=b5be16e0-0e69-42e0-81ac-9f1a7bbd0a73.COMH4N76ZS7U93JE.SEARCH&ppt=sp&ppn=sp&ssid=rymuisp3q80000001753105185106&qH=afa4496eec6c609d,https://rukminim2.flixcart.com/image/312/312/xif0q/computer/d/x/x/-original-imahdvruhjhjwf7z.jpeg?q=70,Laptops,Flipkart
HP 255 G9 AMD Athlon Dual Core AMD Athlon Silver-3050U - (4 GB/256 GB SSD/DOS) 255 G9 Thin and Light L...,21790.0,4.0,131.0,https://www.flipkart.com/hp-255-g9-amd-athlon-dual-core-silver-3050u-4-gb-256-gb-ssd-dos-thin-light-laptop/p/itmffac8a2b263c2?pid=COMGQRK4BKTZK5CC&lid=LSTCOMGQRK4BKTZK5CC0Z72CP&marketplace=FLIPKART&q=laptop+hp&store=6bo%2Fb5g&srno=s_3_50&otracker=search&fm=organic&iid=b5be16e0-0e69-42e0-81ac-9f1a7bbd0a73.COMGQRK4BKTZK5CC.SEARCH&ppt=sp&ppn=sp&ssid=rymuisp3q80000001753105185106&qH=afa4496eec6c609d,https://rukminim2.flixcart.com/image/312/312/xif0q/computer/u/f/8/255-g8-notebook-hp-original-imagq6emcferpkfx.jpeg?q=70,Laptops,Flipkart
HP 15 (2025) Intel Celeron Dual Core N4500 - (8 GB/512 GB SSD/Windows 11 Home) 15 Thin and Light Lapto...,24880.0,4.0,1.0,https://www.flipkart.com/hp-15-2025-intel-celeron-dual-core-n4500-8-gb-512-gb-ssd-windows-11-home-thin-light-laptop/p/itmb3ffec5d55b8a?pid=COMHCKEUHEYKRETG&lid=LSTCOMHCKEUHEYKRETGFPRVBN&marketplace=FLIPKART&q=laptop+hp&store=6bo%2Fb5g&srno=s_3_53&otracker=search&fm=organic&iid=b5be16e0-0e69-42e0-81ac-9f1a7bbd0a73.COMHCKEUHEYKRETG.SEARCH&ppt=sp&ppn=sp&ssid=rymuisp3q80000001753105185106&qH=afa4496eec6c609d,https://rukminim2.flixcart.com/image/312/312/xif0q/computer/v/l/7/15-thin-and-light-laptop-hp-original-imahckeutfgeqphz.jpeg?q=70,Laptops,Flipkart
HP 245G9 AMD Ryzen 3 Dual Core AMD Ryzen 3 3250U - (8 GB/512 GB SSD/Windows 11 Home) 245 G8 Business L...,31990.0,4.1,32.0,https://www.flipkart.com/hp-245g9-amd-ryzen-3-dual-core-3250u-8-gb-512-gb-ssd-windows-11-home-245-g8-business-laptop/p/itmf0a680c05d471?pid=COMGHNBG4KF5UYJH&lid=LSTCOMGHNBG4KF5UYJHVLBNUR&marketplace=FLIPKART&q=laptop+hp&store=6bo%2Fb5g&srno=s_3_54&otracker=search&fm=organic&iid=b5be16e0-0e69-42e0-81ac-9f1a7bbd0a73.COMGHNBG4KF5UYJH.SEARCH&ppt=sp&ppn=sp&ssid=rymuisp3q80000001753105185106&qH=afa4496eec6c609d,https://rukminim2.flixcart.com/image/312/312/xif0q/computer/w/d/n/245-g8-business-laptop-hp-original-imagykcscqsk5ppk.jpeg?q=70,Laptops,Flipkart
HP 15s Intel Core i3 12th Gen 1215U - (8 GB/512 GB SSD/Windows 11 Home) 15s-fq5327TU / FD0063TU Thin a...,35990.0,4.2,579.0,https://www.flipkart.com/hp-15s-intel-core-i3-12th-gen-1215u-8-gb-512-gb-ssd-windows-11-home-15s-fq5327tu-fd0063tu-thin-light-laptop/p/itm797b10e1b8bca?pid=COMGYHP5MCEYZHSV&lid=LSTCOMGYHP5MCEYZHSVTVJRS5&marketplace=FLIPKART&q=laptop+hp&store=6bo%2Fb5g&srno=s_3_55&otracker=search&fm=organic&iid=b5be16e0-0e69-42e0-81ac-9f1a7bbd0a73.COMGYHP5MCEYZHSV.SEARCH&ppt=sp&ppn=sp&ssid=rymuisp3q80000001753105185106&qH=afa4496eec6c609d,https://rukminim2.flixcart.com/image/312/312/xif0q/computer/4/d/u/-original-imahcd9pannrgdfk.jpeg?q=70,Laptops,Flipkart
HP 15 (2025) Intel Celeron Dual Core N4500 - (8 GB/256 GB SSD/Windows 11 Home) 15 Thin and Light Lapto...,22700.0,3.7,0.0,https://www.flipkart.com/hp-15-2025-intel-celeron-dual-core-n4500-8-gb-256-gb-ssd-windows-11-home-thin-light-laptop/p/itmc1a20f4bad2fa?pid=COMHCKFDQ7YXCDRG&lid=LSTCOMHCKFDQ7YXCDRGZUFLA8&marketplace=FLIPKART&q=laptop+hp&store=6bo%2Fb5g&srno=s_3_56&otracker=search&fm=organic&iid=b5be16e0-0e69-42e0-81ac-9f1a7bbd0a73.COMHCKFDQ7YXCDRG.SEARCH&ppt=sp&ppn=sp&ssid=rymuisp3q80000001753105185106&qH=afa4496eec6c609d,https://rukminim2.flixcart.com/image/312/312/xif0q/computer/h/e/l/15-thin-and-light-laptop-hp-original-imahckfdzavvhe9f.jpeg?q=70,Laptops,Flipkart
HP 15 G9 (2025) AMD Ryzen 3 Dual Core 3250U - (8 GB/512 GB SSD/Windows 11 Home) 15 G9 Thin and Light L...,27290.0,4.0,0.0,https://www.flipkart.com/hp-15-g9-2025-amd-ryzen-3-dual-core-3250u-8-gb-512-gb-ssd-windows-11-home-thin-light-laptop/p/itm7d491b238bc7b?pid=COMH9Z2WMAZ8MJC6&lid=LSTCOMH9Z2WMAZ8MJC6RVLME2&marketplace=FLIPKART&q=laptop+hp&store=6bo%2Fb5g&srno=s_3_59&otracker=search&fm=organic&iid=b5be16e0-0e69-42e0-81ac-9f1a7bbd0a73.COMH9Z2WMAZ8MJC6.SEARCH&ppt=sp&ppn=sp&ssid=rymuisp3q80000001753105185106&qH=afa4496eec6c609d,https://rukminim2.flixcart.com/image/312/312/xif0q/computer/a/t/6/15-g9-thin-and-light-laptop-hp-original-imah9z2wwjrgrzhu.jpeg?q=70,Laptops,Flipkart
HP Victus Intel Core i5 13th Gen 13420H - (16 GB/512 GB SSD/Windows 11 Home/6 GB Graphics/NVIDIA GeFor...,75990.0,4.1,10.0,https://www.flipkart.com/hp-victus-intel-core-i5-13th-gen-13420h-16-gb-512-gb-ssd-windows-11-home-6-graphics-nvidia-geforce-rtx-4050-144-hz-15-fa1278tx-fa2701tx-gaming-laptop/p/itm12155252a3140?pid=COMH8Z22GGEQZBVQ&lid=LSTCOMH8Z22GGEQZBVQDEIB54&marketplace=FLIPKART&q=laptop+hp&store=6bo%2Fb5g&srno=s_3_60&otracker=search&fm=organic&iid=b5be16e0-0e69-42e0-81ac-9f1a7bbd0a73.COMH8Z22GGEQZBVQ.SEARCH&ppt=sp&ppn=sp&ssid=rymuisp3q80000001753105185106&qH=afa4496eec6c609d,https://rukminim2.flixcart.com/image/312/312/xif0q/computer/y/f/p/-original-imahdzyejzhrgvwk.jpeg?q=70,Laptops,Flipkart
HP AMD Athlon Dual Core - (8 GB/256 GB SSD/Windows 11 Home) 255 Laptop,24999.0,4.1,70.0,https://www.flipkart.com/hp-amd-athlon-dual-core-8-gb-256-gb-ssd-windows-11-home-255-laptop/p/itmf1ca83d7a968d?pid=COMGP22PUZHZT2HG&lid=LSTCOMGP22PUZHZT2HGWFJJQ9&marketplace=FLIPKART&q=laptop+hp&store=6bo%2Fb5g&srno=s_3_63&otracker=search&fm=organic&iid=b5be16e0-0e69-42e0-81ac-9f1a7bbd0a73.COMGP22PUZHZT2HG.SEARCH&ppt=sp&ppn=sp&ssid=rymuisp3q80000001753105185106&qH=afa4496eec6c609d,https://rukminim2.flixcart.com/image/312/312/xif0q/computer/k/g/m/255-g8-laptop-hp-original-imagp22z6jwc5mfz.jpeg?q=70,Laptops,Flipkart
HP G9 Intel Core i3 13th Gen 1315U Turbo Boost with Finger Print - (16 GB/512 GB SSD/Windows 11 Pro) 2...,35999.0,4.0,28.0,https://www.flipkart.com/hp-g9-intel-core-i3-13th-gen-1315u-turbo-boost-finger-print-16-gb-512-gb-ssd-windows-11-pro-250r-business-laptop/p/itmff5abac6385ed?pid=COMH7Z2FGDVU8DZT&lid=LSTCOMH7Z2FGDVU8DZTKENCZF&marketplace=FLIPKART&q=laptop+hp&store=6bo%2Fb5g&srno=s_3_64&otracker=search&fm=organic&iid=b5be16e0-0e69-42e0-81ac-9f1a7bbd0a73.COMH7Z2FGDVU8DZT.SEARCH&ppt=sp&ppn=sp&ssid=rymuisp3q80000001753105185106&qH=afa4496eec6c609d,https://rukminim2.flixcart.com/image/312/312/xif0q/computer/x/f/5/250r-g10-business-laptop-hp-original-imah7z2fhgrz6ygn.jpeg?q=70,Laptops,Flipkart
HP 15s Intel Pentium Gold 6405U - (4 GB/1 TB HDD/Windows 10 Home) 15s-du1052TU Thin and Light Laptop,26999.0,3.8,316.0,https://www.flipkart.com/hp-15s-intel-pentium-gold-6405u-4-gb-1-tb-hdd-windows-10-home-15s-du1052tu-thin-light-laptop/p/itm177cf501d2ad8?pid=COMFZ3VNV7RFVKR2&lid=LSTCOMFZ3VNV7RFVKR2DLAIBL&marketplace=FLIPKART&q=laptop+hp&store=6bo%2Fb5g&srno=s_3_65&otracker=search&fm=organic&iid=b5be16e0-0e69-42e0-81ac-9f1a7bbd0a73.COMFZ3VNV7RFVKR2.SEARCH&ppt=sp&ppn=sp&ssid=rymuisp3q80000001753105185106&qH=afa4496eec6c609d,https://rukminim2.flixcart.com/image/312/312/xif0q/computer/n/q/5/-original-imagp8xz8phjnyhv.jpeg?q=70,Laptops,Flipkart
HP AMD Ryzen 5 Quad Core 7th Gen - (8 GB/512 GB SSD/Windows 11 Pro) 245 G10 Laptop,30990.0,,,https://www.flipkart.com/hp-amd-ryzen-5-quad-core-7th-gen-8-gb-512-gb-ssd-windows-11-pro-245-g10-laptop/p/itmb5cef80feed7b?pid=COMH65ZRMV7GBVHQ&lid=LSTCOMH65ZRMV7GBVHQZCOZIL&marketplace=FLIPKART&q=laptop+hp&store=6bo%2Fb5g&srno=s_3_66&otracker=search&fm=organic&iid=b5be16e0-0e69-42e0-81ac-9f1a7bbd0a73.COMH65ZRMV7GBVHQ.SEARCH&ppt=sp&ppn=sp&ssid=rymuisp3q80000001753105185106&qH=afa4496eec6c609d,https://rukminim2.flixcart.com/image/312/312/xif0q/computer/h/m/2/245-g10-laptop-hp-original-imah65zrfrgpfdjs.jpeg?q=70,Laptops,Flipkart
HP 14q Intel Core i3 7th Gen 7020U - (4 GB/1 TB HDD/Windows 10 Home) 14q-CS0005TU Thin and Light Lapto...,34456.0,4.1,1287.0,https://www.flipkart.com/hp-14q-intel-core-i3-7th-gen-7020u-4-gb-1-tb-hdd-windows-10-home-14q-cs0005tu-thin-light-laptop/p/itm1de5224f0df8e?pid=COMFB4FWSBFFFXSR&lid=LSTCOMFB4FWSBFFFXSRISNV9R&marketplace=FLIPKART&q=laptop+hp&store=6bo%2Fb5g&srno=s_3_68&otracker=search&fm=organic&iid=b5be16e0-0e69-42e0-81ac-9f1a7bbd0a73.COMFB4FWSBFFFXSR.SEARCH&ppt=sp&ppn=sp&ssid=rymuisp3q80000001753105185106&qH=afa4496eec6c609d,https://rukminim2.flixcart.com/image/312/312/joynde80/computer/x/s/r/hp-na-thin-and-light-laptop-original-imafbbagrngqh9gq.jpeg?q=70,Laptops,Flipkart
HP 250 G9 Intel Core i3 12th Gen 1215U - (8 GB/512 GB SSD/Windows 11 Home) 7M657PA Thin and Light Lapt...,33490.0,4.1,4.0,https://www.flipkart.com/hp-250-g9-intel-core-i3-12th-gen-1215u-8-gb-512-gb-ssd-windows-11-home-7m657pa-thin-light-laptop/p/itmaeab3e70c465d?pid=COMGU7Y6CXHP5HGQ&lid=LSTCOMGU7Y6CXHP5HGQLMLDV8&marketplace=FLIPKART&q=laptop+hp&store=6bo%2Fb5g&srno=s_3_69&otracker=search&fm=organic&iid=b5be16e0-0e69-42e0-81ac-9f1a7bbd0a73.COMGU7Y6CXHP5HGQ.SEARCH&ppt=sp&ppn=sp&ssid=rymuisp3q80000001753105185106&qH=afa4496eec6c609d,https://rukminim2.flixcart.com/image/312/312/xif0q/computer/e/t/j/250-g9-business-laptop-hp-original-imagwywdz8wmfbxz.jpeg?q=70,Laptops,Flipkart
HP 15s AMD Ryzen 3 Dual Core 3250U - (8 GB/256 GB SSD/Windows 11 Home) 15s-ey1508AU Thin and Light Lap...,26400.0,4.2,370.0,https://www.flipkart.com/hp-15s-amd-ryzen-3-dual-core-3250u-8-gb-256-gb-ssd-windows-11-home-15s-ey1508au-thin-light-laptop/p/itm6f077da117c55?pid=COMGFPH2ZWTDZHK6&lid=LSTCOMGFPH2ZWTDZHK6M2FKHW&marketplace=FLIPKART&q=laptop+hp&store=6bo%2Fb5g&srno=s_3_70&otracker=search&fm=organic&iid=b5be16e0-0e69-42e0-81ac-9f1a7bbd0a73.COMGFPH2ZWTDZHK6.SEARCH&ppt=sp&ppn=sp&ssid=rymuisp3q80000001753105185106&qH=afa4496eec6c609d,https://rukminim2.flixcart.com/image/312/312/xif0q/computer/d/w/w/-original-imahcd9hsygwr5zc.jpeg?q=70,Laptops,Flipkart
HP Laptop AMD Ryzen 3 Quad Core 5300U - (8 GB/512 GB SSD/Windows 11 Home) 15s- eq2212AU Thin and Light...,31200.0,4.2,209.0,https://www.flipkart.com/hp-laptop-amd-ryzen-3-quad-core-5300u-8-gb-512-gb-ssd-windows-11-home-15s-eq2212au-thin-light/p/itmd82eb9bd7fabe?pid=COMGHAGN3U9FJH39&lid=LSTCOMGHAGN3U9FJH39Q1MRBF&marketplace=FLIPKART&q=laptop+hp&store=6bo%2Fb5g&srno=s_3_71&otracker=search&fm=organic&iid=b5be16e0-0e69-42e0-81ac-9f1a7bbd0a73.COMGHAGN3U9FJH39.SEARCH&ppt=sp&ppn=sp&ssid=rymuisp3q80000001753105185106&qH=afa4496eec6c609d,https://rukminim2.flixcart.com/image/312/312/xif0q/computer/l/e/o/-original-imahcd9kpcgukgvs.jpeg?q=70,Laptops,Flipkart
HP Backlit Intel Core i5 12th Gen 1235U - (8 GB/512 GB SSD/Windows 11 Home) 15s-fy5002TU Thin and Ligh...,44990.0,4.2,360.0,https://www.flipkart.com/hp-backlit-intel-core-i5-12th-gen-1235u-8-gb-512-gb-ssd-windows-11-home-15s-fy5002tu-thin-light-laptop/p/itm9046eaf5a4af9?pid=COMGZNSBS7Z959EW&lid=LSTCOMGZNSBS7Z959EWGCQAVA&marketplace=FLIPKART&q=laptop+hp&store=6bo%2Fb5g&srno=s_3_72&otracker=search&fm=organic&iid=b5be16e0-0e69-42e0-81ac-9f1a7bbd0a73.COMGZNSBS7Z959EW.SEARCH&ppt=sp&ppn=sp&ssid=rymuisp3q80000001753105185106&qH=afa4496eec6c609d,https://rukminim2.flixcart.com/image/312/312/xif0q/computer/d/n/8/-original-imahcd9mayb7ybmg.jpeg?q=70,Laptops,Flipkart
HP 255 G10 AMD Ryzen 5 Quad Core 7520U UPTO 4.3Ghz - (8 GB/512 GB SSD/Windows 11 Home) 255 G10 Thin an...,30990.0,3.8,7.0,https://www.flipkart.com/hp-255-g10-amd-ryzen-5-quad-core-7520u-upto-4-3ghz-8-gb-512-gb-ssd-windows-11-home-thin-light-laptop/p/itm41b702fc585a3?pid=COMH7Z9YJWFZYRE5&lid=LSTCOMH7Z9YJWFZYRE5HRADOP&marketplace=FLIPKART&q=laptop+hp&store=6bo%2Fb5g&srno=s_4_73&otracker=search&fm=organic&iid=7e989b2b-9b6f-430c-96ac-004b588ea362.COMH7Z9YJWFZYRE5.SEARCH&ppt=sp&ppn=sp&ssid=q58ca6qc3k0000001753105195971&qH=afa4496eec6c609d,https://rukminim2.flixcart.com/image/312/312/xif0q/computer/z/o/f/255-g10-laptop-hp-original-imah7uqjtueghjgu.jpeg?q=70,Laptops,Flipkart
HP Intel Core i5 13th Gen - (16 GB/512 GB SSD/Windows 11 Home/Intel Integrated intel hd) 14-ek1074TU 2...,66990.0,4.3,3.0,https://www.flipkart.com/hp-intel-core-i5-13th-gen-16-gb-512-gb-ssd-windows-11-home-intel-integrated-hd-14-ek1074tu-2-1-gaming-laptop/p/itm52734005494bf?pid=COMGU4EGRV4S6EAM&lid=LSTCOMGU4EGRV4S6EAMYCEPXH&marketplace=FLIPKART&q=laptop+hp&store=6bo%2Fb5g&srno=s_4_74&otracker=search&fm=organic&iid=7e989b2b-9b6f-430c-96ac-004b588ea362.COMGU4EGRV4S6EAM.SEARCH&ppt=sp&ppn=sp&ssid=q58ca6qc3k0000001753105195971&qH=afa4496eec6c609d,https://rukminim2.flixcart.com/image/312/312/xif0q/computer/f/z/a/14-ek1010tu-thin-and-light-laptop-hp-original-imagnksxpampc2fe.jpeg?q=70,Laptops,Flipkart
HP Pavilion Aero AMD Ryzen 5 Hexa Core 7535U - (16 GB/512 GB SSD/Windows 11 Home) 13-BE2056AU Thin and...,69999.0,4.2,35.0,https://www.flipkart.com/hp-pavilion-aero-amd-ryzen-5-hexa-core-7535u-16-gb-512-gb-ssd-windows-11-home-13-be2056au-thin-light-laptop/p/itm1d02741b7e06e?pid=COMGNGEBJTGS365F&lid=LSTCOMGNGEBJTGS365FEC9PYJ&marketplace=FLIPKART&q=laptop+hp&store=6bo%2Fb5g&srno=s_4_75&otracker=search&fm=organic&iid=7e989b2b-9b6f-430c-96ac-004b588ea362.COMGNGEBJTGS365F.SEARCH&ppt=sp&ppn=sp&ssid=q58ca6qc3k0000001753105195971&qH=afa4496eec6c609d,https://rukminim2.flixcart.com/image/312/312/xif0q/computer/f/d/f/-original-imahcd9jpzsqv2qu.jpeg?q=70,Laptops,Flipkart
HP 255 G9 AMD Ryzen 3 Dual Core R3 3250 - (8 GB/512 GB SSD/Windows 11 Home) 255 G8 Thin and Light Lapt...,29890.0,4.1,108.0,https://www.flipkart.com/hp-255-g9-amd-ryzen-3-dual-core-r3-3250-8-gb-512-gb-ssd-windows-11-home-g8-thin-light-laptop/p/itm9015dcea94ace?pid=COMGNFU7MHGWNHHA&lid=LSTCOMGNFU7MHGWNHHAEJRIR9&marketplace=FLIPKART&q=laptop+hp&store=6bo%2Fb5g&srno=s_4_76&otracker=search&fm=organic&iid=7e989b2b-9b6f-430c-96ac-004b588ea362.COMGNFU7MHGWNHHA.SEARCH&ppt=sp&ppn=sp&ssid=q58ca6qc3k0000001753105195971&qH=afa4496eec6c609d,https://rukminim2.flixcart.com/image/312/312/xif0q/computer/8/o/5/-original-imahcd9hg4t8b7v4.jpeg?q=70,Laptops,Flipkart
HP Pavilion Intel Core i5 13th Gen 1335U - (16 GB/1 TB SSD/Windows 11 Home) 15-eg3018TU Thin and Light...,66999.0,4.3,99.0,https://www.flipkart.com/hp-pavilion-intel-core-i5-13th-gen-1335u-16-gb-1-tb-ssd-windows-11-home-15-eg3018tu-thin-light-laptop/p/itma2cd39eea5796?pid=COMGSHE9CX5QHPPH&lid=LSTCOMGSHE9CX5QHPPHFS8XQ3&marketplace=FLIPKART&q=laptop+hp&store=6bo%2Fb5g&srno=s_4_79&otracker=search&fm=organic&iid=7e989b2b-9b6f-430c-96ac-004b588ea362.COMGSHE9CX5QHPPH.SEARCH&ppt=sp&ppn=sp&ssid=q58ca6qc3k0000001753105195971&qH=afa4496eec6c609d,https://rukminim2.flixcart.com/image/312/312/xif0q/computer/t/u/p/-original-imahcd9hhms2mfg7.jpeg?q=70,Laptops,Flipkart
HP 240 G9 Intel Core i3 12th Gen 1215 - (8 GB/512 GB SSD/Windows 11 Home) 240 G9 Laptop,39990.0,4.0,10.0,https://www.flipkart.com/hp-240-g9-intel-core-i3-12th-gen-1215-8-gb-512-gb-ssd-windows-11-home-laptop/p/itmaeab3e70c465d?pid=COMGWAAGAPAVH3JF&lid=LSTCOMGWAAGAPAVH3JFIGDNOX&marketplace=FLIPKART&q=laptop+hp&store=6bo%2Fb5g&srno=s_4_80&otracker=search&fm=organic&iid=7e989b2b-9b6f-430c-96ac-004b588ea362.COMGWAAGAPAVH3JF.SEARCH&ppt=sp&ppn=sp&ssid=q58ca6qc3k0000001753105195971&qH=afa4496eec6c609d,https://rukminim2.flixcart.com/image/312/312/xif0q/computer/y/y/i/240-g9-laptop-hp-original-imah2hw34jzhnj4z.jpeg?q=70,Laptops,Flipkart
HP 240 G8 Intel Core i3 11th Gen 1115G4 - (8 GB/1 TB HDD/Windows 11 Home) G8 240 Thin and Light Laptop,30990.0,3.9,51.0,https://www.flipkart.com/hp-240-g8-intel-core-i3-11th-gen-1115g4-8-gb-1-tb-hdd-windows-11-home-thin-light-laptop/p/itm9015dcea94ace?pid=COMG9XUYCGWGHZTA&lid=LSTCOMG9XUYCGWGHZTANKHHTN&marketplace=FLIPKART&q=laptop+hp&store=6bo%2Fb5g&srno=s_4_83&otracker=search&fm=organic&iid=7e989b2b-9b6f-430c-96ac-004b588ea362.COMG9XUYCGWGHZTA.SEARCH&ppt=sp&ppn=sp&ssid=q58ca6qc3k0000001753105195971&qH=afa4496eec6c609d,https://rukminim2.flixcart.com/image/312/312/xif0q/computer/m/k/y/-original-imahcd9teaeazsmy.jpeg?q=70,Laptops,Flipkart
HP AMD Ryzen 5 Hexa Core 5500U - (16 GB/512 GB SSD/Windows 11 Home) 15s- eq2182AU Thin and Light Lapto...,43990.0,4.3,267.0,https://www.flipkart.com/hp-amd-ryzen-5-hexa-core-5500u-16-gb-512-gb-ssd-windows-11-home-15s-eq2182au-thin-light-laptop/p/itm2f070129053ed?pid=COMGFRHGDB9G3Z9C&lid=LSTCOMGFRHGDB9G3Z9C6BJIU5&marketplace=FLIPKART&q=laptop+hp&store=6bo%2Fb5g&srno=s_4_84&otracker=search&fm=organic&iid=7e989b2b-9b6f-430c-96ac-004b588ea362.COMGFRHGDB9G3Z9C.SEARCH&ppt=sp&ppn=sp&ssid=q58ca6qc3k0000001753105195971&qH=afa4496eec6c609d,https://rukminim2.flixcart.com/image/312/312/xif0q/computer/e/w/t/-original-imahcd9g6bzwsp8k.jpeg?q=70,Laptops,Flipkart
HP 15s AMD Ryzen 3 Dual Core 3250U - (4 GB/1 TB HDD/256 GB SSD/Windows 10 Home) 15s-GR0008AU Thin and ...,31590.0,4.3,111.0,https://www.flipkart.com/hp-15s-amd-ryzen-3-dual-core-3250u-4-gb-1-tb-hdd-256-gb-ssd-windows-10-home-15s-gr0008au-thin-light-laptop/p/itma3ecca3dba795?pid=COMFUAGMKAYNFGBB&lid=LSTCOMFUAGMKAYNFGBBCXS9XG&marketplace=FLIPKART&q=laptop+hp&store=6bo%2Fb5g&srno=s_4_85&otracker=search&fm=organic&iid=7e989b2b-9b6f-430c-96ac-004b588ea362.COMFUAGMKAYNFGBB.SEARCH&ppt=sp&ppn=sp&ssid=q58ca6qc3k0000001753105195971&qH=afa4496eec6c609d,https://rukminim2.flixcart.com/image/312/312/kdnf98w0/computer/s/f/q/hp-original-imafug7gvddwh2qr.jpeg?q=70,Laptops,Flipkart
HP 14R (2025) Intel Core i3 13th Gen 1315U - (8 GB/512 GB SSD/Windows 11 Pro) 14R G9 Thin and Light La...,33490.0,4.8,0.0,https://www.flipkart.com/hp-14r-2025-intel-core-i3-13th-gen-1315u-8-gb-512-gb-ssd-windows-11-pro-g9-thin-light-laptop/p/itm7d491b238bc7b?pid=COMH9ZCV9PBVBDSC&lid=LSTCOMH9ZCV9PBVBDSCNMLMHI&marketplace=FLIPKART&q=laptop+hp&store=6bo%2Fb5g&srno=s_4_86&otracker=search&fm=organic&iid=7e989b2b-9b6f-430c-96ac-004b588ea362.COMH9ZCV9PBVBDSC.SEARCH&ppt=sp&ppn=sp&ssid=q58ca6qc3k0000001753105195971&qH=afa4496eec6c609d,https://rukminim2.flixcart.com/image/312/312/xif0q/computer/m/l/y/14r-g9-thin-and-light-laptop-hp-original-imah9z5jb7r33bah.jpeg?q=70,Laptops,Flipkart
HP AMD Athlon Dual Core 3050U - (8 GB/512 GB SSD/Windows 11 Home) 15s- eq1559AU Thin and Light Laptop,26390.0,4.0,144.0,https://www.flipkart.com/hp-amd-athlon-dual-core-3050u-8-gb-512-gb-ssd-windows-11-home-15s-eq1559au-thin-light-laptop/p/itm251d7da4048ee?pid=COMGG63HRV3GFN4G&lid=LSTCOMGG63HRV3GFN4GH668DR&marketplace=FLIPKART&q=laptop+hp&store=6bo%2Fb5g&srno=s_4_89&otracker=search&fm=organic&iid=7e989b2b-9b6f-430c-96ac-004b588ea362.COMGG63HRV3GFN4G.SEARCH&ppt=sp&ppn=sp&ssid=q58ca6qc3k0000001753105195971&qH=afa4496eec6c609d,https://rukminim2.flixcart.com/image/312/312/xif0q/computer/f/c/o/-original-imagp9x8phty2dyr.jpeg?q=70,Laptops,Flipkart
HP 245G9 Silver AMD Ryzen 3 Dual Core 3rd Gen AMD Ryzen 3 3250U - (8 GB/512 GB SSD/Windows 11 Home) 24...,31990.0,4.1,11.0,https://www.flipkart.com/hp-245g9-silver-amd-ryzen-3-dual-core-3rd-gen-3250u-8-gb-512-gb-ssd-windows-11-home-245-g8-business-laptop/p/itmf0a680c05d471?pid=COMGHKTNCWKGCSB6&lid=LSTCOMGHKTNCWKGCSB6P3IVD0&marketplace=FLIPKART&q=laptop+hp&store=6bo%2Fb5g&srno=s_4_90&otracker=search&fm=organic&iid=7e989b2b-9b6f-430c-96ac-004b588ea362.COMGHKTNCWKGCSB6.SEARCH&ppt=sp&ppn=sp&ssid=q58ca6qc3k0000001753105195971&qH=afa4496eec6c609d,https://rukminim2.flixcart.com/image/312/312/xif0q/computer/z/w/n/245-g9-business-laptop-hp-original-imahfbegdermvk2a.jpeg?q=70,Laptops,Flipkart
HP 15 (2025) Intel Celeron Dual Core N4500 - (8 GB/256 GB SSD/Windows 11 Pro) 15 Thin and Light Laptop,22990.0,2.3,0.0,https://www.flipkart.com/hp-15-2025-intel-celeron-dual-core-n4500-8-gb-256-gb-ssd-windows-11-pro-thin-light-laptop/p/itmf2581f5c91d8c?pid=COMHCKFKUVFSZ2ZG&lid=LSTCOMHCKFKUVFSZ2ZGDMDFWG&marketplace=FLIPKART&q=laptop+hp&store=6bo%2Fb5g&srno=s_4_92&otracker=search&fm=organic&iid=7e989b2b-9b6f-430c-96ac-004b588ea362.COMHCKFKUVFSZ2ZG.SEARCH&ppt=sp&ppn=sp&ssid=q58ca6qc3k0000001753105195971&qH=afa4496eec6c609d,https://rukminim2.flixcart.com/image/312/312/xif0q/computer/g/c/p/15-thin-and-light-laptop-hp-original-imahckfkegucg8tm.jpeg?q=70,Laptops,Flipkart
HP 14R (2025) Intel Core i3 13th Gen 1315U - (8 GB/512 GB SSD/Windows 11 Home) 14R G9 Thin and Light L...,33490.0,4.0,0.0,https://www.flipkart.com/hp-14r-2025-intel-core-i3-13th-gen-1315u-8-gb-512-gb-ssd-windows-11-home-g9-thin-light-laptop/p/itm25399a861c117?pid=COMH9ZDYJCF8D6TZ&lid=LSTCOMH9ZDYJCF8D6TZS4RCUZ&marketplace=FLIPKART&q=laptop+hp&store=6bo%2Fb5g&srno=s_4_93&otracker=search&fm=organic&iid=7e989b2b-9b6f-430c-96ac-004b588ea362.COMH9ZDYJCF8D6TZ.SEARCH&ppt=sp&ppn=sp&ssid=q58ca6qc3k0000001753105195971&qH=afa4496eec6c609d,https://rukminim2.flixcart.com/image/312/312/xif0q/computer/1/0/8/14r-g9-thin-and-light-laptop-hp-original-imah9z5czv5dhug9.jpeg?q=70,Laptops,Flipkart
HP AMD Ryzen 3 Dual Core 3250U - (8 GB/512 GB SSD/Windows 11 Home) 15s- eq1560AU Thin and Light Laptop,31990.0,4.3,410.0,https://www.flipkart.com/hp-amd-ryzen-3-dual-core-3250u-8-gb-512-gb-ssd-windows-11-home-15s-eq1560au-thin-light-laptop/p/itmc90bbc71e2d24?pid=COMGGFZHCHFBCHXX&lid=LSTCOMGGFZHCHFBCHXXMRJGVJ&marketplace=FLIPKART&q=laptop+hp&store=6bo%2Fb5g&srno=s_4_94&otracker=search&fm=organic&iid=7e989b2b-9b6f-430c-96ac-004b588ea362.COMGGFZHCHFBCHXX.SEARCH&ppt=sp&ppn=sp&ssid=q58ca6qc3k0000001753105195971&qH=afa4496eec6c609d,https://rukminim2.flixcart.com/image/312/312/xif0q/computer/j/1/o/-original-imahcd99cfduwz54.jpeg?q=70,Laptops,Flipkart
HP 15 (2025) AMD Athlon Dual Core 7120U - (8 GB/256 GB SSD/Windows 11 Home) 15 Thin and Light Laptop,24990.0,,,https://www.flipkart.com/hp-15-2025-amd-athlon-dual-core-7120u-8-gb-256-gb-ssd-windows-11-home-thin-light-laptop/p/itm356259fbc5fcb?pid=COMHCPHGZXJWVNX2&lid=LSTCOMHCPHGZXJWVNX2ZKH4UD&marketplace=FLIPKART&q=laptop+hp&store=6bo%2Fb5g&srno=s_4_95&otracker=search&fm=organic&iid=7e989b2b-9b6f-430c-96ac-004b588ea362.COMHCPHGZXJWVNX2.SEARCH&ppt=sp&ppn=sp&ssid=q58ca6qc3k0000001753105195971&qH=afa4496eec6c609d,https://rukminim2.flixcart.com/image/312/312/xif0q/computer/5/q/y/15-thin-and-light-laptop-hp-original-imahcphgezhfhts2.jpeg?q=70,Laptops,Flipkart
HP 15 (2025) AMD Athlon Dual Core 7120U - (8 GB/256 GB SSD/Windows 11 Pro) 15 Thin and Light Laptop,24990.0,,,https://www.flipkart.com/hp-15-2025-amd-athlon-dual-core-7120u-8-gb-256-gb-ssd-windows-11-pro-thin-light-laptop/p/itmaa5f4f6144167?pid=COMHCPHQX9AJ87HZ&lid=LSTCOMHCPHQX9AJ87HZ4WUKFI&marketplace=FLIPKART&q=laptop+hp&store=6bo%2Fb5g&srno=s_4_96&otracker=search&fm=organic&iid=7e989b2b-9b6f-430c-96ac-004b588ea362.COMHCPHQX9AJ87HZ.SEARCH&ppt=sp&ppn=sp&ssid=q58ca6qc3k0000001753105195971&qH=afa4496eec6c609d,https://rukminim2.flixcart.com/image/312/312/xif0q/computer/m/1/y/15-thin-and-light-laptop-hp-original-imahcphqbf6fyche.jpeg?q=70,Laptops,Flipkart
HP 250 G9 Intel Celeron Dual Core 4500u - (8 GB/256 GB SSD/Windows 11 Home) 250G9 Laptop,22790.0,,,https://www.flipkart.com/hp-250-g9-intel-celeron-dual-core-4500u-8-gb-256-gb-ssd-windows-11-home-250g9-laptop/p/itm4d421d3277f86?pid=COMHBGVGJHZQV9WK&lid=LSTCOMHBGVGJHZQV9WKHWKDNR&marketplace=FLIPKART&q=laptop+hp&store=6bo%2Fb5g&srno=s_5_99&otracker=search&fm=organic&iid=21e48dbc-653b-48e9-8b5a-08041719b288.COMHBGVGJHZQV9WK.SEARCH&ppt=sp&ppn=sp&ssid=8heita6w8g0000001753105206725&qH=afa4496eec6c609d,https://rukminim2.flixcart.com/image/312/312/xif0q/computer/x/f/5/250r-g10-business-laptop-hp-original-imah7z2fhgrz6ygn.jpeg?q=70,Laptops,Flipkart
HP AMD Ryzen 5 Quad Core 7520U - (8 GB/512 GB SSD/Windows 11 Home) 14-hr0001AU Thin and Light Laptop,48990.0,4.1,2.0,https://www.flipkart.com/hp-amd-ryzen-5-quad-core-7520u-8-gb-512-gb-ssd-windows-11-home-14-hr0001au-thin-light-laptop/p/itm94bb392717818?pid=COMGYJF88F7XGPGF&lid=LSTCOMGYJF88F7XGPGFBEWPXT&marketplace=FLIPKART&q=laptop+hp&store=6bo%2Fb5g&srno=s_5_100&otracker=search&fm=organic&iid=21e48dbc-653b-48e9-8b5a-08041719b288.COMGYJF88F7XGPGF.SEARCH&ppt=sp&ppn=sp&ssid=8heita6w8g0000001753105206725&qH=afa4496eec6c609d,https://rukminim2.flixcart.com/image/312/312/xif0q/computer/t/q/n/-original-imahcd9cgrtjevjn.jpeg?q=70,Laptops,Flipkart
HP 250 G8 Intel Core i3 11th Gen - (8 GB/512 GB SSD/Windows 11 Home) 250 G8 Business Laptop,36990.0,4.2,73.0,https://www.flipkart.com/hp-250-g8-intel-core-i3-11th-gen-8-gb-512-gb-ssd-windows-11-home-business-laptop/p/itm9015dcea94ace?pid=COMGNFVDJQZEVH6X&lid=LSTCOMGNFVDJQZEVH6XCTOL8C&marketplace=FLIPKART&q=laptop+hp&store=6bo%2Fb5g&srno=s_5_103&otracker=search&fm=organic&iid=21e48dbc-653b-48e9-8b5a-08041719b288.COMGNFVDJQZEVH6X.SEARCH&ppt=sp&ppn=sp&ssid=8heita6w8g0000001753105206725&qH=afa4496eec6c609d,https://rukminim2.flixcart.com/image/312/312/xif0q/computer/t/2/v/-original-imahcd9zjgypaejp.jpeg?q=70,Laptops,Flipkart
HP 15 Intel Core i7 13th Gen 1355U - (16 GB/512 GB SSD/Windows 11 Home) fd0468TU / fd0515TU Thin and L...,70990.0,4.2,1.0,https://www.flipkart.com/hp-15-intel-core-i7-13th-gen-1355u-16-gb-512-gb-ssd-windows-11-home-fd0468tu-fd0515tu-thin-light-laptop/p/itma87d15ac1dc92?pid=COMH8QXWPDAGH9HG&lid=LSTCOMH8QXWPDAGH9HGHV25W7&marketplace=FLIPKART&q=laptop+hp&store=6bo%2Fb5g&srno=s_5_104&otracker=search&fm=organic&iid=21e48dbc-653b-48e9-8b5a-08041719b288.COMH8QXWPDAGH9HG.SEARCH&ppt=sp&ppn=sp&ssid=8heita6w8g0000001753105206725&qH=afa4496eec6c609d,https://rukminim2.flixcart.com/image/312/312/xif0q/computer/x/z/f/-original-imahbngspwugwnfv.jpeg?q=70,Laptops,Flipkart
HP 250 G9 Intel Celeron Dual Core 12th Gen 4500u - (8 GB/256 GB SSD/DOS) 8Y2Y9PA Laptop,23747.0,3.6,13.0,https://www.flipkart.com/hp-250-g9-intel-celeron-dual-core-12th-gen-4500u-8-gb-256-gb-ssd-dos-8y2y9pa-laptop/p/itmf8dced187ae27?pid=COMGWCGZKYY86KN8&lid=LSTCOMGWCGZKYY86KN895GHEI&marketplace=FLIPKART&q=laptop+hp&store=6bo%2Fb5g&srno=s_5_105&otracker=search&fm=organic&iid=21e48dbc-653b-48e9-8b5a-08041719b288.COMGWCGZKYY86KN8.SEARCH&ppt=sp&ppn=sp&ssid=8heita6w8g0000001753105206725&qH=afa4496eec6c609d,https://rukminim2.flixcart.com/image/312/312/xif0q/computer/t/9/m/240-g9-laptop-hp-original-imahfg6mqaqrncdd.jpeg?q=70,Laptops,Flipkart
HP Pavilion Intel Core i5 13th Gen 1340P - (16 GB/512 GB SSD/Windows 11 Home) 15-eg3079TU Thin and Lig...,60990.0,4.3,99.0,https://www.flipkart.com/hp-pavilion-intel-core-i5-13th-gen-1340p-16-gb-512-gb-ssd-windows-11-home-15-eg3079tu-thin-light-laptop/p/itm4ae6958287d36?pid=COMGPYHAMPKQYPQB&lid=LSTCOMGPYHAMPKQYPQBJBCJHY&marketplace=FLIPKART&q=laptop+hp&store=6bo%2Fb5g&srno=s_5_106&otracker=search&fm=organic&iid=21e48dbc-653b-48e9-8b5a-08041719b288.COMGPYHAMPKQYPQB.SEARCH&ppt=sp&ppn=sp&ssid=8heita6w8g0000001753105206725&qH=afa4496eec6c609d,https://rukminim2.flixcart.com/image/312/312/xif0q/computer/r/3/b/-original-imahcd9zj95zxak8.jpeg?q=70,Laptops,Flipkart
HP Intel Celeron Dual Core N4500 - (8 GB/512 GB SSD/Windows 11 Home) 14s-dq3141TU Thin and Light Lapto...,25990.0,,,https://www.flipkart.com/hp-intel-celeron-dual-core-n4500-8-gb-512-gb-ssd-windows-11-home-14s-dq3141tu-thin-light-laptop/p/itme96ee4b1fcaab?pid=COMHDNV8HQQJSHFH&lid=LSTCOMHDNV8HQQJSHFHQSMPJJ&marketplace=FLIPKART&q=laptop+hp&store=6bo%2Fb5g&srno=s_5_109&otracker=search&fm=organic&iid=21e48dbc-653b-48e9-8b5a-08041719b288.COMHDNV8HQQJSHFH.SEARCH&ppt=sp&ppn=sp&ssid=8heita6w8g0000001753105206725&qH=afa4496eec6c609d,https://rukminim2.flixcart.com/image/312/312/xif0q/computer/z/s/q/14s-dq3141tu-thin-and-light-laptop-hp-original-imahdzwtyzsfjchg.jpeg?q=70,Laptops,Flipkart
HP G9 SERIES AMD Athlon Dual Core 3050U - (4 GB/256 GB SSD/Windows 11 Home) 255 Thin and Light Laptop,23990.0,4.1,6.0,https://www.flipkart.com/hp-g9-series-amd-athlon-dual-core-3050u-4-gb-256-gb-ssd-windows-11-home-255-thin-light-laptop/p/itm8f08c84a09fd8?pid=COMGT2XTYQEQHKHZ&lid=LSTCOMGT2XTYQEQHKHZGF6K7A&marketplace=FLIPKART&q=laptop+hp&store=6bo%2Fb5g&srno=s_5_110&otracker=search&fm=organic&iid=21e48dbc-653b-48e9-8b5a-08041719b288.COMGT2XTYQEQHKHZ.SEARCH&ppt=sp&ppn=sp&ssid=8heita6w8g0000001753105206725&qH=afa4496eec6c609d,https://rukminim2.flixcart.com/image/312/312/xif0q/computer/8/g/m/255-g8-laptop-business-laptop-hp-original-imags58h73yc2evn.jpeg?q=70,Laptops,Flipkart
HP Omen Intel Core i7 13th Gen 13620H - (16 GB/1 TB SSD/Windows 11 Home/6 GB Graphics/NVIDIA GeForce R...,110990.0,4.4,7.0,https://www.flipkart.com/hp-omen-intel-core-i7-13th-gen-13620h-16-gb-1-tb-ssd-windows-11-home-6-gb-graphics-nvidia-geforce-rtx-4050-144-hz-16-wd0011tx-gaming-laptop/p/itm0213ec9106c1c?pid=COMHYBKGJTHGEA8Y&lid=LSTCOMHYBKGJTHGEA8Y5U8HCO&marketplace=FLIPKART&q=laptop+hp&store=6bo%2Fb5g&srno=s_5_112&otracker=search&fm=organic&iid=21e48dbc-653b-48e9-8b5a-08041719b288.COMHYBKGJTHGEA8Y.SEARCH&ppt=sp&ppn=sp&ssid=8heita6w8g0000001753105206725&qH=afa4496eec6c609d,https://rukminim2.flixcart.com/image/312/312/xif0q/computer/n/l/h/-original-imahcd9mswqhz2wu.jpeg?q=70,Laptops,Flipkart
HP AMD Ryzen 3 Dual Core 3250U - (8 GB/256 GB SSD/Windows 11 Home) 15s- eq1561AU Thin and Light Laptop,28990.0,3.8,4.0,https://www.flipkart.com/hp-amd-ryzen-3-dual-core-3250u-8-gb-256-gb-ssd-windows-11-home-15s-eq1561au-thin-light-laptop/p/itmb7a276272d23c?pid=COMGGFZHGC2HWZ4Z&lid=LSTCOMGGFZHGC2HWZ4ZGY82I1&marketplace=FLIPKART&q=laptop+hp&store=6bo%2Fb5g&srno=s_5_113&otracker=search&fm=organic&iid=21e48dbc-653b-48e9-8b5a-08041719b288.COMGGFZHGC2HWZ4Z.SEARCH&ppt=sp&ppn=sp&ssid=8heita6w8g0000001753105206725&qH=afa4496eec6c609d,https://rukminim2.flixcart.com/image/312/312/xif0q/computer/l/y/r/-original-imagp8xz4dujqh7h.jpeg?q=70,Laptops,Flipkart
HP Pavilion AI PC Intel Core Ultra 5 125U - (16 GB/512 GB SSD/Windows 11 Home) 16-af0015TU Thin and Li...,67990.0,4.4,22.0,https://www.flipkart.com/hp-pavilion-ai-pc-intel-core-ultra-5-125u-16-gb-512-gb-ssd-windows-11-home-16-af0015tu-thin-light-laptop/p/itmdb0b867255e2b?pid=COMHF2JYCESBQYRT&lid=LSTCOMHF2JYCESBQYRTCEJFYN&marketplace=FLIPKART&q=laptop+hp&store=6bo%2Fb5g&srno=s_5_114&otracker=search&fm=organic&iid=21e48dbc-653b-48e9-8b5a-08041719b288.COMHF2JYCESBQYRT.SEARCH&ppt=sp&ppn=sp&ssid=8heita6w8g0000001753105206725&qH=afa4496eec6c609d,https://rukminim2.flixcart.com/image/312/312/xif0q/computer/5/x/k/-original-imahcd9ktcmdwczc.jpeg?q=70,Laptops,Flipkart
HP 15s AMD Ryzen 5 Quad Core 3500U - (8 GB/512 GB SSD/Windows 10 Home) 15s-eq0500AU Thin and Light Lap...,46999.0,4.4,116.0,https://www.flipkart.com/hp-15s-amd-ryzen-5-quad-core-3500u-8-gb-512-gb-ssd-windows-10-home-15s-eq0500au-thin-light-laptop/p/itmd6f033a4d0056?pid=COMG22MX8FYVBNYZ&lid=LSTCOMG22MX8FYVBNYZ8SHSM9&marketplace=FLIPKART&q=laptop+hp&store=6bo%2Fb5g&srno=s_5_115&otracker=search&fm=organic&iid=21e48dbc-653b-48e9-8b5a-08041719b288.COMG22MX8FYVBNYZ.SEARCH&ppt=sp&ppn=sp&ssid=8heita6w8g0000001753105206725&qH=afa4496eec6c609d,https://rukminim2.flixcart.com/image/312/312/k7531jk0/computer/e/a/h/hp-original-imafpfs893zu5mhb.jpeg?q=70,Laptops,Flipkart
HP MSO 2024 Intel Core i5 13th Gen 1334U - (16 GB/512 GB SSD/Windows 11 Home) fd0467TU / fd0576TU Thin...,53990.0,4.2,6.0,https://www.flipkart.com/hp-mso-2024-intel-core-i5-13th-gen-1334u-16-gb-512-gb-ssd-windows-11-home-fd0467tu-fd0576tu-thin-light-laptop/p/itm3d552029526ba?pid=COMH8QXWHJRQKR6P&lid=LSTCOMH8QXWHJRQKR6PSRGETN&marketplace=FLIPKART&q=laptop+hp&store=6bo%2Fb5g&srno=s_5_116&otracker=search&fm=organic&iid=21e48dbc-653b-48e9-8b5a-08041719b288.COMH8QXWHJRQKR6P.SEARCH&ppt=sp&ppn=sp&ssid=8heita6w8g0000001753105206725&qH=afa4496eec6c609d,https://rukminim2.flixcart.com/image/312/312/xif0q/computer/6/v/h/-original-imahcd9mxamzrfmm.jpeg?q=70,Laptops,Flipkart
HP Laptop 15s Intel Celeron Dual Core Intel Celeron N4500 - (8 GB/512 GB SSD/Windows 11 Home) fq3071TU...,30990.0,3.8,14.0,https://www.flipkart.com/hp-laptop-15s-intel-celeron-dual-core-n4500-8-gb-512-gb-ssd-windows-11-home-fq3071tu-thin-light/p/itm0401d7a79d36b?pid=COMGTMVZVEGHCTZV&lid=LSTCOMGTMVZVEGHCTZVGYKHRM&marketplace=FLIPKART&q=laptop+hp&store=6bo%2Fb5g&srno=s_5_117&otracker=search&fm=organic&iid=21e48dbc-653b-48e9-8b5a-08041719b288.COMGTMVZVEGHCTZV.SEARCH&ppt=sp&ppn=sp&ssid=8heita6w8g0000001753105206725&qH=afa4496eec6c609d,https://rukminim2.flixcart.com/image/312/312/xif0q/computer/v/b/a/fq3071tu-thin-and-light-laptop-hp-original-imagtmvhqzwegxqh.jpeg?q=70,Laptops,Flipkart
HP 15s Intel Core i3 11th Gen 1125G4 - (8 GB/512 GB SSD/Windows 11 Home) 15s-dy3501TU Thin and Light L...,39599.0,4.3,64.0,https://www.flipkart.com/hp-15s-intel-core-i3-11th-gen-1125g4-8-gb-512-gb-ssd-windows-11-home-15s-dy3501tu-thin-light-laptop/p/itm8a058adbb8764?pid=COMG89QWE6EHFUM5&lid=LSTCOMG89QWE6EHFUM5S2VR0H&marketplace=FLIPKART&q=laptop+hp&store=6bo%2Fb5g&srno=s_5_118&otracker=search&fm=organic&iid=21e48dbc-653b-48e9-8b5a-08041719b288.COMG89QWE6EHFUM5.SEARCH&ppt=sp&ppn=sp&ssid=8heita6w8g0000001753105206725&qH=afa4496eec6c609d,https://rukminim2.flixcart.com/image/312/312/kyt0ya80/computer/s/z/b/-original-imagayc6ahrmg8y7.jpeg?q=70,Laptops,Flipkart
HP 14s Intel Core i3 11th Gen - (8 GB/512 GB SSD/Windows 11 Home) 14s-dq2606tu Thin and Light Laptop,36990.0,4.2,68.0,https://www.flipkart.com/hp-14s-intel-core-i3-11th-gen-8-gb-512-gb-ssd-windows-11-home-14s-dq2606tu-thin-light-laptop/p/itm2578df2a9e66a?pid=COMGCGSTN9R4WPQV&lid=LSTCOMGCGSTN9R4WPQV3J64AZ&marketplace=FLIPKART&q=laptop+hp&store=6bo%2Fb5g&srno=s_5_119&otracker=search&fm=organic&iid=21e48dbc-653b-48e9-8b5a-08041719b288.COMGCGSTN9R4WPQV.SEARCH&ppt=sp&ppn=sp&ssid=8heita6w8g0000001753105206725&qH=afa4496eec6c609d,https://rukminim2.flixcart.com/image/312/312/xif0q/computer/f/s/l/-original-imahcd9mhc8rga4c.jpeg?q=70,Laptops,Flipkart
HP 15R (2025) Intel Core i3 13th Gen 1315U - (8 GB/512 GB SSD/Windows 11 Pro) 15R G9 Thin and Light La...,34990.0,4.1,8.0,https://www.flipkart.com/hp-15r-2025-intel-core-i3-13th-gen-1315u-8-gb-512-gb-ssd-windows-11-pro-g9-thin-light-laptop/p/itmff5abac6385ed?pid=COMH8PDNRYZH6QHW&lid=LSTCOMH8PDNRYZH6QHWCKBJ0S&marketplace=FLIPKART&q=laptop+hp&store=6bo%2Fb5g&srno=s_5_120&otracker=search&fm=organic&iid=21e48dbc-653b-48e9-8b5a-08041719b288.COMH8PDNRYZH6QHW.SEARCH&ppt=sp&ppn=sp&ssid=8heita6w8g0000001753105206725&qH=afa4496eec6c609d,https://rukminim2.flixcart.com/image/312/312/xif0q/computer/3/s/2/15r-g9-thin-and-light-laptop-hp-original-imah8zwjtgxdtbxw.jpeg?q=70,Laptops,Flipkart
HP 841w6pa 255 g9 AMD Ryzen 3 Dual Core AMD Ryzen™ 3 processor 3250U - (8 GB/512 GB SSD/DOS) 255 G8 La...,29990.0,4.1,7.0,https://www.flipkart.com/hp-841w6pa-255-g9-amd-ryzen-3-dual-core-ryzen-processor-3250u-8-gb-512-gb-ssd-dos-g8-laptop/p/itmffac8a2b263c2?pid=COMGRFZZ6CVYVZSJ&lid=LSTCOMGRFZZ6CVYVZSJTWETYS&marketplace=FLIPKART&q=laptop+hp&store=6bo%2Fb5g&srno=s_6_123&otracker=search&fm=organic&iid=c662bba7-041d-4db3-bb6b-5234eaf24d71.COMGRFZZ6CVYVZSJ.SEARCH&ppt=sp&ppn=sp&ssid=1aa92zzde80000001753105217293&qH=afa4496eec6c609d,https://rukminim2.flixcart.com/image/312/312/xif0q/computer/u/f/8/255-g8-notebook-hp-original-imagq6emcferpkfx.jpeg?q=70,Laptops,Flipkart
HP Intel Pentium Quad Core N6000 - (8 GB/512 GB SSD/Windows 11 Home) 15s-fq3073TU Thin and Light Lapto...,30499.0,3.9,0.0,https://www.flipkart.com/hp-intel-pentium-quad-core-n6000-8-gb-512-gb-ssd-windows-11-home-15s-fq3073tu-thin-light-laptop/p/itm966e0e0712129?pid=COMGYCPJVZC7DF5G&lid=LSTCOMGYCPJVZC7DF5GVFCF4H&marketplace=FLIPKART&q=laptop+hp&store=6bo%2Fb5g&srno=s_6_124&otracker=search&fm=organic&iid=c662bba7-041d-4db3-bb6b-5234eaf24d71.COMGYCPJVZC7DF5G.SEARCH&ppt=sp&ppn=sp&ssid=1aa92zzde80000001753105217293&qH=afa4496eec6c609d,https://rukminim2.flixcart.com/image/312/312/xif0q/computer/x/7/d/-original-imahcd9masakgmac.jpeg?q=70,Laptops,Flipkart
HP Intel Core i5 12th Gen 1235U - (8 GB/1 TB SSD/Windows 11 Home) 15s-fq5331TU Thin and Light Laptop,48985.0,4.2,2.0,https://www.flipkart.com/hp-intel-core-i5-12th-gen-1235u-8-gb-1-tb-ssd-windows-11-home-15s-fq5331tu-thin-light-laptop/p/itme6ec779524458?pid=COMGZ49S7BZQJ8AY&lid=LSTCOMGZ49S7BZQJ8AYDIC8TT&marketplace=FLIPKART&q=laptop+hp&store=6bo%2Fb5g&srno=s_6_125&otracker=search&fm=organic&iid=c662bba7-041d-4db3-bb6b-5234eaf24d71.COMGZ49S7BZQJ8AY.SEARCH&ppt=sp&ppn=sp&ssid=1aa92zzde80000001753105217293&qH=afa4496eec6c609d,https://rukminim2.flixcart.com/image/312/312/xif0q/computer/u/q/u/-original-imahcd9jznazfnda.jpeg?q=70,Laptops,Flipkart
HP MS Office 2024 Intel Core i3 13th Gen 1315U - (8 GB/512 GB SSD/Windows 11 Home) fd0465TU Thin and L...,35470.0,4.2,0.0,https://www.flipkart.com/hp-ms-office-2024-intel-core-i3-13th-gen-1315u-8-gb-512-gb-ssd-windows-11-home-fd0465tu-thin-light-laptop/p/itm4fc6159aa1303?pid=COMH8QXWZVWEDYMN&lid=LSTCOMH8QXWZVWEDYMNJ2ZIMA&marketplace=FLIPKART&q=laptop+hp&store=6bo%2Fb5g&srno=s_6_126&otracker=search&fm=organic&iid=c662bba7-041d-4db3-bb6b-5234eaf24d71.COMH8QXWZVWEDYMN.SEARCH&ppt=sp&ppn=sp&ssid=1aa92zzde80000001753105217293&qH=afa4496eec6c609d,https://rukminim2.flixcart.com/image/312/312/xif0q/computer/c/d/b/-original-imahcd9nacawup3p.jpeg?q=70,Laptops,Flipkart
HP Victus AI 39 TOPS AMD Ryzen 7 Octa Core 8845HS - (16 GB/1 TB SSD/Windows 11 Home/6 GB Graphics/NVID...,99990.0,4.3,2.0,https://www.flipkart.com/hp-victus-ai-39-tops-amd-ryzen-7-octa-core-8845hs-16-gb-1-tb-ssd-windows-11-home-6-gb-graphics-nvidia-geforce-rtx-4050-15-fb2117ax-gaming-laptop/p/itm7a5617d4d7ce2?pid=COMH2DY2PY3NESTW&lid=LSTCOMH2DY2PY3NESTWUWMGTA&marketplace=FLIPKART&q=laptop+hp&store=6bo%2Fb5g&srno=s_6_129&otracker=search&fm=organic&iid=c662bba7-041d-4db3-bb6b-5234eaf24d71.COMH2DY2PY3NESTW.SEARCH&ppt=sp&ppn=sp&ssid=1aa92zzde80000001753105217293&qH=afa4496eec6c609d,https://rukminim2.flixcart.com/image/312/312/xif0q/computer/g/4/y/-original-imahcd9jc92rsux7.jpeg?q=70,Laptops,Flipkart
HP Laptop Intel Core i3 13th Gen 1315U - (8 GB/512 GB SSD/Windows 11 Home) 15-fd0186TU Thin and Light ...,36990.0,4.2,32.0,https://www.flipkart.com/hp-laptop-intel-core-i3-13th-gen-1315u-8-gb-512-gb-ssd-windows-11-home-15-fd0186tu-thin-light/p/itm4fc6159aa1303?pid=COMHY9G672HKDZHB&lid=LSTCOMHY9G672HKDZHBP8SFFV&marketplace=FLIPKART&q=laptop+hp&store=6bo%2Fb5g&srno=s_6_130&otracker=search&fm=organic&iid=c662bba7-041d-4db3-bb6b-5234eaf24d71.COMHY9G672HKDZHB.SEARCH&ppt=sp&ppn=sp&ssid=1aa92zzde80000001753105217293&qH=afa4496eec6c609d,https://rukminim2.flixcart.com/image/312/312/xif0q/computer/l/u/q/-original-imahcd9khfgpqt9k.jpeg?q=70,Laptops,Flipkart
HP Pavilion 15 (2024) AMD Ryzen 5 Hexa Core 7530U - (8 GB/512 GB SSD/Windows 11 Home) 15-eh3036AU Thin...,52990.0,3.9,6.0,https://www.flipkart.com/hp-pavilion-15-2024-amd-ryzen-5-hexa-core-7530u-8-gb-512-gb-ssd-windows-11-home-15-eh3036au-thin-light-laptop/p/itmd03cc8dd8cb0e?pid=COMGYAM9HYBHHNJ3&lid=LSTCOMGYAM9HYBHHNJ3KI8NJI&marketplace=FLIPKART&q=laptop+hp&store=6bo%2Fb5g&srno=s_6_133&otracker=search&fm=organic&iid=c662bba7-041d-4db3-bb6b-5234eaf24d71.COMGYAM9HYBHHNJ3.SEARCH&ppt=sp&ppn=sp&ssid=1aa92zzde80000001753105217293&qH=afa4496eec6c609d,https://rukminim2.flixcart.com/image/312/312/xif0q/computer/i/v/o/15-eh3036au-thin-and-light-laptop-hp-original-imagypz4ahkqptam.jpeg?q=70,Laptops,Flipkart
HP 15s Backlit Keyboard AMD Ryzen 3 Quad Core 7320U - (8 GB/512 GB SSD/Windows 11 Home) 15-fc0026AU Th...,51999.0,4.2,69.0,https://www.flipkart.com/hp-15s-backlit-keyboard-amd-ryzen-3-quad-core-7320u-8-gb-512-gb-ssd-windows-11-home-15-fc0026au-thin-light-laptop/p/itm4e6d85f618393?pid=COMGZNSBMUR7S8WY&lid=LSTCOMGZNSBMUR7S8WYA3WXBV&marketplace=FLIPKART&q=laptop+hp&store=6bo%2Fb5g&srno=s_6_134&otracker=search&fm=organic&iid=c662bba7-041d-4db3-bb6b-5234eaf24d71.COMGZNSBMUR7S8WY.SEARCH&ppt=sp&ppn=sp&ssid=1aa92zzde80000001753105217293&qH=afa4496eec6c609d,https://rukminim2.flixcart.com/image/312/312/xif0q/computer/d/d/j/-original-imahcd9nv7ghh6t6.jpeg?q=70,Laptops,Flipkart
HP Pavilion AI PC Intel Core Ultra 7 155U - (16 GB/512 GB SSD/Windows 11 Home) 16-af0028TU Thin and Li...,72990.0,4.1,2.0,https://www.flipkart.com/hp-pavilion-ai-pc-intel-core-ultra-7-155u-16-gb-512-gb-ssd-windows-11-home-16-af0028tu-thin-light-laptop/p/itmec9c43c3b429c?pid=COMHF2JYDH2NAY65&lid=LSTCOMHF2JYDH2NAY65ARDHBX&marketplace=FLIPKART&q=laptop+hp&store=6bo%2Fb5g&srno=s_6_135&otracker=search&fm=organic&iid=c662bba7-041d-4db3-bb6b-5234eaf24d71.COMHF2JYDH2NAY65.SEARCH&ppt=sp&ppn=sp&ssid=1aa92zzde80000001753105217293&qH=afa4496eec6c609d,https://rukminim2.flixcart.com/image/312/312/xif0q/computer/9/d/l/-original-imahcd9m4khqzzef.jpeg?q=70,Laptops,Flipkart
HP Laptop with Backlit Keyboard Intel Core i3 11th Gen - (8 GB/512 GB SSD/Windows 11 Home) 15s-fr2512t...,38699.0,4.2,32.0,https://www.flipkart.com/hp-laptop-backlit-keyboard-intel-core-i3-11th-gen-8-gb-512-gb-ssd-windows-11-home-15s-fr2512tu/p/itmd1e96fc04e1a3?pid=COMGGMEYJVXAET6G&lid=LSTCOMGGMEYJVXAET6GYPKL37&marketplace=FLIPKART&q=laptop+hp&store=6bo%2Fb5g&srno=s_6_136&otracker=search&fm=organic&iid=c662bba7-041d-4db3-bb6b-5234eaf24d71.COMGGMEYJVXAET6G.SEARCH&ppt=sp&ppn=sp&ssid=1aa92zzde80000001753105217293&qH=afa4496eec6c609d,https://rukminim2.flixcart.com/image/312/312/xif0q/computer/p/3/0/-original-imahcd9mbhxwzfuy.jpeg?q=70,Laptops,Flipkart
HP 15s Intel Core i3 13th Gen 1315U - (8 GB/512 GB SSD/Windows 11 Home) 15-fd0018TU Thin and Light Lap...,47890.0,4.2,32.0,https://www.flipkart.com/hp-15s-intel-core-i3-13th-gen-1315u-8-gb-512-gb-ssd-windows-11-home-15-fd0018tu-thin-light-laptop/p/itmb55564db4e9b4?pid=COMGZVGHGYG4A3V2&lid=LSTCOMGZVGHGYG4A3V2EQCFEG&marketplace=FLIPKART&q=laptop+hp&store=6bo%2Fb5g&srno=s_6_138&otracker=search&fm=organic&iid=c662bba7-041d-4db3-bb6b-5234eaf24d71.COMGZVGHGYG4A3V2.SEARCH&ppt=sp&ppn=sp&ssid=1aa92zzde80000001753105217293&qH=afa4496eec6c609d,https://rukminim2.flixcart.com/image/312/312/xif0q/computer/r/a/c/-original-imagreh9cuzdgut9.jpeg?q=70,Laptops,Flipkart
HP 14s Backlit Intel Core i3 11th Gen 1115G4 - (8 GB/512 GB SSD/Windows 11 Home) 14s-dq2649tu Thin and...,40990.0,4.3,20.0,https://www.flipkart.com/hp-14s-backlit-intel-core-i3-11th-gen-1115g4-8-gb-512-gb-ssd-windows-11-home-14s-dq2649tu-thin-light-laptop/p/itm6664edbe195a9?pid=COMGMY3MB9MX5CXF&lid=LSTCOMGMY3MB9MX5CXFUUMMZS&marketplace=FLIPKART&q=laptop+hp&store=6bo%2Fb5g&srno=s_6_139&otracker=search&fm=organic&iid=c662bba7-041d-4db3-bb6b-5234eaf24d71.COMGMY3MB9MX5CXF.SEARCH&ppt=sp&ppn=sp&ssid=1aa92zzde80000001753105217293&qH=afa4496eec6c609d,https://rukminim2.flixcart.com/image/312/312/xif0q/computer/o/w/e/-original-imahcd9ng6zhznpn.jpeg?q=70,Laptops,Flipkart
HP Victus Intel Core i5 13th Gen 13420H - (16 GB/512 GB SSD/Windows 11 Home/6 GB Graphics/NVIDIA GeFor...,76990.0,4.2,6.0,https://www.flipkart.com/hp-victus-intel-core-i5-13th-gen-13420h-16-gb-512-gb-ssd-windows-11-home-6-graphics-nvidia-geforce-rtx-4050-15-fa1279tx-gaming-laptop/p/itmf855dec8ccea0?pid=COMHBUKXWMUHJPHV&lid=LSTCOMHBUKXWMUHJPHVHHTG8G&marketplace=FLIPKART&q=laptop+hp&store=6bo%2Fb5g&srno=s_6_140&otracker=search&fm=organic&iid=c662bba7-041d-4db3-bb6b-5234eaf24d71.COMHBUKXWMUHJPHV.SEARCH&ppt=sp&ppn=sp&ssid=1aa92zzde80000001753105217293&qH=afa4496eec6c609d,https://rukminim2.flixcart.com/image/312/312/xif0q/computer/e/v/v/15-fa1279tx-gaming-laptop-hp-original-imahbveehdzgcj3n.jpeg?q=70,Laptops,Flipkart
HP Laptop Intel Core i3 N305 - (8 GB/512 GB SSD/Windows 11 Home) 15-fd0123TU Thin and Light Laptop,33999.0,4.3,13.0,https://www.flipkart.com/hp-laptop-intel-core-i3-n305-8-gb-512-gb-ssd-windows-11-home-15-fd0123tu-thin-light/p/itmd793360b80fc2?pid=COMHF6WAKCNSF4TM&lid=LSTCOMHF6WAKCNSF4TML32H4B&marketplace=FLIPKART&q=laptop+hp&store=6bo%2Fb5g&srno=s_6_141&otracker=search&fm=organic&iid=c662bba7-041d-4db3-bb6b-5234eaf24d71.COMHF6WAKCNSF4TM.SEARCH&ppt=sp&ppn=sp&ssid=1aa92zzde80000001753105217293&qH=afa4496eec6c609d,https://rukminim2.flixcart.com/image/312/312/xif0q/computer/5/u/t/-original-imahcd9zgkmtfbpw.jpeg?q=70,Laptops,Flipkart
HP Intel Core i3 11th Gen - (8 GB/512 GB SSD/Windows 11 Home) 15S-FR2515TU Laptop,35990.0,4.3,4.0,https://www.flipkart.com/hp-intel-core-i3-11th-gen-8-gb-512-gb-ssd-windows-11-home-15s-fr2515tu-laptop/p/itme137569b58930?pid=COMGRHBQA9CZZMQH&lid=LSTCOMGRHBQA9CZZMQHYZVOMT&marketplace=FLIPKART&q=laptop+hp&store=6bo%2Fb5g&srno=s_6_142&otracker=search&fm=organic&iid=c662bba7-041d-4db3-bb6b-5234eaf24d71.COMGRHBQA9CZZMQH.SEARCH&ppt=sp&ppn=sp&ssid=1aa92zzde80000001753105217293&qH=afa4496eec6c609d,https://rukminim2.flixcart.com/image/312/312/xif0q/computer/x/7/q/-original-imagwy8e9zuhzfwd.jpeg?q=70,Laptops,Flipkart
HP HP OmniBook 7 Aero (Previously Pavilion Aero) AMD Ryzen AI 7 Octa Core AI 7 350 - (16 GB/512 GB SSD...,88990.0,3.7,1.0,https://www.flipkart.com/hp-omnibook-7-aero-previously-pavilion-aero-amd-ryzen-ai-octa-core-350-16-gb-512-gb-ssd-windows-11-home-13-bg1456au-thin-light-laptop/p/itm0e77f01f6fad1?pid=COMHA9GUWFFBZZFG&lid=LSTCOMHA9GUWFFBZZFGODZ5O7&marketplace=FLIPKART&q=laptop+hp&store=6bo%2Fb5g&srno=s_6_143&otracker=search&fm=organic&iid=c662bba7-041d-4db3-bb6b-5234eaf24d71.COMHA9GUWFFBZZFG.SEARCH&ppt=sp&ppn=sp&ssid=1aa92zzde80000001753105217293&qH=afa4496eec6c609d,https://rukminim2.flixcart.com/image/312/312/xif0q/computer/e/k/a/-original-imahd6xujqmzzhtj.jpeg?q=70,Laptops,Flipkart
HP Pavilion Eyesafe AMD Ryzen 5 Dual Core 5625U - (16 GB/512 GB SSD/Windows 11 Home) 14-EC1019AU Thin ...,62899.0,4.5,174.0,https://www.flipkart.com/hp-pavilion-eyesafe-amd-ryzen-5-dual-core-5625u-16-gb-512-gb-ssd-windows-11-home-14-ec1019au-thin-light-laptop/p/itmd21f8202dcf76?pid=COMGDSFCWQY5EFZB&lid=LSTCOMGDSFCWQY5EFZBDBAU5U&marketplace=FLIPKART&q=laptop+hp&store=6bo%2Fb5g&srno=s_6_144&otracker=search&fm=organic&iid=c662bba7-041d-4db3-bb6b-5234eaf24d71.COMGDSFCWQY5EFZB.SEARCH&ppt=sp&ppn=sp&ssid=1aa92zzde80000001753105217293&qH=afa4496eec6c609d,https://rukminim2.flixcart.com/image/312/312/xif0q/computer/c/m/b/-original-imahcd9qdhp7zxhg.jpeg?q=70,Laptops,Flipkart
HP AMD Athlon Dual Core 3050U - (8 GB/256 GB SSD/Windows 11 Home) 14s-fq0568AU Thin and Light Laptop,27990.0,4.1,292.0,https://www.flipkart.com/hp-amd-athlon-dual-core-3050u-8-gb-256-gb-ssd-windows-11-home-14s-fq0568au-thin-light-laptop/p/itm251d7da4048ee?pid=COMGG63HHFBZ2BZP&lid=LSTCOMGG63HHFBZ2BZPITDPKD&marketplace=FLIPKART&q=laptop+hp&store=6bo%2Fb5g&srno=s_7_145&otracker=search&fm=organic&iid=c91a15e5-551f-4f20-972c-7d049fc87943.COMGG63HHFBZ2BZP.SEARCH&ppt=sp&ppn=sp&ssid=8my5riieds0000001753105227921&qH=afa4496eec6c609d,https://rukminim2.flixcart.com/image/312/312/xif0q/computer/s/u/7/14s-fq0568au-thin-and-light-laptop-hp-original-imah3bdte6fw7eth.jpeg?q=70,Laptops,Flipkart
HP 14s AMD Ryzen 3 Quad Core 4300U - (8 GB/512 GB SSD/Windows 10 Home) 14s-fr0016AU Thin and Light Lap...,36990.0,4.3,193.0,https://www.flipkart.com/hp-14s-amd-ryzen-3-quad-core-4300u-8-gb-512-gb-ssd-windows-10-home-14s-fr0016au-thin-light-laptop/p/itmc85ad5a7655c4?pid=COMG26RVFGZGDE9D&lid=LSTCOMG26RVFGZGDE9DP11XI5&marketplace=FLIPKART&q=laptop+hp&store=6bo%2Fb5g&srno=s_7_150&otracker=search&fm=organic&iid=c91a15e5-551f-4f20-972c-7d049fc87943.COMG26RVFGZGDE9D.SEARCH&ppt=sp&ppn=sp&ssid=8my5riieds0000001753105227921&qH=afa4496eec6c609d,https://rukminim2.flixcart.com/image/312/312/xif0q/computer/k/b/8/15s-fr4000tu-thin-and-light-laptop-hp-original-imaghrcwmt7v5svk.jpeg?q=70,Laptops,Flipkart
HP Intel Core i5 12th Gen 1235U - (16 GB/512 GB SSD/Windows 11 Home) 15-fd0111TU Thin and Light Laptop,49300.0,4.2,18.0,https://www.flipkart.com/hp-intel-core-i5-12th-gen-1235u-16-gb-512-gb-ssd-windows-11-home-15-fd0111tu-thin-light-laptop/p/itm7d7024d1947e9?pid=COMH3J9YPK4BC6R5&lid=LSTCOMH3J9YPK4BC6R5OBYX93&marketplace=FLIPKART&q=laptop+hp&store=6bo%2Fb5g&srno=s_7_154&otracker=search&fm=organic&iid=c91a15e5-551f-4f20-972c-7d049fc87943.COMH3J9YPK4BC6R5.SEARCH&ppt=sp&ppn=sp&ssid=8my5riieds0000001753105227921&qH=afa4496eec6c609d,https://rukminim2.flixcart.com/image/312/312/xif0q/computer/1/a/h/-original-imahcd9hd2uugmqj.jpeg?q=70,Laptops,Flipkart
HP Laptop Intel Core i5 12th Gen 1235U - (8 GB/512 GB SSD/Windows 11 Home) 15s-fq5329TU Thin and Light...,49850.0,4.2,18.0,https://www.flipkart.com/hp-laptop-intel-core-i5-12th-gen-1235u-8-gb-512-gb-ssd-windows-11-home-15s-fq5329tu-thin-light/p/itm7d7024d1947e9?pid=COMGYZVFY8MFJ8QA&lid=LSTCOMGYZVFY8MFJ8QAYELOVZ&marketplace=FLIPKART&q=laptop+hp&store=6bo%2Fb5g&srno=s_7_155&otracker=search&fm=organic&iid=c91a15e5-551f-4f20-972c-7d049fc87943.COMGYZVFY8MFJ8QA.SEARCH&ppt=sp&ppn=sp&ssid=8my5riieds0000001753105227921&qH=afa4496eec6c609d,https://rukminim2.flixcart.com/image/312/312/xif0q/computer/1/a/h/-original-imahcd9hd2uugmqj.jpeg?q=70,Laptops,Flipkart
HP Laptop with Backlit Keyboard Intel Core i5 11th Gen - (16 GB/512 GB SSD/Windows 11 Home) 15s-fq2510...,52900.0,4.3,4.0,https://www.flipkart.com/hp-laptop-backlit-keyboard-intel-core-i5-11th-gen-16-gb-512-gb-ssd-windows-11-home-15s-fq2510tu-thin-light/p/itm7d4577134e5bc?pid=COMGUM8UKJBX8YKM&lid=LSTCOMGUM8UKJBX8YKMEGW2UJ&marketplace=FLIPKART&q=laptop+hp&store=6bo%2Fb5g&srno=s_7_159&otracker=search&fm=organic&iid=c91a15e5-551f-4f20-972c-7d049fc87943.COMGUM8UKJBX8YKM.SEARCH&ppt=sp&ppn=sp&ssid=8my5riieds0000001753105227921&qH=afa4496eec6c609d,https://rukminim2.flixcart.com/image/312/312/xif0q/computer/7/x/r/15s-fq2510-thin-and-light-laptop-hp-original-imaguhyegg4qrmrc.jpeg?q=70,Laptops,Flipkart
HP 15R (2025) Intel Core i3 13th Gen 1315U - (16 GB/512 GB SSD/Windows 11 Home) 15R G9 Thin and Light ...,36990.0,,,https://www.flipkart.com/hp-15r-2025-intel-core-i3-13th-gen-1315u-16-gb-512-gb-ssd-windows-11-home-g9-thin-light-laptop/p/itma5157bf50de37?pid=COMHDHJRRRHNDVNJ&lid=LSTCOMHDHJRRRHNDVNJTV8UJH&marketplace=FLIPKART&q=laptop+hp&store=6bo%2Fb5g&srno=s_7_160&otracker=search&fm=organic&iid=c91a15e5-551f-4f20-972c-7d049fc87943.COMHDHJRRRHNDVNJ.SEARCH&ppt=sp&ppn=sp&ssid=8my5riieds0000001753105227921&qH=afa4496eec6c609d,https://rukminim2.flixcart.com/image/312/312/xif0q/computer/w/9/g/15r-g9-thin-and-light-laptop-hp-original-imahdbyhrexhz3er.jpeg?q=70,Laptops,Flipkart
HP Omen Intel Core i7 13th Gen 13620H - (16 GB/1 TB SSD/Windows 11 Pro/8 GB Graphics/NVIDIA GeForce RT...,116990.0,4.1,1.0,https://www.flipkart.com/hp-omen-intel-core-i7-13th-gen-13620h-16-gb-1-tb-ssd-windows-11-pro-8-gb-graphics-nvidia-geforce-rtx-4060-16-wd0012tx-gaming-laptop/p/itm35c562c636aa6?pid=COMHY8KVQJD9BMK8&lid=LSTCOMHY8KVQJD9BMK84HENGW&marketplace=FLIPKART&q=laptop+hp&store=6bo%2Fb5g&srno=s_7_162&otracker=search&fm=organic&iid=c91a15e5-551f-4f20-972c-7d049fc87943.COMHY8KVQJD9BMK8.SEARCH&ppt=sp&ppn=sp&ssid=8my5riieds0000001753105227921&qH=afa4496eec6c609d,https://rukminim2.flixcart.com/image/312/312/xif0q/computer/f/i/b/-original-imahcd9jffhpxd2j.jpeg?q=70,Laptops,Flipkart
HP AMD Ryzen 7 Octa Core 5700U - (16 GB/512 GB SSD/Windows 11 Home) 15s-EQ2084AU Laptop,49999.0,4.1,3.0,https://www.flipkart.com/hp-amd-ryzen-7-octa-core-5700u-16-gb-512-gb-ssd-windows-11-home-15s-eq2084au-laptop/p/itm7d4577134e5bc?pid=COMGUU3XWYUFTARZ&lid=LSTCOMGUU3XWYUFTARZ8QCY11&marketplace=FLIPKART&q=laptop+hp&store=6bo%2Fb5g&srno=s_7_163&otracker=search&fm=organic&iid=c91a15e5-551f-4f20-972c-7d049fc87943.COMGUU3XWYUFTARZ.SEARCH&ppt=sp&ppn=sp&ssid=8my5riieds0000001753105227921&qH=afa4496eec6c609d,https://rukminim2.flixcart.com/image/312/312/xif0q/computer/9/q/r/15s-eq2084au-laptop-hp-original-imahyq4nf4e95jka.jpeg?q=70,Laptops,Flipkart
HP Intel Intel Core i3 11th Gen 1115G4 - (8 GB/256 GB SSD/Windows 10 Home) 14s- DY2501TU Thin and Ligh...,37990.0,4.4,579.0,https://www.flipkart.com/hp-intel-core-i3-11th-gen-1115g4-8-gb-256-gb-ssd-windows-10-home-14s-dy2501tu-thin-light-laptop/p/itmce5a821881f83?pid=COMG2TFSNK3KRFPA&lid=LSTCOMG2TFSNK3KRFPAUVKGJ6&marketplace=FLIPKART&q=laptop+hp&store=6bo%2Fb5g&srno=s_7_164&otracker=search&fm=organic&iid=c91a15e5-551f-4f20-972c-7d049fc87943.COMG2TFSNK3KRFPA.SEARCH&ppt=sp&ppn=sp&ssid=8my5riieds0000001753105227921&qH=afa4496eec6c609d,https://rukminim2.flixcart.com/image/312/312/xif0q/computer/b/w/w/-original-imagp7pfyd8rbp6z.jpeg?q=70,Laptops,Flipkart
HP 14s AMD Ryzen 5 Quad Core 3450U - (8 GB/512 GB SSD/Windows 10 Home) 14s-fr0012AU Thin and Light Lap...,45990.0,4.5,27.0,https://www.flipkart.com/hp-14s-amd-ryzen-5-quad-core-3450u-8-gb-512-gb-ssd-windows-10-home-14s-fr0012au-thin-light-laptop/p/itm9760b8956b2bd?pid=COMFXB5FDKMGEAYR&lid=LSTCOMFXB5FDKMGEAYR2EGWTH&marketplace=FLIPKART&q=laptop+hp&store=6bo%2Fb5g&srno=s_7_165&otracker=search&fm=organic&iid=c91a15e5-551f-4f20-972c-7d049fc87943.COMFXB5FDKMGEAYR.SEARCH&ppt=sp&ppn=sp&ssid=8my5riieds0000001753105227921&qH=afa4496eec6c609d,https://rukminim2.flixcart.com/image/312/312/khavrm80/computer/a/y/r/hp-original-imafxckqff7czgq7.jpeg?q=70,Laptops,Flipkart
HP FQ Series Intel Core i3 12th Gen 1215U - (8 GB/1 TB SSD/Windows 11 Home) 15s-FQ5328TU Thin and Ligh...,41990.0,3.9,10.0,https://www.flipkart.com/hp-fq-series-intel-core-i3-12th-gen-1215u-8-gb-1-tb-ssd-windows-11-home-15s-fq5328tu-thin-light-laptop/p/itme9a2532043dc2?pid=COMH2FYRJ4ZHDAC3&lid=LSTCOMH2FYRJ4ZHDAC3W9P3GL&marketplace=FLIPKART&q=laptop+hp&store=6bo%2Fb5g&srno=s_7_166&otracker=search&fm=organic&iid=c91a15e5-551f-4f20-972c-7d049fc87943.COMH2FYRJ4ZHDAC3.SEARCH&ppt=sp&ppn=sp&ssid=8my5riieds0000001753105227921&qH=afa4496eec6c609d,https://rukminim2.flixcart.com/image/312/312/xif0q/computer/l/l/q/15s-fq5328tu-laptop-hp-original-imah27v6zbus7y8n.jpeg?q=70,Laptops,Flipkart
HP G8 Series Intel Core i5 11th Gen Intel® Core™ i5-1135G - (8 GB/512 GB SSD/Windows 11 Home) 240 G8 B...,48990.0,3.9,5.0,https://www.flipkart.com/hp-g8-series-intel-core-i5-11th-gen-intel-core-i5-1135g-8-gb-512-gb-ssd-windows-11-home-240-business-laptop/p/itmf1ca83d7a968d?pid=COMGMU7XEJNDNFNV&lid=LSTCOMGMU7XEJNDNFNVFYFUBW&marketplace=FLIPKART&q=laptop+hp&store=6bo%2Fb5g&srno=s_7_167&otracker=search&fm=organic&iid=c91a15e5-551f-4f20-972c-7d049fc87943.COMGMU7XEJNDNFNV.SEARCH&ppt=sp&ppn=sp&ssid=8my5riieds0000001753105227921&qH=afa4496eec6c609d,https://rukminim2.flixcart.com/image/312/312/xif0q/computer/f/b/y/hp-240-g8-notebook-business-laptop-hp-original-imagmu7xv5drcjqt.jpeg?q=70,Laptops,Flipkart
HP G10 AMD Ryzen 5 Hexa Core 7th Gen 7530U Turbo Boost - (8 GB/512 GB SSD/Windows 11 Pro) 245 G10 R5 B...,31990.0,3.0,0.0,https://www.flipkart.com/hp-g10-amd-ryzen-5-hexa-core-7th-gen-7530u-turbo-boost-8-gb-512-gb-ssd-windows-11-pro-245-r5-business-laptop/p/itmb5cef80feed7b?pid=COMHAWXBKFNCD683&lid=LSTCOMHAWXBKFNCD683MDZ0AL&marketplace=FLIPKART&q=laptop+hp&store=6bo%2Fb5g&srno=s_7_168&otracker=search&fm=organic&iid=c91a15e5-551f-4f20-972c-7d049fc87943.COMHAWXBKFNCD683.SEARCH&ppt=sp&ppn=sp&ssid=8my5riieds0000001753105227921&qH=afa4496eec6c609d,https://rukminim2.flixcart.com/image/312/312/xif0q/computer/s/n/g/245-g10-business-laptop-hp-original-imahateeqkjn2bww.jpeg?q=70,Laptops,Flipkart
HP 15s Intel Core i3 11th Gen 1115G4 - (8 GB/512 GB SSD/Windows 11 Home) 15s-fr2511TU Thin and Light L...,36090.0,4.3,964.0,https://www.flipkart.com/hp-15s-intel-core-i3-11th-gen-1115g4-8-gb-512-gb-ssd-windows-11-home-15s-fr2511tu-thin-light-laptop/p/itm129db83c32a71?pid=COMGG3S9ZPRYMXS5&lid=LSTCOMGG3S9ZPRYMXS5DCXFJR&marketplace=FLIPKART&q=laptop+hp&store=6bo%2Fb5g&srno=s_8_170&otracker=search&fm=organic&iid=e5bbd911-225a-4ec0-8a86-3aa39a1d4495.COMGG3S9ZPRYMXS5.SEARCH&ppt=sp&ppn=sp&ssid=zo44pbrv680000001753105239240&qH=afa4496eec6c609d,https://rukminim2.flixcart.com/image/312/312/xif0q/computer/p/y/v/-original-imagphhhpk9f25ed.jpeg?q=70,Laptops,Flipkart
HP Victus 15 AMD Ryzen 5 Hexa Core 5600H - (8 GB/512 GB SSD/Windows 11 Home/4 GB Graphics/NVIDIA GeFor...,53650.0,4.3,14.0,https://www.flipkart.com/hp-victus-15-amd-ryzen-5-hexa-core-5600h-8-gb-512-gb-ssd-windows-11-home-4-graphics-nvidia-geforce-gtx-1650-15-fb0121ax-gaming-laptop/p/itmd48bb31d447ee?pid=COMGZNSBHNFH7HH5&lid=LSTCOMGZNSBHNFH7HH5GMZACV&marketplace=FLIPKART&q=laptop+hp&store=6bo%2Fb5g&srno=s_8_173&otracker=search&fm=organic&iid=e5bbd911-225a-4ec0-8a86-3aa39a1d4495.COMGZNSBHNFH7HH5.SEARCH&ppt=sp&ppn=sp&ssid=zo44pbrv680000001753105239240&qH=afa4496eec6c609d,https://rukminim2.flixcart.com/image/312/312/xif0q/computer/k/k/l/15-fb0121ax-gaming-laptop-hp-original-imah36vb4xjum6hg.jpeg?q=70,Laptops,Flipkart
HP Envy x360 Creator OLED Eyesafe Evo Intel Core i5 12th Gen 1230U - (16 GB/512 GB SSD/Windows 11 Home...,89999.0,4.3,18.0,https://www.flipkart.com/hp-envy-x360-creator-oled-eyesafe-evo-intel-core-i5-12th-gen-1230u-16-gb-512-gb-ssd-windows-11-home-13-bf0058tu-thin-light-laptop/p/itm0dfdd67c88d98?pid=COMGH2WT8TVQ5H6T&lid=LSTCOMGH2WT8TVQ5H6TZBQW8W&marketplace=FLIPKART&q=laptop+hp&store=6bo%2Fb5g&srno=s_8_174&otracker=search&fm=organic&iid=e5bbd911-225a-4ec0-8a86-3aa39a1d4495.COMGH2WT8TVQ5H6T.SEARCH&ppt=sp&ppn=sp&ssid=zo44pbrv680000001753105239240&qH=afa4496eec6c609d,https://rukminim2.flixcart.com/image/312/312/xif0q/computer/g/i/z/-original-imagwy8deh7zfzq6.jpeg?q=70,Laptops,Flipkart
HP 15s Intel Core i5 12th Gen 1240P - (8 GB/512 GB SSD/Windows 11 Home) 15s- fq5010TU Thin and Light L...,51000.0,4.1,22.0,https://www.flipkart.com/hp-15s-intel-core-i5-12th-gen-1240p-8-gb-512-gb-ssd-windows-11-home-15s-fq5010tu-thin-light-laptop/p/itm6664edbe195a9?pid=COMGEG3ZCAGPJDYG&lid=LSTCOMGEG3ZCAGPJDYGTRBFCY&marketplace=FLIPKART&q=laptop+hp&store=6bo%2Fb5g&srno=s_8_175&otracker=search&fm=organic&iid=e5bbd911-225a-4ec0-8a86-3aa39a1d4495.COMGEG3ZCAGPJDYG.SEARCH&ppt=sp&ppn=sp&ssid=zo44pbrv680000001753105239240&qH=afa4496eec6c609d,https://rukminim2.flixcart.com/image/312/312/xif0q/computer/e/z/w/-original-imahcd99bhmen9sa.jpeg?q=70,Laptops,Flipkart
HP 14s AMD Ryzen 5 Hexa Core 5500U - (8 GB/512 GB SSD/Windows 10 Home) 14s-fq1030AU Thin and Light Lap...,40990.0,4.4,69.0,https://www.flipkart.com/hp-14s-amd-ryzen-5-hexa-core-5500u-8-gb-512-gb-ssd-windows-10-home-14s-fq1030au-thin-light-laptop/p/itm9760b8956b2bd?pid=COMG24PXDNBHZCHG&lid=LSTCOMG24PXDNBHZCHG4PWEVC&marketplace=FLIPKART&q=laptop+hp&store=6bo%2Fb5g&srno=s_8_176&otracker=search&fm=organic&iid=e5bbd911-225a-4ec0-8a86-3aa39a1d4495.COMG24PXDNBHZCHG.SEARCH&ppt=sp&ppn=sp&ssid=zo44pbrv680000001753105239240&qH=afa4496eec6c609d,https://rukminim2.flixcart.com/image/312/312/kgzg8sw0/computer/z/j/j/hp-14s-fr0009au-laptop-original-imafx3rhqwgwzwgy.jpeg?q=70,Laptops,Flipkart
HP Laptop Intel Core i3 12th Gen 1215U - (8 GB/256 GB SSD/Windows 11 Home) 15s-fy5010TU Thin and Light...,35599.0,4.2,370.0,https://www.flipkart.com/hp-laptop-intel-core-i3-12th-gen-1215u-8-gb-256-gb-ssd-windows-11-home-15s-fy5010tu-thin-light/p/itm513a135df4d30?pid=COMHF6WAYQWPTFRS&lid=LSTCOMHF6WAYQWPTFRSMOC3IU&marketplace=FLIPKART&q=laptop+hp&store=6bo%2Fb5g&srno=s_8_179&otracker=search&fm=organic&iid=e5bbd911-225a-4ec0-8a86-3aa39a1d4495.COMHF6WAYQWPTFRS.SEARCH&ppt=sp&ppn=sp&ssid=zo44pbrv680000001753105239240&qH=afa4496eec6c609d,https://rukminim2.flixcart.com/image/312/312/xif0q/computer/m/3/7/-original-imahcd9zghnzrafk.jpeg?q=70,Laptops,Flipkart
HP Pavilion Intel Core i5 13th Gen 1340p - (16 GB/512 GB SSD/Windows 11 Home) 15-eg3027TU Thin and Lig...,62990.0,4.5,1.0,https://www.flipkart.com/hp-pavilion-intel-core-i5-13th-gen-1340p-16-gb-512-gb-ssd-windows-11-home-15-eg3027tu-thin-light-laptop/p/itmd03cc8dd8cb0e?pid=COMGPUYBZPP4WEEF&lid=LSTCOMGPUYBZPP4WEEFJRVJTO&marketplace=FLIPKART&q=laptop+hp&store=6bo%2Fb5g&srno=s_8_183&otracker=search&fm=organic&iid=e5bbd911-225a-4ec0-8a86-3aa39a1d4495.COMGPUYBZPP4WEEF.SEARCH&ppt=sp&ppn=sp&ssid=zo44pbrv680000001753105239240&qH=afa4496eec6c609d,https://rukminim2.flixcart.com/image/312/312/xif0q/computer/3/v/1/pavilion-thin-and-light-laptop-hp-original-imagptxhsxpkw2rz.jpeg?q=70,Laptops,Flipkart
HP Pavilion x360 Intel Core i5 12th Gen 1235U - (16 GB/512 GB SSD/Windows 11 Home) 14-ek0078TU Thin an...,77990.0,4.4,25.0,https://www.flipkart.com/hp-pavilion-x360-intel-core-i5-12th-gen-1235u-16-gb-512-gb-ssd-windows-11-home-14-ek0078tu-thin-light-laptop/p/itm2969c54a9d446?pid=COMGH2NJXPGRZJ8V&lid=LSTCOMGH2NJXPGRZJ8V3BAC1C&marketplace=FLIPKART&q=laptop+hp&store=6bo%2Fb5g&srno=s_8_184&otracker=search&fm=organic&iid=e5bbd911-225a-4ec0-8a86-3aa39a1d4495.COMGH2NJXPGRZJ8V.SEARCH&ppt=sp&ppn=sp&ssid=zo44pbrv680000001753105239240&qH=afa4496eec6c609d,https://rukminim2.flixcart.com/image/312/312/xif0q/computer/y/8/b/-original-imagwy8d4e9savgh.jpeg?q=70,Laptops,Flipkart
HP 14 G8 (2025) Intel Core i3 11th Gen 1115G4 - (16 GB/512 GB SSD/Windows 11 Home) 14 G8 Thin and Ligh...,30490.0,,,https://www.flipkart.com/hp-14-g8-2025-intel-core-i3-11th-gen-1115g4-16-gb-512-gb-ssd-windows-11-home-thin-light-laptop/p/itm04f11f0fb0c8d?pid=COMHCXWJCH7PNPFU&lid=LSTCOMHCXWJCH7PNPFULOGNPJ&marketplace=FLIPKART&q=laptop+hp&store=6bo%2Fb5g&srno=s_8_188&otracker=search&fm=organic&iid=e5bbd911-225a-4ec0-8a86-3aa39a1d4495.COMHCXWJCH7PNPFU.SEARCH&ppt=sp&ppn=sp&ssid=zo44pbrv680000001753105239240&qH=afa4496eec6c609d,https://rukminim2.flixcart.com/image/312/312/xif0q/computer/u/l/7/14-g8-thin-and-light-laptop-hp-original-imahcxwjzz6zywy7.jpeg?q=70,Laptops,Flipkart
HP HP OmniBook X Flip (Previously Envy) Intel Core Ultra 5 226V - (16 GB/512 GB SSD/Windows 11 Home/8 ...,107990.0,,,https://www.flipkart.com/hp-omnibook-x-flip-previously-envy-intel-core-ultra-5-226v-16-gb-512-gb-ssd-windows-11-home-8-graphics-14-fm0058tu-2-1-laptop/p/itmd7c2f53e71876?pid=COMHACZNGFZQZPN6&lid=LSTCOMHACZNGFZQZPN6DR8B0U&marketplace=FLIPKART&q=laptop+hp&store=6bo%2Fb5g&srno=s_8_189&otracker=search&fm=organic&iid=e5bbd911-225a-4ec0-8a86-3aa39a1d4495.COMHACZNGFZQZPN6.SEARCH&ppt=sp&ppn=sp&ssid=zo44pbrv680000001753105239240&qH=afa4496eec6c609d,https://rukminim2.flixcart.com/image/312/312/xif0q/computer/e/3/b/-original-imahcd9zwz6ncjeg.jpeg?q=70,Laptops,Flipkart
HP Pavilion Aero AMD Ryzen 5 Hexa Core 5600U - (16 GB/512 GB SSD/Windows 10 Home) 13-BE0190AU Thin and...,64990.0,4.5,31.0,https://www.flipkart.com/hp-pavilion-aero-amd-ryzen-5-hexa-core-5600u-16-gb-512-gb-ssd-windows-10-home-13-be0190au-thin-light-laptop/p/itm2641a8e7e2222?pid=COMG57NEGMUMVJYN&lid=LSTCOMG57NEGMUMVJYNCKIDJH&marketplace=FLIPKART&q=laptop+hp&store=6bo%2Fb5g&srno=s_8_191&otracker=search&fm=organic&iid=e5bbd911-225a-4ec0-8a86-3aa39a1d4495.COMG57NEGMUMVJYN.SEARCH&ppt=sp&ppn=sp&ssid=zo44pbrv680000001753105239240&qH=afa4496eec6c609d,https://rukminim2.flixcart.com/image/312/312/krjjde80/computer/w/j/x/na-thin-and-light-laptop-hp-original-imag5bg7ngmzfkqu.jpeg?q=70,Laptops,Flipkart
HP Pavilion Plus Laptop 14 Enhanced by AI With Backlit Intel Core Ultra 5 125H - (16 GB/512 GB SSD/Win...,71990.0,,,https://www.flipkart.com/hp-pavilion-plus-laptop-14-enhanced-ai-backlit-intel-core-ultra-5-125h-16-gb-512-gb-ssd-windows-11-home-14-ew1074tu/p/itme510f3e110723?pid=COMHADYKJGEVTGYH&lid=LSTCOMHADYKJGEVTGYHSZGGKH&marketplace=FLIPKART&q=laptop+hp&store=6bo%2Fb5g&srno=s_8_192&otracker=search&fm=organic&iid=e5bbd911-225a-4ec0-8a86-3aa39a1d4495.COMHADYKJGEVTGYH.SEARCH&ppt=sp&ppn=sp&ssid=zo44pbrv680000001753105239240&qH=afa4496eec6c609d,https://rukminim2.flixcart.com/image/312/312/xif0q/computer/p/t/m/15-ew1074tu-laptop-hp-original-imahagfjfsv2xkmk.jpeg?q=70,Laptops,Flipkart
HP 15 G9 (2025) AMD Ryzen 5 Hexa Core 5625U - (16 GB/512 GB SSD/Windows 11 Pro) 15 G9 Thin and Light L...,46990.0,3.9,3.0,https://www.flipkart.com/hp-15-g9-2025-amd-ryzen-5-hexa-core-5625u-16-gb-512-gb-ssd-windows-11-pro-thin-light-laptop/p/itme6fd8a1c31200?pid=COMH9EZYWAQP9GEU&lid=LSTCOMH9EZYWAQP9GEUEDO2MW&marketplace=FLIPKART&q=laptop+hp&store=6bo%2Fb5g&srno=s_9_206&otracker=search&fm=organic&iid=d74e7730-8b98-4304-b716-554ebfc83e05.COMH9EZYWAQP9GEU.SEARCH&ppt=sp&ppn=sp&ssid=trtjrq9ghs0000001753105264188&qH=afa4496eec6c609d,https://rukminim2.flixcart.com/image/312/312/xif0q/computer/x/1/c/15-g9-thin-and-light-laptop-hp-original-imah9h2gnmmhnsbj.jpeg?q=70,Laptops,Flipkart
HP FC0026AU AMD Ryzen 3 Quad Core 7320U - (8 GB/512 GB SSD/Windows 11 Home) 15-fc0025AU Thin and Light...,31990.0,4.0,16.0,https://www.flipkart.com/hp-fc0026au-amd-ryzen-3-quad-core-7320u-8-gb-512-gb-ssd-windows-11-home-15-fc0025au-thin-light-laptop/p/itm3f21e9fdfc42f?pid=COMGZ7FRZDEQHNYQ&lid=LSTCOMGZ7FRZDEQHNYQWFVDPQ&marketplace=FLIPKART&q=laptop+hp&store=6bo%2Fb5g&srno=s_9_209&otracker=search&fm=organic&iid=d74e7730-8b98-4304-b716-554ebfc83e05.COMGZ7FRZDEQHNYQ.SEARCH&ppt=sp&ppn=sp&ssid=trtjrq9ghs0000001753105264188&qH=afa4496eec6c609d,https://rukminim2.flixcart.com/image/312/312/xif0q/computer/w/9/s/15-fc0025au-thin-and-light-laptop-hp-original-imah3behg95r2tfw.jpeg?q=70,Laptops,Flipkart
HP Pavilion Aero AMD Ryzen 5 Hexa Core 7535U - (16 GB/512 GB SSD/Windows 11 Home) 13-BE2057AU Thin and...,67990.0,4.2,35.0,https://www.flipkart.com/hp-pavilion-aero-amd-ryzen-5-hexa-core-7535u-16-gb-512-gb-ssd-windows-11-home-13-be2057au-thin-light-laptop/p/itma52b6f1aa1339?pid=COMGNGEBH8WZCXZN&lid=LSTCOMGNGEBH8WZCXZNFATQLV&marketplace=FLIPKART&q=laptop+hp&store=6bo%2Fb5g&srno=s_9_210&otracker=search&fm=organic&iid=d74e7730-8b98-4304-b716-554ebfc83e05.COMGNGEBH8WZCXZN.SEARCH&ppt=sp&ppn=sp&ssid=trtjrq9ghs0000001753105264188&qH=afa4496eec6c609d,https://rukminim2.flixcart.com/image/312/312/xif0q/computer/c/z/l/-original-imagwy8dgyecs6yd.jpeg?q=70,Laptops,Flipkart
HP Intel Core i5 13th Gen 1334U - (8 GB/512 GB SSD/Windows 11 Home) 15-fd0220TU Thin and Light Laptop,53880.0,4.1,1.0,https://www.flipkart.com/hp-intel-core-i5-13th-gen-1334u-8-gb-512-gb-ssd-windows-11-home-15-fd0220tu-thin-light-laptop/p/itm35a5d83544c54?pid=COMGYHP5ZWHSAGSJ&lid=LSTCOMGYHP5ZWHSAGSJUDQRSP&marketplace=FLIPKART&q=laptop+hp&store=6bo%2Fb5g&srno=s_9_214&otracker=search&fm=organic&iid=d74e7730-8b98-4304-b716-554ebfc83e05.COMGYHP5ZWHSAGSJ.SEARCH&ppt=sp&ppn=sp&ssid=trtjrq9ghs0000001753105264188&qH=afa4496eec6c609d,https://rukminim2.flixcart.com/image/312/312/xif0q/computer/b/o/5/-original-imahygbzfdhg4rn6.jpeg?q=70,Laptops,Flipkart
HP Envy x360 AMD Ryzen 7 Octa Core 7730U - (16 GB/512 GB SSD/Windows 11 Home) 15-fh0019AU Laptop,89990.0,4.0,1.0,https://www.flipkart.com/hp-envy-x360-amd-ryzen-7-octa-core-7730u-16-gb-512-gb-ssd-windows-11-home-15-fh0019au-laptop/p/itmfce2095d9c61b?pid=COMGQTFC7ZTW2NBY&lid=LSTCOMGQTFC7ZTW2NBYLGSDDB&marketplace=FLIPKART&q=laptop+hp&store=6bo%2Fb5g&srno=s_10_219&otracker=search&fm=organic&iid=ec95e4a1-4971-4a9f-9539-0d55a41dd7ce.COMGQTFC7ZTW2NBY.SEARCH&ppt=sp&ppn=sp&ssid=4xvytv6v5s0000001753105285527&qH=afa4496eec6c609d,https://rukminim2.flixcart.com/image/312/312/xif0q/computer/2/x/y/-original-imahcd9maefy6cbm.jpeg?q=70,Laptops,Flipkart
HP 15s Intel Core i7 12th Gen 1255U - (16 GB/512 GB SSD/Windows 11 Home) 15s-fq5190tu Thin and Light L...,61400.0,4.2,1.0,https://www.flipkart.com/hp-15s-intel-core-i7-12th-gen-1255u-16-gb-512-gb-ssd-windows-11-home-15s-fq5190tu-thin-light-laptop/p/itma831720ef30c2?pid=COMGWGSGRYDAMZ36&lid=LSTCOMGWGSGRYDAMZ36TBO8P2&marketplace=FLIPKART&q=laptop+hp&store=6bo%2Fb5g&srno=s_10_220&otracker=search&fm=organic&iid=ec95e4a1-4971-4a9f-9539-0d55a41dd7ce.COMGWGSGRYDAMZ36.SEARCH&ppt=sp&ppn=sp&ssid=4xvytv6v5s0000001753105285527&qH=afa4496eec6c609d,https://rukminim2.flixcart.com/image/312/312/xif0q/computer/w/e/j/notebook-thin-and-light-laptop-hp-original-imah2uwjhzdhxg3u.jpeg?q=70,Laptops,Flipkart
HP Pavilion Plus Intel Core i5 13th Gen 1335U - (16 GB/512 GB SSD/Windows 11 Home) 14-ew0116TU Thin an...,67990.0,4.3,8.0,https://www.flipkart.com/hp-pavilion-plus-intel-core-i5-13th-gen-1335u-16-gb-512-gb-ssd-windows-11-home-14-ew0116tu-thin-light-laptop/p/itm565ffefa3cf12?pid=COMGYAM9QQECTR6A&lid=LSTCOMGYAM9QQECTR6A0USYAC&marketplace=FLIPKART&q=laptop+hp&store=6bo%2Fb5g&srno=s_10_223&otracker=search&fm=organic&iid=ec95e4a1-4971-4a9f-9539-0d55a41dd7ce.COMGYAM9QQECTR6A.SEARCH&ppt=sp&ppn=sp&ssid=4xvytv6v5s0000001753105285527&qH=afa4496eec6c609d,https://rukminim2.flixcart.com/image/312/312/xif0q/computer/o/n/p/-original-imahcd9puyxfx4qg.jpeg?q=70,Laptops,Flipkart
HP 15s Intel Core i5 12th Gen 1235U - (16 GB/512 GB SSD/Windows 11 Home) 15s-fq5112TU Thin and Light L...,58990.0,4.0,46.0,https://www.flipkart.com/hp-15s-intel-core-i5-12th-gen-1235u-16-gb-512-gb-ssd-windows-11-home-15s-fq5112tu-thin-light-laptop/p/itmafa17a199da31?pid=COMGG63HWNMXZKDF&lid=LSTCOMGG63HWNMXZKDFCRMXWM&marketplace=FLIPKART&q=laptop+hp&store=6bo%2Fb5g&srno=s_10_224&otracker=search&fm=organic&iid=ec95e4a1-4971-4a9f-9539-0d55a41dd7ce.COMGG63HWNMXZKDF.SEARCH&ppt=sp&ppn=sp&ssid=4xvytv6v5s0000001753105285527&qH=afa4496eec6c609d,https://rukminim2.flixcart.com/image/312/312/xif0q/computer/q/5/c/-original-imahcd9j8u24z2db.jpeg?q=70,Laptops,Flipkart
HP 15s AMD Ryzen 3 Dual Core 3250U - (8 GB/256 GB SSD/Windows 11 Home) 15s-GY0501AU Thin and Light Lap...,35000.0,4.3,410.0,https://www.flipkart.com/hp-15s-amd-ryzen-3-dual-core-3250u-8-gb-256-gb-ssd-windows-11-home-15s-gy0501au-thin-light-laptop/p/itma3ecca3dba795?pid=COMG6MVEA2PWVH3B&lid=LSTCOMG6MVEA2PWVH3BJ8QBY0&marketplace=FLIPKART&q=laptop+hp&store=6bo%2Fb5g&srno=s_10_225&otracker=search&fm=organic&iid=ec95e4a1-4971-4a9f-9539-0d55a41dd7ce.COMG6MVEA2PWVH3B.SEARCH&ppt=sp&ppn=sp&ssid=4xvytv6v5s0000001753105285527&qH=afa4496eec6c609d,https://rukminim2.flixcart.com/image/312/312/xif0q/computer/h/4/c/-original-imahcd9nkugbw3u7.jpeg?q=70,Laptops,Flipkart
HP 15s AMD Ryzen 5 Quad Core 7520U - (16 GB/512 GB SSD/Windows 11 Home) 15-fc0030AU Thin and Light Lap...,50650.0,4.3,1.0,https://www.flipkart.com/hp-15s-amd-ryzen-5-quad-core-7520u-16-gb-512-gb-ssd-windows-11-home-15-fc0030au-thin-light-laptop/p/itm6ce58d3e95838?pid=COMGZNSBGP8AGWVF&lid=LSTCOMGZNSBGP8AGWVFZLTGDP&marketplace=FLIPKART&q=laptop+hp&store=6bo%2Fb5g&srno=s_10_226&otracker=search&fm=organic&iid=ec95e4a1-4971-4a9f-9539-0d55a41dd7ce.COMGZNSBGP8AGWVF.SEARCH&ppt=sp&ppn=sp&ssid=4xvytv6v5s0000001753105285527&qH=afa4496eec6c609d,https://rukminim2.flixcart.com/image/312/312/xif0q/computer/1/o/5/-original-imahcd9pxujexkkr.jpeg?q=70,Laptops,Flipkart
HP 250R G9 (2025) Intel Core i3 13th Gen 1315U - (32 GB/512 GB SSD/Windows 11 Home) 250R Thin and Ligh...,39990.0,,,https://www.flipkart.com/hp-250r-g9-2025-intel-core-i3-13th-gen-1315u-32-gb-512-gb-ssd-windows-11-home-thin-light-laptop/p/itmc7a732015526f?pid=COMHDGWZRSJAJDKU&lid=LSTCOMHDGWZRSJAJDKUAGRIFK&marketplace=FLIPKART&q=laptop+hp&store=6bo%2Fb5g&srno=s_10_229&otracker=search&fm=organic&iid=ec95e4a1-4971-4a9f-9539-0d55a41dd7ce.COMHDGWZRSJAJDKU.SEARCH&ppt=sp&ppn=sp&ssid=4xvytv6v5s0000001753105285527&qH=afa4496eec6c609d,https://rukminim2.flixcart.com/image/312/312/xif0q/computer/z/f/j/250r-thin-and-light-laptop-hp-original-imahdgwz8czf2aab.jpeg?q=70,Laptops,Flipkart
HP Pavilion Intel Core i5 12th Gen 1235U - (8 GB/512 GB SSD/Windows 11 Home) 14-dv2053TU Thin and Ligh...,55490.0,4.2,64.0,https://www.flipkart.com/hp-pavilion-intel-core-i5-12th-gen-1235u-8-gb-512-gb-ssd-windows-11-home-14-dv2053tu-thin-light-laptop/p/itm90796c0f2f8f1?pid=COMGEG3ZBTGC2VYW&lid=LSTCOMGEG3ZBTGC2VYWWPXT2Y&marketplace=FLIPKART&q=laptop+hp&store=6bo%2Fb5g&srno=s_10_230&otracker=search&fm=organic&iid=ec95e4a1-4971-4a9f-9539-0d55a41dd7ce.COMGEG3ZBTGC2VYW.SEARCH&ppt=sp&ppn=sp&ssid=4xvytv6v5s0000001753105285527&qH=afa4496eec6c609d,https://rukminim2.flixcart.com/image/312/312/xif0q/computer/e/s/q/-original-imahcd9ku3vxvctd.jpeg?q=70,Laptops,Flipkart
HP Chromebook Intel Celeron Dual Core N4500 - (4 GB/128 GB EMMC Storage/Chrome OS) 15a- na0008TU Chrom...,29990.0,3.9,368.0,https://www.flipkart.com/hp-chromebook-intel-celeron-dual-core-n4500-4-gb-128-gb-emmc-storage-chrome-os-15a-na0008tu/p/itm687d107acda1e?pid=COMGNRNVDFUG9HGG&lid=LSTCOMGNRNVDFUG9HGGDO8PVF&marketplace=FLIPKART&q=laptop+hp&store=6bo%2Fb5g&srno=s_10_232&otracker=search&fm=organic&iid=ec95e4a1-4971-4a9f-9539-0d55a41dd7ce.COMGNRNVDFUG9HGG.SEARCH&ppt=sp&ppn=sp&ssid=4xvytv6v5s0000001753105285527&qH=afa4496eec6c609d,https://rukminim2.flixcart.com/image/312/312/xif0q/computer/6/x/z/15a-na0008tu-chromebook-hp-original-imah3bdtfdfn9sxp.jpeg?q=70,Laptops,Flipkart
HP Pavilion Aero AMD Ryzen 7 Octa Core 7735U - (16 GB/1 TB SSD/Windows 11 Home) 13-BE2048AU Thin and L...,79390.0,4.5,8.0,https://www.flipkart.com/hp-pavilion-aero-amd-ryzen-7-octa-core-7735u-16-gb-1-tb-ssd-windows-11-home-13-be2048au-thin-light-laptop/p/itmdf8679efc5053?pid=COMGNGEBCMKXFR7F&lid=LSTCOMGNGEBCMKXFR7F1GRBNY&marketplace=FLIPKART&q=laptop+hp&store=6bo%2Fb5g&srno=s_10_234&otracker=search&fm=organic&iid=ec95e4a1-4971-4a9f-9539-0d55a41dd7ce.COMGNGEBCMKXFR7F.SEARCH&ppt=sp&ppn=sp&ssid=4xvytv6v5s0000001753105285527&qH=afa4496eec6c609d,https://rukminim2.flixcart.com/image/312/312/xif0q/computer/e/v/b/-original-imahcd9mgz5rhwbm.jpeg?q=70,Laptops,Flipkart
HP Intel Core i7 12th Gen 1255U - (16 GB/512 GB SSD/Windows 11 Home) 15-ew0047TU Thin and Light Laptop,104990.0,4.0,1.0,https://www.flipkart.com/hp-intel-core-i7-12th-gen-1255u-16-gb-512-gb-ssd-windows-11-home-15-ew0047tu-thin-light-laptop/p/itma513bb6034c0a?pid=COMGMV9SUCZHJFSE&lid=LSTCOMGMV9SUCZHJFSE8A5VS6&marketplace=FLIPKART&q=laptop+hp&store=6bo%2Fb5g&srno=s_10_235&otracker=search&fm=organic&iid=ec95e4a1-4971-4a9f-9539-0d55a41dd7ce.COMGMV9SUCZHJFSE.SEARCH&ppt=sp&ppn=sp&ssid=4xvytv6v5s0000001753105285527&qH=afa4496eec6c609d,https://rukminim2.flixcart.com/image/312/312/xif0q/computer/z/r/m/-original-imahcd9m484rhn8v.jpeg?q=70,Laptops,Flipkart
HP Victus Gaming 15-With Backlit Intel Core i7 13th Gen 13620H - (16 GB/512 GB SSD/Windows 11 Home/8 G...,87990.0,4.4,2.0,https://www.flipkart.com/hp-victus-gaming-15-with-backlit-intel-core-i7-13th-gen-13620h-16-gb-512-gb-ssd-windows-11-home-8-graphics-nvidia-geforce-rtx-4060-15-fa1276tx-laptop/p/itmed5c8cb5b45f3?pid=COMHADYH9GWW3WQY&lid=LSTCOMHADYH9GWW3WQYDHBRUK&marketplace=FLIPKART&q=laptop+hp&store=6bo%2Fb5g&srno=s_10_236&otracker=search&fm=organic&iid=ec95e4a1-4971-4a9f-9539-0d55a41dd7ce.COMHADYH9GWW3WQY.SEARCH&ppt=sp&ppn=sp&ssid=4xvytv6v5s0000001753105285527&qH=afa4496eec6c609d,https://rukminim2.flixcart.com/image/312/312/xif0q/computer/u/i/u/-original-imahbznvwarssrp6.jpeg?q=70,Laptops,Flipkart
HP Intel Core i5 12th Gen 1235U - (8 GB/512 GB SSD/Windows 11 Home) 15s-fy5007TU Thin and Light Laptop,54990.0,4.2,10.0,https://www.flipkart.com/hp-intel-core-i5-12th-gen-1235u-8-gb-512-gb-ssd-windows-11-home-15s-fy5007tu-thin-light-laptop/p/itma831720ef30c2?pid=COMGTJG9CYTFZHZ2&lid=LSTCOMGTJG9CYTFZHZ2ZE8IUF&marketplace=FLIPKART&q=laptop+hp&store=6bo%2Fb5g&srno=s_10_237&otracker=search&fm=organic&iid=ec95e4a1-4971-4a9f-9539-0d55a41dd7ce.COMGTJG9CYTFZHZ2.SEARCH&ppt=sp&ppn=sp&ssid=4xvytv6v5s0000001753105285527&qH=afa4496eec6c609d,https://rukminim2.flixcart.com/image/312/312/xif0q/computer/c/6/x/-original-imagykgpmsy4hery.jpeg?q=70,Laptops,Flipkart
HP Pavilion Aero AMD Ryzen 5 Hexa Core 7535U - (16 GB/512 GB SSD/Windows 11 Home) 13-BE2055AU Thin and...,63990.0,4.2,35.0,https://www.flipkart.com/hp-pavilion-aero-amd-ryzen-5-hexa-core-7535u-16-gb-512-gb-ssd-windows-11-home-13-be2055au-thin-light-laptop/p/itm56c902ec85551?pid=COMGNGEBQNNMHVFH&lid=LSTCOMGNGEBQNNMHVFHV9PS5A&marketplace=FLIPKART&q=laptop+hp&store=6bo%2Fb5g&srno=s_10_238&otracker=search&fm=organic&iid=ec95e4a1-4971-4a9f-9539-0d55a41dd7ce.COMGNGEBQNNMHVFH.SEARCH&ppt=sp&ppn=sp&ssid=4xvytv6v5s0000001753105285527&qH=afa4496eec6c609d,https://rukminim2.flixcart.com/image/312/312/xif0q/computer/c/q/p/-original-imahcd9m4qppfagw.jpeg?q=70,Laptops,Flipkart
HP Intel Core i3 12th Gen - (8 GB/512 GB SSD/Windows 11 Home) 15s-fq5186TU Thin and Light Laptop,38799.0,,,https://www.flipkart.com/hp-intel-core-i3-12th-gen-8-gb-512-gb-ssd-windows-11-home-15s-fq5186tu-thin-light-laptop/p/itmae9a067923020?pid=COMHYZAZG9F9Z6HQ&lid=LSTCOMHYZAZG9F9Z6HQXGEJJB&marketplace=FLIPKART&q=laptop+hp&store=6bo%2Fb5g&srno=s_10_239&otracker=search&fm=organic&iid=ec95e4a1-4971-4a9f-9539-0d55a41dd7ce.COMHYZAZG9F9Z6HQ.SEARCH&ppt=sp&ppn=sp&ssid=4xvytv6v5s0000001753105285527&qH=afa4496eec6c609d,https://rukminim2.flixcart.com/image/312/312/xif0q/computer/p/a/t/15s-thin-and-light-laptop-hp-original-imahyzazerhdcpfa.jpeg?q=70,Laptops,Flipkart
HP 247 G8 AMD Ryzen 3 Dual Core 5300 - (8 GB/512 GB SSD/DOS) 6B5R3PA#ACJ Notebook,29999.0,3.9,63.0,https://www.flipkart.com/hp-247-g8-amd-ryzen-3-dual-core-5300-8-gb-512-gb-ssd-dos-6b5r3pa-acj-notebook/p/itm78ba0d3144de6?pid=COMGGYXA927PVTBZ&lid=LSTCOMGGYXA927PVTBZMV1YEH&marketplace=FLIPKART&q=laptop+hp&store=6bo%2Fb5g&srno=s_10_240&otracker=search&fm=organic&iid=ec95e4a1-4971-4a9f-9539-0d55a41dd7ce.COMGGYXA927PVTBZ.SEARCH&ppt=sp&ppn=sp&ssid=4xvytv6v5s0000001753105285527&qH=afa4496eec6c609d,https://rukminim2.flixcart.com/image/312/312/xif0q/computer/i/h/n/hp-247-g8-notebook-pc-notebook-hp-original-imaggvxykhbfgunc.jpeg?q=70,Laptops,Flipkart
MSI Intel Core i3 12th Gen 1215U - (8 GB/512 GB SSD/Windows 11 Home) Modern 14 C12MO-1401IN Business L...,34990.0,4.4,6.0,https://www.flipkart.com/msi-intel-core-i3-12th-gen-1215u-8-gb-512-gb-ssd-windows-11-home-modern-14-c12mo-1401in-business-laptop/p/itm8820edd8b6c55?pid=COMH3YTFKTG4TG2B&lid=LSTCOMH3YTFKTG4TG2BDTGXSD&marketplace=FLIPKART&q=laptop+hp&store=6bo%2Fb5g&srno=s_11_241&otracker=search&fm=organic&iid=en_iJh_n1qUDc-omATUv7rtSu-Npoibfbv1rLUNCvyGwfqPC43hWttID6j3-wldyyX0G58n5nb4jU_MS2_Kd8Gc4k4IsYyWu-Pj9cxFjFAoaLk%3D&ppt=sp&ppn=sp&ssid=ddy56dbnz40000001753105303861&qH=afa4496eec6c609d,https://rukminim2.flixcart.com/image/312/312/xif0q/computer/d/d/u/-original-imahcd9kfv2ajujv.jpeg?q=70,Laptops,Flipkart
MSI Modern 15 Intel Core i5 12th Gen 1235U - (16 GB/512 GB SSD/Windows 11 Home) Modern 15 B12MO Busine...,47990.0,4.2,2.0,https://www.flipkart.com/msi-modern-15-intel-core-i5-12th-gen-1235u-16-gb-512-gb-ssd-windows-11-home-b12mo-business-laptop/p/itm60c14709fdf3b?pid=COMHYWTJCHNVFNPF&lid=LSTCOMHYWTJCHNVFNPF6W07N8&marketplace=FLIPKART&q=laptop+hp&store=6bo%2Fb5g&srno=s_11_242&otracker=search&fm=organic&iid=en_iJh_n1qUDc-omATUv7rtSu-Npoibfbv1rLUNCvyGwfrTenHxoay1_qaVWsn39wntbxumIqZJH5hF4yyPDSmBr4QEIsITtCzc4bHaOMTqL08%3D&ppt=sp&ppn=sp&ssid=ddy56dbnz40000001753105303861&qH=afa4496eec6c609d,https://rukminim2.flixcart.com/image/312/312/xif0q/computer/b/2/r/-original-imahcd99heyzq4xz.jpeg?q=70,Laptops,Flipkart
HP 15s Intel Core i3 11th Gen 1115G4 - (8 GB/256 GB SSD/Windows 11 Home) 15s-FQ2075TU Thin and Light L...,35990.0,4.3,111.0,https://www.flipkart.com/hp-15s-intel-core-i3-11th-gen-1115g4-8-gb-256-gb-ssd-windows-11-home-15s-fq2075tu-thin-light-laptop/p/itmdce6afa2e1b0d?pid=COMGYSSUJMGPVDHF&lid=LSTCOMGYSSUJMGPVDHFQTWFE2&marketplace=FLIPKART&q=laptop+hp&store=6bo%2Fb5g&srno=s_11_243&otracker=search&fm=organic&iid=638869a7-04dc-414e-9c38-eb77dd5d657a.COMGYSSUJMGPVDHF.SEARCH&ppt=sp&ppn=sp&ssid=ddy56dbnz40000001753105303861&qH=afa4496eec6c609d,https://rukminim2.flixcart.com/image/312/312/xif0q/computer/i/r/c/-original-imahcd9smjzpcvyh.jpeg?q=70,Laptops,Flipkart
HP Pavilion AMD Ryzen 5 Hexa Core 5625U - (16 GB/512 GB SSD/Windows 11 Home) 14-EC1005AU Thin and Ligh...,56990.0,4.2,23.0,https://www.flipkart.com/hp-pavilion-amd-ryzen-5-hexa-core-5625u-16-gb-512-gb-ssd-windows-11-home-14-ec1005au-thin-light-laptop/p/itm912983975b3d8?pid=COMGHQ3NWPPAPYF4&lid=LSTCOMGHQ3NWPPAPYF4SLX8OK&marketplace=FLIPKART&q=laptop+hp&store=6bo%2Fb5g&srno=s_11_244&otracker=search&fm=organic&iid=638869a7-04dc-414e-9c38-eb77dd5d657a.COMGHQ3NWPPAPYF4.SEARCH&ppt=sp&ppn=sp&ssid=ddy56dbnz40000001753105303861&qH=afa4496eec6c609d,https://rukminim2.flixcart.com/image/312/312/xif0q/computer/f/k/z/14-ec1005au-thin-and-light-laptop-hp-original-imah38ffpg9t7k2y.jpeg?q=70,Laptops,Flipkart
HP 15s Intel Core i3 10th Gen 10110U - (8 GB/1 TB HDD/256 GB SSD/Windows 10 Home) 15s-du1064TU Laptop,38890.0,4.4,196.0,https://www.flipkart.com/hp-15s-intel-core-i3-10th-gen-10110u-8-gb-1-tb-hdd-256-gb-ssd-windows-10-home-15s-du1064tu-laptop/p/itmedc4210c718f5?pid=COMG22MXAZQSA2FV&lid=LSTCOMG22MXAZQSA2FVX4028Y&marketplace=FLIPKART&q=laptop+hp&store=6bo%2Fb5g&srno=s_11_245&otracker=search&fm=organic&iid=638869a7-04dc-414e-9c38-eb77dd5d657a.COMG22MXAZQSA2FV.SEARCH&ppt=sp&ppn=sp&ssid=ddy56dbnz40000001753105303861&qH=afa4496eec6c609d,https://rukminim2.flixcart.com/image/312/312/kbqu4cw0/computer/t/d/f/hp-original-imaftyzafphshjge.jpeg?q=70,Laptops,Flipkart
HP Intel Core i3 13th Gen 1315U - (8 GB/512 GB SSD/Windows 11 Home) 15-fd0569TU Thin and Light Laptop,35990.0,,,https://www.flipkart.com/hp-intel-core-i3-13th-gen-1315u-8-gb-512-gb-ssd-windows-11-home-15-fd0569tu-thin-light-laptop/p/itm8229e9aa059be?pid=COMHBFRJJPDPHZ2H&lid=LSTCOMHBFRJJPDPHZ2HQCYNV5&marketplace=FLIPKART&q=laptop+hp&store=6bo%2Fb5g&srno=s_11_246&otracker=search&fm=organic&iid=638869a7-04dc-414e-9c38-eb77dd5d657a.COMHBFRJJPDPHZ2H.SEARCH&ppt=sp&ppn=sp&ssid=ddy56dbnz40000001753105303861&qH=afa4496eec6c609d,https://rukminim2.flixcart.com/image/312/312/xif0q/computer/q/b/y/-original-imahbpzxs7jyyvnh.jpeg?q=70,Laptops,Flipkart
HP 247 G8 AMD Ryzen 5 Dual Core 3500U - (8 GB/512 GB SSD/Windows 11 Home) 247 G8 Notebook,36990.0,4.1,6.0,https://www.flipkart.com/hp-247-g8-amd-ryzen-5-dual-core-3500u-8-gb-512-gb-ssd-windows-11-home-notebook/p/itm8f08c84a09fd8?pid=COMGP8UQPGW5FYZP&lid=LSTCOMGP8UQPGW5FYZPBZPQNI&marketplace=FLIPKART&q=laptop+hp&store=6bo%2Fb5g&srno=s_11_249&otracker=search&fm=organic&iid=638869a7-04dc-414e-9c38-eb77dd5d657a.COMGP8UQPGW5FYZP.SEARCH&ppt=sp&ppn=sp&ssid=ddy56dbnz40000001753105303861&qH=afa4496eec6c609d,https://rukminim2.flixcart.com/image/312/312/xif0q/computer/w/1/2/245-g8-notebook-hp-original-imagnyeszwpsmabc.jpeg?q=70,Laptops,Flipkart
HP Intel Celeron Dual Core N4500 - (8 GB/256 GB SSD/Windows 11 Home) 14s-dq3037tu Thin and Light Lapto...,28990.0,3.7,1.0,https://www.flipkart.com/hp-intel-celeron-dual-core-n4500-8-gb-256-gb-ssd-windows-11-home-14s-dq3037tu-thin-light-laptop/p/itmb3102840e38cc?pid=COMGG63HBFDCHDBN&lid=LSTCOMGG63HBFDCHDBNJCJZWJ&marketplace=FLIPKART&q=laptop+hp&store=6bo%2Fb5g&srno=s_11_250&otracker=search&fm=organic&iid=638869a7-04dc-414e-9c38-eb77dd5d657a.COMGG63HBFDCHDBN.SEARCH&ppt=sp&ppn=sp&ssid=ddy56dbnz40000001753105303861&qH=afa4496eec6c609d,https://rukminim2.flixcart.com/image/312/312/xif0q/computer/3/h/8/-original-imagp7pfhjzh6c8z.jpeg?q=70,Laptops,Flipkart
HP AMD Ryzen 3 Dual Core - (8 GB/512 GB SSD/Windows 11 Home) 245 G8 Laptop,29999.0,3.3,1.0,https://www.flipkart.com/hp-amd-ryzen-3-dual-core-8-gb-512-gb-ssd-windows-11-home-245-g8-laptop/p/itm4bea4ae5c4254?pid=COMGAT2ZPASGEMD3&lid=LSTCOMGAT2ZPASGEMD304FG9S&marketplace=FLIPKART&q=laptop+hp&store=6bo%2Fb5g&srno=s_11_253&otracker=search&fm=organic&iid=638869a7-04dc-414e-9c38-eb77dd5d657a.COMGAT2ZPASGEMD3.SEARCH&ppt=sp&ppn=sp&ssid=ddy56dbnz40000001753105303861&qH=afa4496eec6c609d,https://rukminim2.flixcart.com/image/312/312/ky4qgsw0/computer/j/f/5/240-g8-laptop-hp-original-imagaffva46zgucg.jpeg?q=70,Laptops,Flipkart
HP Chromebook Plus Intel Core i3 N305 - (8 GB/128 GB/Chrome Plus) 14b-cd0013TU Chromebook,34990.0,3.0,2.0,https://www.flipkart.com/hp-chromebook-plus-intel-core-i3-n305-8-gb-128-gb-chrome-plus-14b-cd0013tu/p/itm8b7e332e40b2a?pid=COMH2V5Y7DFASMPZ&lid=LSTCOMH2V5Y7DFASMPZIB70HG&marketplace=FLIPKART&q=laptop+hp&store=6bo%2Fb5g&srno=s_11_254&otracker=search&fm=organic&iid=638869a7-04dc-414e-9c38-eb77dd5d657a.COMH2V5Y7DFASMPZ.SEARCH&ppt=sp&ppn=sp&ssid=ddy56dbnz40000001753105303861&qH=afa4496eec6c609d,https://rukminim2.flixcart.com/image/312/312/xif0q/computer/p/h/o/-original-imah32rczr7yfggs.jpeg?q=70,Laptops,Flipkart
HP Intel Core i3 12th Gen 1215U - (8 GB/512 GB SSD/Windows 11 Home) 15s-fy5006TU Thin and Light Laptop,39900.0,4.2,37.0,https://www.flipkart.com/hp-intel-core-i3-12th-gen-1215u-8-gb-512-gb-ssd-windows-11-home-15s-fy5006tu-thin-light-laptop/p/itm518009fc70403?pid=COMGTJG9KRXAYFMV&lid=LSTCOMGTJG9KRXAYFMV4HALJK&marketplace=FLIPKART&q=laptop+hp&store=6bo%2Fb5g&srno=s_11_255&otracker=search&fm=organic&iid=638869a7-04dc-414e-9c38-eb77dd5d657a.COMGTJG9KRXAYFMV.SEARCH&ppt=sp&ppn=sp&ssid=ddy56dbnz40000001753105303861&qH=afa4496eec6c609d,https://rukminim2.flixcart.com/image/312/312/xif0q/computer/t/d/z/-original-imagykgpzyhk3uha.jpeg?q=70,Laptops,Flipkart
HP Victus 15 Intel Core i5 12th Gen 12450H - (8 GB/512 GB SSD/Windows 11 Home/4 GB Graphics/NVIDIA GeF...,58190.0,4.3,128.0,https://www.flipkart.com/hp-victus-15-intel-core-i5-12th-gen-12450h-8-gb-512-gb-ssd-windows-11-home-4-graphics-nvidia-geforce-gtx-1650-144-hz-15-fa0070tx-gaming-laptop/p/itm08528d71de97a?pid=COMGGKKZHDJBZXJX&lid=LSTCOMGGKKZHDJBZXJXJBHRA5&marketplace=FLIPKART&q=laptop+hp&store=6bo%2Fb5g&srno=s_11_256&otracker=search&fm=organic&iid=638869a7-04dc-414e-9c38-eb77dd5d657a.COMGGKKZHDJBZXJX.SEARCH&ppt=sp&ppn=sp&ssid=ddy56dbnz40000001753105303861&qH=afa4496eec6c609d,https://rukminim2.flixcart.com/image/312/312/xif0q/computer/c/s/u/-original-imahcd9pp2tabzjw.jpeg?q=70,Laptops,Flipkart
HP 15s Intel Core i3 11th Gen 1115G4 - (8 GB/512 GB SSD/Windows 10 Home) 15s-FQ2072TU Thin and Light L...,35990.0,4.3,72.0,https://www.flipkart.com/hp-15s-intel-core-i3-11th-gen-1115g4-8-gb-512-gb-ssd-windows-10-home-15s-fq2072tu-thin-light-laptop/p/itmdce6afa2e1b0d?pid=COMGYCG8P7MCYQWH&lid=LSTCOMGYCG8P7MCYQWHLFYXFA&marketplace=FLIPKART&q=laptop+hp&store=6bo%2Fb5g&srno=s_11_258&otracker=search&fm=organic&iid=638869a7-04dc-414e-9c38-eb77dd5d657a.COMGYCG8P7MCYQWH.SEARCH&ppt=sp&ppn=sp&ssid=ddy56dbnz40000001753105303861&qH=afa4496eec6c609d,https://rukminim2.flixcart.com/image/312/312/kl5hh8w0/computer/c/j/8/hp-original-imagyckn3hqfgp4y.jpeg?q=70,Laptops,Flipkart
HP Chromebook MediaTek Kompanio 1200 - (8 GB/256 GB SSD/Chrome OS) 13b-ca0006MU Chromebook,43849.0,4.3,8.0,https://www.flipkart.com/hp-chromebook-mediatek-kompanio-1200-8-gb-256-gb-ssd-chrome-os-13b-ca0006mu/p/itmb000f8232f39b?pid=COMGNVRAXTGH4ZF4&lid=LSTCOMGNVRAXTGH4ZF4DPSAHM&marketplace=FLIPKART&q=laptop+hp&store=6bo%2Fb5g&srno=s_11_259&otracker=search&fm=organic&iid=638869a7-04dc-414e-9c38-eb77dd5d657a.COMGNVRAXTGH4ZF4.SEARCH&ppt=sp&ppn=sp&ssid=ddy56dbnz40000001753105303861&qH=afa4496eec6c609d,https://rukminim2.flixcart.com/image/312/312/xif0q/computer/c/p/p/13b-ca0006mu-thin-and-light-laptop-hp-original-imagzyavzxwvddgw.jpeg?q=70,Laptops,Flipkart
HP 15s Intel Core i5 8th Gen 8265U - (8 GB/1 TB HDD/Windows 10 Home) 15s-du0051TU Thin and Light Lapto...,50176.0,4.2,18.0,https://www.flipkart.com/hp-15s-intel-core-i5-8th-gen-8265u-8-gb-1-tb-hdd-windows-10-home-15s-du0051tu-thin-light-laptop/p/itm3aa6237dc37e5?pid=COMFVNK66WUYBHJP&lid=LSTCOMFVNK66WUYBHJPXLGKT8&marketplace=FLIPKART&q=laptop+hp&store=6bo%2Fb5g&srno=s_11_260&otracker=search&fm=organic&iid=638869a7-04dc-414e-9c38-eb77dd5d657a.COMFVNK66WUYBHJP.SEARCH&ppt=sp&ppn=sp&ssid=ddy56dbnz40000001753105303861&qH=afa4496eec6c609d,https://rukminim2.flixcart.com/image/312/312/kfzq8i80/computer/h/j/p/hp-original-imafwbkdmwjzewvf.jpeg?q=70,Laptops,Flipkart
HP 14 G9 (2025) AMD Ryzen 5 Hexa Core 5625U - (8 GB/512 GB SSD/Windows 11 Home) 14 G9 Thin and Light L...,35990.0,,,https://www.flipkart.com/hp-14-g9-2025-amd-ryzen-5-hexa-core-5625u-8-gb-512-gb-ssd-windows-11-home-thin-light-laptop/p/itm58f73d415a555?pid=COMH9Z3KHHHGKHQM&lid=LSTCOMH9Z3KHHHGKHQM3NQLQV&marketplace=FLIPKART&q=laptop+hp&store=6bo%2Fb5g&srno=s_11_261&otracker=search&fm=organic&iid=638869a7-04dc-414e-9c38-eb77dd5d657a.COMH9Z3KHHHGKHQM.SEARCH&ppt=sp&ppn=sp&ssid=ddy56dbnz40000001753105303861&qH=afa4496eec6c609d,https://rukminim2.flixcart.com/image/312/312/xif0q/computer/t/y/a/14-g9-thin-and-light-laptop-hp-original-imah9z35cuqjph92.jpeg?q=70,Laptops,Flipkart
HP Pavilion x360 Intel Core i3 12th Gen 1215U - (8 GB/512 GB SSD/Windows 11 Home) 14-ek0183TU Thin and...,51490.0,4.5,2.0,https://www.flipkart.com/hp-pavilion-x360-intel-core-i3-12th-gen-1215u-8-gb-512-gb-ssd-windows-11-home-14-ek0183tu-thin-light-laptop/p/itm616b8d1efb247?pid=COMGWSZEKG9ZTBZD&lid=LSTCOMGWSZEKG9ZTBZDHVOTZB&marketplace=FLIPKART&q=laptop+hp&store=6bo%2Fb5g&srno=s_11_264&otracker=search&fm=organic&iid=638869a7-04dc-414e-9c38-eb77dd5d657a.COMGWSZEKG9ZTBZD.SEARCH&ppt=sp&ppn=sp&ssid=ddy56dbnz40000001753105303861&qH=afa4496eec6c609d,https://rukminim2.flixcart.com/image/312/312/xif0q/computer/w/c/k/14-ek0183tu-thin-and-light-laptop-hp-original-imagx9zfbcwjkfby.jpeg?q=70,Laptops,Flipkart
HP Intel Intel Core i3 11th Gen 1125G4 - (8 GB/256 GB SSD/Windows 11 Home) 14-dy0212TU 2 in 1 Laptop,48990.0,4.2,18.0,https://www.flipkart.com/hp-intel-core-i3-11th-gen-1125g4-8-gb-256-gb-ssd-windows-11-home-14-dy0212tu-2-1-laptop/p/itmc83df27151771?pid=COMGFHMBCSTHRYQA&lid=LSTCOMGFHMBCSTHRYQAKPBCNI&marketplace=FLIPKART&q=laptop+hp&store=6bo%2Fb5g&srno=s_12_266&otracker=search&fm=organic&iid=2f0e16ed-e9d7-4ce5-a646-ec6eece1db00.COMGFHMBCSTHRYQA.SEARCH&ppt=sp&ppn=sp&ssid=donjja4its0000001753105319187&qH=afa4496eec6c609d,https://rukminim2.flixcart.com/image/312/312/xif0q/computer/o/c/0/-original-imahcd9m4axfaerk.jpeg?q=70,Laptops,Flipkart
HP Victus AMD Ryzen 7 Octa Core 6800H - (16 GB/512 GB SSD/Windows 11 Home/4 GB Graphics/NVIDIA GeForce...,78990.0,4.3,1.0,https://www.flipkart.com/hp-victus-amd-ryzen-7-octa-core-6800h-16-gb-512-gb-ssd-windows-11-home-4-graphics-nvidia-geforce-rtx-3050-ti-16-e1060ax-gaming-laptop/p/itm86ca62161fd3f?pid=COMGFA5FWMCQBXB3&lid=LSTCOMGFA5FWMCQBXB3K01OUK&marketplace=FLIPKART&q=laptop+hp&store=6bo%2Fb5g&srno=s_12_269&otracker=search&fm=organic&iid=2f0e16ed-e9d7-4ce5-a646-ec6eece1db00.COMGFA5FWMCQBXB3.SEARCH&ppt=sp&ppn=sp&ssid=donjja4its0000001753105319187&qH=afa4496eec6c609d,https://rukminim2.flixcart.com/image/312/312/l4oi4cw0/computer/l/t/q/16-e1062ax-gaming-laptop-hp-original-imagfgqgzbrzchfq.jpeg?q=70,Laptops,Flipkart
HP 15s Intel Core i5 10th Gen 10210U - (8 GB/1 TB HDD/Windows 10 Home) 15s-DU1034TU Thin and Light Lap...,52240.0,4.2,170.0,https://www.flipkart.com/hp-15s-intel-core-i5-10th-gen-10210u-8-gb-1-tb-hdd-windows-10-home-15s-du1034tu-thin-light-laptop/p/itme477843104167?pid=COMFQN65HQXFZTYH&lid=LSTCOMFQN65HQXFZTYH7HOW2Y&marketplace=FLIPKART&q=laptop+hp&store=6bo%2Fb5g&srno=s_12_270&otracker=search&fm=organic&iid=2f0e16ed-e9d7-4ce5-a646-ec6eece1db00.COMFQN65HQXFZTYH.SEARCH&ppt=sp&ppn=sp&ssid=donjja4its0000001753105319187&qH=afa4496eec6c609d,https://rukminim2.flixcart.com/image/312/312/k687wy80/computer/h/g/h/hp-notebook-laptop-original-imafhgugjwkag86g.jpeg?q=70,Laptops,Flipkart
HP Chromebook Intel Celeron Dual Core N4020 - (4 GB/64 GB EMMC Storage/Chrome OS) 14a-ca0505TU Chromeb...,23990.0,3.9,57.0,https://www.flipkart.com/hp-chromebook-intel-celeron-dual-core-n4020-4-gb-64-gb-emmc-storage-chrome-os-14a-ca0505tu/p/itm8984b31982b0a?pid=COMGBHKFY3T3HZBP&lid=LSTCOMGBHKFY3T3HZBPYSZCDK&marketplace=FLIPKART&q=laptop+hp&store=6bo%2Fb5g&srno=s_12_273&otracker=search&fm=organic&iid=2f0e16ed-e9d7-4ce5-a646-ec6eece1db00.COMGBHKFY3T3HZBP.SEARCH&ppt=sp&ppn=sp&ssid=donjja4its0000001753105319187&qH=afa4496eec6c609d,https://rukminim2.flixcart.com/image/312/312/xif0q/computer/2/i/m/-original-imah4eccwjzknduh.jpeg?q=70,Laptops,Flipkart
HP 14 G9 (2025) AMD Ryzen 3 Dual Core 3250U - (16 GB/512 GB SSD/Windows 11 Pro) 14 G9 Thin and Light L...,28490.0,3.4,1.0,https://www.flipkart.com/hp-14-g9-2025-amd-ryzen-3-dual-core-3250u-16-gb-512-gb-ssd-windows-11-pro-thin-light-laptop/p/itme6fd8a1c31200?pid=COMH9M5DQJZHFT5F&lid=LSTCOMH9M5DQJZHFT5FM7DKKN&marketplace=FLIPKART&q=laptop+hp&store=6bo%2Fb5g&srno=s_12_274&otracker=search&fm=organic&iid=2f0e16ed-e9d7-4ce5-a646-ec6eece1db00.COMH9M5DQJZHFT5F.SEARCH&ppt=sp&ppn=sp&ssid=donjja4its0000001753105319187&qH=afa4496eec6c609d,https://rukminim2.flixcart.com/image/312/312/xif0q/computer/q/y/5/14-g9-thin-and-light-laptop-hp-original-imah9h2j6yrxfeg7.jpeg?q=70,Laptops,Flipkart
HP Victus AMD Ryzen 5 Hexa Core 6600H - (8 GB/512 GB SSD/Windows 11 Home/4 GB Graphics/NVIDIA GeForce ...,78900.0,4.0,0.0,https://www.flipkart.com/hp-victus-amd-ryzen-5-hexa-core-6600h-8-gb-512-gb-ssd-windows-11-home-4-graphics-nvidia-geforce-rtx-3050-16-e1062ax-gaming-laptop/p/itm86ca62161fd3f?pid=COMGFA5FCNKUTPHG&lid=LSTCOMGFA5FCNKUTPHGMTIPBV&marketplace=FLIPKART&q=laptop+hp&store=6bo%2Fb5g&srno=s_12_275&otracker=search&fm=organic&iid=2f0e16ed-e9d7-4ce5-a646-ec6eece1db00.COMGFA5FCNKUTPHG.SEARCH&ppt=sp&ppn=sp&ssid=donjja4its0000001753105319187&qH=afa4496eec6c609d,https://rukminim2.flixcart.com/image/312/312/xif0q/computer/j/r/z/16-e1062ax-gaming-laptop-hp-original-imahf7yvnjbgh9uq.jpeg?q=70,Laptops,Flipkart
HP Victus Intel Core i5 14th Gen 14450HX - (16 GB/512 GB SSD/Windows 11 Home/6 GB Graphics/NVIDIA GeFo...,89990.0,4.6,2.0,https://www.flipkart.com/hp-victus-intel-core-i5-14th-gen-14450hx-16-gb-512-gb-ssd-windows-11-home-6-graphics-nvidia-geforce-rtx-4050-16-r1706tx-gaming-laptop/p/itm8ab9fd59b46f8?pid=COMHDHGHR2PMJYHT&lid=LSTCOMHDHGHR2PMJYHT7MLQAX&marketplace=FLIPKART&q=laptop+hp&store=6bo%2Fb5g&srno=s_12_276&otracker=search&fm=organic&iid=2f0e16ed-e9d7-4ce5-a646-ec6eece1db00.COMHDHGHR2PMJYHT.SEARCH&ppt=sp&ppn=sp&ssid=donjja4its0000001753105319187&qH=afa4496eec6c609d,https://rukminim2.flixcart.com/image/312/312/xif0q/computer/n/r/m/-original-imahdzyeutctymg7.jpeg?q=70,Laptops,Flipkart
HP Pavilion 14 AMD Ryzen 7 Octa Core 5700U - (16 GB/512 GB SSD/Windows 11 Home/2 GB Graphics) 14-EC000...,58990.0,3.6,6.0,https://www.flipkart.com/hp-pavilion-14-amd-ryzen-7-octa-core-5700u-16-gb-512-gb-ssd-windows-11-home-2-graphics-14-ec0007ax-thin-light-laptop/p/itm261a50ad320cd?pid=COMG6TE7RZEMUCPB&lid=LSTCOMG6TE7RZEMUCPBG8JHZC&marketplace=FLIPKART&q=laptop+hp&store=6bo%2Fb5g&srno=s_12_279&otracker=search&fm=organic&iid=2f0e16ed-e9d7-4ce5-a646-ec6eece1db00.COMG6TE7RZEMUCPB.SEARCH&ppt=sp&ppn=sp&ssid=donjja4its0000001753105319187&qH=afa4496eec6c609d,https://rukminim2.flixcart.com/image/312/312/xif0q/computer/j/0/4/14-ec0007ax-thin-and-light-laptop-hp-original-imah46z8g4ssgtkr.jpeg?q=70,Laptops,Flipkart
HP Intel Core i3 11th Gen 1115G4 - (8 GB/256 GB SSD/Windows 10 Home) 14s-DQ2100TU Thin and Light Lapto...,35990.0,4.2,100.0,https://www.flipkart.com/hp-intel-core-i3-11th-gen-1115g4-8-gb-256-gb-ssd-windows-10-home-14s-dq2100tu-thin-light-laptop/p/itm60f524eb4f21d?pid=COMG3682GMYD4SVX&lid=LSTCOMG3682GMYD4SVXARE8FL&marketplace=FLIPKART&q=laptop+hp&store=6bo%2Fb5g&srno=s_12_282&otracker=search&fm=organic&iid=2f0e16ed-e9d7-4ce5-a646-ec6eece1db00.COMG3682GMYD4SVX.SEARCH&ppt=sp&ppn=sp&ssid=donjja4its0000001753105319187&qH=afa4496eec6c609d,https://rukminim2.flixcart.com/image/312/312/kp2y2kw0/computer/p/n/a/hp-original-imag3efeqfqqx6e5.jpeg?q=70,Laptops,Flipkart
HP OmniBook X AI PC Snapdragon X Elite - (16 GB/1 TB SSD/Windows 11 Home) 14-fe0121QU Thin and Light L...,135990.0,,,https://www.flipkart.com/hp-omnibook-x-ai-pc-snapdragon-elite-16-gb-1-tb-ssd-windows-11-home-14-fe0121qu-thin-light-laptop/p/itm4f0ec97e25d36?pid=COMH2D4GZZK4JEDS&lid=LSTCOMH2D4GZZK4JEDSXDB2SR&marketplace=FLIPKART&q=laptop+hp&store=6bo%2Fb5g&srno=s_12_284&otracker=search&fm=organic&iid=2f0e16ed-e9d7-4ce5-a646-ec6eece1db00.COMH2D4GZZK4JEDS.SEARCH&ppt=sp&ppn=sp&ssid=donjja4its0000001753105319187&qH=afa4496eec6c609d,https://rukminim2.flixcart.com/image/312/312/xif0q/computer/k/y/k/-original-imahcd9ghnuhyzzd.jpeg?q=70,Laptops,Flipkart
HP 15s Intel Core i3 10th Gen 10110U - (8 GB/1 TB HDD/Windows 10 Home) 15s-DU1066TU Thin and Light Lap...,38497.0,4.1,119.0,https://www.flipkart.com/hp-15s-intel-core-i3-10th-gen-10110u-8-gb-1-tb-hdd-windows-10-home-15s-du1066tu-thin-light-laptop/p/itmedc4210c718f5?pid=COMG42P7GJZWUY4Q&lid=LSTCOMG42P7GJZWUY4QIKJ7TG&marketplace=FLIPKART&q=laptop+hp&store=6bo%2Fb5g&srno=s_12_285&otracker=search&fm=organic&iid=2f0e16ed-e9d7-4ce5-a646-ec6eece1db00.COMG42P7GJZWUY4Q.SEARCH&ppt=sp&ppn=sp&ssid=donjja4its0000001753105319187&qH=afa4496eec6c609d,https://rukminim2.flixcart.com/image/312/312/kbqu4cw0/computer/t/d/f/hp-original-imaftyzafphshjge.jpeg?q=70,Laptops,Flipkart
HP 15s Intel Core i3 10th Gen 1005G1 - (4 GB/1 TB HDD/Windows 10 Home) 15s-du2069TU Thin and Light Lap...,38890.0,3.9,162.0,https://www.flipkart.com/hp-15s-intel-core-i3-10th-gen-1005g1-4-gb-1-tb-hdd-windows-10-home-15s-du2069tu-thin-light-laptop/p/itmedc4210c718f5?pid=COMFRH6ZPGVVVJP6&lid=LSTCOMFRH6ZPGVVVJP6FXI0XN&marketplace=FLIPKART&q=laptop+hp&store=6bo%2Fb5g&srno=s_12_286&otracker=search&fm=organic&iid=2f0e16ed-e9d7-4ce5-a646-ec6eece1db00.COMFRH6ZPGVVVJP6.SEARCH&ppt=sp&ppn=sp&ssid=donjja4its0000001753105319187&qH=afa4496eec6c609d,https://rukminim2.flixcart.com/image/312/312/kbqu4cw0/computer/t/d/f/hp-original-imaftyzafphshjge.jpeg?q=70,Laptops,Flipkart
HP HP OmniBook X Flip (Previously Envy) Intel Core Ultra 7 256V - (16 GB/512 GB SSD/Windows 11 Home/8 ...,118990.0,,,https://www.flipkart.com/hp-omnibook-x-flip-previously-envy-intel-core-ultra-7-256v-16-gb-512-gb-ssd-windows-11-home-8-graphics-14-fm0026tu-2-1-laptop/p/itm474c9629abfdf?pid=COMHACZNRFFZHYCK&lid=LSTCOMHACZNRFFZHYCKQVXPYE&marketplace=FLIPKART&q=laptop+hp&store=6bo%2Fb5g&srno=s_12_287&otracker=search&fm=organic&iid=2f0e16ed-e9d7-4ce5-a646-ec6eece1db00.COMHACZNRFFZHYCK.SEARCH&ppt=sp&ppn=sp&ssid=donjja4its0000001753105319187&qH=afa4496eec6c609d,https://rukminim2.flixcart.com/image/312/312/xif0q/computer/p/d/z/-original-imahcd9rbqjzhck2.jpeg?q=70,Laptops,Flipkart
HP G9 AMD Ryzen 5 Hexa Core 5th Gen 5625U - (16 GB/512 GB SSD/Windows 11 Home) 7B1L8PA Notebook,39990.0,4.3,2.0,https://www.flipkart.com/hp-g9-amd-ryzen-5-hexa-core-5th-gen-5625u-16-gb-512-gb-ssd-windows-11-home-7b1l8pa-notebook/p/itma488dac338fb5?pid=COMH3Z2Z7JYZKHHJ&lid=LSTCOMH3Z2Z7JYZKHHJGXLFB5&marketplace=FLIPKART&q=laptop+hp&store=6bo%2Fb5g&srno=s_12_288&otracker=search&fm=organic&iid=2f0e16ed-e9d7-4ce5-a646-ec6eece1db00.COMH3Z2Z7JYZKHHJ.SEARCH&ppt=sp&ppn=sp&ssid=donjja4its0000001753105319187&qH=afa4496eec6c609d,https://rukminim2.flixcart.com/image/312/312/xif0q/computer/i/o/q/notebook-notebook-hp-original-imah3xypspjqsrth.jpeg?q=70,Laptops,Flipkart
HP Pavilion 14 X360 Intel Core i5 13th Gen 1335U - (16 GB/1 TB SSD/Windows 11 Home) 14-ek1149TU 2 in 1...,80990.0,,,https://www.flipkart.com/hp-pavilion-14-x360-intel-core-i5-13th-gen-1335u-16-gb-1-tb-ssd-windows-11-home-14-ek1149tu-2-1-laptop/p/itm1560b170cb029?pid=COMH8U9RXGBDKCYQ&lid=LSTCOMH8U9RXGBDKCYQ8DHGAS&marketplace=FLIPKART&q=laptop+hp&store=6bo%2Fb5g&srno=s_13_289&otracker=search&fm=organic&iid=f86dcd04-6d10-4524-8f0c-15af20acf383.COMH8U9RXGBDKCYQ.SEARCH&ppt=sp&ppn=sp&ssid=23wr8kk5m80000001753105330600&qH=afa4496eec6c609d,https://rukminim2.flixcart.com/image/312/312/xif0q/computer/u/f/y/-original-imahcd9nqgft76fh.jpeg?q=70,Laptops,Flipkart
HP Pavilion 15 AMD Ryzen 5 Hexa Core 13th Gen AMD Ryzen™ 5 5625U - (8 GB/512 GB SSD/Windows 11 Home) 1...,55990.0,3.7,5.0,https://www.flipkart.com/hp-pavilion-15-amd-ryzen-5-hexa-core-13th-gen-ryzen-5625u-8-gb-512-gb-ssd-windows-11-home-15-eh2050au-laptop/p/itm46037f25afe5a?pid=COMGQDSFAETUJ5GG&lid=LSTCOMGQDSFAETUJ5GGACGUBR&marketplace=FLIPKART&q=laptop+hp&store=6bo%2Fb5g&srno=s_13_290&otracker=search&fm=organic&iid=f86dcd04-6d10-4524-8f0c-15af20acf383.COMGQDSFAETUJ5GG.SEARCH&ppt=sp&ppn=sp&ssid=23wr8kk5m80000001753105330600&qH=afa4496eec6c609d,https://rukminim2.flixcart.com/image/312/312/xif0q/computer/r/p/l/pavilion-laptop-hp-original-imagqdsfrzevcesx.jpeg?q=70,Laptops,Flipkart
HP Victus 16 Intel Core i5 11th Gen 11400H - (8 GB/512 GB SSD/Windows 11 Home/4 GB Graphics/NVIDIA GeF...,59000.0,4.3,82.0,https://www.flipkart.com/hp-victus-16-intel-core-i5-11th-gen-11400h-8-gb-512-gb-ssd-windows-11-home-4-graphics-nvidia-geforce-gtx-1650-16-d0310tx-gaming-laptop/p/itm0d520c75833a9?pid=COMGHYYK8FRAYF4Y&lid=LSTCOMGHYYK8FRAYF4YU3WYCZ&marketplace=FLIPKART&q=laptop+hp&store=6bo%2Fb5g&srno=s_13_293&otracker=search&fm=organic&iid=f86dcd04-6d10-4524-8f0c-15af20acf383.COMGHYYK8FRAYF4Y.SEARCH&ppt=sp&ppn=sp&ssid=23wr8kk5m80000001753105330600&qH=afa4496eec6c609d,https://rukminim2.flixcart.com/image/312/312/xif0q/computer/e/f/z/-original-imahcd9ndrxnbvkm.jpeg?q=70,Laptops,Flipkart
HP 15 AMD Ryzen 3 Dual Core 3200U - (4 GB/1 TB HDD/Windows 10 Home) 15-db1069AU Laptop,29890.0,4.0,474.0,https://www.flipkart.com/hp-15-amd-ryzen-3-dual-core-3200u-4-gb-1-tb-hdd-windows-10-home-15-db1069au-laptop/p/itma9db5a83710ab?pid=COMFNXKS7TWWECNF&lid=LSTCOMFNXKS7TWWECNFTQOBW7&marketplace=FLIPKART&q=laptop+hp&store=6bo%2Fb5g&srno=s_13_294&otracker=search&fm=organic&iid=f86dcd04-6d10-4524-8f0c-15af20acf383.COMFNXKS7TWWECNF.SEARCH&ppt=sp&ppn=sp&ssid=23wr8kk5m80000001753105330600&qH=afa4496eec6c609d,https://rukminim2.flixcart.com/image/312/312/k5fn3ww0/computer/c/n/f/hp-na-original-imafz4duhht4zbnx.jpeg?q=70,Laptops,Flipkart
HP 14 (2025) Intel Core i3 13th Gen 1315U - (16 GB/512 GB SSD/Windows 11 Pro) 14 Thin and Light Laptop,35490.0,,,https://www.flipkart.com/hp-14-2025-intel-core-i3-13th-gen-1315u-16-gb-512-gb-ssd-windows-11-pro-thin-light-laptop/p/itm1eb3e59ad17a1?pid=COMHCPGZWZT6ZDYB&lid=LSTCOMHCPGZWZT6ZDYBFXYMJ3&marketplace=FLIPKART&q=laptop+hp&store=6bo%2Fb5g&srno=s_13_295&otracker=search&fm=organic&iid=f86dcd04-6d10-4524-8f0c-15af20acf383.COMHCPGZWZT6ZDYB.SEARCH&ppt=sp&ppn=sp&ssid=23wr8kk5m80000001753105330600&qH=afa4496eec6c609d,https://rukminim2.flixcart.com/image/312/312/xif0q/computer/k/u/v/14-thin-and-light-laptop-hp-original-imahcpgzctggb2tt.jpeg?q=70,Laptops,Flipkart
HP Pavilion Plus Creator OLED Eyesafe H-Series Intel Core i7 12th Gen 12700H - (16 GB/1 TB SSD/Windows...,86699.0,3.9,22.0,https://www.flipkart.com/hp-pavilion-plus-creator-oled-eyesafe-h-series-intel-core-i7-12th-gen-12700h-16-gb-1-tb-ssd-windows-11-home-14-eh0024tu-thin-light-laptop/p/itm4aaa3f48f218c?pid=COMGHMH6GYGRH5BU&lid=LSTCOMGHMH6GYGRH5BU8OKLH9&marketplace=FLIPKART&q=laptop+hp&store=6bo%2Fb5g&srno=s_13_296&otracker=search&fm=organic&iid=f86dcd04-6d10-4524-8f0c-15af20acf383.COMGHMH6GYGRH5BU.SEARCH&ppt=sp&ppn=sp&ssid=23wr8kk5m80000001753105330600&qH=afa4496eec6c609d,https://rukminim2.flixcart.com/image/312/312/xif0q/computer/l/t/o/-original-imagwy8ezzkhk5sy.jpeg?q=70,Laptops,Flipkart
HP Pavilion 13 AMD Ryzen 7 Octa Core 5800U - (16 GB/1 TB SSD/Windows 11 Home) 13-BE0208AU Thin and Lig...,82990.0,4.4,2.0,https://www.flipkart.com/hp-pavilion-13-amd-ryzen-7-octa-core-5800u-16-gb-1-tb-ssd-windows-11-home-13-be0208au-thin-light-laptop/p/itm2641a8e7e2222?pid=COMG8CY8EZG2SHRW&lid=LSTCOMG8CY8EZG2SHRW5FSMRK&marketplace=FLIPKART&q=laptop+hp&store=6bo%2Fb5g&srno=s_13_299&otracker=search&fm=organic&iid=f86dcd04-6d10-4524-8f0c-15af20acf383.COMG8CY8EZG2SHRW.SEARCH&ppt=sp&ppn=sp&ssid=23wr8kk5m80000001753105330600&qH=afa4496eec6c609d,https://rukminim2.flixcart.com/image/312/312/xif0q/computer/d/z/t/13-be0208au-thin-and-light-laptop-hp-original-imah46z5amyur5yr.jpeg?q=70,Laptops,Flipkart
HP Pavilion Intel Core i7 13th Gen 1360P - (16 GB/1 TB SSD/Windows 11 Home) 15-eg3036TU Thin and Light...,95900.0,4.3,27.0,https://www.flipkart.com/hp-pavilion-intel-core-i7-13th-gen-1360p-16-gb-1-tb-ssd-windows-11-home-15-eg3036tu-thin-light-laptop/p/itmd82b110aa3999?pid=COMGZNSBZMYMNUFU&lid=LSTCOMGZNSBZMYMNUFUG6WEPM&marketplace=FLIPKART&q=laptop+hp&store=6bo%2Fb5g&srno=s_13_300&otracker=search&fm=organic&iid=f86dcd04-6d10-4524-8f0c-15af20acf383.COMGZNSBZMYMNUFU.SEARCH&ppt=sp&ppn=sp&ssid=23wr8kk5m80000001753105330600&qH=afa4496eec6c609d,https://rukminim2.flixcart.com/image/312/312/xif0q/computer/0/2/g/15-eg3036tu-thin-and-light-laptop-hp-original-imahyq4n8ysebeh6.jpeg?q=70,Laptops,Flipkart
HP Omen AI Powered AMD Ryzen 7 Octa Core 7840HS - (16 GB/1 TB SSD/Windows 11 Home/6 GB Graphics/NVIDIA...,96990.0,3.9,12.0,https://www.flipkart.com/hp-omen-ai-powered-amd-ryzen-7-octa-core-7840hs-16-gb-1-tb-ssd-windows-11-home-6-gb-graphics-nvidia-geforce-rtx-4050-xd0007ax-gaming-laptop/p/itmbc327ac6fd6aa?pid=COMGSPC6BWN6D2EN&lid=LSTCOMGSPC6BWN6D2ENXPCTKG&marketplace=FLIPKART&q=laptop+hp&store=6bo%2Fb5g&srno=s_13_303&otracker=search&fm=organic&iid=f86dcd04-6d10-4524-8f0c-15af20acf383.COMGSPC6BWN6D2EN.SEARCH&ppt=sp&ppn=sp&ssid=23wr8kk5m80000001753105330600&qH=afa4496eec6c609d,https://rukminim2.flixcart.com/image/312/312/xif0q/computer/x/l/j/xd0007ax-gaming-laptop-hp-original-imah3fj2zbtcmf9b.jpeg?q=70,Laptops,Flipkart
HP Pavilion 14 X360 Intel Core i5 13th Gen 1335U - (16 GB/512 GB SSD/Windows 11 Home) 14-ek1148TU 2 in...,75490.0,,,https://www.flipkart.com/hp-pavilion-14-x360-intel-core-i5-13th-gen-1335u-16-gb-512-gb-ssd-windows-11-home-14-ek1148tu-2-1-laptop/p/itm1560b170cb029?pid=COMH8U9RV2HJFGYT&lid=LSTCOMH8U9RV2HJFGYTKARORQ&marketplace=FLIPKART&q=laptop+hp&store=6bo%2Fb5g&srno=s_13_304&otracker=search&fm=organic&iid=f86dcd04-6d10-4524-8f0c-15af20acf383.COMH8U9RV2HJFGYT.SEARCH&ppt=sp&ppn=sp&ssid=23wr8kk5m80000001753105330600&qH=afa4496eec6c609d,https://rukminim2.flixcart.com/image/312/312/xif0q/computer/g/w/q/-original-imahcd9p9fy9vgyz.jpeg?q=70,Laptops,Flipkart
HP Victus AMD Ryzen 5 Hexa Core 5600H - (8 GB/512 GB SSD/Windows 11 Home/4 GB Graphics/NVIDIA GeForce ...,63990.0,4.3,5.0,https://www.flipkart.com/hp-victus-amd-ryzen-5-hexa-core-5600h-8-gb-512-gb-ssd-windows-11-home-4-graphics-nvidia-geforce-gtx-1650-16-e0301ax-gaming-laptop/p/itm08528d71de97a?pid=COMGDJPHYQYGEFHN&lid=LSTCOMGDJPHYQYGEFHNSR3MQE&marketplace=FLIPKART&q=laptop+hp&store=6bo%2Fb5g&srno=s_13_305&otracker=search&fm=organic&iid=f86dcd04-6d10-4524-8f0c-15af20acf383.COMGDJPHYQYGEFHN.SEARCH&ppt=sp&ppn=sp&ssid=23wr8kk5m80000001753105330600&qH=afa4496eec6c609d,https://rukminim2.flixcart.com/image/312/312/kvvad8w0/keyboard-skin/k/j/i/laptop-premium-keyboard-cover-protector-fit-with-victus-by-hp-original-imag8njdqea2ucrh.jpeg?q=70,Laptops,Flipkart
HP 15s Intel Core i3 11th Gen 1115G4 - (8 GB/1 TB HDD/Windows 10 Home) 15s-du3040TU Thin and Light Lap...,37890.0,3.8,47.0,https://www.flipkart.com/hp-15s-intel-core-i3-11th-gen-1115g4-8-gb-1-tb-hdd-windows-10-home-15s-du3040tu-thin-light-laptop/p/itmedc4210c718f5?pid=COMFY9ZGB5HWYPGZ&lid=LSTCOMFY9ZGB5HWYPGZWL6JDH&marketplace=FLIPKART&q=laptop+hp&store=6bo%2Fb5g&srno=s_13_306&otracker=search&fm=organic&iid=f86dcd04-6d10-4524-8f0c-15af20acf383.COMFY9ZGB5HWYPGZ.SEARCH&ppt=sp&ppn=sp&ssid=23wr8kk5m80000001753105330600&qH=afa4496eec6c609d,https://rukminim2.flixcart.com/image/312/312/kbqu4cw0/computer/t/d/f/hp-original-imaftyzafphshjge.jpeg?q=70,Laptops,Flipkart
HP Intel Core i5 13th Gen 1334U - (16 GB/512 GB SSD/Windows 11 Home) 15-fd0315TU Thin and Light Laptop,53500.0,4.1,13.0,https://www.flipkart.com/hp-intel-core-i5-13th-gen-1334u-16-gb-512-gb-ssd-windows-11-home-15-fd0315tu-thin-light-laptop/p/itm01c07721bb10b?pid=COMH2FFGSTXTR8ZB&lid=LSTCOMH2FFGSTXTR8ZBIPSDMY&marketplace=FLIPKART&q=laptop+hp&store=6bo%2Fb5g&srno=s_13_308&otracker=search&fm=organic&iid=f86dcd04-6d10-4524-8f0c-15af20acf383.COMH2FFGSTXTR8ZB.SEARCH&ppt=sp&ppn=sp&ssid=23wr8kk5m80000001753105330600&qH=afa4496eec6c609d,https://rukminim2.flixcart.com/image/312/312/xif0q/computer/c/d/5/-original-imahcd9nmte6zez7.jpeg?q=70,Laptops,Flipkart
HP Pavilion Intel Core i5 12th Gen 1235U - (16 GB/1 TB SSD/Windows 11 Home) 14-dv2153TU Thin and Light...,67900.0,4.2,360.0,https://www.flipkart.com/hp-pavilion-intel-core-i5-12th-gen-1235u-16-gb-1-tb-ssd-windows-11-home-14-dv2153tu-thin-light-laptop/p/itm9236b466db2d7?pid=COMGT34TR3XEEZYB&lid=LSTCOMGT34TR3XEEZYBRBZID9&marketplace=FLIPKART&q=laptop+hp&store=6bo%2Fb5g&srno=s_13_309&otracker=search&fm=organic&iid=f86dcd04-6d10-4524-8f0c-15af20acf383.COMGT34TR3XEEZYB.SEARCH&ppt=sp&ppn=sp&ssid=23wr8kk5m80000001753105330600&qH=afa4496eec6c609d,https://rukminim2.flixcart.com/image/312/312/xif0q/computer/w/i/c/-original-imahcd9nr77ufpff.jpeg?q=70,Laptops,Flipkart
HP G8 AMD Ryzen 5 Hexa Core 5th Gen 5500U - (8 GB/512 GB SSD/Windows 11 Home) 62Y30PA Laptop,31990.0,4.2,1.0,https://www.flipkart.com/hp-g8-amd-ryzen-5-hexa-core-5th-gen-5500u-8-gb-512-gb-ssd-windows-11-home-62y30pa-laptop/p/itm443a85ce1b43f?pid=COMGGHDBUT6BERRN&lid=LSTCOMGGHDBUT6BERRNW1AG9P&marketplace=FLIPKART&q=laptop+hp&store=6bo%2Fb5g&srno=s_13_310&otracker=search&fm=organic&iid=f86dcd04-6d10-4524-8f0c-15af20acf383.COMGGHDBUT6BERRN.SEARCH&ppt=sp&ppn=sp&ssid=23wr8kk5m80000001753105330600&qH=afa4496eec6c609d,https://rukminim2.flixcart.com/image/312/312/xif0q/computer/x/i/h/255-g8-laptop-hp-original-imagghdbs8mnge44.jpeg?q=70,Laptops,Flipkart
HP ENVY AI PC Intel Core Ultra 5 125U - (16 GB/512 GB SSD/Windows 11 Home) 14-fc0078TU Thin and Light ...,99990.0,4.7,2.0,https://www.flipkart.com/hp-envy-ai-pc-intel-core-ultra-5-125u-16-gb-512-gb-ssd-windows-11-home-14-fc0078tu-thin-light-laptop/p/itma4a95464cf19e?pid=COMGYFMD6WH5KZB7&lid=LSTCOMGYFMD6WH5KZB7RWIHOG&marketplace=FLIPKART&q=laptop+hp&store=6bo%2Fb5g&srno=s_13_311&otracker=search&fm=organic&iid=f86dcd04-6d10-4524-8f0c-15af20acf383.COMGYFMD6WH5KZB7.SEARCH&ppt=sp&ppn=sp&ssid=23wr8kk5m80000001753105330600&qH=afa4496eec6c609d,https://rukminim2.flixcart.com/image/312/312/xif0q/computer/z/f/b/-original-imahcd9ngf8zudgz.jpeg?q=70,Laptops,Flipkart
HP Intel Core i7 13th Gen - (16 GB/1 TB SSD/Windows 11 Home) 14-EW0153TU Thin and Light Laptop,95990.0,,,https://www.flipkart.com/hp-intel-core-i7-13th-gen-16-gb-1-tb-ssd-windows-11-home-14-ew0153tu-thin-light-laptop/p/itm0a916fd2160ba?pid=COMGX7UK6FJR8V8Y&lid=LSTCOMGX7UK6FJR8V8YUPIB0V&marketplace=FLIPKART&q=laptop+hp&store=6bo%2Fb5g&srno=s_13_312&otracker=search&fm=organic&iid=f86dcd04-6d10-4524-8f0c-15af20acf383.COMGX7UK6FJR8V8Y.SEARCH&ppt=sp&ppn=sp&ssid=23wr8kk5m80000001753105330600&qH=afa4496eec6c609d,https://rukminim2.flixcart.com/image/312/312/xif0q/computer/z/b/e/pavilion-14-thin-and-light-laptop-hp-original-imagx7uk7saku7hb.jpeg?q=70,Laptops,Flipkart
HP 15s Intel Core i3 13th Gen 1315U - (8 GB/512 GB SSD/Windows 11 Home) 15-fd0019TU Thin and Light Lap...,53990.0,4.2,32.0,https://www.flipkart.com/hp-15s-intel-core-i3-13th-gen-1315u-8-gb-512-gb-ssd-windows-11-home-15-fd0019tu-thin-light-laptop/p/itmd0947fdd46b8a?pid=COMGZVGHYGZGBRCE&lid=LSTCOMGZVGHYGZGBRCELUTHDO&marketplace=FLIPKART&q=laptop+hp&store=6bo%2Fb5g&srno=s_14_314&otracker=search&fm=organic&iid=6142c46d-6bd7-4073-ae53-36a1447019ce.COMGZVGHYGZGBRCE.SEARCH&ppt=sp&ppn=sp&ssid=aflensk6ao0000001753105341726&qH=afa4496eec6c609d,https://rukminim2.flixcart.com/image/312/312/xif0q/computer/s/g/c/-original-imagpgzsbncuufhe.jpeg?q=70,Laptops,Flipkart
HP ENVY AI PC Intel Core Ultra 7 155U - (16 GB/512 GB SSD/Windows 11 Home) 14-fc0106TU Thin and Light ...,105990.0,4.0,1.0,https://www.flipkart.com/hp-envy-ai-pc-intel-core-ultra-7-155u-16-gb-512-gb-ssd-windows-11-home-14-fc0106tu-thin-light-laptop/p/itm6a880196bef02?pid=COMGYFMDGWW5UUVG&lid=LSTCOMGYFMDGWW5UUVG3PJLN8&marketplace=FLIPKART&q=laptop+hp&store=6bo%2Fb5g&srno=s_14_315&otracker=search&fm=organic&iid=6142c46d-6bd7-4073-ae53-36a1447019ce.COMGYFMDGWW5UUVG.SEARCH&ppt=sp&ppn=sp&ssid=aflensk6ao0000001753105341726&qH=afa4496eec6c609d,https://rukminim2.flixcart.com/image/312/312/xif0q/computer/i/0/4/-original-imahcd9cjywqhfw7.jpeg?q=70,Laptops,Flipkart
HP Envy x360 AMD Ryzen 5 Hexa Core 7530U - (16 GB/512 GB SSD/Windows 11 Home) 15-fh0015AU Laptop,73990.0,3.7,1.0,https://www.flipkart.com/hp-envy-x360-amd-ryzen-5-hexa-core-7530u-16-gb-512-gb-ssd-windows-11-home-15-fh0015au-laptop/p/itmc3c086a1fc34b?pid=COMGQTFCNHFRVXKB&lid=LSTCOMGQTFCNHFRVXKB4PSUBM&marketplace=FLIPKART&q=laptop+hp&store=6bo%2Fb5g&srno=s_14_316&otracker=search&fm=organic&iid=6142c46d-6bd7-4073-ae53-36a1447019ce.COMGQTFCNHFRVXKB.SEARCH&ppt=sp&ppn=sp&ssid=aflensk6ao0000001753105341726&qH=afa4496eec6c609d,https://rukminim2.flixcart.com/image/312/312/xif0q/computer/v/n/k/-original-imahcd9m49mvtvhj.jpeg?q=70,Laptops,Flipkart
HP victus AMD Ryzen 5 Hexa Core AMD R5-5600H - (8 GB/512 GB SSD/Windows 10 Home/4 GB Graphics/NVIDIA G...,63590.0,4.1,0.0,https://www.flipkart.com/hp-victus-amd-ryzen-5-hexa-core-r5-5600h-8-gb-512-gb-ssd-windows-10-home-4-graphics-nvidia-geforce-gtx-nvidia-16-e0075ax-gaming-laptop/p/itm08528d71de97a?pid=COMGBVZXFTB2PYFE&lid=LSTCOMGBVZXFTB2PYFEXU8DWQ&marketplace=FLIPKART&q=laptop+hp&store=6bo%2Fb5g&srno=s_14_319&otracker=search&fm=organic&iid=6142c46d-6bd7-4073-ae53-36a1447019ce.COMGBVZXFTB2PYFE.SEARCH&ppt=sp&ppn=sp&ssid=aflensk6ao0000001753105341726&qH=afa4496eec6c609d,https://rukminim2.flixcart.com/image/312/312/kzx1a4w0/computer/z/5/o/victus-laptop-hp-original-imagbtheub4n5u8g.jpeg?q=70,Laptops,Flipkart
HP 250 G9 Intel Core i5 12th Gen 12th Generation Intel Core i5-1235U Processor - (8 GB/512 GB SSD/Wind...,55000.0,4.4,2.0,https://www.flipkart.com/hp-250-g9-intel-core-i5-12th-gen-generation-i5-1235u-processor-8-gb-512-gb-ssd-windows-11-home-7n179pa-business-laptop/p/itma488dac338fb5?pid=COMGQHX9DFAQQFD3&lid=LSTCOMGQHX9DFAQQFD3KXF7KW&marketplace=FLIPKART&q=laptop+hp&store=6bo%2Fb5g&srno=s_14_320&otracker=search&fm=organic&iid=6142c46d-6bd7-4073-ae53-36a1447019ce.COMGQHX9DFAQQFD3.SEARCH&ppt=sp&ppn=sp&ssid=aflensk6ao0000001753105341726&qH=afa4496eec6c609d,https://rukminim2.flixcart.com/image/312/312/xif0q/computer/y/y/e/250-g9-notebook-pc-laptop-hp-original-imagremdjskhpqwx.jpeg?q=70,Laptops,Flipkart
CHUWI Intel Celeron Quad Core 12th Gen N100 - (8 GB/256 GB SSD/Windows 11 Home) GemiBook X_Pro Laptop,18990.0,4.1,128.0,https://www.flipkart.com/chuwi-intel-celeron-quad-core-12th-gen-n100-8-gb-256-gb-ssd-windows-11-home-gemibook-x-pro-laptop/p/itm95998eabab6f9?pid=COMGVBZBDZJXUZFC&lid=LSTCOMGVBZBDZJXUZFCFYZTJO&marketplace=FLIPKART&q=laptop+hp&store=6bo%2Fb5g&srno=s_14_322&otracker=search&fm=organic&iid=en_a6MlUbMHObUrmxj0jYon98GfjFyq1MYaEtGEbEpCZwhQety3RPJpygk3fsbErVvtMvoO_P76pPkPvm8WfUO6tw%3D%3D&ppt=sp&ppn=sp&ssid=aflensk6ao0000001753105341726&qH=afa4496eec6c609d,https://rukminim2.flixcart.com/image/312/312/xif0q/computer/b/r/w/gemibook-x-pro-laptop-chuwi-original-imagwfm84fgdm8bv.jpeg?q=70,Laptops,Flipkart
HP Intel Intel Core i5 12th Gen 1235U - (16 GB/512 GB SSD/Windows 11 Home) 14s - dy5005TU Thin and Lig...,58990.0,4.2,169.0,https://www.flipkart.com/hp-intel-core-i5-12th-gen-1235u-16-gb-512-gb-ssd-windows-11-home-14s-dy5005tu-thin-light-laptop/p/itm9b0903edf2d24?pid=COMGG3S93DSUQPMU&lid=LSTCOMGG3S93DSUQPMUEXYUH7&marketplace=FLIPKART&q=laptop+hp&store=6bo%2Fb5g&srno=s_14_323&otracker=search&fm=organic&iid=6142c46d-6bd7-4073-ae53-36a1447019ce.COMGG3S93DSUQPMU.SEARCH&ppt=sp&ppn=sp&ssid=aflensk6ao0000001753105341726&qH=afa4496eec6c609d,https://rukminim2.flixcart.com/image/312/312/xif0q/computer/v/p/3/-original-imahcd9mrhwckaf7.jpeg?q=70,Laptops,Flipkart
HP AMD Ryzen 5 Octa Core - (16 GB/512 GB SSD/Windows 11 Home) 15-eh2047au Laptop,49999.0,3.0,0.0,https://www.flipkart.com/hp-amd-ryzen-5-octa-core-16-gb-512-gb-ssd-windows-11-home-15-eh2047au-laptop/p/itmd03cc8dd8cb0e?pid=COMGU3JBZDHV7HFG&lid=LSTCOMGU3JBZDHV7HFGEOYQOE&marketplace=FLIPKART&q=laptop+hp&store=6bo%2Fb5g&srno=s_14_326&otracker=search&fm=organic&iid=6142c46d-6bd7-4073-ae53-36a1447019ce.COMGU3JBZDHV7HFG.SEARCH&ppt=sp&ppn=sp&ssid=aflensk6ao0000001753105341726&qH=afa4496eec6c609d,https://rukminim2.flixcart.com/image/312/312/xif0q/computer/h/z/6/15-eh2047au-laptop-hp-original-imagu3jb9bp2gkvt.jpeg?q=70,Laptops,Flipkart
HP Intel Core i7 13th Gen 13620H - (16 GB/512 GB SSD/Windows 11 Home) 15-fr0025TU Thin and Light Lapto...,70990.0,4.1,1.0,https://www.flipkart.com/hp-intel-core-i7-13th-gen-13620h-16-gb-512-gb-ssd-windows-11-home-15-fr0025tu-thin-light-laptop/p/itm2dfbf31961037?pid=COMHDFUWWFF77NQC&lid=LSTCOMHDFUWWFF77NQCSDJFTX&marketplace=FLIPKART&q=laptop+hp&store=6bo%2Fb5g&srno=s_14_329&otracker=search&fm=organic&iid=6142c46d-6bd7-4073-ae53-36a1447019ce.COMHDFUWWFF77NQC.SEARCH&ppt=sp&ppn=sp&ssid=aflensk6ao0000001753105341726&qH=afa4496eec6c609d,https://rukminim2.flixcart.com/image/312/312/xif0q/computer/y/t/u/-original-imahdxrfymmfsjnv.jpeg?q=70,Laptops,Flipkart
HP Intel Core N N200 - (8 GB/128 GB/Chrome OS) 14a-nf0016TU Chromebook,42419.0,,,https://www.flipkart.com/hp-intel-core-n-n200-8-gb-128-gb-chrome-os-14a-nf0016tu-chromebook/p/itm8b58b407a722f?pid=COMH2V5YQA4DCEGK&lid=LSTCOMH2V5YQA4DCEGKWBVN9P&marketplace=FLIPKART&q=laptop+hp&store=6bo%2Fb5g&srno=s_14_330&otracker=search&fm=organic&iid=6142c46d-6bd7-4073-ae53-36a1447019ce.COMH2V5YQA4DCEGK.SEARCH&ppt=sp&ppn=sp&ssid=aflensk6ao0000001753105341726&qH=afa4496eec6c609d,https://rukminim2.flixcart.com/image/312/312/xif0q/computer/r/r/a/-original-imah39ghwnvfyjgv.jpeg?q=70,Laptops,Flipkart
HP Pavilion Intel Core i5 13th Gen 1335U - (16 GB/1 TB SSD/Windows 11 Home) 15-EG3017TU Thin and Light...,67990.0,,,https://www.flipkart.com/hp-pavilion-intel-core-i5-13th-gen-1335u-16-gb-1-tb-ssd-windows-11-home-15-eg3017tu-thin-light-laptop/p/itma1d01151f1fff?pid=COMHCYN9UHMSHP7Y&lid=LSTCOMHCYN9UHMSHP7YFFZCUS&marketplace=FLIPKART&q=laptop+hp&store=6bo%2Fb5g&srno=s_14_333&otracker=search&fm=organic&iid=6142c46d-6bd7-4073-ae53-36a1447019ce.COMHCYN9UHMSHP7Y.SEARCH&ppt=sp&ppn=sp&ssid=aflensk6ao0000001753105341726&qH=afa4496eec6c609d,https://rukminim2.flixcart.com/image/312/312/xif0q/computer/l/g/r/15-eg3017tu-thin-and-light-laptop-hp-original-imahd2p4bwvwfsmn.jpeg?q=70,Laptops,Flipkart
HP 245 G9 (2025) AMD Ryzen 3 Dual Core 3250U - (16 GB/512 GB SSD/Windows 11 Pro) 245 G9 Thin and Light...,27990.0,3.3,1.0,https://www.flipkart.com/hp-245-g9-2025-amd-ryzen-3-dual-core-3250u-16-gb-512-gb-ssd-windows-11-pro-thin-light-laptop/p/itmffa014f55eff9?pid=COMHCKBQDMM3HPVH&lid=LSTCOMHCKBQDMM3HPVH0JKP38&marketplace=FLIPKART&q=laptop+hp&store=6bo%2Fb5g&srno=s_14_334&otracker=search&fm=organic&iid=6142c46d-6bd7-4073-ae53-36a1447019ce.COMHCKBQDMM3HPVH.SEARCH&ppt=sp&ppn=sp&ssid=aflensk6ao0000001753105341726&qH=afa4496eec6c609d,https://rukminim2.flixcart.com/image/312/312/xif0q/computer/r/q/b/245-g9-thin-and-light-laptop-hp-original-imahckbqgfwtarg9.jpeg?q=70,Laptops,Flipkart
HP Intel Core N N100 - (4 GB/64 GB EMMC Storage/Chrome OS) 14a-nf0014TU Chromebook,29990.0,,,https://www.flipkart.com/hp-intel-core-n-n100-4-gb-64-gb-emmc-storage-chrome-os-14a-nf0014tu-chromebook/p/itm8b58b407a722f?pid=COMH2V5YHWJSFGQP&lid=LSTCOMH2V5YHWJSFGQPAFNH7A&marketplace=FLIPKART&q=laptop+hp&store=6bo%2Fb5g&srno=s_14_335&otracker=search&fm=organic&iid=6142c46d-6bd7-4073-ae53-36a1447019ce.COMH2V5YHWJSFGQP.SEARCH&ppt=sp&ppn=sp&ssid=aflensk6ao0000001753105341726&qH=afa4496eec6c609d,https://rukminim2.flixcart.com/image/312/312/xif0q/computer/v/4/m/-original-imah39gharcmznqx.jpeg?q=70,Laptops,Flipkart
HP VICTUS 15 Intel Core i5 12th Gen 12450H - (16 GB/512 GB SSD/Windows 11 Home/4 GB Graphics/NVIDIA Ge...,73550.0,4.3,27.0,https://www.flipkart.com/hp-victus-15-intel-core-i5-12th-gen-12450h-16-gb-512-gb-ssd-windows-11-home-4-graphics-nvidia-geforce-rtx-3050-4gb-graphics-card-15-fa0555tx-gaming-laptop/p/itm37d4e3cd4f62e?pid=COMGPYFDUWSFWKWR&lid=LSTCOMGPYFDUWSFWKWRSIJPUA&marketplace=FLIPKART&q=laptop+hp&store=6bo%2Fb5g&srno=s_14_336&otracker=search&fm=organic&iid=6142c46d-6bd7-4073-ae53-36a1447019ce.COMGPYFDUWSFWKWR.SEARCH&ppt=sp&ppn=sp&ssid=aflensk6ao0000001753105341726&qH=afa4496eec6c609d,https://rukminim2.flixcart.com/image/312/312/xif0q/computer/j/e/p/-original-imahcd9naezqurfg.jpeg?q=70,Laptops,Flipkart
Primebook 4G Android Based MediaTek MT8788 - (4 GB/128 GB EMMC Storage/Prime OS) 4G Thin and Light Lap...,16990.0,4.2,562.0,https://www.flipkart.com/primebook-4g-android-based-mediatek-mt8788-4-gb-128-gb-emmc-storage-prime-os-thin-light-laptop/p/itmfd3a315fce1d5?pid=COMGH2NKUSYTW4HN&lid=LSTCOMGH2NKUSYTW4HNXSJOUK&marketplace=FLIPKART&q=laptop+hp&store=6bo%2Fb5g&srno=s_15_338&otracker=search&fm=organic&iid=en_jEKNi-zwTylmH8MjMd_V8gDlt51jZIn3WUjpSUhWICoVdamojFrQZde43nwvnZ8UWXTTbOhYrbKL7-5tST0Nvw%3D%3D&ppt=sp&ppn=sp&ssid=iive55xd3k0000001753105352535&qH=afa4496eec6c609d,https://rukminim2.flixcart.com/image/312/312/xif0q/computer/x/y/a/-original-imagttg9tykbzg3u.jpeg?q=70,Laptops,Flipkart
HP Victus Intel Core i5 12th Gen 12450H - (16 GB/512 GB SSD/Windows 11 Home/4 GB Graphics/NVIDIA GeFor...,65990.0,4.2,8.0,https://www.flipkart.com/hp-victus-intel-core-i5-12th-gen-12450h-16-gb-512-gb-ssd-windows-11-home-4-graphics-nvidia-geforce-rtx-2050-15-fa1099tx-gaming-laptop/p/itm3ef6fdacff19e?pid=COMGYFMDSEKNTNFQ&lid=LSTCOMGYFMDSEKNTNFQVMSJKD&marketplace=FLIPKART&q=laptop+hp&store=6bo%2Fb5g&srno=s_15_339&otracker=search&fm=organic&iid=1865bd0c-65c3-4bff-815d-f4b237a15720.COMGYFMDSEKNTNFQ.SEARCH&ppt=sp&ppn=sp&ssid=iive55xd3k0000001753105352535&qH=afa4496eec6c609d,https://rukminim2.flixcart.com/image/312/312/xif0q/computer/k/a/t/-original-imahcd9jcyktpa38.jpeg?q=70,Laptops,Flipkart
HP 14 Intel Core i5 10th Gen 10210U - (8 GB/512 GB SSD/Windows 10 Home) 14-ck2018TU Thin and Light Lap...,45990.0,4.3,256.0,https://www.flipkart.com/hp-14-intel-core-i5-10th-gen-10210u-8-gb-512-gb-ssd-windows-10-home-14-ck2018tu-thin-light-laptop/p/itmd402bd7a16929?pid=COMFVD2WVZWBNKZA&lid=LSTCOMFVD2WVZWBNKZARNBHOU&marketplace=FLIPKART&q=laptop+hp&store=6bo%2Fb5g&srno=s_15_343&otracker=search&fm=organic&iid=1865bd0c-65c3-4bff-815d-f4b237a15720.COMFVD2WVZWBNKZA.SEARCH&ppt=sp&ppn=sp&ssid=iive55xd3k0000001753105352535&qH=afa4496eec6c609d,https://rukminim2.flixcart.com/image/312/312/xif0q/computer/3/d/s/-original-imagp7pfuqepbcag.jpeg?q=70,Laptops,Flipkart
HP 14s Intel Core i3 11th Gen - (8 GB/256 GB SSD/Windows 11 Home) 14s-dy2500TU Thin and Light Laptop,34990.0,4.3,198.0,https://www.flipkart.com/hp-14s-intel-core-i3-11th-gen-8-gb-256-gb-ssd-windows-11-home-14s-dy2500tu-thin-light-laptop/p/itmd402bd7a16929?pid=COMGYZPAXQRJYJE3&lid=LSTCOMGYZPAXQRJYJE3FVE08Y&marketplace=FLIPKART&q=laptop+hp&store=6bo%2Fb5g&srno=s_15_344&otracker=search&fm=organic&iid=1865bd0c-65c3-4bff-815d-f4b237a15720.COMGYZPAXQRJYJE3.SEARCH&ppt=sp&ppn=sp&ssid=iive55xd3k0000001753105352535&qH=afa4496eec6c609d,https://rukminim2.flixcart.com/image/312/312/xif0q/computer/e/c/t/-original-imahcd9dhmhgbrvr.jpeg?q=70,Laptops,Flipkart
HP Pavilion Intel Core i5 11th Gen 1155G7 - (16 GB/512 GB SSD/Windows 11 Home) 14-dy1048TU Thin and Li...,69699.0,4.2,35.0,https://www.flipkart.com/hp-pavilion-intel-core-i5-11th-gen-1155g7-16-gb-512-gb-ssd-windows-11-home-14-dy1048tu-thin-light-laptop/p/itm899171d7dd511?pid=COMGCNDPJXZUA9HM&lid=LSTCOMGCNDPJXZUA9HMR8KZFS&marketplace=FLIPKART&q=laptop+hp&store=6bo%2Fb5g&srno=s_15_345&otracker=search&fm=organic&iid=1865bd0c-65c3-4bff-815d-f4b237a15720.COMGCNDPJXZUA9HM.SEARCH&ppt=sp&ppn=sp&ssid=iive55xd3k0000001753105352535&qH=afa4496eec6c609d,https://rukminim2.flixcart.com/image/312/312/xif0q/computer/n/w/q/-original-imahcd9hyzudgcmx.jpeg?q=70,Laptops,Flipkart
HP Intel Core i5 13th Gen 1334U - (16 GB/512 GB SSD/Windows 11 Home) 15-hr0008TU Thin and Light Laptop,54990.0,,,https://www.flipkart.com/hp-intel-core-i5-13th-gen-1334u-16-gb-512-gb-ssd-windows-11-home-15-hr0008tu-thin-light-laptop/p/itm31c477eb87386?pid=COMHCUUXTZSEZFJA&lid=LSTCOMHCUUXTZSEZFJAOTLX32&marketplace=FLIPKART&q=laptop+hp&store=6bo%2Fb5g&srno=s_15_346&otracker=search&fm=organic&iid=1865bd0c-65c3-4bff-815d-f4b237a15720.COMHCUUXTZSEZFJA.SEARCH&ppt=sp&ppn=sp&ssid=iive55xd3k0000001753105352535&qH=afa4496eec6c609d,https://rukminim2.flixcart.com/image/312/312/xif0q/computer/o/x/k/15-hr0008tu-thin-and-light-laptop-hp-original-imahcxyspbg3s9t2.jpeg?q=70,Laptops,Flipkart
HP 245 G9 Silver AMD Ryzen 5 Hexa Core 5625U - (8 GB/512 GB SSD/Windows 11 Home) 245 G9 Laptop,34990.0,3.6,9.0,https://www.flipkart.com/hp-245-g9-silver-amd-ryzen-5-hexa-core-5625u-8-gb-512-gb-ssd-windows-11-home-laptop/p/itma488dac338fb5?pid=COMH39AT4QUGQPFT&lid=LSTCOMH39AT4QUGQPFTZKYJHP&marketplace=FLIPKART&q=laptop+hp&store=6bo%2Fb5g&srno=s_15_349&otracker=search&fm=organic&iid=1865bd0c-65c3-4bff-815d-f4b237a15720.COMH39AT4QUGQPFT.SEARCH&ppt=sp&ppn=sp&ssid=iive55xd3k0000001753105352535&qH=afa4496eec6c609d,https://rukminim2.flixcart.com/image/312/312/xif0q/computer/m/h/6/245-g9-laptop-hp-original-imah3avk8tpqgnzz.jpeg?q=70,Laptops,Flipkart
HP Victus Gaming 15-With Backlit AMD Ryzen 5 Hexa Core R5-5600H - (8 GB/512 GB SSD/Windows 11 Home/4 G...,69999.0,4.3,56.0,https://www.flipkart.com/hp-victus-gaming-15-with-backlit-amd-ryzen-5-hexa-core-r5-5600h-8-gb-512-gb-ssd-windows-11-home-4-graphics-nvidia-geforce-rtx-3050-15-fb0180ax-laptop/p/itm577361ccf46d4?pid=COMHAWXYTGJEGNVP&lid=LSTCOMHAWXYTGJEGNVPXJ2MRD&marketplace=FLIPKART&q=laptop+hp&store=6bo%2Fb5g&srno=s_15_350&otracker=search&fm=organic&iid=1865bd0c-65c3-4bff-815d-f4b237a15720.COMHAWXYTGJEGNVP.SEARCH&ppt=sp&ppn=sp&ssid=iive55xd3k0000001753105352535&qH=afa4496eec6c609d,https://rukminim2.flixcart.com/image/312/312/xif0q/computer/v/p/m/-original-imahbq4hu7qfhchn.jpeg?q=70,Laptops,Flipkart
HP Pavilion AMD Ryzen 5 Hexa Core 5625U - (8 GB/512 GB SSD/Windows 11 Home) 15-eh2018AU Thin and Light...,49490.0,4.2,48.0,https://www.flipkart.com/hp-pavilion-amd-ryzen-5-hexa-core-5625u-8-gb-512-gb-ssd-windows-11-home-15-eh2018au-thin-light-laptop/p/itmdbf842a3a50ec?pid=COMGCGST8ZYGUDGT&lid=LSTCOMGCGST8ZYGUDGTSY4CGY&marketplace=FLIPKART&q=laptop+hp&store=6bo%2Fb5g&srno=s_15_353&otracker=search&fm=organic&iid=1865bd0c-65c3-4bff-815d-f4b237a15720.COMGCGST8ZYGUDGT.SEARCH&ppt=sp&ppn=sp&ssid=iive55xd3k0000001753105352535&qH=afa4496eec6c609d,https://rukminim2.flixcart.com/image/312/312/xif0q/computer/z/o/1/-original-imahcd9h8um8zysj.jpeg?q=70,Laptops,Flipkart
HP MS Office 2024 Intel Core i5 13th Gen 1334U - (8 GB/512 GB SSD/Windows 11 Home) fd0466TU Thin and L...,53990.0,,,https://www.flipkart.com/hp-ms-office-2024-intel-core-i5-13th-gen-1334u-8-gb-512-gb-ssd-windows-11-home-fd0466tu-thin-light-laptop/p/itm6eff3fc8ce4eb?pid=COMH8QXWZPH2HVV9&lid=LSTCOMH8QXWZPH2HVV9PKZUHQ&marketplace=FLIPKART&q=laptop+hp&store=6bo%2Fb5g&srno=s_15_355&otracker=search&fm=organic&iid=1865bd0c-65c3-4bff-815d-f4b237a15720.COMH8QXWZPH2HVV9.SEARCH&ppt=sp&ppn=sp&ssid=iive55xd3k0000001753105352535&qH=afa4496eec6c609d,https://rukminim2.flixcart.com/image/312/312/xif0q/computer/l/u/3/-original-imah9h2nysz9jmzz.jpeg?q=70,Laptops,Flipkart
HP ENVY AMD Ryzen 5 Hexa Core 8640HS - (16 GB/512 GB SSD/Windows 11 Home) 14-fa0038AU Thin and Light L...,77990.0,3.5,0.0,https://www.flipkart.com/hp-envy-amd-ryzen-5-hexa-core-8640hs-16-gb-512-gb-ssd-windows-11-home-14-fa0038au-thin-light-laptop/p/itm2e233fa96fd90?pid=COMGYFMD3GYK34ZS&lid=LSTCOMGYFMD3GYK34ZS2GRWE8&marketplace=FLIPKART&q=laptop+hp&store=6bo%2Fb5g&srno=s_15_356&otracker=search&fm=organic&iid=1865bd0c-65c3-4bff-815d-f4b237a15720.COMGYFMD3GYK34ZS.SEARCH&ppt=sp&ppn=sp&ssid=iive55xd3k0000001753105352535&qH=afa4496eec6c609d,https://rukminim2.flixcart.com/image/312/312/xif0q/computer/b/3/b/-original-imahcd9n2egxkgqn.jpeg?q=70,Laptops,Flipkart
Lenovo Slim 5 Co-Pilot Next Gen AI PC Full Metal Snapdragon X Plus - (16 GB/1 TB SSD/Windows 11 Home) ...,72190.0,4.1,53.0,https://www.flipkart.com/lenovo-slim-5-co-pilot-next-gen-ai-pc-full-metal-snapdragon-x-plus-16-gb-1-tb-ssd-windows-11-home-14q8x9-thin-light-laptop/p/itm8a59041fc8c0f?pid=COMH4N9CZ7JKPQQC&lid=LSTCOMH4N9CZ7JKPQQCOFLXDU&marketplace=FLIPKART&q=laptop+hp&store=6bo%2Fb5g&srno=s_15_358&otracker=search&fm=organic&iid=en_jEKNi-zwTylmH8MjMd_V8gDlt51jZIn3WUjpSUhWICpljU8-4gToX-vOMUzCWlnjFfxgFkfpfCwK6NmdAZXVzKV8WX5krIChubBlraAu4CQ%3D&ppt=sp&ppn=sp&ssid=iive55xd3k0000001753105352535&qH=afa4496eec6c609d,https://rukminim2.flixcart.com/image/312/312/xif0q/computer/a/f/s/-original-imahd6dzpmq8aazp.jpeg?q=70,Laptops,Flipkart
HP 15s Intel Core i3 10th Gen 1005G1 - (4 GB/512 GB SSD/Windows 10 Home) 15s-fr1004tu Thin and Light L...,37990.0,4.4,213.0,https://www.flipkart.com/hp-15s-intel-core-i3-10th-gen-1005g1-4-gb-512-gb-ssd-windows-10-home-15s-fr1004tu-thin-light-laptop/p/itmf73695419f320?pid=COMFRWT5MDPKAQWA&lid=LSTCOMFRWT5MDPKAQWASO6AQU&marketplace=FLIPKART&q=laptop+hp&store=6bo%2Fb5g&srno=s_15_359&otracker=search&fm=organic&iid=1865bd0c-65c3-4bff-815d-f4b237a15720.COMFRWT5MDPKAQWA.SEARCH&ppt=sp&ppn=sp&ssid=iive55xd3k0000001753105352535&qH=afa4496eec6c609d,https://rukminim2.flixcart.com/image/312/312/kae95e80/computer/q/w/a/hp-original-imafrzbfruxgg23e.jpeg?q=70,Laptops,Flipkart
HP Intel Core i7 13th Gen - (16 GB/1 TB SSD/Windows 11 Home/8 GB Graphics/NVIDIA GeForce RTX RTX 4070 ...,129000.0,,,https://www.flipkart.com/hp-intel-core-i7-13th-gen-16-gb-1-tb-ssd-windows-11-home-8-gb-graphics-nvidia-geforce-rtx-4070-8gb-wf0262tx-gaming-laptop/p/itmd8f005f9074d8?pid=COMHD8FFZVG6D8ZD&lid=LSTCOMHD8FFZVG6D8ZDSISZQ1&marketplace=FLIPKART&q=laptop+hp&store=6bo%2Fb5g&srno=s_15_360&otracker=search&fm=organic&iid=1865bd0c-65c3-4bff-815d-f4b237a15720.COMHD8FFZVG6D8ZD.SEARCH&ppt=sp&ppn=sp&ssid=iive55xd3k0000001753105352535&qH=afa4496eec6c609d,https://rukminim2.flixcart.com/image/312/312/xif0q/computer/d/e/x/wf0262tx-gaming-laptop-hp-original-imahd8ff8ygmzu3b.jpeg?q=70,Laptops,Flipkart
HP 15s Intel Core i3 11th Gen 1115G4 - (8 GB/1 TB HDD/Windows 10 Home) 15s-du3038TU Thin and Light Lap...,40816.0,4.0,302.0,https://www.flipkart.com/hp-15s-intel-core-i3-11th-gen-1115g4-8-gb-1-tb-hdd-windows-10-home-15s-du3038tu-thin-light-laptop/p/itmd6f033a4d0056?pid=COMFZ4TUFA33AC7Y&lid=LSTCOMFZ4TUFA33AC7YITRAGB&marketplace=FLIPKART&q=laptop+hp&store=6bo%2Fb5g&srno=s_16_363&otracker=search&fm=organic&iid=10d23001-e3cf-4986-aa70-629086a44a11.COMFZ4TUFA33AC7Y.SEARCH&ppt=sp&ppn=sp&ssid=zbe4h47ydc0000001753105363536&qH=afa4496eec6c609d,https://rukminim2.flixcart.com/image/312/312/kjlrb0w0/computer/c/7/y/hp-original-imafz4uychtxgbwh.jpeg?q=70,Laptops,Flipkart
HP 15s AMD Ryzen 5 Quad Core 7520U - (16 GB/512 GB SSD/Windows 11 Home) 15-fc0031AU Thin and Light Lap...,55990.0,4.2,12.0,https://www.flipkart.com/hp-15s-amd-ryzen-5-quad-core-7520u-16-gb-512-gb-ssd-windows-11-home-15-fc0031au-thin-light-laptop/p/itm33d61a12623b2?pid=COMGZNSBRQGFT9ZW&lid=LSTCOMGZNSBRQGFT9ZWR7WT6E&marketplace=FLIPKART&q=laptop+hp&store=6bo%2Fb5g&srno=s_16_364&otracker=search&fm=organic&iid=10d23001-e3cf-4986-aa70-629086a44a11.COMGZNSBRQGFT9ZW.SEARCH&ppt=sp&ppn=sp&ssid=zbe4h47ydc0000001753105363536&qH=afa4496eec6c609d,https://rukminim2.flixcart.com/image/312/312/xif0q/computer/a/p/p/-original-imahcd9dpgfsqfzg.jpeg?q=70,Laptops,Flipkart
HP AMD Ryzen 3 Dual Core - (8 GB/256 GB SSD/Windows 11 Home) 15S-ER1501AU Laptop,26990.0,4.0,24.0,https://www.flipkart.com/hp-amd-ryzen-3-dual-core-8-gb-256-gb-ssd-windows-11-home-15s-er1501au-laptop/p/itmf080809bac9e9?pid=COMGK3GKQYZHPRFN&lid=LSTCOMGK3GKQYZHPRFND2PVZT&marketplace=FLIPKART&q=laptop+hp&store=6bo%2Fb5g&srno=s_16_365&otracker=search&fm=organic&iid=10d23001-e3cf-4986-aa70-629086a44a11.COMGK3GKQYZHPRFN.SEARCH&ppt=sp&ppn=sp&ssid=zbe4h47ydc0000001753105363536&qH=afa4496eec6c609d,https://rukminim2.flixcart.com/image/312/312/xif0q/computer/d/o/e/er1501au-laptop-hp-original-imagk3gktwtrz9kt.jpeg?q=70,Laptops,Flipkart
HP Spectre x360 OLED Eyesafe Evo Intel Core i7 13th Gen 1355U - (16 GB/1 TB SSD/Windows 11 Home) 14-ef...,140990.0,4.8,1.0,https://www.flipkart.com/hp-spectre-x360-oled-eyesafe-evo-intel-core-i7-13th-gen-1355u-16-gb-1-tb-ssd-windows-11-home-14-ef2033tu-thin-light-laptop/p/itm41b4b90a8513b?pid=COMGZ3S6HKVCSWJQ&lid=LSTCOMGZ3S6HKVCSWJQFCSDMR&marketplace=FLIPKART&q=laptop+hp&store=6bo%2Fb5g&srno=s_16_366&otracker=search&fm=organic&iid=10d23001-e3cf-4986-aa70-629086a44a11.COMGZ3S6HKVCSWJQ.SEARCH&ppt=sp&ppn=sp&ssid=zbe4h47ydc0000001753105363536&qH=afa4496eec6c609d,https://rukminim2.flixcart.com/image/312/312/xif0q/computer/1/v/m/-original-imahcd9gpuhevtyn.jpeg?q=70,Laptops,Flipkart
HP Laptop Intel Core i3 13th Gen 1315U - (8 GB/512 GB SSD/Windows 11 Home) 14-gr0000TU Thin and Light ...,59000.0,4.5,3.0,https://www.flipkart.com/hp-laptop-intel-core-i3-13th-gen-1315u-8-gb-512-gb-ssd-windows-11-home-14-gr0000tu-thin-light/p/itm033a2153736a2?pid=COMGYSFGDEGVN2BX&lid=LSTCOMGYSFGDEGVN2BXPJ1UYU&marketplace=FLIPKART&q=laptop+hp&store=6bo%2Fb5g&srno=s_16_369&otracker=search&fm=organic&iid=10d23001-e3cf-4986-aa70-629086a44a11.COMGYSFGDEGVN2BX.SEARCH&ppt=sp&ppn=sp&ssid=zbe4h47ydc0000001753105363536&qH=afa4496eec6c609d,https://rukminim2.flixcart.com/image/312/312/xif0q/computer/c/5/k/-original-imahcd9mx2dwzmjz.jpeg?q=70,Laptops,Flipkart
HP Intel Core i3 11th Gen 1125G4 - (8 GB/512 GB SSD/Windows 11 Home) 15s-fq2627TU Thin and Light Lapto...,36890.0,4.2,60.0,https://www.flipkart.com/hp-intel-core-i3-11th-gen-1125g4-8-gb-512-gb-ssd-windows-11-home-15s-fq2627tu-thin-light-laptop/p/itmc4b19c2e2f791?pid=COMGCGSTPGZJKC6F&lid=LSTCOMGCGSTPGZJKC6FCNOOOV&marketplace=FLIPKART&q=laptop+hp&store=6bo%2Fb5g&srno=s_16_370&otracker=search&fm=organic&iid=10d23001-e3cf-4986-aa70-629086a44a11.COMGCGSTPGZJKC6F.SEARCH&ppt=sp&ppn=sp&ssid=zbe4h47ydc0000001753105363536&qH=afa4496eec6c609d,https://rukminim2.flixcart.com/image/312/312/kzrbiq80/computer/v/d/d/15s-fq2626tu-thin-and-light-laptop-hp-original-imagbpb2sztfprgz.jpeg?q=70,Laptops,Flipkart
HP Intel Core i5 13th Gen 1335U - (8 GB/512 GB SSD/Windows 11 Home) 15-fd0187TU Thin and Light Laptop,51890.0,4.2,30.0,https://www.flipkart.com/hp-intel-core-i5-13th-gen-1335u-8-gb-512-gb-ssd-windows-11-home-15-fd0187tu-thin-light-laptop/p/itm8a7401441021f?pid=COMHFCGBX5YGZZGA&lid=LSTCOMHFCGBX5YGZZGATD47F5&marketplace=FLIPKART&q=laptop+hp&store=6bo%2Fb5g&srno=s_16_373&otracker=search&fm=organic&iid=10d23001-e3cf-4986-aa70-629086a44a11.COMHFCGBX5YGZZGA.SEARCH&ppt=sp&ppn=sp&ssid=zbe4h47ydc0000001753105363536&qH=afa4496eec6c609d,https://rukminim2.flixcart.com/image/312/312/xif0q/computer/k/v/4/-original-imahcd9mpefvrhzw.jpeg?q=70,Laptops,Flipkart
HP 15s Intel Core i5 13th Gen 1335U - (8 GB/512 GB SSD/Windows 11 Home) 15-fd0022TU Thin and Light Lap...,53096.0,4.2,30.0,https://www.flipkart.com/hp-15s-intel-core-i5-13th-gen-1335u-8-gb-512-gb-ssd-windows-11-home-15-fd0022tu-thin-light-laptop/p/itm7efcb2faf35a3?pid=COMGZVGHPYZHHFRB&lid=LSTCOMGZVGHPYZHHFRB9MQVW5&marketplace=FLIPKART&q=laptop+hp&store=6bo%2Fb5g&srno=s_16_374&otracker=search&fm=organic&iid=10d23001-e3cf-4986-aa70-629086a44a11.COMGZVGHPYZHHFRB.SEARCH&ppt=sp&ppn=sp&ssid=zbe4h47ydc0000001753105363536&qH=afa4496eec6c609d,https://rukminim2.flixcart.com/image/312/312/xif0q/computer/s/r/7/-original-imagykgpvfn7ctq9.jpeg?q=70,Laptops,Flipkart
HP Intel Core i3 11th Gen 1115G4 - (8 GB/512 GB SSD/Windows 10 Home) 15s-FR2006TU Thin and Light Lapto...,38790.0,4.3,218.0,https://www.flipkart.com/hp-intel-core-i3-11th-gen-1115g4-8-gb-512-gb-ssd-windows-10-home-15s-fr2006tu-thin-light-laptop/p/itm169671aff88a4?pid=COMGYSSUCNJNSHZ7&lid=LSTCOMGYSSUCNJNSHZ7WEY942&marketplace=FLIPKART&q=laptop+hp&store=6bo%2Fb5g&srno=s_16_375&otracker=search&fm=organic&iid=10d23001-e3cf-4986-aa70-629086a44a11.COMGYSSUCNJNSHZ7.SEARCH&ppt=sp&ppn=sp&ssid=zbe4h47ydc0000001753105363536&qH=afa4496eec6c609d,https://rukminim2.flixcart.com/image/312/312/kdoup3k0/computer/e/v/p/hp-original-imafujjhdwjjh9j8.jpeg?q=70,Laptops,Flipkart
HP Omen Ryzen 7 AMD Ryzen 7 Octa Core 6800H - (16 GB/512 GB SSD/Windows 11 Home/4 GB Graphics/NVIDIA G...,79990.0,5.0,1.0,https://www.flipkart.com/hp-omen-ryzen-7-amd-octa-core-6800h-16-gb-512-gb-ssd-windows-11-home-4-graphics-nvidia-geforce-rtx-3050-ti-16-n0049ax-gaming-laptop/p/itma2f0de2823af9?pid=COMGHGYYZFXFDZJZ&lid=LSTCOMGHGYYZFXFDZJZLHF6SA&marketplace=FLIPKART&q=laptop+hp&store=6bo%2Fb5g&srno=s_16_376&otracker=search&fm=organic&iid=10d23001-e3cf-4986-aa70-629086a44a11.COMGHGYYZFXFDZJZ.SEARCH&ppt=sp&ppn=sp&ssid=zbe4h47ydc0000001753105363536&qH=afa4496eec6c609d,https://rukminim2.flixcart.com/image/312/312/xif0q/computer/c/s/a/16-n0049ax-gaming-laptop-hp-original-imaghwptyggvfjjd.jpeg?q=70,Laptops,Flipkart
HP Intel Core i3 12th Gen 1215U - (8 GB/512 GB SSD/Windows 11 Home) 15-fd0063TU Thin and Light Laptop,37900.0,4.2,2.0,https://www.flipkart.com/hp-intel-core-i3-12th-gen-1215u-8-gb-512-gb-ssd-windows-11-home-15-fd0063tu-thin-light-laptop/p/itmf386dd67694e5?pid=COMH3J9YFHMHUHBZ&lid=LSTCOMH3J9YFHMHUHBZ5U66Z2&marketplace=FLIPKART&q=laptop+hp&store=6bo%2Fb5g&srno=s_16_379&otracker=search&fm=organic&iid=10d23001-e3cf-4986-aa70-629086a44a11.COMH3J9YFHMHUHBZ.SEARCH&ppt=sp&ppn=sp&ssid=zbe4h47ydc0000001753105363536&qH=afa4496eec6c609d,https://rukminim2.flixcart.com/image/312/312/xif0q/computer/5/2/p/15-fd0063tu-thin-and-light-laptop-hp-original-imah43dyjhqvkeah.jpeg?q=70,Laptops,Flipkart
HP 15s Intel Core i3 11th Gen 1115G4 - (8 GB/512 GB SSD/Windows 11 Home) 15s-FR2006TU Thin and Light L...,37790.0,4.3,145.0,https://www.flipkart.com/hp-15s-intel-core-i3-11th-gen-1115g4-8-gb-512-gb-ssd-windows-11-home-15s-fr2006tu-thin-light-laptop/p/itm169671aff88a4?pid=COMGY8RDVK5TZGFC&lid=LSTCOMGY8RDVK5TZGFC71DEAL&marketplace=FLIPKART&q=laptop+hp&store=6bo%2Fb5g&srno=s_16_380&otracker=search&fm=organic&iid=10d23001-e3cf-4986-aa70-629086a44a11.COMGY8RDVK5TZGFC.SEARCH&ppt=sp&ppn=sp&ssid=zbe4h47ydc0000001753105363536&qH=afa4496eec6c609d,https://rukminim2.flixcart.com/image/312/312/xif0q/computer/f/o/a/-original-imahcd9zqwpedfdg.jpeg?q=70,Laptops,Flipkart
ASUS Chromebook CX14 Intel Celeron Dual Core N4500 - (4 GB/128 GB EMMC Storage/Chrome OS) CX1405CKA-NK...,16990.0,,,https://www.flipkart.com/asus-chromebook-cx14-intel-celeron-dual-core-n4500-4-gb-128-gb-emmc-storage-chrome-os-cx1405cka-nk0155/p/itm0193f4c4f8574?pid=COMHDDZ7HZUJN6ZD&lid=LSTCOMHDDZ7HZUJN6ZD1HOAAX&marketplace=FLIPKART&q=laptop+hp&store=6bo%2Fb5g&srno=s_16_382&otracker=search&fm=organic&iid=en_Q5Sqr9lJs8_tBjNBic3ZoT25J3HYqgRHq2dZnPOdbmtCEovzCtZk-PADEwVcyQE9KpWL1JgdxEE8T8v7FRYbHADM2KWit8hFHxJOvPdMi04%3D&ppt=sp&ppn=sp&ssid=zbe4h47ydc0000001753105363536&qH=afa4496eec6c609d,https://rukminim2.flixcart.com/image/312/312/xif0q/computer/2/i/m/-original-imahdh2st3kwr6qc.jpeg?q=70,Laptops,Flipkart
HP 250 G9 Intel Core i3 12th Gen 1215U - (8 GB/512 GB SSD/DOS) 7M659PA Laptop,33650.0,3.9,2.0,https://www.flipkart.com/hp-250-g9-intel-core-i3-12th-gen-1215u-8-gb-512-gb-ssd-dos-7m659pa-laptop/p/itma488dac338fb5?pid=COMGQKM4H9PNPWDF&lid=LSTCOMGQKM4H9PNPWDF2RDHY4&marketplace=FLIPKART&q=laptop+hp&store=6bo%2Fb5g&srno=s_16_383&otracker=search&fm=organic&iid=10d23001-e3cf-4986-aa70-629086a44a11.COMGQKM4H9PNPWDF.SEARCH&ppt=sp&ppn=sp&ssid=zbe4h47ydc0000001753105363536&qH=afa4496eec6c609d,https://rukminim2.flixcart.com/image/312/312/xif0q/computer/i/x/l/hp-250-g9-laptop-hp-original-imagqkm3pgpgz8jz.jpeg?q=70,Laptops,Flipkart
HP Pavilion 14 X360 Intel Core i5 13th Gen 1335U - (16 GB/1 TB SSD/Windows 11 Home) 14-ek1151TU 2 in 1...,79990.0,,,https://www.flipkart.com/hp-pavilion-14-x360-intel-core-i5-13th-gen-1335u-16-gb-1-tb-ssd-windows-11-home-14-ek1151tu-2-1-laptop/p/itm379c22b7307cb?pid=COMH8U9RGSGYZMTM&lid=LSTCOMH8U9RGSGYZMTM97C2ZO&marketplace=FLIPKART&q=laptop+hp&store=6bo%2Fb5g&srno=s_16_384&otracker=search&fm=organic&iid=10d23001-e3cf-4986-aa70-629086a44a11.COMH8U9RGSGYZMTM.SEARCH&ppt=sp&ppn=sp&ssid=zbe4h47ydc0000001753105363536&qH=afa4496eec6c609d,https://rukminim2.flixcart.com/image/312/312/xif0q/computer/r/j/k/-original-imahdxrfezyxqumt.jpeg?q=70,Laptops,Flipkart
HP 14s Intel Core i3 10th Gen 1005G1 - (4 GB/1 TB HDD/Windows 10 Home) 14s-cf3006TU Thin and Light Lap...,39699.0,3.8,180.0,https://www.flipkart.com/hp-14s-intel-core-i3-10th-gen-1005g1-4-gb-1-tb-hdd-windows-10-home-14s-cf3006tu-thin-light-laptop/p/itm41990d8b29ed1?pid=COMFSFNVGZ5F4SRP&lid=LSTCOMFSFNVGZ5F4SRPN9NUQZ&marketplace=FLIPKART&q=laptop+hp&store=6bo%2Fb5g&srno=s_17_386&otracker=search&fm=organic&iid=5b639e11-c14c-41bf-ad5b-1ec2fa72399b.COMFSFNVGZ5F4SRP.SEARCH&ppt=sp&ppn=sp&ssid=8jeqx9f8xs0000001753105378987&qH=afa4496eec6c609d,https://rukminim2.flixcart.com/image/312/312/k7nnrm80/computer/x/u/u/hp-na-thin-and-light-laptop-original-imafpue5fbugadmu.jpeg?q=70,Laptops,Flipkart
HP AMD Ryzen 5 Hexa Core - (8 GB/512 GB SSD/Windows 11 Home/8 GB Graphics) 15s- eq2182AU Thin and Ligh...,40890.0,,,https://www.flipkart.com/hp-amd-ryzen-5-hexa-core-8-gb-512-gb-ssd-windows-11-home-8-graphics-15s-eq2182au-thin-light-laptop/p/itmcee05fbc399c5?pid=COMH9CANZHYKB9ER&lid=LSTCOMH9CANZHYKB9ERBTZUOG&marketplace=FLIPKART&q=laptop+hp&store=6bo%2Fb5g&srno=s_17_389&otracker=search&fm=organic&iid=5b639e11-c14c-41bf-ad5b-1ec2fa72399b.COMH9CANZHYKB9ER.SEARCH&ppt=sp&ppn=sp&ssid=8jeqx9f8xs0000001753105378987&qH=afa4496eec6c609d,https://rukminim2.flixcart.com/image/312/312/xif0q/computer/n/j/x/15s-eq2182au-thin-and-light-laptop-hp-original-imah9c8h2jf2yzqe.jpeg?q=70,Laptops,Flipkart
HP Intel Core i3 12th Gen 1215U - (8 GB/1 TB SSD/Windows 11 Home) 15s-fy5005TU Thin and Light Laptop,45000.0,4.0,3.0,https://www.flipkart.com/hp-intel-core-i3-12th-gen-1215u-8-gb-1-tb-ssd-windows-11-home-15s-fy5005tu-thin-light-laptop/p/itm7b71c9ba3b88a?pid=COMGQY48TZHH3TUF&lid=LSTCOMGQY48TZHH3TUFPJ9NWR&marketplace=FLIPKART&q=laptop+hp&store=6bo%2Fb5g&srno=s_17_390&otracker=search&fm=organic&iid=5b639e11-c14c-41bf-ad5b-1ec2fa72399b.COMGQY48TZHH3TUF.SEARCH&ppt=sp&ppn=sp&ssid=8jeqx9f8xs0000001753105378987&qH=afa4496eec6c609d,https://rukminim2.flixcart.com/image/312/312/xif0q/computer/1/o/r/-original-imagykgpmkuzk2hh.jpeg?q=70,Laptops,Flipkart
HP Pavilion Intel Core i5 12th Gen 1235U - (8 GB/512 GB SSD/Windows 11 Home) 14-ek0084TU Thin and Ligh...,69990.0,4.0,4.0,https://www.flipkart.com/hp-pavilion-intel-core-i5-12th-gen-1235u-8-gb-512-gb-ssd-windows-11-home-14-ek0084tu-thin-light-laptop/p/itm2d992a923c3e5?pid=COMGHMH6BTV6QVGD&lid=LSTCOMGHMH6BTV6QVGDPOCIW1&marketplace=FLIPKART&q=laptop+hp&store=6bo%2Fb5g&srno=s_17_393&otracker=search&fm=organic&iid=5b639e11-c14c-41bf-ad5b-1ec2fa72399b.COMGHMH6BTV6QVGD.SEARCH&ppt=sp&ppn=sp&ssid=8jeqx9f8xs0000001753105378987&qH=afa4496eec6c609d,https://rukminim2.flixcart.com/image/312/312/xif0q/computer/a/z/f/-original-imahcd9z4yavsb4p.jpeg?q=70,Laptops,Flipkart
HP Pavilion Plus AI PC Intel Core Ultra 5 125H - (16 GB/512 GB SSD/Windows 11 Home) 14-ew1082TU Thin a...,87590.0,4.1,2.0,https://www.flipkart.com/hp-pavilion-plus-ai-pc-intel-core-ultra-5-125h-16-gb-512-gb-ssd-windows-11-home-14-ew1082tu-thin-light-laptop/p/itmbbcd0311d0a00?pid=COMHF2G7JPFA8HWU&lid=LSTCOMHF2G7JPFA8HWUIWWJZN&marketplace=FLIPKART&q=laptop+hp&store=6bo%2Fb5g&srno=s_17_394&otracker=search&fm=organic&iid=5b639e11-c14c-41bf-ad5b-1ec2fa72399b.COMHF2G7JPFA8HWU.SEARCH&ppt=sp&ppn=sp&ssid=8jeqx9f8xs0000001753105378987&qH=afa4496eec6c609d,https://rukminim2.flixcart.com/image/312/312/xif0q/computer/q/q/a/-original-imah3fctgmaeghkf.jpeg?q=70,Laptops,Flipkart
HP 15s Intel Core i5 12th Gen 1235U - (8 GB/512 GB SSD/Windows 11 Home) fy5008TU Thin and Light Laptop,49990.0,4.3,170.0,https://www.flipkart.com/hp-15s-intel-core-i5-12th-gen-1235u-8-gb-512-gb-ssd-windows-11-home-fy5008tu-thin-light-laptop/p/itm8d69b349edfda?pid=COMH8WHXHNUAMKV3&lid=LSTCOMH8WHXHNUAMKV3P42X9P&marketplace=FLIPKART&q=laptop+hp&store=6bo%2Fb5g&srno=s_17_395&otracker=search&fm=organic&iid=5b639e11-c14c-41bf-ad5b-1ec2fa72399b.COMH8WHXHNUAMKV3.SEARCH&ppt=sp&ppn=sp&ssid=8jeqx9f8xs0000001753105378987&qH=afa4496eec6c609d,https://rukminim2.flixcart.com/image/312/312/xif0q/computer/a/k/e/fy5008tu-thin-and-light-laptop-hp-original-imah8ws3yh5cpwx8.jpeg?q=70,Laptops,Flipkart
HP (Laptop with free bag) Intel Core i3 13th Gen 1315U - (8 GB/512 GB SSD/Windows 11 Home) 15-fd0465TU...,40200.0,,,https://www.flipkart.com/hp-laptop-free-bag-intel-core-i3-13th-gen-1315u-8-gb-512-gb-ssd-windows-11-home-15-fd0465tu-thin-light-laptop/p/itmd8a5aa8341c99?pid=COMHBZX8ZP38HGQG&lid=LSTCOMHBZX8ZP38HGQGZINMMG&marketplace=FLIPKART&q=laptop+hp&store=6bo%2Fb5g&srno=s_17_399&otracker=search&fm=organic&iid=5b639e11-c14c-41bf-ad5b-1ec2fa72399b.COMHBZX8ZP38HGQG.SEARCH&ppt=sp&ppn=sp&ssid=8jeqx9f8xs0000001753105378987&qH=afa4496eec6c609d,https://rukminim2.flixcart.com/image/312/312/xif0q/computer/o/c/j/notebook-thin-and-light-laptop-hp-original-imahc3fefnhycvbz.jpeg?q=70,Laptops,Flipkart
HP Victus Intel Core i7 12th Gen 12650H - (16 GB/512 GB SSD/Windows 11 Home/6 GB Graphics/NVIDIA GeFor...,81990.0,4.1,1.0,https://www.flipkart.com/hp-victus-intel-core-i7-12th-gen-12650h-16-gb-512-gb-ssd-windows-11-home-6-graphics-nvidia-geforce-rtx-4050-15-fa1134tx-gaming-laptop/p/itmd066032884963?pid=COMGTT7EGSCCTUJT&lid=LSTCOMGTT7EGSCCTUJTU0TRVI&marketplace=FLIPKART&q=laptop+hp&store=6bo%2Fb5g&srno=s_17_400&otracker=search&fm=organic&iid=5b639e11-c14c-41bf-ad5b-1ec2fa72399b.COMGTT7EGSCCTUJT.SEARCH&ppt=sp&ppn=sp&ssid=8jeqx9f8xs0000001753105378987&qH=afa4496eec6c609d,https://rukminim2.flixcart.com/image/312/312/xif0q/computer/s/i/q/-original-imahcd99fzzbwfmm.jpeg?q=70,Laptops,Flipkart
HP OMEN 16 AMD Ryzen 7 Octa Core 7840HS - (16 GB/512 GB SSD/Windows 11 Home/8 GB Graphics/NVIDIA GeFor...,105590.0,4.4,1.0,https://www.flipkart.com/hp-omen-16-amd-ryzen-7-octa-core-7840hs-16-gb-512-gb-ssd-windows-11-home-8-graphics-nvidia-geforce-rtx-4060-16-xf0059ax-gaming-laptop/p/itmbe1c21e28741a?pid=COMGXVU3KGFBYEG3&lid=LSTCOMGXVU3KGFBYEG30GCZTL&marketplace=FLIPKART&q=laptop+hp&store=6bo%2Fb5g&srno=s_17_403&otracker=search&fm=organic&iid=5b639e11-c14c-41bf-ad5b-1ec2fa72399b.COMGXVU3KGFBYEG3.SEARCH&ppt=sp&ppn=sp&ssid=8jeqx9f8xs0000001753105378987&qH=afa4496eec6c609d,https://rukminim2.flixcart.com/image/312/312/xif0q/computer/7/5/w/-original-imahcd9z4snr7ubj.jpeg?q=70,Laptops,Flipkart
HP Pavilion Intel Core i5 11th Gen 1155G7 - (8 GB/512 GB SSD/Windows 11 Home) 14-dv1000TU Thin and Lig...,59990.0,4.2,35.0,https://www.flipkart.com/hp-pavilion-intel-core-i5-11th-gen-1155g7-8-gb-512-gb-ssd-windows-11-home-14-dv1000tu-thin-light-laptop/p/itm899171d7dd511?pid=COMG87FPKWXY5FYZ&lid=LSTCOMG87FPKWXY5FYZOAFT1P&marketplace=FLIPKART&q=laptop+hp&store=6bo%2Fb5g&srno=s_17_404&otracker=search&fm=organic&iid=5b639e11-c14c-41bf-ad5b-1ec2fa72399b.COMG87FPKWXY5FYZ.SEARCH&ppt=sp&ppn=sp&ssid=8jeqx9f8xs0000001753105378987&qH=afa4496eec6c609d,https://rukminim2.flixcart.com/image/312/312/xif0q/computer/n/w/q/-original-imahcd9hyzudgcmx.jpeg?q=70,Laptops,Flipkart
HP Professional Intel Core i5 13th Gen -1334U Turbo Boost with Finger Print - (16 GB/1 TB SSD/Windows ...,59700.0,2.0,0.0,https://www.flipkart.com/hp-professional-intel-core-i5-13th-gen-1334u-turbo-boost-finger-print-16-gb-1-tb-ssd-windows-11-pro-240-g10-notebook/p/itmf5438070b97db?pid=COMHBYHE6H3ZZXPR&lid=LSTCOMHBYHE6H3ZZXPRFNDCLE&marketplace=FLIPKART&q=laptop+hp&store=6bo%2Fb5g&srno=s_17_405&otracker=search&fm=organic&iid=5b639e11-c14c-41bf-ad5b-1ec2fa72399b.COMHBYHE6H3ZZXPR.SEARCH&ppt=sp&ppn=sp&ssid=8jeqx9f8xs0000001753105378987&qH=afa4496eec6c609d,https://rukminim2.flixcart.com/image/312/312/xif0q/computer/y/b/c/240-g10-notebook-hp-original-imahbyhdhzxynsnj.jpeg?q=70,Laptops,Flipkart
HP AMD Ryzen 5 Octa Core 8th Gen - (16 GB/512 GB SSD/Windows 11 Home/6 GB Graphics/NVIDIA GeForce RTX ...,66090.0,,,https://www.flipkart.com/hp-amd-ryzen-5-octa-core-8th-gen-16-gb-512-gb-ssd-windows-11-home-6-graphics-nvidia-geforce-rtx-6gb-3050-15-fb3012ax-gaming-laptop/p/itm9ace437fa2f10?pid=COMHC4HVKQRGNUNU&lid=LSTCOMHC4HVKQRGNUNU9ZKM5N&marketplace=FLIPKART&q=laptop+hp&store=6bo%2Fb5g&srno=s_17_406&otracker=search&fm=organic&iid=5b639e11-c14c-41bf-ad5b-1ec2fa72399b.COMHC4HVKQRGNUNU.SEARCH&ppt=sp&ppn=sp&ssid=8jeqx9f8xs0000001753105378987&qH=afa4496eec6c609d,https://rukminim2.flixcart.com/image/312/312/xif0q/computer/5/o/h/victus-15-gaming-laptop-hp-original-imahc4b4vs5fkrf6.jpeg?q=70,Laptops,Flipkart
CHUWI Intel Celeron Dual Core 11th Gen N4020 - (8 GB/256 GB SSD/Windows 11 Home) HeroBook Pro Laptop,17990.0,3.7,201.0,https://www.flipkart.com/chuwi-intel-celeron-dual-core-11th-gen-n4020-8-gb-256-gb-ssd-windows-11-home-herobook-pro-laptop/p/itm5e1f327988402?pid=COMGQHMZWHRXFWET&lid=LSTCOMGQHMZWHRXFWETVNWSPG&marketplace=FLIPKART&q=laptop+hp&store=6bo%2Fb5g&srno=s_17_408&otracker=search&fm=organic&iid=en_tRe-qE-pbEpnPJ_4f0rWGJrcPqkQygdsSAA_RkVTEnO22083KPSd20E50BA09EZvqmS5YGRjK6mvS1WMxqJoyA%3D%3D&ppt=sp&ppn=sp&ssid=8jeqx9f8xs0000001753105378987&qH=afa4496eec6c609d,https://rukminim2.flixcart.com/image/312/312/xif0q/computer/h/t/t/-original-imahcd9hhh6y4knb.jpeg?q=70,Laptops,Flipkart
HP Victus AMD Ryzen 7 Octa Core 5800H - (8 GB/512 GB SSD/Windows 11 Home/4 GB Graphics/NVIDIA GeForce ...,62788.0,4.3,17.0,https://www.flipkart.com/hp-victus-amd-ryzen-7-octa-core-5800h-8-gb-512-gb-ssd-windows-11-home-4-graphics-nvidia-geforce-gtx-1650-144-hz-16-e0650ax-gaming-laptop/p/itm99e22a4f361cf?pid=COMGF9UFT9ZRD7NC&lid=LSTCOMGF9UFT9ZRD7NCNVJ8TL&marketplace=FLIPKART&q=laptop+hp&store=6bo%2Fb5g&srno=s_18_409&otracker=search&fm=organic&iid=19474d91-494b-4603-978d-af893bb526f3.COMGF9UFT9ZRD7NC.SEARCH&ppt=sp&ppn=sp&ssid=s7mvkpf8ww0000001753105390764&qH=afa4496eec6c609d,https://rukminim2.flixcart.com/image/312/312/xif0q/computer/s/o/f/16-e0650ax-gaming-laptop-hp-original-imagkzqetd9hbwru.jpeg?q=70,Laptops,Flipkart
HP AI PC Intel Core Ultra 5 125H - (16 GB/512 GB SSD/Windows 11 Home) 14-gr1022TU Thin and Light Lapto...,82000.0,4.1,4.0,https://www.flipkart.com/hp-ai-pc-intel-core-ultra-5-125h-16-gb-512-gb-ssd-windows-11-home-14-gr1022tu-thin-light-laptop/p/itm0864cb6a1844f?pid=COMH28U4EWYZWJ45&lid=LSTCOMH28U4EWYZWJ45P8YBWG&marketplace=FLIPKART&q=laptop+hp&store=6bo%2Fb5g&srno=s_18_410&otracker=search&fm=organic&iid=19474d91-494b-4603-978d-af893bb526f3.COMH28U4EWYZWJ45.SEARCH&ppt=sp&ppn=sp&ssid=s7mvkpf8ww0000001753105390764&qH=afa4496eec6c609d,https://rukminim2.flixcart.com/image/312/312/xif0q/computer/w/j/b/-original-imahcd9r4pdfsddb.jpeg?q=70,Laptops,Flipkart
HP AI PC Intel Core Ultra 7 155H - (16 GB/512 GB SSD/Windows 11 Home) 14-gr1023TU Thin and Light Lapto...,86990.0,4.3,2.0,https://www.flipkart.com/hp-ai-pc-intel-core-ultra-7-155h-16-gb-512-gb-ssd-windows-11-home-14-gr1023tu-thin-light-laptop/p/itm3a3020e1ac05e?pid=COMH28U42UFHKJZH&lid=LSTCOMH28U42UFHKJZHAACQMX&marketplace=FLIPKART&q=laptop+hp&store=6bo%2Fb5g&srno=s_18_413&otracker=search&fm=organic&iid=19474d91-494b-4603-978d-af893bb526f3.COMH28U42UFHKJZH.SEARCH&ppt=sp&ppn=sp&ssid=s7mvkpf8ww0000001753105390764&qH=afa4496eec6c609d,https://rukminim2.flixcart.com/image/312/312/xif0q/computer/v/i/u/-original-imahcd9hzzgh3z2v.jpeg?q=70,Laptops,Flipkart
HP 15s AMD Ryzen 5 Quad Core 7520U - (8 GB/512 GB SSD/Windows 11 Home) 15-fc0029AU Thin and Light Lapt...,37500.0,4.2,12.0,https://www.flipkart.com/hp-15s-amd-ryzen-5-quad-core-7520u-8-gb-512-gb-ssd-windows-11-home-15-fc0029au-thin-light-laptop/p/itm33d61a12623b2?pid=COMGZNSBJSPBBC4M&lid=LSTCOMGZNSBJSPBBC4M9SMQE6&marketplace=FLIPKART&q=laptop+hp&store=6bo%2Fb5g&srno=s_18_414&otracker=search&fm=organic&iid=19474d91-494b-4603-978d-af893bb526f3.COMGZNSBJSPBBC4M.SEARCH&ppt=sp&ppn=sp&ssid=s7mvkpf8ww0000001753105390764&qH=afa4496eec6c609d,https://rukminim2.flixcart.com/image/312/312/xif0q/computer/a/p/p/-original-imahcd9dpgfsqfzg.jpeg?q=70,Laptops,Flipkart
HP 15s AMD Ryzen 5 Hexa Core 4500U - (8 GB/256 GB SSD/Windows 10 Home) 15s-ey1004AU Thin and Light Lap...,40990.0,4.4,58.0,https://www.flipkart.com/hp-15s-amd-ryzen-5-hexa-core-4500u-8-gb-256-gb-ssd-windows-10-home-15s-ey1004au-thin-light-laptop/p/itmd6f033a4d0056?pid=COMG26RVDKRABXJH&lid=LSTCOMG26RVDKRABXJH22EXCN&marketplace=FLIPKART&q=laptop+hp&store=6bo%2Fb5g&srno=s_18_415&otracker=search&fm=organic&iid=19474d91-494b-4603-978d-af893bb526f3.COMG26RVDKRABXJH.SEARCH&ppt=sp&ppn=sp&ssid=s7mvkpf8ww0000001753105390764&qH=afa4496eec6c609d,https://rukminim2.flixcart.com/image/312/312/k7531jk0/computer/e/a/h/hp-original-imafpfs893zu5mhb.jpeg?q=70,Laptops,Flipkart
HP 15 (2024) AMD Ryzen 3 Quad Core 7320U - (8 GB/512 GB SSD/Windows 11 Home) ?15-fc0026AU Thin and Lig...,36990.0,,,https://www.flipkart.com/hp-15-2024-amd-ryzen-3-quad-core-7320u-8-gb-512-gb-ssd-windows-11-home-15-fc0026au-thin-light-laptop/p/itm1c7c165d30dba?pid=COMHBBH9N3TTEABJ&lid=LSTCOMHBBH9N3TTEABJG8FMEW&marketplace=FLIPKART&q=laptop+hp&store=6bo%2Fb5g&srno=s_18_416&otracker=search&fm=organic&iid=19474d91-494b-4603-978d-af893bb526f3.COMHBBH9N3TTEABJ.SEARCH&ppt=sp&ppn=sp&ssid=s7mvkpf8ww0000001753105390764&qH=afa4496eec6c609d,https://rukminim2.flixcart.com/image/312/312/xif0q/computer/o/p/z/15-fc0154au-thin-and-light-laptop-hp-original-imahbbh9ayshaybf.jpeg?q=70,Laptops,Flipkart
HP Intel Core i3 11th Gen - (8 GB/512 GB SSD/Windows 11 Home) 15S-FQ2738TU Laptop,35990.0,4.0,2.0,https://www.flipkart.com/hp-intel-core-i3-11th-gen-8-gb-512-gb-ssd-windows-11-home-15s-fq2738tu-laptop/p/itmc4b19c2e2f791?pid=COMGZU7DESGXXRSH&lid=LSTCOMGZU7DESGXXRSHXSNWRC&marketplace=FLIPKART&q=laptop+hp&store=6bo%2Fb5g&srno=s_18_419&otracker=search&fm=organic&iid=19474d91-494b-4603-978d-af893bb526f3.COMGZU7DESGXXRSH.SEARCH&ppt=sp&ppn=sp&ssid=s7mvkpf8ww0000001753105390764&qH=afa4496eec6c609d,https://rukminim2.flixcart.com/image/312/312/xif0q/computer/v/z/w/-original-imahcd9cf7hw5u37.jpeg?q=70,Laptops,Flipkart
HP 15s Intel Core i3 10th Gen 1005G1 - (8 GB/1 TB HDD/Windows 10 Home) 15s-du2002TU Thin and Light Lap...,36990.0,4.3,63.0,https://www.flipkart.com/hp-15s-intel-core-i3-10th-gen-1005g1-8-gb-1-tb-hdd-windows-10-home-15s-du2002tu-thin-light-laptop/p/itmd6f033a4d0056?pid=COMFSFNWMYQ8PFF6&lid=LSTCOMFSFNWMYQ8PFF6ULMTAT&marketplace=FLIPKART&q=laptop+hp&store=6bo%2Fb5g&srno=s_18_420&otracker=search&fm=organic&iid=19474d91-494b-4603-978d-af893bb526f3.COMFSFNWMYQ8PFF6.SEARCH&ppt=sp&ppn=sp&ssid=s7mvkpf8ww0000001753105390764&qH=afa4496eec6c609d,https://rukminim2.flixcart.com/image/312/312/kazor680/computer/t/e/m/hp-original-imafsfqnhzaahruq.jpeg?q=70,Laptops,Flipkart
HP Intel Intel Core i5 10th Gen 1035G4 - (8 GB/512 GB SSD/Windows 10 Pro) 13-aw0211TU 2 in 1 Laptop,119599.0,5.0,1.0,https://www.flipkart.com/hp-intel-core-i5-10th-gen-1035g4-8-gb-512-gb-ssd-windows-10-pro-13-aw0211tu-2-1-laptop/p/itme784ab1c5f361?pid=COMFQN65PDZFRZPQ&lid=LSTCOMFQN65PDZFRZPQYBBQS9&marketplace=FLIPKART&q=laptop+hp&store=6bo%2Fb5g&srno=s_18_423&otracker=search&fm=organic&iid=19474d91-494b-4603-978d-af893bb526f3.COMFQN65PDZFRZPQ.SEARCH&ppt=sp&ppn=sp&ssid=s7mvkpf8ww0000001753105390764&qH=afa4496eec6c609d,https://rukminim2.flixcart.com/image/312/312/xif0q/computer/6/d/y/-original-imagp7pfj54qmrty.jpeg?q=70,Laptops,Flipkart
HP 240 G9 Intel Core i5 12th Gen i5-1235U - (8 GB/512 GB SSD/Windows 11 Pro) 240 G9 Business Laptop,50990.0,3.3,0.0,https://www.flipkart.com/hp-240-g9-intel-core-i5-12th-gen-i5-1235u-8-gb-512-gb-ssd-windows-11-pro-business-laptop/p/itma488dac338fb5?pid=COMGXQBUTDNMNJ9E&lid=LSTCOMGXQBUTDNMNJ9ERHLVF7&marketplace=FLIPKART&q=laptop+hp&store=6bo%2Fb5g&srno=s_18_424&otracker=search&fm=organic&iid=19474d91-494b-4603-978d-af893bb526f3.COMGXQBUTDNMNJ9E.SEARCH&ppt=sp&ppn=sp&ssid=s7mvkpf8ww0000001753105390764&qH=afa4496eec6c609d,https://rukminim2.flixcart.com/image/312/312/xif0q/computer/w/i/g/245-g9-thin-and-light-laptop-hp-original-imagvkm2hgsanchg.jpeg?q=70,Laptops,Flipkart
HP Pavilion x360 Intel Core i5 12th Gen 1235U - (16 GB/512 GB SSD/Windows 11 Home) 14-ek0074TU 2 in 1 ...,71699.0,4.1,17.0,https://www.flipkart.com/hp-pavilion-x360-intel-core-i5-12th-gen-1235u-16-gb-512-gb-ssd-windows-11-home-14-ek0074tu-2-1-laptop/p/itm84df74e5ba8c3?pid=COMGH7VYRA4HRGYK&lid=LSTCOMGH7VYRA4HRGYKT2QKBB&marketplace=FLIPKART&q=laptop+hp&store=6bo%2Fb5g&srno=s_18_425&otracker=search&fm=organic&iid=19474d91-494b-4603-978d-af893bb526f3.COMGH7VYRA4HRGYK.SEARCH&ppt=sp&ppn=sp&ssid=s7mvkpf8ww0000001753105390764&qH=afa4496eec6c609d,https://rukminim2.flixcart.com/image/312/312/xif0q/computer/e/3/3/-original-imahcd9n99fcp3kx.jpeg?q=70,Laptops,Flipkart
HP HP OmniBook 5 (Previously Pavilion) Intel Core i5 13th Gen 1334U - (16 GB/512 GB SSD/Windows 11 Hom...,64990.0,3.8,0.0,https://www.flipkart.com/hp-omnibook-5-previously-pavilion-intel-core-i5-13th-gen-1334u-16-gb-512-gb-ssd-windows-11-home-16-ba1123tu-thin-light-laptop/p/itm6647eb8e337a1?pid=COMHA9GUP3FPVRJ2&lid=LSTCOMHA9GUP3FPVRJ2IFQWAJ&marketplace=FLIPKART&q=laptop+hp&store=6bo%2Fb5g&srno=s_18_426&otracker=search&fm=organic&iid=19474d91-494b-4603-978d-af893bb526f3.COMHA9GUP3FPVRJ2.SEARCH&ppt=sp&ppn=sp&ssid=s7mvkpf8ww0000001753105390764&qH=afa4496eec6c609d,https://rukminim2.flixcart.com/image/312/312/xif0q/computer/s/k/z/-original-imahbpjups5thzhh.jpeg?q=70,Laptops,Flipkart
HP Intel Core i5 12th Gen - (8 GB/512 GB SSD/8 GB EMMC Storage/Windows 11 Home/Intel Integrated Intel ...,59990.0,,,https://www.flipkart.com/hp-intel-core-i5-12th-gen-8-gb-512-gb-ssd-8-emmc-storage-windows-11-home-intel-integrated-nvidia-geforce-rtx-2050-laptop-gpu-4-gddr6-dedicated-15-fa1124tx-gaming/p/itme5bf97ee390ca?pid=COMH2JN3KGSBYTBP&lid=LSTCOMH2JN3KGSBYTBPTYEC6D&marketplace=FLIPKART&q=laptop+hp&store=6bo%2Fb5g&srno=s_18_429&otracker=search&fm=organic&iid=19474d91-494b-4603-978d-af893bb526f3.COMH2JN3KGSBYTBP.SEARCH&ppt=sp&ppn=sp&ssid=s7mvkpf8ww0000001753105390764&qH=afa4496eec6c609d,https://rukminim2.flixcart.com/image/312/312/xif0q/computer/d/b/f/15-fa1124tx-gaming-laptop-hp-original-imah2jn3vss7nxqw.jpeg?q=70,Laptops,Flipkart
HP Victus Intel Core i5 13th Gen 13420H - (16 GB/512 GB SSD/Windows 11 Home/4 GB Graphics/NVIDIA GeFor...,71290.0,4.2,19.0,https://www.flipkart.com/hp-victus-intel-core-i5-13th-gen-13420h-16-gb-512-gb-ssd-windows-11-home-4-graphics-nvidia-geforce-rtx-2050-15-fa1128tx-gaming-laptop/p/itm3477729f46593?pid=COMGYG23SJGYWF32&lid=LSTCOMGYG23SJGYWF32FR1KVU&marketplace=FLIPKART&q=laptop+hp&store=6bo%2Fb5g&srno=s_18_430&otracker=search&fm=organic&iid=19474d91-494b-4603-978d-af893bb526f3.COMGYG23SJGYWF32.SEARCH&ppt=sp&ppn=sp&ssid=s7mvkpf8ww0000001753105390764&qH=afa4496eec6c609d,https://rukminim2.flixcart.com/image/312/312/xif0q/computer/c/o/e/-original-imahcyp7y3bx42zz.jpeg?q=70,Laptops,Flipkart
HP AMD Ryzen 5 Quad Core - (8 GB/512 GB SSD/Windows 11 Home) 14-em0026AU Thin and Light Laptop,40990.0,,,https://www.flipkart.com/hp-amd-ryzen-5-quad-core-8-gb-512-gb-ssd-windows-11-home-14-em0026au-thin-light-laptop/p/itmc485a79a5f861?pid=COMHA6D28QXGRWJS&lid=LSTCOMHA6D28QXGRWJSDB4KHL&marketplace=FLIPKART&q=laptop+hp&store=6bo%2Fb5g&srno=s_20_459&otracker=search&fm=organic&iid=e5e1c2e5-f9bf-400e-b941-b32c130b2ebb.COMHA6D28QXGRWJS.SEARCH&ppt=sp&ppn=sp&ssid=oxrx8rame80000001753105421125&qH=afa4496eec6c609d,https://rukminim2.flixcart.com/image/312/312/xif0q/computer/j/t/0/14-em0026au-thin-and-light-laptop-hp-original-imahaahfamcah8ax.jpeg?q=70,Laptops,Flipkart
HP Intel Core Ultra 5 125H - (8 GB/512 GB SSD/Windows 11 Home) 15-fd1098TU Thin and Light Laptop,64750.0,,,https://www.flipkart.com/hp-intel-core-ultra-5-125h-8-gb-512-gb-ssd-windows-11-home-15-fd1098tu-thin-light-laptop/p/itm35cf27b2d5160?pid=COMHY9ZVHNSEUSNZ&lid=LSTCOMHY9ZVHNSEUSNZI2FU3B&marketplace=FLIPKART&q=laptop+hp&store=6bo%2Fb5g&srno=s_20_460&otracker=search&fm=organic&iid=e5e1c2e5-f9bf-400e-b941-b32c130b2ebb.COMHY9ZVHNSEUSNZ.SEARCH&ppt=sp&ppn=sp&ssid=oxrx8rame80000001753105421125&qH=afa4496eec6c609d,https://rukminim2.flixcart.com/image/312/312/xif0q/computer/h/6/5/-original-imahcd9mbj9rdjgb.jpeg?q=70,Laptops,Flipkart
HP OMEN Intel Core i5 13th Gen 13500HX - (16 GB/512 GB SSD/Windows 11 Home/6 GB Graphics/NVIDIA GeForc...,148500.0,,,https://www.flipkart.com/hp-omen-intel-core-i5-13th-gen-13500hx-16-gb-512-gb-ssd-windows-11-home-6-graphics-nvidia-geforce-rtx-4050-16-wf0052tx-gaming-laptop/p/itm02b151446f589?pid=COMGRNGYHWQHMHBE&lid=LSTCOMGRNGYHWQHMHBEIXJDRS&marketplace=FLIPKART&q=laptop+hp&store=6bo%2Fb5g&srno=s_20_463&otracker=search&fm=organic&iid=e5e1c2e5-f9bf-400e-b941-b32c130b2ebb.COMGRNGYHWQHMHBE.SEARCH&ppt=sp&ppn=sp&ssid=oxrx8rame80000001753105421125&qH=afa4496eec6c609d,https://rukminim2.flixcart.com/image/312/312/xif0q/computer/5/e/s/-original-imahcd9j4fse6ynh.jpeg?q=70,Laptops,Flipkart
HP Qualcomm Snapdragon 7c Gen 2 - (8 GB/128 GB EMMC Storage/Windows 11 Home) 14-eg0008qu Thin and Ligh...,34790.0,,,https://www.flipkart.com/hp-qualcomm-snapdragon-7c-gen-2-8-gb-128-gb-emmc-storage-windows-11-home-14-eg0008qu-thin-light-laptop/p/itm80acaeebab863?pid=COMGCGSTZ7RFXWFM&lid=LSTCOMGCGSTZ7RFXWFMVWIWMB&marketplace=FLIPKART&q=laptop+hp&store=6bo%2Fb5g&srno=s_20_464&otracker=search&fm=organic&iid=e5e1c2e5-f9bf-400e-b941-b32c130b2ebb.COMGCGSTZ7RFXWFM.SEARCH&ppt=sp&ppn=sp&ssid=oxrx8rame80000001753105421125&qH=afa4496eec6c609d,https://rukminim2.flixcart.com/image/312/312/l13whow0/computer/b/r/7/14-ed0007qu-laptop-hp-original-imagcqxpqnhjf6qj.jpeg?q=70,Laptops,Flipkart
HP Pavilion AMD Ryzen 5 Hexa Core 5500U - (16 GB/512 GB SSD/Windows 10 Home) 14-ec0033AU Thin and Ligh...,55990.0,3.9,4.0,https://www.flipkart.com/hp-pavilion-amd-ryzen-5-hexa-core-5500u-16-gb-512-gb-ssd-windows-10-home-14-ec0033au-thin-light-laptop/p/itm2c5565c821a76?pid=COMG67BXPHPSWKVM&lid=LSTCOMG67BXPHPSWKVMWABFYH&marketplace=FLIPKART&q=laptop+hp&store=6bo%2Fb5g&srno=s_20_465&otracker=search&fm=organic&iid=e5e1c2e5-f9bf-400e-b941-b32c130b2ebb.COMG67BXPHPSWKVM.SEARCH&ppt=sp&ppn=sp&ssid=oxrx8rame80000001753105421125&qH=afa4496eec6c609d,https://rukminim2.flixcart.com/image/312/312/kv6zvrk0/computer/5/n/1/14-ec0033au-thin-and-light-laptop-hp-original-imag85htpbzcnsj5.jpeg?q=70,Laptops,Flipkart
HP Intel Core i3 13th Gen 1315U - (8 GB/512 GB SSD/Windows 11 Home) 15-hr0005TU Thin and Light Laptop,36990.0,,,https://www.flipkart.com/hp-intel-core-i3-13th-gen-1315u-8-gb-512-gb-ssd-windows-11-home-15-hr0005tu-thin-light-laptop/p/itmb433fd9435785?pid=COMHBFRJKS4UDSRU&lid=LSTCOMHBFRJKS4UDSRUD1CMOL&marketplace=FLIPKART&q=laptop+hp&store=6bo%2Fb5g&srno=s_20_466&otracker=search&fm=organic&iid=e5e1c2e5-f9bf-400e-b941-b32c130b2ebb.COMHBFRJKS4UDSRU.SEARCH&ppt=sp&ppn=sp&ssid=oxrx8rame80000001753105421125&qH=afa4496eec6c609d,https://rukminim2.flixcart.com/image/312/312/xif0q/computer/p/c/w/-original-imahbxrchbtrnzzh.jpeg?q=70,Laptops,Flipkart
HP Intel Core i3 11th Gen 1115G4 - (8 GB/256 GB SSD/Windows 11 Home) 15s-fq2670TU Thin and Light Lapto...,35990.0,,,https://www.flipkart.com/hp-intel-core-i3-11th-gen-1115g4-8-gb-256-gb-ssd-windows-11-home-15s-fq2670tu-thin-light-laptop/p/itm83228b03bf0dd?pid=COMGKYGD2MMZC54Z&lid=LSTCOMGKYGD2MMZC54ZF57DVM&marketplace=FLIPKART&q=laptop+hp&store=6bo%2Fb5g&srno=s_20_469&otracker=search&fm=organic&iid=e5e1c2e5-f9bf-400e-b941-b32c130b2ebb.COMGKYGD2MMZC54Z.SEARCH&ppt=sp&ppn=sp&ssid=oxrx8rame80000001753105421125&qH=afa4496eec6c609d,https://rukminim2.flixcart.com/image/312/312/xif0q/computer/f/r/s/-original-imahcd9jkzdbfvta.jpeg?q=70,Laptops,Flipkart
HP AMD Ryzen 5 Quad Core 7520U - (8 GB/512 GB SSD/Windows 11 Home) 14-em0026AU Thin and Light Laptop,44000.0,,,https://www.flipkart.com/hp-amd-ryzen-5-quad-core-7520u-8-gb-512-gb-ssd-windows-11-home-14-em0026au-thin-light-laptop/p/itmc485a79a5f861?pid=COMGQPZH6TGYZ4YG&lid=LSTCOMGQPZH6TGYZ4YGFKNSUZ&marketplace=FLIPKART&q=laptop+hp&store=6bo%2Fb5g&srno=s_20_470&otracker=search&fm=organic&iid=e5e1c2e5-f9bf-400e-b941-b32c130b2ebb.COMGQPZH6TGYZ4YG.SEARCH&ppt=sp&ppn=sp&ssid=oxrx8rame80000001753105421125&qH=afa4496eec6c609d,https://rukminim2.flixcart.com/image/312/312/xif0q/computer/v/k/m/14-em0026au-thin-and-light-laptop-hp-original-imagqtsdadxa4h6x.jpeg?q=70,Laptops,Flipkart
HP 15s Intel Core i5 12th Gen 1240P - (8 GB/512 GB SSD/Windows 11 Home) 15s-fy5001TU Thin and Light La...,59000.0,3.9,6.0,https://www.flipkart.com/hp-15s-intel-core-i5-12th-gen-1240p-8-gb-512-gb-ssd-windows-11-home-15s-fy5001tu-thin-light-laptop/p/itmb303c13cc4838?pid=COMGEU3BTEWFSAHF&lid=LSTCOMGEU3BTEWFSAHF5ODDJ9&marketplace=FLIPKART&q=laptop+hp&store=6bo%2Fb5g&srno=s_20_473&otracker=search&fm=organic&iid=e5e1c2e5-f9bf-400e-b941-b32c130b2ebb.COMGEU3BTEWFSAHF.SEARCH&ppt=sp&ppn=sp&ssid=oxrx8rame80000001753105421125&qH=afa4496eec6c609d,https://rukminim2.flixcart.com/image/312/312/l45xea80/computer/e/x/b/-original-imagf4ghfjtdpb3z.jpeg?q=70,Laptops,Flipkart
HP Victus Intel Core i5 13th Gen 13500H - (16 GB/512 GB SSD/Windows 11 Home/6 GB Graphics/NVIDIA GeFor...,80990.0,,,https://www.flipkart.com/hp-victus-intel-core-i5-13th-gen-13500h-16-gb-512-gb-ssd-windows-11-home-6-graphics-nvidia-geforce-rtx-4050-15-fa1060tx-gaming-laptop/p/itm37d4e3cd4f62e?pid=COMGRNGYHHFXQUYR&lid=LSTCOMGRNGYHHFXQUYREPUUYI&marketplace=FLIPKART&q=laptop+hp&store=6bo%2Fb5g&srno=s_20_474&otracker=search&fm=organic&iid=e5e1c2e5-f9bf-400e-b941-b32c130b2ebb.COMGRNGYHHFXQUYR.SEARCH&ppt=sp&ppn=sp&ssid=oxrx8rame80000001753105421125&qH=afa4496eec6c609d,https://rukminim2.flixcart.com/image/312/312/xif0q/computer/l/a/l/-original-imahcd9nxqwggen6.jpeg?q=70,Laptops,Flipkart
HP Victus Intel Core i5 12th Gen 12450H - (8 GB/512 GB SSD/Windows 11 Home/4 GB Graphics/NVIDIA GeForc...,56990.0,3.9,4.0,https://www.flipkart.com/hp-victus-intel-core-i5-12th-gen-12450h-8-gb-512-gb-ssd-windows-11-home-4-graphics-nvidia-geforce-gtx-1650-15-fa0165tx-gaming-laptop/p/itm944e378eaed68?pid=COMGGYEBXHZCJXGE&lid=LSTCOMGGYEBXHZCJXGESAXZUL&marketplace=FLIPKART&q=laptop+hp&store=6bo%2Fb5g&srno=s_20_475&otracker=search&fm=organic&iid=e5e1c2e5-f9bf-400e-b941-b32c130b2ebb.COMGGYEBXHZCJXGE.SEARCH&ppt=sp&ppn=sp&ssid=oxrx8rame80000001753105421125&qH=afa4496eec6c609d,https://rukminim2.flixcart.com/image/312/312/l5bd5zk0/computer/o/l/w/15-fa0353tx-gaming-laptop-hp-original-imaggytdx6zpv6qg.jpeg?q=70,Laptops,Flipkart
HP Intel Core 5 13th Gen - (16 GB/512 GB SSD/Windows 11 Home/6 GB Graphics/NVIDIA GeForce RTX NVIDIA® ...,74299.0,,,https://www.flipkart.com/hp-intel-core-5-13th-gen-16-gb-512-gb-ssd-windows-11-home-6-graphics-nvidia-geforce-rtx-nvidia-rtx-4050-15-fa1278tx-gaming-laptop/p/itm9687851e16cba?pid=COMH2W5KNMZKEPRG&lid=LSTCOMH2W5KNMZKEPRGZFK60C&marketplace=FLIPKART&q=laptop+hp&store=6bo%2Fb5g&srno=s_20_476&otracker=search&fm=organic&iid=e5e1c2e5-f9bf-400e-b941-b32c130b2ebb.COMH2W5KNMZKEPRG.SEARCH&ppt=sp&ppn=sp&ssid=oxrx8rame80000001753105421125&qH=afa4496eec6c609d,https://rukminim2.flixcart.com/image/312/312/xif0q/computer/m/l/d/15-fa1278tx-gaming-laptop-hp-original-imah2w5kfudwhmkj.jpeg?q=70,Laptops,Flipkart
HP Spectre Folio Intel Core i7 10th Gen 10510Y - (16 GB/512 GB SSD/Windows 10 Home) 13-ak1004TU 2 in 1...,188599.0,,,https://www.flipkart.com/hp-spectre-folio-intel-core-i7-10th-gen-10510y-16-gb-512-gb-ssd-windows-10-home-13-ak1004tu-2-1-laptop/p/itmdab2467cd29cd?pid=COMFVNK6TZQ9GRB6&lid=LSTCOMFVNK6TZQ9GRB6YPJWRI&marketplace=FLIPKART&q=laptop+hp&store=6bo%2Fb5g&srno=s_20_479&otracker=search&fm=organic&iid=e5e1c2e5-f9bf-400e-b941-b32c130b2ebb.COMFVNK6TZQ9GRB6.SEARCH&ppt=sp&ppn=sp&ssid=oxrx8rame80000001753105421125&qH=afa4496eec6c609d,https://rukminim2.flixcart.com/image/312/312/kzogn0w0/computer/c/e/n/-original-imagbn2bakfzk3qx.jpeg?q=70,Laptops,Flipkart
HP Omen Intel Core i5 7th Gen 7300HQ - (8 GB/1 TB HDD/128 GB SSD/Windows 10 Home/4 GB Graphics/NVIDIA ...,87685.0,,,https://www.flipkart.com/hp-omen-intel-core-i5-7th-gen-7300hq-8-gb-1-tb-hdd-128-gb-ssd-windows-10-home-4-graphics-nvidia-geforce-gtx-1050-15-ce071tx-gaming-laptop/p/itm207d623b0c897?pid=COMEX3U7UDM6HVCZ&lid=LSTCOMEX3U7UDM6HVCZTL46UA&marketplace=FLIPKART&q=laptop+hp&store=6bo%2Fb5g&srno=s_20_480&otracker=search&fm=organic&iid=e5e1c2e5-f9bf-400e-b941-b32c130b2ebb.COMEX3U7UDM6HVCZ.SEARCH&ppt=sp&ppn=sp&ssid=oxrx8rame80000001753105421125&qH=afa4496eec6c609d,https://rukminim2.flixcart.com/image/312/312/j6xxgnk0/computer/9/j/k/hp-gaming-laptop-original-imaexaznx4sdxhac.jpeg?q=70,Laptops,Flipkart
HP AMD Athlon Dual Core - (8 GB/256 GB SSD/DOS) 255 G10 Laptop,23999.0,,,https://www.flipkart.com/hp-amd-athlon-dual-core-8-gb-256-gb-ssd-dos-255-g10-laptop/p/itm5c42448eab974?pid=COMH7VFP8ABWPBEF&lid=LSTCOMH7VFP8ABWPBEF349BBV&marketplace=FLIPKART&q=laptop+hp&store=6bo%2Fb5g&srno=s_21_483&otracker=search&fm=organic&iid=b75e1153-9ed2-4bea-90a8-465178e330bc.COMH7VFP8ABWPBEF.SEARCH&ppt=sp&ppn=sp&ssid=07nf278a0w0000001753105449733&qH=afa4496eec6c609d,https://rukminim2.flixcart.com/image/312/312/xif0q/computer/e/n/v/notebook-laptop-hp-original-imah7zjevdjjfgkb.jpeg?q=70,Laptops,Flipkart
HP x360 Pavilion with pen Intel Core i7 11th Gen 1195G7 - (16 GB/512 GB SSD/Windows 11 Home) 14-dy1047...,82990.0,3.9,2.0,https://www.flipkart.com/hp-x360-pavilion-pen-intel-core-i7-11th-gen-1195g7-16-gb-512-gb-ssd-windows-11-home-14-dy1047tu-thin-light-laptop/p/itm2a54c9548b613?pid=COMGCNDPKPCKGGQZ&lid=LSTCOMGCNDPKPCKGGQZJBFEJ6&marketplace=FLIPKART&q=laptop+hp&store=6bo%2Fb5g&srno=s_21_484&otracker=search&fm=organic&iid=b75e1153-9ed2-4bea-90a8-465178e330bc.COMGCNDPKPCKGGQZ.SEARCH&ppt=sp&ppn=sp&ssid=07nf278a0w0000001753105449733&qH=afa4496eec6c609d,https://rukminim2.flixcart.com/image/312/312/l12h1u80/computer/2/s/q/14-dy1048tu-thin-and-light-laptop-hp-original-imagcpuvfpshgd7q.jpeg?q=70,Laptops,Flipkart
HP Intel Core i5 12th Gen 1235U - (8 GB/512 GB SSD/Windows 11 Home) 15s-fr5010TU Thin and Light Laptop,55990.0,,,https://www.flipkart.com/hp-intel-core-i5-12th-gen-1235u-8-gb-512-gb-ssd-windows-11-home-15s-fr5010tu-thin-light-laptop/p/itma5bc84556fdc9?pid=COMGYHP5HQU9Z5XM&lid=LSTCOMGYHP5HQU9Z5XMXDCSMV&marketplace=FLIPKART&q=laptop+hp&store=6bo%2Fb5g&srno=s_21_485&otracker=search&fm=organic&iid=b75e1153-9ed2-4bea-90a8-465178e330bc.COMGYHP5HQU9Z5XM.SEARCH&ppt=sp&ppn=sp&ssid=07nf278a0w0000001753105449733&qH=afa4496eec6c609d,https://rukminim2.flixcart.com/image/312/312/xif0q/computer/8/h/f/15s-fr5010tu-thin-and-light-laptop-hp-original-imagzyqqmphyczmb.jpeg?q=70,Laptops,Flipkart
HP Laptop Intel Core i3 11th Gen 1115G4 - (8 GB/512 GB SSD/Windows 11 Home) 15s-fq2672TU Thin and Ligh...,37990.0,,,https://www.flipkart.com/hp-laptop-intel-core-i3-11th-gen-1115g4-8-gb-512-gb-ssd-windows-11-home-15s-fq2672tu-thin-light/p/itma5bc84556fdc9?pid=COMGXE4DT7FY3NXV&lid=LSTCOMGXE4DT7FY3NXVWUA6NQ&marketplace=FLIPKART&q=laptop+hp&store=6bo%2Fb5g&srno=s_21_486&otracker=search&fm=organic&iid=b75e1153-9ed2-4bea-90a8-465178e330bc.COMGXE4DT7FY3NXV.SEARCH&ppt=sp&ppn=sp&ssid=07nf278a0w0000001753105449733&qH=afa4496eec6c609d,https://rukminim2.flixcart.com/image/312/312/xif0q/computer/5/n/a/hp-15s-fq2672tu-thin-and-light-laptop-hp-original-imagx2ysgmr3vp6d.jpeg?q=70,Laptops,Flipkart
"ASUS TUF Gaming F16 (2025) with Office 2024 + M365 Basic*, Intel Core 5 210H - (16 GB/512 GB SSD/Windo...",69990.0,3.7,3.0,https://www.flipkart.com/asus-tuf-gaming-f16-2025-office-2024-m365-basic-intel-core-5-210h-16-gb-512-gb-ssd-windows-11-home-4-graphics-nvidia-geforce-rtx-3050a-144-hz-fx607vb-rl076ws-laptop/p/itm8e2ed6481d4cd?pid=COMH9EVVFYB6SXB8&lid=LSTCOMH9EVVFYB6SXB8NW0XZG&marketplace=FLIPKART&q=laptop+hp&store=6bo%2Fb5g&srno=s_21_488&otracker=search&fm=organic&iid=en_JC5wJg67mgDYdsejvV1TMT_0ZipvncGIZZNlZkypFT-eCrXB27A15Qrf3oxb492hAStbJvAItwWxqyGD927IvPUFjCTyOHoHZs-Z5_PS_w0%3D&ppt=sp&ppn=sp&ssid=07nf278a0w0000001753105449733&qH=afa4496eec6c609d,https://rukminim2.flixcart.com/image/312/312/xif0q/computer/l/a/i/-original-imahbdedytxst3gc.jpeg?q=70,Laptops,Flipkart
HP Chromebook Plus Intel Core i3 N305 - (8 GB/256 GB/Chrome Plus) 14a-nf0017TU Chromebook,46990.0,,,https://www.flipkart.com/hp-chromebook-plus-intel-core-i3-n305-8-gb-256-gb-chrome-plus-14a-nf0017tu/p/itm13c5941b526d9?pid=COMH2V5YFV9VXZWF&lid=LSTCOMH2V5YFV9VXZWFJ2KR78&marketplace=FLIPKART&q=laptop+hp&store=6bo%2Fb5g&srno=s_21_489&otracker=search&fm=organic&iid=b75e1153-9ed2-4bea-90a8-465178e330bc.COMH2V5YFV9VXZWF.SEARCH&ppt=sp&ppn=sp&ssid=07nf278a0w0000001753105449733&qH=afa4496eec6c609d,https://rukminim2.flixcart.com/image/312/312/xif0q/computer/1/o/6/-original-imah32rdnsefw66g.jpeg?q=70,Laptops,Flipkart
HP AMD Ryzen 5 Dual Core - (16 GB/512 GB SSD/DOS) 6E3Z2PA Laptop,42990.0,,,https://www.flipkart.com/hp-amd-ryzen-5-dual-core-16-gb-512-gb-ssd-dos-6e3z2pa-laptop/p/itm253e91de9b83d?pid=COMGQNUKRAUJC4ZC&lid=LSTCOMGQNUKRAUJC4ZCOYD8T8&marketplace=FLIPKART&q=laptop+hp&store=6bo%2Fb5g&srno=s_21_490&otracker=search&fm=organic&iid=b75e1153-9ed2-4bea-90a8-465178e330bc.COMGQNUKRAUJC4ZC.SEARCH&ppt=sp&ppn=sp&ssid=07nf278a0w0000001753105449733&qH=afa4496eec6c609d,https://rukminim2.flixcart.com/image/312/312/xif0q/computer/4/3/2/245-g8-laptop-hp-original-imagqmzuwhwhm8a6.jpeg?q=70,Laptops,Flipkart
HP AMD Ryzen 5 Hexa Core - (8 GB/512 GB SSD/Windows 11 Home/4 GB Graphics/NVIDIA GeForce RTX 3050/144 ...,61990.0,3.4,1.0,https://www.flipkart.com/hp-amd-ryzen-5-hexa-core-8-gb-512-gb-ssd-windows-11-home-4-graphics-nvidia-geforce-rtx-3050-144-hz-15-fb0082ax-gaming-laptop/p/itmd066032884963?pid=COMGMHAAXD7UH5HR&lid=LSTCOMGMHAAXD7UH5HRF0IEOQ&marketplace=FLIPKART&q=laptop+hp&store=6bo%2Fb5g&srno=s_21_493&otracker=search&fm=organic&iid=b75e1153-9ed2-4bea-90a8-465178e330bc.COMGMHAAXD7UH5HR.SEARCH&ppt=sp&ppn=sp&ssid=07nf278a0w0000001753105449733&qH=afa4496eec6c609d,https://rukminim2.flixcart.com/image/312/312/xif0q/computer/y/y/0/-original-imah525fsbqhhstj.jpeg?q=70,Laptops,Flipkart
HP Pavilion Intel Core i5 12th Gen 1235U - (16 GB/512 GB SSD/Windows 11 Home/2 GB Graphics) 15-EG2019T...,71890.0,3.8,3.0,https://www.flipkart.com/hp-pavilion-intel-core-i5-12th-gen-1235u-16-gb-512-gb-ssd-windows-11-home-2-graphics-15-eg2019tx-thin-light-laptop/p/itm4e0696917b69a?pid=COMGE2G5GVEZHPQP&lid=LSTCOMGE2G5GVEZHPQPUNNMLG&marketplace=FLIPKART&q=laptop+hp&store=6bo%2Fb5g&srno=s_21_494&otracker=search&fm=organic&iid=b75e1153-9ed2-4bea-90a8-465178e330bc.COMGE2G5GVEZHPQP.SEARCH&ppt=sp&ppn=sp&ssid=07nf278a0w0000001753105449733&qH=afa4496eec6c609d,https://rukminim2.flixcart.com/image/312/312/l2hwwi80/computer/9/5/2/eg2036tu-thin-and-light-laptop-hp-original-imagduyqdgd5gtas.jpeg?q=70,Laptops,Flipkart
HP Pavilion Plus Creator OLED Eyesafe H Series Intel Core i5 12th Gen 12500H - (16 GB/512 GB SSD/Windo...,66990.0,3.3,2.0,https://www.flipkart.com/hp-pavilion-plus-creator-oled-eyesafe-h-series-intel-core-i5-12th-gen-12500h-16-gb-512-gb-ssd-windows-11-home-14-eh0021tu-thin-light-laptop/p/itm4f94a276cc834?pid=COMGH2NJSGRDVVNR&lid=LSTCOMGH2NJSGRDVVNRW49O3L&marketplace=FLIPKART&q=laptop+hp&store=6bo%2Fb5g&srno=s_21_495&otracker=search&fm=organic&iid=b75e1153-9ed2-4bea-90a8-465178e330bc.COMGH2NJSGRDVVNR.SEARCH&ppt=sp&ppn=sp&ssid=07nf278a0w0000001753105449733&qH=afa4496eec6c609d,https://rukminim2.flixcart.com/image/312/312/xif0q/computer/w/o/l/14-eh0021tu-thin-and-light-laptop-hp-original-imah3crtgh46zgnv.jpeg?q=70,Laptops,Flipkart
HP OMEN Intel Core i5 13th Gen 13420H - (16 GB/512 GB SSD/Windows 11 Home/6 GB Graphics/NVIDIA GeForce...,86990.0,,,https://www.flipkart.com/hp-omen-intel-core-i5-13th-gen-13420h-16-gb-512-gb-ssd-windows-11-home-6-graphics-nvidia-geforce-rtx-4050-16-wd0770tx-gaming-laptop/p/itm7991b9400c775?pid=COMGRNGYGX3VRKHX&lid=LSTCOMGRNGYGX3VRKHXDNWADB&marketplace=FLIPKART&q=laptop+hp&store=6bo%2Fb5g&srno=s_21_496&otracker=search&fm=organic&iid=b75e1153-9ed2-4bea-90a8-465178e330bc.COMGRNGYGX3VRKHX.SEARCH&ppt=sp&ppn=sp&ssid=07nf278a0w0000001753105449733&qH=afa4496eec6c609d,https://rukminim2.flixcart.com/image/312/312/xif0q/computer/3/v/e/-original-imahcyp7wgh2pxf5.jpeg?q=70,Laptops,Flipkart
HP AMD Ryzen 3 Dual Core - (8 GB/512 GB SSD/Windows 11 Pro) 255 g9 Laptop,29890.0,,,https://www.flipkart.com/hp-amd-ryzen-3-dual-core-8-gb-512-gb-ssd-windows-11-pro-255-g9-laptop/p/itmf316071c69bce?pid=COMHAYJVGWVB3ZQN&lid=LSTCOMHAYJVGWVB3ZQNHEZOX0&marketplace=FLIPKART&q=laptop+hp&store=6bo%2Fb5g&srno=s_21_499&otracker=search&fm=organic&iid=b75e1153-9ed2-4bea-90a8-465178e330bc.COMHAYJVGWVB3ZQN.SEARCH&ppt=sp&ppn=sp&ssid=07nf278a0w0000001753105449733&qH=afa4496eec6c609d,https://rukminim2.flixcart.com/image/312/312/xif0q/computer/z/y/7/255-g9-laptop-hp-original-imahafrcbjpquxay.jpeg?q=70,Laptops,Flipkart
HP Intel Core i3 11th Gen - (8 GB/512 GB SSD/Windows 11 Home) 15s-fq2627TU Thin and Light Laptop,35990.0,,,https://www.flipkart.com/hp-intel-core-i3-11th-gen-8-gb-512-gb-ssd-windows-11-home-15s-fq2627tu-thin-light-laptop/p/itmc4b19c2e2f791?pid=COMGVJPE7DQSWHHY&lid=LSTCOMGVJPE7DQSWHHYIBEWFS&marketplace=FLIPKART&q=laptop+hp&store=6bo%2Fb5g&srno=s_21_500&otracker=search&fm=organic&iid=b75e1153-9ed2-4bea-90a8-465178e330bc.COMGVJPE7DQSWHHY.SEARCH&ppt=sp&ppn=sp&ssid=07nf278a0w0000001753105449733&qH=afa4496eec6c609d,https://rukminim2.flixcart.com/image/312/312/xif0q/computer/f/u/i/15s-fq2627tu-thin-and-light-laptop-hp-original-imagvjnfg2met8rb.jpeg?q=70,Laptops,Flipkart
HP Victus Intel Core i7 12th Gen 12650H - (8 GB/512 GB SSD/Windows 11 Home/4 GB Graphics/NVIDIA GeForc...,81999.0,4.3,19.0,https://www.flipkart.com/hp-victus-intel-core-i7-12th-gen-12650h-8-gb-512-gb-ssd-windows-11-home-4-graphics-nvidia-geforce-rtx-3050-144-hz-15-fa0073tx-gaming-laptop/p/itm944e378eaed68?pid=COMGGKKZX7FC7GHU&lid=LSTCOMGGKKZX7FC7GHUBXAME0&marketplace=FLIPKART&q=laptop+hp&store=6bo%2Fb5g&srno=s_21_503&otracker=search&fm=organic&iid=b75e1153-9ed2-4bea-90a8-465178e330bc.COMGGKKZX7FC7GHU.SEARCH&ppt=sp&ppn=sp&ssid=07nf278a0w0000001753105449733&qH=afa4496eec6c609d,https://rukminim2.flixcart.com/image/312/312/xif0q/computer/p/r/m/-original-imahcyp6qknntpm2.jpeg?q=70,Laptops,Flipkart
HP Intel Core 7 150U - (16 GB/512 GB SSD/Windows 11 Home) 15-fd1100TU Thin and Light Laptop,77490.0,,,https://www.flipkart.com/hp-intel-core-7-150u-16-gb-512-gb-ssd-windows-11-home-15-fd1100tu-thin-light-laptop/p/itm5e47d49ffb09a?pid=COMHY9ZVUY2WBHX3&lid=LSTCOMHY9ZVUY2WBHX3RGKS4P&marketplace=FLIPKART&q=laptop+hp&store=6bo%2Fb5g&srno=s_21_504&otracker=search&fm=organic&iid=b75e1153-9ed2-4bea-90a8-465178e330bc.COMHY9ZVUY2WBHX3.SEARCH&ppt=sp&ppn=sp&ssid=07nf278a0w0000001753105449733&qH=afa4496eec6c609d,https://rukminim2.flixcart.com/image/312/312/xif0q/computer/w/j/w/-original-imahcd9kqqc4mtxb.jpeg?q=70,Laptops,Flipkart
HP AMD Ryzen 7 Octa Core 5700U - (16 GB/512 GB SSD/Windows 11 Home) 15s- eq2084au Thin and Light Lapto...,52950.0,,,https://www.flipkart.com/hp-amd-ryzen-7-octa-core-5700u-16-gb-512-gb-ssd-windows-11-home-15s-eq2084au-thin-light-laptop/p/itm4ad2e42d63e93?pid=COMGZ49SPCHZFJMS&lid=LSTCOMGZ49SPCHZFJMS3O2JR0&marketplace=FLIPKART&q=laptop+hp&store=6bo%2Fb5g&srno=s_22_505&otracker=search&fm=organic&iid=233ea97a-70ff-4035-879c-55cde227a25e.COMGZ49SPCHZFJMS.SEARCH&ppt=sp&ppn=sp&ssid=agtvuhb13k0000001753105466644&qH=afa4496eec6c609d,https://rukminim2.flixcart.com/image/312/312/xif0q/computer/v/m/z/-original-imahcd9mum8apzev.jpeg?q=70,Laptops,Flipkart
HP Intel Core i5 13th Gen 1334U - (12 GB/512 GB SSD/Windows 11 Home) 15-fd0575TU Thin and Light Laptop,50490.0,,,https://www.flipkart.com/hp-intel-core-i5-13th-gen-1334u-12-gb-512-gb-ssd-windows-11-home-15-fd0575tu-thin-light-laptop/p/itm9dd69f3a98da6?pid=COMHBFRJRKZQBFNG&lid=LSTCOMHBFRJRKZQBFNGXFOMJR&marketplace=FLIPKART&q=laptop+hp&store=6bo%2Fb5g&srno=s_22_506&otracker=search&fm=organic&iid=233ea97a-70ff-4035-879c-55cde227a25e.COMHBFRJRKZQBFNG.SEARCH&ppt=sp&ppn=sp&ssid=agtvuhb13k0000001753105466644&qH=afa4496eec6c609d,https://rukminim2.flixcart.com/image/312/312/xif0q/computer/o/6/4/-original-imahdvrthe7csthy.jpeg?q=70,Laptops,Flipkart
HP Intel Core i5 12th Gen 1240P - (8 GB/512 GB SSD/Windows 11 Home) 14s-dq5007tu Thin and Light Laptop,61990.0,3.8,0.0,https://www.flipkart.com/hp-intel-core-i5-12th-gen-1240p-8-gb-512-gb-ssd-windows-11-home-14s-dq5007tu-thin-light-laptop/p/itmfa64b8c958822?pid=COMGMY3MNNBW8QHJ&lid=LSTCOMGMY3MNNBW8QHJBHKOVF&marketplace=FLIPKART&q=laptop+hp&store=6bo%2Fb5g&srno=s_22_509&otracker=search&fm=organic&iid=233ea97a-70ff-4035-879c-55cde227a25e.COMGMY3MNNBW8QHJ.SEARCH&ppt=sp&ppn=sp&ssid=agtvuhb13k0000001753105466644&qH=afa4496eec6c609d,https://rukminim2.flixcart.com/image/312/312/xif0q/computer/i/1/u/-original-imagp8xz5gyyut2y.jpeg?q=70,Laptops,Flipkart
HP OmniBook Snapdragon X Plus - (16 GB/512 GB SSD/Windows 11 Home) 14-fe1011QU Thin and Light Laptop,113990.0,,,https://www.flipkart.com/hp-omnibook-snapdragon-x-plus-16-gb-512-gb-ssd-windows-11-home-14-fe1011qu-thin-light-laptop/p/itm409810c4c4227?pid=COMH5JZTZAGZZXFK&lid=LSTCOMH5JZTZAGZZXFKF6AGZK&marketplace=FLIPKART&q=laptop+hp&store=6bo%2Fb5g&srno=s_22_510&otracker=search&fm=organic&iid=233ea97a-70ff-4035-879c-55cde227a25e.COMH5JZTZAGZZXFK.SEARCH&ppt=sp&ppn=sp&ssid=agtvuhb13k0000001753105466644&qH=afa4496eec6c609d,https://rukminim2.flixcart.com/image/312/312/xif0q/computer/4/f/a/-original-imahcd9kucmz2cyv.jpeg?q=70,Laptops,Flipkart
HP Victus Intel Core i7 12th Gen 12650H - (8 GB/512 GB SSD/Windows 11 Home/4 GB Graphics/NVIDIA GeForc...,69990.0,4.2,1.0,https://www.flipkart.com/hp-victus-intel-core-i7-12th-gen-12650h-8-gb-512-gb-ssd-windows-11-home-4-graphics-nvidia-geforce-rtx-3050-15-fa0351tx-gaming-laptop/p/itm944e378eaed68?pid=COMGGYEBKK5K4UFG&lid=LSTCOMGGYEBKK5K4UFGIGN60U&marketplace=FLIPKART&q=laptop+hp&store=6bo%2Fb5g&srno=s_22_513&otracker=search&fm=organic&iid=233ea97a-70ff-4035-879c-55cde227a25e.COMGGYEBKK5K4UFG.SEARCH&ppt=sp&ppn=sp&ssid=agtvuhb13k0000001753105466644&qH=afa4496eec6c609d,https://rukminim2.flixcart.com/image/312/312/l5bd5zk0/computer/o/l/w/15-fa0353tx-gaming-laptop-hp-original-imaggytdx6zpv6qg.jpeg?q=70,Laptops,Flipkart
HP Elitebook Intel Core i5 8th Gen Intel® Core™ i5-8265U with Intel® UHD Graphics 620 (1.6 GHz base fr...,90990.0,,,https://www.flipkart.com/hp-elitebook-intel-core-i5-8th-gen-intel-core-i5-8265u-uhd-graphics-620-1-6-ghz-base-frequency-up-3-9-turbo-boost-technology-6-mb-cache-4-cores-8-gb-32-optane-256-ssd-windows-10-pro-8-graphics-hsn-124c-4-business-laptop/p/itm7291345b69155?pid=COMFZZZSPUZNZRBM&lid=LSTCOMFZZZSPUZNZRBME08BRQ&marketplace=FLIPKART&q=laptop+hp&store=6bo%2Fb5g&srno=s_22_514&otracker=search&fm=organic&iid=233ea97a-70ff-4035-879c-55cde227a25e.COMFZZZSPUZNZRBM.SEARCH&ppt=sp&ppn=sp&ssid=agtvuhb13k0000001753105466644&qH=afa4496eec6c609d,https://rukminim2.flixcart.com/image/312/312/kkoc70w0/computer/g/u/u/elitebook-840-g6-business-laptop-hp-original-imafzzaaa6bygtb7.jpeg?q=70,Laptops,Flipkart
HP Omen AMD Ryzen 7 Octa Core 7840HS - (16 GB/1 TB SSD/Windows 11 Home/8 GB Graphics/NVIDIA GeForce RT...,112000.0,,,https://www.flipkart.com/hp-omen-amd-ryzen-7-octa-core-7840hs-16-gb-1-tb-ssd-windows-11-home-8-gb-graphics-nvidia-geforce-rtx-4060-165-hz-xd0020ax-gaming-laptop/p/itm7991b9400c775?pid=COMH8Z22R5VV34QQ&lid=LSTCOMH8Z22R5VV34QQCRKH8L&marketplace=FLIPKART&q=laptop+hp&store=6bo%2Fb5g&srno=s_22_515&otracker=search&fm=organic&iid=233ea97a-70ff-4035-879c-55cde227a25e.COMH8Z22R5VV34QQ.SEARCH&ppt=sp&ppn=sp&ssid=agtvuhb13k0000001753105466644&qH=afa4496eec6c609d,https://rukminim2.flixcart.com/image/312/312/xif0q/computer/5/d/r/-original-imahcd9zpqsb5vga.jpeg?q=70,Laptops,Flipkart
HP Intel Core i7 13th Gen - (16 GB/1 TB SSD/Windows 11 Pro) Firefly 16 G10 Laptop,137730.0,,,https://www.flipkart.com/hp-intel-core-i7-13th-gen-16-gb-1-tb-ssd-windows-11-pro-firefly-16-g10-laptop/p/itme2d627ee2ab42?pid=COMH4FD8HUYSKFZM&lid=LSTCOMH4FD8HUYSKFZMQNJMQD&marketplace=FLIPKART&q=laptop+hp&store=6bo%2Fb5g&srno=s_22_516&otracker=search&fm=organic&iid=233ea97a-70ff-4035-879c-55cde227a25e.COMH4FD8HUYSKFZM.SEARCH&ppt=sp&ppn=sp&ssid=agtvuhb13k0000001753105466644&qH=afa4496eec6c609d,https://rukminim2.flixcart.com/image/312/312/xif0q/computer/d/t/i/firefly-16-g10-laptop-hp-original-imah4e9fcn4dqrjt.jpeg?q=70,Laptops,Flipkart
HP Intel Core i7 13th Gen 1355U - (16 GB/512 GB SSD/Windows 11 Home) EF2036TU 2 in 1 Laptop,117990.0,,,https://www.flipkart.com/hp-intel-core-i7-13th-gen-1355u-16-gb-512-gb-ssd-windows-11-home-ef2036tu-2-1-laptop/p/itm9bd4d2eb0a39a?pid=COMGUDBY45HCKFPQ&lid=LSTCOMGUDBY45HCKFPQEFTX2E&marketplace=FLIPKART&q=laptop+hp&store=6bo%2Fb5g&srno=s_22_519&otracker=search&fm=organic&iid=233ea97a-70ff-4035-879c-55cde227a25e.COMGUDBY45HCKFPQ.SEARCH&ppt=sp&ppn=sp&ssid=agtvuhb13k0000001753105466644&qH=afa4496eec6c609d,https://rukminim2.flixcart.com/image/312/312/xif0q/computer/j/z/j/spectre-x360-2-in-1-laptop-hp-original-imagudbyagxjvnun.jpeg?q=70,Laptops,Flipkart
HP AMD Ryzen 5 Hexa Core 5th Gen - (8 GB/512 GB SSD/Windows 11 Home/4 GB Graphics/AMD Radeon AMD Radeo...,55400.0,,,https://www.flipkart.com/hp-amd-ryzen-5-hexa-core-5th-gen-8-gb-512-gb-ssd-windows-11-home-4-graphics-amd-radeon-rx-6500m-15-fb0777ax-gaming-laptop/p/itm99e22a4f361cf?pid=COMGQDTDF6DWRFED&lid=LSTCOMGQDTDF6DWRFEDGWF4ZX&marketplace=FLIPKART&q=laptop+hp&store=6bo%2Fb5g&srno=s_22_520&otracker=search&fm=organic&iid=233ea97a-70ff-4035-879c-55cde227a25e.COMGQDTDF6DWRFED.SEARCH&ppt=sp&ppn=sp&ssid=agtvuhb13k0000001753105466644&qH=afa4496eec6c609d,https://rukminim2.flixcart.com/image/312/312/xif0q/computer/4/c/j/victus-gaming-laptop-hp-original-imahf7yvzqtnyzkg.jpeg?q=70,Laptops,Flipkart
HP Victus AMD Ryzen 7 Octa Core 260 - (24 GB/1 TB SSD/Windows 11 Home/8 GB Graphics/NVIDIA GeForce RTX...,120928.0,,,https://www.flipkart.com/hp-victus-amd-ryzen-7-octa-core-260-24-gb-1-tb-ssd-windows-11-home-8-gb-graphics-nvidia-geforce-rtx-5050-15-fb3185ax-gaming-laptop/p/itm08bbf58218363?pid=COMHDZVEE22P67WR&lid=LSTCOMHDZVEE22P67WRS4TOAU&marketplace=FLIPKART&q=laptop+hp&store=6bo%2Fb5g&srno=s_22_523&otracker=search&fm=organic&iid=233ea97a-70ff-4035-879c-55cde227a25e.COMHDZVEE22P67WR.SEARCH&ppt=sp&ppn=sp&ssid=agtvuhb13k0000001753105466644&qH=afa4496eec6c609d,https://rukminim2.flixcart.com/image/312/312/xif0q/computer/2/b/k/15-fb3185ax-gaming-laptop-hp-original-imahdzw9zadmphqg.jpeg?q=70,Laptops,Flipkart
HP Spectre x360 OLED Eyesafe Evo Intel Core i7 13th Gen 1360P - (32 GB/1 TB SSD/Windows 11 Home/4 GB G...,168900.0,,,https://www.flipkart.com/hp-spectre-x360-oled-eyesafe-evo-intel-core-i7-13th-gen-1360p-32-gb-1-tb-ssd-windows-11-home-4-gb-graphics-16-f2005tx-laptop/p/itm387c946898d4c?pid=COMGZ3S6UGWCS9PR&lid=LSTCOMGZ3S6UGWCS9PR3Y7LNX&marketplace=FLIPKART&q=laptop+hp&store=6bo%2Fb5g&srno=s_22_524&otracker=search&fm=organic&iid=233ea97a-70ff-4035-879c-55cde227a25e.COMGZ3S6UGWCS9PR.SEARCH&ppt=sp&ppn=sp&ssid=agtvuhb13k0000001753105466644&qH=afa4496eec6c609d,https://rukminim2.flixcart.com/image/312/312/xif0q/computer/l/y/k/-original-imahcd9dmbyrmvfj.jpeg?q=70,Laptops,Flipkart
HP AMD Ryzen 7 Octa Core 6800H - (16 GB/1 TB HDD/1 TB SSD/Windows 11 Home/8 GB Graphics/NVIDIA GeForce...,116999.0,,,https://www.flipkart.com/hp-amd-ryzen-7-octa-core-6800h-16-gb-1-tb-hdd-1-ssd-windows-11-home-8-gb-graphics-nvidia-geforce-rtx-3070-16-n0123ax-gaming-laptop/p/itma2f0de2823af9?pid=COMGPNYRZCNMAXYH&lid=LSTCOMGPNYRZCNMAXYHJHOQNO&marketplace=FLIPKART&q=laptop+hp&store=6bo%2Fb5g&srno=s_22_525&otracker=search&fm=organic&iid=233ea97a-70ff-4035-879c-55cde227a25e.COMGPNYRZCNMAXYH.SEARCH&ppt=sp&ppn=sp&ssid=agtvuhb13k0000001753105466644&qH=afa4496eec6c609d,https://rukminim2.flixcart.com/image/312/312/xif0q/computer/c/s/a/16-n0049ax-gaming-laptop-hp-original-imaghwptyggvfjjd.jpeg?q=70,Laptops,Flipkart
HP AMD Ryzen 9 Octa Core 7940HS - (16 GB/1 TB SSD/Windows 11 Home/8 GB Graphics/NVIDIA GeForce RTX 407...,153507.0,,,https://www.flipkart.com/hp-amd-ryzen-9-octa-core-7940hs-16-gb-1-tb-ssd-windows-11-home-8-gb-graphics-nvidia-geforce-rtx-4070-16-xf0100ax-gaming-laptop/p/itmf6cbf3d0b0a88?pid=COMH28U4TAH2HNQY&lid=LSTCOMH28U4TAH2HNQYNLBQ1I&marketplace=FLIPKART&q=laptop+hp&store=6bo%2Fb5g&srno=s_22_526&otracker=search&fm=organic&iid=233ea97a-70ff-4035-879c-55cde227a25e.COMH28U4TAH2HNQY.SEARCH&ppt=sp&ppn=sp&ssid=agtvuhb13k0000001753105466644&qH=afa4496eec6c609d,https://rukminim2.flixcart.com/image/312/312/xif0q/computer/j/0/w/-original-imahcd9nfuhzpc3h.jpeg?q=70,Laptops,Flipkart
HP 14 G9 (2025) AMD Ryzen 3 Dual Core 3250U - (16 GB/512 GB SSD/Windows 11 Home) 14 G9 Thin and Light ...,28490.0,2.6,2.0,https://www.flipkart.com/hp-14-g9-2025-amd-ryzen-3-dual-core-3250u-16-gb-512-gb-ssd-windows-11-home-thin-light-laptop/p/itm06ce4f3a55a4e?pid=COMH9DV4GCYSZU6H&lid=LSTCOMH9DV4GCYSZU6HZ1EKGV&marketplace=FLIPKART&q=laptop+hp&store=6bo%2Fb5g&srno=s_23_529&otracker=search&fm=organic&iid=284d2c47-129b-4d2e-aa1e-90c553eb54ed.COMH9DV4GCYSZU6H.SEARCH&ppt=sp&ppn=sp&ssid=5byc4crzhs0000001753105490481&qH=afa4496eec6c609d,https://rukminim2.flixcart.com/image/312/312/xif0q/computer/7/j/i/14-g9-thin-and-light-laptop-hp-original-imah9h2jbnweyxc4.jpeg?q=70,Laptops,Flipkart
HP Intel Core N N100 - (4 GB/128 GB/Chrome OS) 14b-cd0011TU Chromebook,27990.0,2.5,0.0,https://www.flipkart.com/hp-intel-core-n-n100-4-gb-128-gb-chrome-os-14b-cd0011tu-chromebook/p/itmae797b85bcdd8?pid=COMH2V5YNZHJCYGK&lid=LSTCOMH2V5YNZHJCYGKZE6XTQ&marketplace=FLIPKART&q=laptop+hp&store=6bo%2Fb5g&srno=s_23_530&otracker=search&fm=organic&iid=284d2c47-129b-4d2e-aa1e-90c553eb54ed.COMH2V5YNZHJCYGK.SEARCH&ppt=sp&ppn=sp&ssid=5byc4crzhs0000001753105490481&qH=afa4496eec6c609d,https://rukminim2.flixcart.com/image/312/312/xif0q/computer/e/6/u/-original-imah39gh8f9stjmf.jpeg?q=70,Laptops,Flipkart
HP Intel Core N N200 - (8 GB/128 GB/Chrome OS) 14b-cd0012TU Chromebook,46055.0,2.7,1.0,https://www.flipkart.com/hp-intel-core-n-n200-8-gb-128-gb-chrome-os-14b-cd0012tu-chromebook/p/itmae797b85bcdd8?pid=COMH2V5YTQTHVZGN&lid=LSTCOMH2V5YTQTHVZGNLPTUWM&marketplace=FLIPKART&q=laptop+hp&store=6bo%2Fb5g&srno=s_23_533&otracker=search&fm=organic&iid=284d2c47-129b-4d2e-aa1e-90c553eb54ed.COMH2V5YTQTHVZGN.SEARCH&ppt=sp&ppn=sp&ssid=5byc4crzhs0000001753105490481&qH=afa4496eec6c609d,https://rukminim2.flixcart.com/image/312/312/xif0q/computer/e/6/u/-original-imah39gh8f9stjmf.jpeg?q=70,Laptops,Flipkart
HP Omen AMD Ryzen 7 Octa Core 7840HS - (16 GB/1 TB SSD/Windows 11 Home/6 GB Graphics/NVIDIA GeForce RT...,97990.0,,,https://www.flipkart.com/hp-omen-amd-ryzen-7-octa-core-7840hs-16-gb-1-tb-ssd-windows-11-home-6-gb-graphics-nvidia-geforce-rtx-nvidia-rtx-4050-16-xd0005ax-gaming-laptop/p/itma5cae6a11e430?pid=COMGUDAWKPHZBPBH&lid=LSTCOMGUDAWKPHZBPBHFZSPCD&marketplace=FLIPKART&q=laptop+hp&store=6bo%2Fb5g&srno=s_23_534&otracker=search&fm=organic&iid=284d2c47-129b-4d2e-aa1e-90c553eb54ed.COMGUDAWKPHZBPBH.SEARCH&ppt=sp&ppn=sp&ssid=5byc4crzhs0000001753105490481&qH=afa4496eec6c609d,https://rukminim2.flixcart.com/image/312/312/xif0q/computer/m/p/e/-original-imahcd9pntzeqkzg.jpeg?q=70,Laptops,Flipkart
HP Intel Intel Core i5 11th Gen 1135G7 - (8 GB/512 GB SSD/Windows 10 Home) 14s- DQ2535TU Thin and Ligh...,56890.0,,,https://www.flipkart.com/hp-intel-core-i5-11th-gen-1135g7-8-gb-512-gb-ssd-windows-10-home-14s-dq2535tu-thin-light-laptop/p/itm169671aff88a4?pid=COMGY8RDQ2FZMNVP&lid=LSTCOMGY8RDQ2FZMNVPMJGHOG&marketplace=FLIPKART&q=laptop+hp&store=6bo%2Fb5g&srno=s_23_535&otracker=search&fm=organic&iid=284d2c47-129b-4d2e-aa1e-90c553eb54ed.COMGY8RDQ2FZMNVP.SEARCH&ppt=sp&ppn=sp&ssid=5byc4crzhs0000001753105490481&qH=afa4496eec6c609d,https://rukminim2.flixcart.com/image/312/312/kbqu4cw0/computer/v/r/y/hp-original-imaftyzqzbyerzgt.jpeg?q=70,Laptops,Flipkart
HP Pavilion x360 Intel Core i7 12th Gen 1255U - (16 GB/512 GB SSD/Windows 11 Home) 14-ek0088TU Thin an...,81990.0,,,https://www.flipkart.com/hp-pavilion-x360-intel-core-i7-12th-gen-1255u-16-gb-512-gb-ssd-windows-11-home-14-ek0088tu-thin-light-laptop/p/itmdaa81d3de3a9c?pid=COMGH2NJZ9SRVAQE&lid=LSTCOMGH2NJZ9SRVAQENOAIAJ&marketplace=FLIPKART&q=laptop+hp&store=6bo%2Fb5g&srno=s_23_536&otracker=search&fm=organic&iid=284d2c47-129b-4d2e-aa1e-90c553eb54ed.COMGH2NJZ9SRVAQE.SEARCH&ppt=sp&ppn=sp&ssid=5byc4crzhs0000001753105490481&qH=afa4496eec6c609d,https://rukminim2.flixcart.com/image/312/312/xif0q/computer/d/r/t/14-ek0088tu-thin-and-light-laptop-hp-original-imagh89bdga9fcys.jpeg?q=70,Laptops,Flipkart
HP Intel Core i5 13th Gen - (16 GB/512 GB SSD/Windows 11 Home/6 GB Graphics/NVIDIA GeForce RTX 4050) f...,76950.0,,,https://www.flipkart.com/hp-intel-core-i5-13th-gen-16-gb-512-gb-ssd-windows-11-home-6-graphics-nvidia-geforce-rtx-4050-fa2701tx-gaming-laptop/p/itm22db7c84a4ba6?pid=COMHD67HRRNZBESJ&lid=LSTCOMHD67HRRNZBESJCW09E4&marketplace=FLIPKART&q=laptop+hp&store=6bo%2Fb5g&srno=s_23_539&otracker=search&fm=organic&iid=284d2c47-129b-4d2e-aa1e-90c553eb54ed.COMHD67HRRNZBESJ.SEARCH&ppt=sp&ppn=sp&ssid=5byc4crzhs0000001753105490481&qH=afa4496eec6c609d,https://rukminim2.flixcart.com/image/312/312/xif0q/computer/y/w/h/hp-victus-15-gaming-laptop-hp-original-imahd67haz5wdqbd.jpeg?q=70,Laptops,Flipkart
HP AMD Ryzen 5 Quad Core 7520U - (16 GB/512 GB SSD/Windows 11 Home) 14-hr0000AU Thin and Light Laptop,49990.0,2.0,0.0,https://www.flipkart.com/hp-amd-ryzen-5-quad-core-7520u-16-gb-512-gb-ssd-windows-11-home-14-hr0000au-thin-light-laptop/p/itmff676dfcd896a?pid=COMGYJF8ZUCGZJYP&lid=LSTCOMGYJF8ZUCGZJYPEDAK0B&marketplace=FLIPKART&q=laptop+hp&store=6bo%2Fb5g&srno=s_23_540&otracker=search&fm=organic&iid=284d2c47-129b-4d2e-aa1e-90c553eb54ed.COMGYJF8ZUCGZJYP.SEARCH&ppt=sp&ppn=sp&ssid=5byc4crzhs0000001753105490481&qH=afa4496eec6c609d,https://rukminim2.flixcart.com/image/312/312/xif0q/computer/c/0/p/-original-imahcd9npkjw4hvf.jpeg?q=70,Laptops,Flipkart
HP Intel Core i5 13th Gen - (16 GB/512 GB SSD/Windows 11 Home) 14-ew0107TU Laptop,74000.0,,,https://www.flipkart.com/hp-intel-core-i5-13th-gen-16-gb-512-gb-ssd-windows-11-home-14-ew0107tu-laptop/p/itmaf66d2cd6f1e0?pid=COMHDVZSHZYWEWGP&lid=LSTCOMHDVZSHZYWEWGP3N0A8J&marketplace=FLIPKART&q=laptop+hp&store=6bo%2Fb5g&srno=s_23_543&otracker=search&fm=organic&iid=284d2c47-129b-4d2e-aa1e-90c553eb54ed.COMHDVZSHZYWEWGP.SEARCH&ppt=sp&ppn=sp&ssid=5byc4crzhs0000001753105490481&qH=afa4496eec6c609d,https://rukminim2.flixcart.com/image/312/312/xif0q/computer/n/r/i/pavilion-plus-laptop-hp-original-imahdvzsgzpaahhk.jpeg?q=70,Laptops,Flipkart
HP Omen Intel Core i7 12th Gen 12700H - (16 GB/1 TB SSD/Windows 11 Home/4 GB Graphics/NVIDIA GeForce R...,113999.0,,,https://www.flipkart.com/hp-omen-intel-core-i7-12th-gen-12700h-16-gb-1-tb-ssd-windows-11-home-4-gb-graphics-nvidia-geforce-rtx-3050-16-b1350tx-gaming-laptop/p/itm5b316c4d48921?pid=COMGE9G9XMMM8RG8&lid=LSTCOMGE9G9XMMM8RG8PKKURH&marketplace=FLIPKART&q=laptop+hp&store=6bo%2Fb5g&srno=s_23_544&otracker=search&fm=organic&iid=284d2c47-129b-4d2e-aa1e-90c553eb54ed.COMGE9G9XMMM8RG8.SEARCH&ppt=sp&ppn=sp&ssid=5byc4crzhs0000001753105490481&qH=afa4496eec6c609d,https://rukminim2.flixcart.com/image/312/312/xif0q/computer/2/e/e/-original-imahcyp7dya3bgnb.jpeg?q=70,Laptops,Flipkart
HP OMEN Intel Core i7 12th Gen 12700H - (16 GB/1 TB SSD/Windows 11 Home/4 GB Graphics/NVIDIA GeForce R...,109990.0,,,https://www.flipkart.com/hp-omen-intel-core-i7-12th-gen-12700h-16-gb-1-tb-ssd-windows-11-home-4-gb-graphics-nvidia-geforce-rtx-3050-ti-16-b1351tx-gaming-laptop/p/itm5b316c4d48921?pid=COMGCGSTD3BJXTAQ&lid=LSTCOMGCGSTD3BJXTAQ0YWVDA&marketplace=FLIPKART&q=laptop+hp&store=6bo%2Fb5g&srno=s_23_545&otracker=search&fm=organic&iid=284d2c47-129b-4d2e-aa1e-90c553eb54ed.COMGCGSTD3BJXTAQ.SEARCH&ppt=sp&ppn=sp&ssid=5byc4crzhs0000001753105490481&qH=afa4496eec6c609d,https://rukminim2.flixcart.com/image/312/312/xif0q/computer/x/5/c/-original-imahcyp7qyhdgvvt.jpeg?q=70,Laptops,Flipkart
HP Pavilion Plus MSO 2024 Intel Core i5 13th Gen 1335U - (16 GB/512 GB SSD/Windows 11 Home) 14-ew0108T...,83900.0,,,https://www.flipkart.com/hp-pavilion-plus-mso-2024-intel-core-i5-13th-gen-1335u-16-gb-512-gb-ssd-windows-11-home-14-ew0108tu-thin-light-laptop/p/itmd9aac3d766968?pid=COMH8U9RPPCTCSEF&lid=LSTCOMH8U9RPPCTCSEFU8PTMU&marketplace=FLIPKART&q=laptop+hp&store=6bo%2Fb5g&srno=s_23_546&otracker=search&fm=organic&iid=284d2c47-129b-4d2e-aa1e-90c553eb54ed.COMH8U9RPPCTCSEF.SEARCH&ppt=sp&ppn=sp&ssid=5byc4crzhs0000001753105490481&qH=afa4496eec6c609d,https://rukminim2.flixcart.com/image/312/312/xif0q/computer/q/g/k/14-ew0108tu-thin-and-light-laptop-hp-original-imah8ujzhgwhvtng.jpeg?q=70,Laptops,Flipkart
HP AMD Ryzen 7 Octa Core 7730U - (16 GB/512 GB SSD/Windows 11 Home) 15-eh3102AU Thin and Light Laptop,73837.0,,,https://www.flipkart.com/hp-amd-ryzen-7-octa-core-7730u-16-gb-512-gb-ssd-windows-11-home-15-eh3102au-thin-light-laptop/p/itmeebcea444074b?pid=COMGYH8GBPHRNAYU&lid=LSTCOMGYH8GBPHRNAYUB9XZEX&marketplace=FLIPKART&q=laptop+hp&store=6bo%2Fb5g&srno=s_23_549&otracker=search&fm=organic&iid=284d2c47-129b-4d2e-aa1e-90c553eb54ed.COMGYH8GBPHRNAYU.SEARCH&ppt=sp&ppn=sp&ssid=5byc4crzhs0000001753105490481&qH=afa4496eec6c609d,https://rukminim2.flixcart.com/image/312/312/xif0q/computer/p/u/m/-original-imahcd9rrqpegtes.jpeg?q=70,Laptops,Flipkart
HP Intel Core Ultra 5 - (16 GB/512 GB HDD/512 GB SSD/Windows 11 Home) 14-fc0123TU Thin and Light Lapto...,81999.0,,,https://www.flipkart.com/hp-intel-core-ultra-5-16-gb-512-gb-hdd-512-ssd-windows-11-home-14-fc0123tu-thin-light-laptop/p/itmc2af728e6ed16?pid=COMHDW9EBGPKYJGC&lid=LSTCOMHDW9EBGPKYJGCNYWC23&marketplace=FLIPKART&q=laptop+hp&store=6bo%2Fb5g&srno=s_23_550&otracker=search&fm=organic&iid=284d2c47-129b-4d2e-aa1e-90c553eb54ed.COMHDW9EBGPKYJGC.SEARCH&ppt=sp&ppn=sp&ssid=5byc4crzhs0000001753105490481&qH=afa4496eec6c609d,https://rukminim2.flixcart.com/image/312/312/xif0q/computer/g/e/1/14-fc0123tu-thin-and-light-laptop-hp-original-imahdw9eegy56xfu.jpeg?q=70,Laptops,Flipkart
HP AMD Ryzen 5 Octa Core 7th Gen - (16 GB/512 GB SSD/Windows 11 Home) 13-bg0017AU Laptop,84900.0,,,https://www.flipkart.com/hp-amd-ryzen-5-octa-core-7th-gen-16-gb-512-gb-ssd-windows-11-home-13-bg0017au-laptop/p/itme4ef45080c4e1?pid=COMHC6NKVHYWYYGX&lid=LSTCOMHC6NKVHYWYYGXOWPEJ2&marketplace=FLIPKART&q=laptop+hp&store=6bo%2Fb5g&srno=s_24_553&otracker=search&fm=organic&iid=c34bc9b0-c47b-41a5-87a9-1bea02ceaa77.COMHC6NKVHYWYYGX.SEARCH&ppt=sp&ppn=sp&ssid=wzqbp1wco00000001753105515779&qH=afa4496eec6c609d,https://rukminim2.flixcart.com/image/312/312/xif0q/computer/m/h/t/pavilion-aero-13-laptop-hp-original-imahc57dezbzhvhk.jpeg?q=70,Laptops,Flipkart
HP Envy X360 2 in 1 Laptop Convertible (16GB RAM/ 512GB SSD Intel® Graphics Intel Core Ultra 5 - (16 G...,81999.0,,,https://www.flipkart.com/hp-envy-x360-2-1-laptop-convertible-16gb-ram-512gb-ssd-intel-graphics-intel-core-ultra-5-16-gb-512-gb-hdd-512-ssd-windows-11-home-14-fc0123tu-thin-light/p/itm58e877fc832f3?pid=COMHE5BPKS6GEFF8&lid=LSTCOMHE5BPKS6GEFF8RQXDIZ&marketplace=FLIPKART&q=laptop+hp&store=6bo%2Fb5g&srno=s_24_554&otracker=search&fm=organic&iid=c34bc9b0-c47b-41a5-87a9-1bea02ceaa77.COMHE5BPKS6GEFF8.SEARCH&ppt=sp&ppn=sp&ssid=wzqbp1wco00000001753105515779&qH=afa4496eec6c609d,https://rukminim2.flixcart.com/image/312/312/xif0q/computer/f/t/8/-original-imahe8y7czard7nk.jpeg?q=70,Laptops,Flipkart
HP Victus Intel Core i7 12th Gen - (8 GB/512 GB SSD/Windows 11 Home/4 GB Graphics/NVIDIA GeForce RTX 3...,75990.0,,,https://www.flipkart.com/hp-victus-intel-core-i7-12th-gen-8-gb-512-gb-ssd-windows-11-home-4-graphics-nvidia-geforce-rtx-3050-144-hz-15-fa0073tx-gaming-laptop/p/itmd9980858b435b?pid=COMGP5KSVNWZPS5E&lid=LSTCOMGP5KSVNWZPS5EPPNA50&marketplace=FLIPKART&q=laptop+hp&store=6bo%2Fb5g&srno=s_24_555&otracker=search&fm=organic&iid=c34bc9b0-c47b-41a5-87a9-1bea02ceaa77.COMGP5KSVNWZPS5E.SEARCH&ppt=sp&ppn=sp&ssid=wzqbp1wco00000001753105515779&qH=afa4496eec6c609d,https://rukminim2.flixcart.com/image/312/312/xif0q/computer/l/l/7/15-fa0073tx-gaming-laptop-hp-original-imagp5krr4q7wgfj.jpeg?q=70,Laptops,Flipkart
HP OMEN Intel Core i7 13th Gen 13700HX - (16 GB/512 GB SSD/Windows 11 Home/8 GB Graphics/NVIDIA GeForc...,168500.0,,,https://www.flipkart.com/hp-omen-intel-core-i7-13th-gen-13700hx-16-gb-512-gb-ssd-windows-11-home-8-graphics-nvidia-geforce-rtx-4060-16-wf0054tx-gaming-laptop/p/itm1533cace15878?pid=COMGRNGYVTE8VT7U&lid=LSTCOMGRNGYVTE8VT7ULVNET6&marketplace=FLIPKART&q=laptop+hp&store=6bo%2Fb5g&srno=s_24_556&otracker=search&fm=organic&iid=c34bc9b0-c47b-41a5-87a9-1bea02ceaa77.COMGRNGYVTE8VT7U.SEARCH&ppt=sp&ppn=sp&ssid=wzqbp1wco00000001753105515779&qH=afa4496eec6c609d,https://rukminim2.flixcart.com/image/312/312/xif0q/computer/f/w/2/-original-imahcd9j5rkwxprt.jpeg?q=70,Laptops,Flipkart
HP OMEN Intel Core i7 13th Gen 13700HX - (16 GB/512 GB SSD/Windows 11 Home/6 GB Graphics/NVIDIA GeForc...,176108.0,,,https://www.flipkart.com/hp-omen-intel-core-i7-13th-gen-13700hx-16-gb-512-gb-ssd-windows-11-home-6-graphics-nvidia-geforce-rtx-4050-16-u0022tx-gaming-laptop/p/itm1533cace15878?pid=COMGRNGYF9HUMTBZ&lid=LSTCOMGRNGYF9HUMTBZV3HJVT&marketplace=FLIPKART&q=laptop+hp&store=6bo%2Fb5g&srno=s_24_559&otracker=search&fm=organic&iid=c34bc9b0-c47b-41a5-87a9-1bea02ceaa77.COMGRNGYF9HUMTBZ.SEARCH&ppt=sp&ppn=sp&ssid=wzqbp1wco00000001753105515779&qH=afa4496eec6c609d,https://rukminim2.flixcart.com/image/312/312/xif0q/computer/f/w/2/-original-imahcd9j5rkwxprt.jpeg?q=70,Laptops,Flipkart
HP OMEN Intel Core i7 13th Gen 13700HX - (16 GB/512 GB SSD/Windows 11 Home/8 GB Graphics/NVIDIA GeForc...,124990.0,3.4,0.0,https://www.flipkart.com/hp-omen-intel-core-i7-13th-gen-13700hx-16-gb-512-gb-ssd-windows-11-home-8-graphics-nvidia-geforce-rtx-4060-16-wf0055tx-gaming-laptop/p/itmf8ab1adff347c?pid=COMGRNGYGFXGU4PH&lid=LSTCOMGRNGYGFXGU4PHWFSJWL&marketplace=FLIPKART&q=laptop+hp&store=6bo%2Fb5g&srno=s_24_560&otracker=search&fm=organic&iid=c34bc9b0-c47b-41a5-87a9-1bea02ceaa77.COMGRNGYGFXGU4PH.SEARCH&ppt=sp&ppn=sp&ssid=wzqbp1wco00000001753105515779&qH=afa4496eec6c609d,https://rukminim2.flixcart.com/image/312/312/xif0q/computer/8/0/b/-original-imahcd9mt5emgmvm.jpeg?q=70,Laptops,Flipkart
HP OMEN AMD Ryzen 7 Octa Core 7840HS - (16 GB/1 TB SSD/Windows 11 Home/6 GB Graphics/NVIDIA GeForce RT...,109999.0,,,https://www.flipkart.com/hp-omen-amd-ryzen-7-octa-core-7840hs-16-gb-1-tb-ssd-windows-11-home-6-gb-graphics-nvidia-geforce-rtx-4050-p-16-n0091ax-gaming-laptop/p/itmf116db0af8931?pid=COMGXVU3RF3NRTVF&lid=LSTCOMGXVU3RF3NRTVFHFQ7JY&marketplace=FLIPKART&q=laptop+hp&store=6bo%2Fb5g&srno=s_24_563&otracker=search&fm=organic&iid=c34bc9b0-c47b-41a5-87a9-1bea02ceaa77.COMGXVU3RF3NRTVF.SEARCH&ppt=sp&ppn=sp&ssid=wzqbp1wco00000001753105515779&qH=afa4496eec6c609d,https://rukminim2.flixcart.com/image/312/312/xif0q/computer/h/g/1/-original-imahcd9mtkb9bxgx.jpeg?q=70,Laptops,Flipkart
HP ENVY AI PC Intel Core Ultra 5 125U - (16 GB/512 GB SSD/Windows 11 Home) 14-fc0105TU Thin and Light ...,89990.0,2.0,1.0,https://www.flipkart.com/hp-envy-ai-pc-intel-core-ultra-5-125u-16-gb-512-gb-ssd-windows-11-home-14-fc0105tu-thin-light-laptop/p/itm5d4805e361985?pid=COMGYFMDYMGFMBRJ&lid=LSTCOMGYFMDYMGFMBRJU43KF3&marketplace=FLIPKART&q=laptop+hp&store=6bo%2Fb5g&srno=s_24_564&otracker=search&fm=organic&iid=c34bc9b0-c47b-41a5-87a9-1bea02ceaa77.COMGYFMDYMGFMBRJ.SEARCH&ppt=sp&ppn=sp&ssid=wzqbp1wco00000001753105515779&qH=afa4496eec6c609d,https://rukminim2.flixcart.com/image/312/312/xif0q/computer/i/w/a/-original-imahcd9cekv2cgh7.jpeg?q=70,Laptops,Flipkart
"Samsung Galaxy F05 (Twilight Blue, 64 GB)",6499.0,4.2,3425.0,https://www.flipkart.com/samsung-galaxy-f05-twilight-blue-64-gb/p/itm84a914081ab93?pid=MOBH4GTXZ9ZRQ3SU&lid=LSTMOBH4GTXZ9ZRQ3SUXCBGGE&marketplace=FLIPKART&q=mobile+phones&store=tyy%2F4io&srno=s_1_1&otracker=search&otracker1=search&fm=organic&iid=9db23609-337f-4a77-94c6-9857bded9775.MOBH4GTXZ9ZRQ3SU.SEARCH&ppt=sp&ppn=sp&ssid=d93jfmema80000001753087781253&qH=a81ad6e72f7a2fd1,https://rukminim2.flixcart.com/image/312/312/xif0q/mobile/e/r/f/-original-imah56hkgehywn5b.jpeg?q=70,Mobiles,Flipkart
"POCO C71 (Desert Gold, 128 GB)",6999.0,4.1,436.0,https://www.flipkart.com/poco-c71-desert-gold-128-gb/p/itm2a2ad903f91f4?pid=MOBHAFVJ8WXHR5FT&lid=LSTMOBHAFVJ8WXHR5FTKIOCQ2&marketplace=FLIPKART&q=mobile+phones&store=tyy%2F4io&srno=s_1_2&otracker=search&otracker1=search&fm=organic&iid=9db23609-337f-4a77-94c6-9857bded9775.MOBHAFVJ8WXHR5FT.SEARCH&ppt=sp&ppn=sp&ssid=d93jfmema80000001753087781253&qH=a81ad6e72f7a2fd1,https://rukminim2.flixcart.com/image/312/312/xif0q/mobile/u/c/i/-original-imahawgayvnqkzaz.jpeg?q=70,Mobiles,Flipkart
"REDMI A3X (Midnight Black, 64 GB)",5999.0,4.1,398.0,https://www.flipkart.com/redmi-a3x-midnight-black-64-gb/p/itmae02f9f3f765a?pid=MOBH2YYZES7Y5H8K&lid=LSTMOBH2YYZES7Y5H8KOV8JEN&marketplace=FLIPKART&q=mobile+phones&store=tyy%2F4io&srno=s_1_3&otracker=search&otracker1=search&fm=organic&iid=9db23609-337f-4a77-94c6-9857bded9775.MOBH2YYZES7Y5H8K.SEARCH&ppt=sp&ppn=sp&ssid=d93jfmema80000001753087781253&qH=a81ad6e72f7a2fd1,https://rukminim2.flixcart.com/image/312/312/xif0q/mobile/w/t/c/-original-imah2hfpxtwagduh.jpeg?q=70,Mobiles,Flipkart
"MOTOROLA g05 (Plum Red, 64 GB)",7299.0,4.2,2986.0,https://www.flipkart.com/motorola-g05-plum-red-64-gb/p/itm87af8109384d4?pid=MOBH5F3QKFHEGBFS&lid=LSTMOBH5F3QKFHEGBFSYF5LHW&marketplace=FLIPKART&q=mobile+phones&store=tyy%2F4io&srno=s_1_4&otracker=search&otracker1=search&fm=organic&iid=9db23609-337f-4a77-94c6-9857bded9775.MOBH5F3QKFHEGBFS.SEARCH&ppt=sp&ppn=sp&ssid=d93jfmema80000001753087781253&qH=a81ad6e72f7a2fd1,https://rukminim2.flixcart.com/image/312/312/xif0q/mobile/d/j/b/-original-imah83ezvx8m7hs6.jpeg?q=70,Mobiles,Flipkart
"REDMI A3X (Olive Green, 128 GB)",6999.0,4.1,250.0,https://www.flipkart.com/redmi-a3x-olive-green-128-gb/p/itmae02f9f3f765a?pid=MOBH22XZNAYUF44R&lid=LSTMOBH22XZNAYUF44REAHYV9&marketplace=FLIPKART&q=mobile+phones&store=tyy%2F4io&srno=s_1_5&otracker=search&otracker1=search&fm=organic&iid=9db23609-337f-4a77-94c6-9857bded9775.MOBH22XZNAYUF44R.SEARCH&ppt=sp&ppn=sp&ssid=d93jfmema80000001753087781253&qH=a81ad6e72f7a2fd1,https://rukminim2.flixcart.com/image/312/312/xif0q/mobile/r/b/s/-original-imah2hfpqxjnkvts.jpeg?q=70,Mobiles,Flipkart
"POCO C75 5G (Aqua Bliss, 64 GB)",7699.0,4.3,3978.0,https://www.flipkart.com/poco-c75-5g-aqua-bliss-64-gb/p/itm10b3f6f1bc616?pid=MOBH7443MMBCWPPG&lid=LSTMOBH7443MMBCWPPGVOR2LC&marketplace=FLIPKART&q=mobile+phones&store=tyy%2F4io&srno=s_1_6&otracker=search&otracker1=search&fm=organic&iid=9db23609-337f-4a77-94c6-9857bded9775.MOBH7443MMBCWPPG.SEARCH&ppt=sp&ppn=sp&ssid=d93jfmema80000001753087781253&qH=a81ad6e72f7a2fd1,https://rukminim2.flixcart.com/image/312/312/xif0q/mobile/o/2/g/-original-imahbr2cz5apcwze.jpeg?q=70,Mobiles,Flipkart
"POCO C75 5G (Enchanted Green, 64 GB)",7699.0,4.3,3978.0,https://www.flipkart.com/poco-c75-5g-enchanted-green-64-gb/p/itmf8fdd88f80fcc?pid=MOBH7443VEGWXG4G&lid=LSTMOBH7443VEGWXG4GOW118G&marketplace=FLIPKART&q=mobile+phones&store=tyy%2F4io&srno=s_1_7&otracker=search&otracker1=search&fm=organic&iid=9db23609-337f-4a77-94c6-9857bded9775.MOBH7443VEGWXG4G.SEARCH&ppt=sp&ppn=sp&ssid=d93jfmema80000001753087781253&qH=a81ad6e72f7a2fd1,https://rukminim2.flixcart.com/image/312/312/xif0q/mobile/y/v/f/-original-imahbr2cmpwexghw.jpeg?q=70,Mobiles,Flipkart
"MOTOROLA g05 (Forest Green, 64 GB)",7299.0,4.2,2986.0,https://www.flipkart.com/motorola-g05-forest-green-64-gb/p/itme5ed06a5943b9?pid=MOBH5F3Q2SGMAFHR&lid=LSTMOBH5F3Q2SGMAFHR6YHZS0&marketplace=FLIPKART&q=mobile+phones&store=tyy%2F4io&srno=s_1_8&otracker=search&otracker1=search&fm=organic&iid=9db23609-337f-4a77-94c6-9857bded9775.MOBH5F3Q2SGMAFHR.SEARCH&ppt=sp&ppn=sp&ssid=d93jfmema80000001753087781253&qH=a81ad6e72f7a2fd1,https://rukminim2.flixcart.com/image/312/312/xif0q/mobile/j/a/b/-original-imah83eztbdcsknu.jpeg?q=70,Mobiles,Flipkart
"POCO C71 (Cool Blue, 64 GB)",6399.0,3.9,970.0,https://www.flipkart.com/poco-c71-cool-blue-64-gb/p/itm7a3f787718dd8?pid=MOBHAFVJJ7YTUYV8&lid=LSTMOBHAFVJJ7YTUYV8NFU7XU&marketplace=FLIPKART&q=mobile+phones&store=tyy%2F4io&srno=s_1_9&otracker=search&otracker1=search&fm=organic&iid=9db23609-337f-4a77-94c6-9857bded9775.MOBHAFVJJ7YTUYV8.SEARCH&ppt=sp&ppn=sp&ssid=d93jfmema80000001753087781253&qH=a81ad6e72f7a2fd1,https://rukminim2.flixcart.com/image/312/312/xif0q/mobile/r/5/z/-original-imahawgarmg5f8ff.jpeg?q=70,Mobiles,Flipkart
"Motorola g45 5G (Brilliant Green, 128 GB)",11999.0,4.3,9857.0,https://www.flipkart.com/motorola-g45-5g-brilliant-green-128-gb/p/itm4f3bbebe58a57?pid=MOBH3YKQQN3S9TQQ&lid=LSTMOBH3YKQQN3S9TQQIXCQDO&marketplace=FLIPKART&q=mobile+phones&store=tyy%2F4io&srno=s_1_10&otracker=search&otracker1=search&fm=organic&iid=9db23609-337f-4a77-94c6-9857bded9775.MOBH3YKQQN3S9TQQ.SEARCH&ppt=sp&ppn=sp&ssid=d93jfmema80000001753087781253&qH=a81ad6e72f7a2fd1,https://rukminim2.flixcart.com/image/312/312/xif0q/mobile/b/y/x/-original-imah3xk8crpgrg9y.jpeg?q=70,Mobiles,Flipkart
"REDMI A5 (Just Black, 64 GB)",6499.0,4.3,99.0,https://www.flipkart.com/redmi-a5-just-black-64-gb/p/itm2b4357effaa74?pid=MOBHB2HGNGFWXSGA&lid=LSTMOBHB2HGNGFWXSGAEDTCWH&marketplace=FLIPKART&q=mobile+phones&store=tyy%2F4io&srno=s_1_11&otracker=search&otracker1=search&fm=organic&iid=9db23609-337f-4a77-94c6-9857bded9775.MOBHB2HGNGFWXSGA.SEARCH&ppt=sp&ppn=sp&ssid=d93jfmema80000001753087781253&qH=a81ad6e72f7a2fd1,https://rukminim2.flixcart.com/image/312/312/xif0q/mobile/p/4/r/-original-imahb56zdgszp7tg.jpeg?q=70,Mobiles,Flipkart
"POCO M7 Pro 5G (Lunar Dust, 128 GB)",12999.0,4.3,1411.0,https://www.flipkart.com/poco-m7-pro-5g-lunar-dust-128-gb/p/itm59a079d57519a?pid=MOBH7443YUP5EJXZ&lid=LSTMOBH7443YUP5EJXZN5B3CD&marketplace=FLIPKART&q=mobile+phones&store=tyy%2F4io&srno=s_1_12&otracker=search&otracker1=search&fm=organic&iid=9db23609-337f-4a77-94c6-9857bded9775.MOBH7443YUP5EJXZ.SEARCH&ppt=sp&ppn=sp&ssid=d93jfmema80000001753087781253&qH=a81ad6e72f7a2fd1,https://rukminim2.flixcart.com/image/312/312/xif0q/mobile/v/m/x/-original-imah7jspd8dcxfut.jpeg?q=70,Mobiles,Flipkart
"Motorola g45 5G (Brilliant Blue, 128 GB)",11999.0,4.3,9857.0,https://www.flipkart.com/motorola-g45-5g-brilliant-blue-128-gb/p/itmc45105311348e?pid=MOBH3YKQT2HEAPAM&lid=LSTMOBH3YKQT2HEAPAMTX4TTX&marketplace=FLIPKART&q=mobile+phones&store=tyy%2F4io&srno=s_1_13&otracker=search&otracker1=search&fm=organic&iid=9db23609-337f-4a77-94c6-9857bded9775.MOBH3YKQT2HEAPAM.SEARCH&ppt=sp&ppn=sp&ssid=d93jfmema80000001753087781253&qH=a81ad6e72f7a2fd1,https://rukminim2.flixcart.com/image/312/312/xif0q/mobile/r/l/c/-original-imah3xk892aj9gck.jpeg?q=70,Mobiles,Flipkart
"OPPO K13 5G with 7000mAh and 80W SUPERVOOC Charger In-The-Box (Prism Black, 256 GB)",19999.0,4.5,1457.0,https://www.flipkart.com/oppo-k13-5g-7000mah-80w-supervooc-charger-in-the-box-prism-black-256-gb/p/itm6f2ebf6d205cf?pid=MOBHB392YSQECZJG&lid=LSTMOBHB392YSQECZJGTDQP4J&marketplace=FLIPKART&q=mobile+phones&store=tyy%2F4io&srno=s_1_14&otracker=search&otracker1=search&fm=organic&iid=9db23609-337f-4a77-94c6-9857bded9775.MOBHB392YSQECZJG.SEARCH&ppt=sp&ppn=sp&ssid=d93jfmema80000001753087781253&qH=a81ad6e72f7a2fd1,https://rukminim2.flixcart.com/image/312/312/xif0q/mobile/y/l/1/-original-imahbfd4cgh53kmh.jpeg?q=70,Mobiles,Flipkart
"POCO F7 5G (Phantom Black, 512 GB)",33999.0,4.4,541.0,https://www.flipkart.com/poco-f7-5g-phantom-black-512-gb/p/itm7dcc3ad9e67db?pid=MOBHCY2USYXVQZG3&lid=LSTMOBHCY2USYXVQZG3MWPLV4&marketplace=FLIPKART&q=mobile+phones&store=tyy%2F4io&srno=s_1_15&otracker=search&otracker1=search&fm=organic&iid=9db23609-337f-4a77-94c6-9857bded9775.MOBHCY2USYXVQZG3.SEARCH&ppt=sp&ppn=sp&ssid=d93jfmema80000001753087781253&qH=a81ad6e72f7a2fd1,https://rukminim2.flixcart.com/image/312/312/xif0q/mobile/y/i/6/-original-imahdpu7wqfgfryp.jpeg?q=70,Mobiles,Flipkart
"realme C61 (Marble Black, 64 GB)",7699.0,4.4,312.0,https://www.flipkart.com/realme-c61-marble-black-64-gb/p/itmd6ddbcefce040?pid=MOBHFRKRAHPWY9JA&lid=LSTMOBHFRKRAHPWY9JADLJL0N&marketplace=FLIPKART&q=mobile+phones&store=tyy%2F4io&srno=s_1_16&otracker=search&otracker1=search&fm=organic&iid=9db23609-337f-4a77-94c6-9857bded9775.MOBHFRKRAHPWY9JA.SEARCH&ppt=sp&ppn=sp&ssid=d93jfmema80000001753087781253&qH=a81ad6e72f7a2fd1,https://rukminim2.flixcart.com/image/312/312/xif0q/mobile/x/v/z/-original-imah28xpzzwz4fwg.jpeg?q=70,Mobiles,Flipkart
"POCO C71 (Cool Blue, 128 GB)",6999.0,4.1,436.0,https://www.flipkart.com/poco-c71-cool-blue-128-gb/p/itmfb10bdbf02c6e?pid=MOBHAFVJURDB9QYR&lid=LSTMOBHAFVJURDB9QYRYNBHTJ&marketplace=FLIPKART&q=mobile+phones&store=tyy%2F4io&srno=s_1_17&otracker=search&otracker1=search&fm=organic&iid=9db23609-337f-4a77-94c6-9857bded9775.MOBHAFVJURDB9QYR.SEARCH&ppt=sp&ppn=sp&ssid=d93jfmema80000001753087781253&qH=a81ad6e72f7a2fd1,https://rukminim2.flixcart.com/image/312/312/xif0q/mobile/r/5/z/-original-imahawgarmg5f8ff.jpeg?q=70,Mobiles,Flipkart
"OPPO K13 5G with 7000mAh and 80W SUPERVOOC Charger In-The-Box (Prism Black, 128 GB)",17999.0,4.5,1457.0,https://www.flipkart.com/oppo-k13-5g-7000mah-80w-supervooc-charger-in-the-box-prism-black-128-gb/p/itm6f2ebf6d205cf?pid=MOBHB392JAQKDGBF&lid=LSTMOBHB392JAQKDGBF1CMXCI&marketplace=FLIPKART&q=mobile+phones&store=tyy%2F4io&srno=s_1_18&otracker=search&otracker1=search&fm=organic&iid=9db23609-337f-4a77-94c6-9857bded9775.MOBHB392JAQKDGBF.SEARCH&ppt=sp&ppn=sp&ssid=d93jfmema80000001753087781253&qH=a81ad6e72f7a2fd1,https://rukminim2.flixcart.com/image/312/312/xif0q/mobile/y/l/1/-original-imahbfd4cgh53kmh.jpeg?q=70,Mobiles,Flipkart
"vivo T4x 5G (Pronto Purple, 256 GB)",16999.0,4.5,3564.0,https://www.flipkart.com/vivo-t4x-5g-pronto-purple-256-gb/p/itm017656bdd097b?pid=MOBH9JUS4GGGPJHJ&lid=LSTMOBH9JUS4GGGPJHJMC4C45&marketplace=FLIPKART&q=mobile+phones&store=tyy%2F4io&srno=s_1_19&otracker=search&otracker1=search&fm=organic&iid=9db23609-337f-4a77-94c6-9857bded9775.MOBH9JUS4GGGPJHJ.SEARCH&ppt=sp&ppn=sp&ssid=d93jfmema80000001753087781253&qH=a81ad6e72f7a2fd1,https://rukminim2.flixcart.com/image/312/312/xif0q/mobile/j/t/v/-original-imahavdv28z4nrkn.jpeg?q=70,Mobiles,Flipkart
"Motorola G85 5G (Olive Green, 128 GB)",16999.0,4.4,10960.0,https://www.flipkart.com/motorola-g85-5g-olive-green-128-gb/p/itm897540eb01ff1?pid=MOBHY9PQMNCMDVCD&lid=LSTMOBHY9PQMNCMDVCDI6UUHQ&marketplace=FLIPKART&q=mobile+phones&store=tyy%2F4io&srno=s_1_20&otracker=search&otracker1=search&fm=organic&iid=9db23609-337f-4a77-94c6-9857bded9775.MOBHY9PQMNCMDVCD.SEARCH&ppt=sp&ppn=sp&ssid=d93jfmema80000001753087781253&qH=a81ad6e72f7a2fd1,https://rukminim2.flixcart.com/image/312/312/xif0q/mobile/n/l/u/-original-imah2fjd7wfd9ksh.jpeg?q=70,Mobiles,Flipkart
"POCO C71 (Power Black, 128 GB)",6999.0,4.1,436.0,https://www.flipkart.com/poco-c71-power-black-128-gb/p/itm8096ee52d7013?pid=MOBHAFVJJM8BWNKC&lid=LSTMOBHAFVJJM8BWNKCJY0MRA&marketplace=FLIPKART&q=mobile+phones&store=tyy%2F4io&srno=s_1_21&otracker=search&otracker1=search&fm=organic&iid=9db23609-337f-4a77-94c6-9857bded9775.MOBHAFVJJM8BWNKC.SEARCH&ppt=sp&ppn=sp&ssid=d93jfmema80000001753087781253&qH=a81ad6e72f7a2fd1,https://rukminim2.flixcart.com/image/312/312/xif0q/mobile/7/z/w/-original-imahawgahmkbjxyj.jpeg?q=70,Mobiles,Flipkart
"vivo T4x 5G (Pronto Purple, 128 GB)",14999.0,4.5,3564.0,https://www.flipkart.com/vivo-t4x-5g-pronto-purple-128-gb/p/itm017656bdd097b?pid=MOBH9JUSZHCX3JRG&lid=LSTMOBH9JUSZHCX3JRGEPZVNT&marketplace=FLIPKART&q=mobile+phones&store=tyy%2F4io&srno=s_1_22&otracker=search&otracker1=search&fm=organic&iid=9db23609-337f-4a77-94c6-9857bded9775.MOBH9JUSZHCX3JRG.SEARCH&ppt=sp&ppn=sp&ssid=d93jfmema80000001753087781253&qH=a81ad6e72f7a2fd1,https://rukminim2.flixcart.com/image/312/312/xif0q/mobile/j/t/v/-original-imahavdv28z4nrkn.jpeg?q=70,Mobiles,Flipkart
"POCO M6 Plus 5G (Ice Silver, 128 GB)",10080.0,4.2,3454.0,https://www.flipkart.com/poco-m6-plus-5g-ice-silver-128-gb/p/itm7e794d10838b4?pid=MOBH2M2DTGYS9HPB&lid=LSTMOBH2M2DTGYS9HPB9DDDSP&marketplace=FLIPKART&q=mobile+phones&store=tyy%2F4io&srno=s_1_23&otracker=search&otracker1=search&fm=organic&iid=9db23609-337f-4a77-94c6-9857bded9775.MOBH2M2DTGYS9HPB.SEARCH&ppt=sp&ppn=sp&ssid=d93jfmema80000001753087781253&qH=a81ad6e72f7a2fd1,https://rukminim2.flixcart.com/image/312/312/xif0q/mobile/c/u/c/-original-imah3afneszgnrt6.jpeg?q=70,Mobiles,Flipkart
"vivo T4 Lite 5G Charger in the Box (Titanium Gold, 128 GB)",9999.0,4.5,136.0,https://www.flipkart.com/vivo-t4-lite-5g-charger-box-titanium-gold-128-gb/p/itm9886d6e522c4b?pid=MOBHDY9F2NKVDSYE&lid=LSTMOBHDY9F2NKVDSYENNGQ9C&marketplace=FLIPKART&q=mobile+phones&store=tyy%2F4io&srno=s_1_24&otracker=search&otracker1=search&fm=organic&iid=9db23609-337f-4a77-94c6-9857bded9775.MOBHDY9F2NKVDSYE.SEARCH&ppt=sp&ppn=sp&ssid=d93jfmema80000001753087781253&qH=a81ad6e72f7a2fd1,https://rukminim2.flixcart.com/image/312/312/xif0q/mobile/g/r/b/-original-imahd872ftjsb6xh.jpeg?q=70,Mobiles,Flipkart
"Motorola g45 5G (Viva Magenta, 128 GB)",11999.0,4.3,9857.0,https://www.flipkart.com/motorola-g45-5g-viva-magenta-128-gb/p/itmab7651d40eb72?pid=MOBH3YKQMPVFBUB5&lid=LSTMOBH3YKQMPVFBUB5BQUMDM&marketplace=FLIPKART&q=mobile+phones&store=tyy%2F4io&srno=s_2_25&otracker=search&otracker1=search&fm=Search&iid=8d7c571b-51b2-486f-84fa-7a4b81c5b634.MOBH3YKQMPVFBUB5.SEARCH&ppt=sp&ppn=sp&ssid=bcitpmhteo0000001753087794733&qH=a81ad6e72f7a2fd1,https://rukminim2.flixcart.com/image/312/312/xif0q/mobile/9/3/6/-original-imah3xk8u8dgteq3.jpeg?q=70,Mobiles,Flipkart
"Tecno Spark Go 2 (Veil White, 64 GB)",6999.0,4.2,24.0,https://www.flipkart.com/tecno-spark-go-2-veil-white-64-gb/p/itmcff2e9a69c93d?pid=MOBHD8NXGG5V946Z&lid=LSTMOBHD8NXGG5V946ZY2STHE&marketplace=FLIPKART&q=mobile+phones&store=tyy%2F4io&srno=s_2_26&otracker=search&otracker1=search&fm=Search&iid=8d7c571b-51b2-486f-84fa-7a4b81c5b634.MOBHD8NXGG5V946Z.SEARCH&ppt=sp&ppn=sp&ssid=bcitpmhteo0000001753087794733&qH=a81ad6e72f7a2fd1,https://rukminim2.flixcart.com/image/312/312/xif0q/mobile/f/6/j/-original-imahdem8fvcktgv3.jpeg?q=70,Mobiles,Flipkart
"Tecno Spark Go 2 (Titanium Grey, 64 GB)",6999.0,4.2,24.0,https://www.flipkart.com/tecno-spark-go-2-titanium-grey-64-gb/p/itmcff2e9a69c93d?pid=MOBHD8NXZYZETNSW&lid=LSTMOBHD8NXZYZETNSWFTRUZ6&marketplace=FLIPKART&q=mobile+phones&store=tyy%2F4io&srno=s_2_27&otracker=search&otracker1=search&fm=Search&iid=8d7c571b-51b2-486f-84fa-7a4b81c5b634.MOBHD8NXZYZETNSW.SEARCH&ppt=sp&ppn=sp&ssid=bcitpmhteo0000001753087794733&qH=a81ad6e72f7a2fd1,https://rukminim2.flixcart.com/image/312/312/xif0q/mobile/m/l/z/-original-imahdem8s4kyvscb.jpeg?q=70,Mobiles,Flipkart
"Motorola g45 5G (Brilliant Blue, 128 GB)",10999.0,4.3,2900.0,https://www.flipkart.com/motorola-g45-5g-brilliant-blue-128-gb/p/itm83cc1cca54e32?pid=MOBH3YKQQDZZ2WZH&lid=LSTMOBH3YKQQDZZ2WZHGOH35A&marketplace=FLIPKART&q=mobile+phones&store=tyy%2F4io&srno=s_2_28&otracker=search&otracker1=search&fm=Search&iid=8d7c571b-51b2-486f-84fa-7a4b81c5b634.MOBH3YKQQDZZ2WZH.SEARCH&ppt=sp&ppn=sp&ssid=bcitpmhteo0000001753087794733&qH=a81ad6e72f7a2fd1,https://rukminim2.flixcart.com/image/312/312/xif0q/mobile/r/l/c/-original-imah3xk892aj9gck.jpeg?q=70,Mobiles,Flipkart
"MOTOROLA Edge 60 Fusion 5G (PANTONE Amazonite, 256 GB)",22999.0,4.5,2190.0,https://www.flipkart.com/motorola-edge-60-fusion-5g-pantone-amazonite-256-gb/p/itm9218b12ff853f?pid=MOBH9ARFPVNU7QNU&lid=LSTMOBH9ARFPVNU7QNU36Q1QX&marketplace=FLIPKART&q=mobile+phones&store=tyy%2F4io&srno=s_2_29&otracker=search&otracker1=search&fm=Search&iid=8d7c571b-51b2-486f-84fa-7a4b81c5b634.MOBH9ARFPVNU7QNU.SEARCH&ppt=sp&ppn=sp&ssid=bcitpmhteo0000001753087794733&qH=a81ad6e72f7a2fd1,https://rukminim2.flixcart.com/image/312/312/xif0q/mobile/j/x/j/-original-imahbfmdgpjvgecg.jpeg?q=70,Mobiles,Flipkart
"realme Narzo N61 (Vyage Blue, 64 GB)",7375.0,4.3,268.0,https://www.flipkart.com/realme-narzo-n61-vyage-blue-64-gb/p/itm0ffee8689770b?pid=MOBH39BEEVQNSUGJ&lid=LSTMOBH39BEEVQNSUGJCBFSZD&marketplace=FLIPKART&q=mobile+phones&store=tyy%2F4io&srno=s_2_30&otracker=search&otracker1=search&fm=Search&iid=8d7c571b-51b2-486f-84fa-7a4b81c5b634.MOBH39BEEVQNSUGJ.SEARCH&ppt=sp&ppn=sp&ssid=bcitpmhteo0000001753087794733&qH=a81ad6e72f7a2fd1,https://rukminim2.flixcart.com/image/312/312/xif0q/mobile/f/k/x/narzo-n61-narzo-n61-realme-original-imah4ffg7bhkzbqv.jpeg?q=70,Mobiles,Flipkart
"realme P3x 5G (Midnight Blue, 128 GB)",12999.0,4.4,798.0,https://www.flipkart.com/realme-p3x-5g-midnight-blue-128-gb/p/itmab5a4b09b6ccc?pid=MOBH8VGV88UADK2Z&lid=LSTMOBH8VGV88UADK2ZH101KQ&marketplace=FLIPKART&q=mobile+phones&store=tyy%2F4io&srno=s_2_31&otracker=search&otracker1=search&fm=Search&iid=8d7c571b-51b2-486f-84fa-7a4b81c5b634.MOBH8VGV88UADK2Z.SEARCH&ppt=sp&ppn=sp&ssid=bcitpmhteo0000001753087794733&qH=a81ad6e72f7a2fd1,https://rukminim2.flixcart.com/image/312/312/xif0q/mobile/j/n/1/-original-imah9gtmya9qhqse.jpeg?q=70,Mobiles,Flipkart
"OPPO K13x 5G 6000mAh and 45W SUPERVOOC Charger & AI (Sunset Peach, 128 GB)",12999.0,4.6,2076.0,https://www.flipkart.com/oppo-k13x-5g-6000mah-45w-supervooc-charger-ai-sunset-peach-128-gb/p/itm62b2e62fbb43e?pid=MOBHDY9PVAHGDHWG&lid=LSTMOBHDY9PVAHGDHWGBSHGNL&marketplace=FLIPKART&q=mobile+phones&store=tyy%2F4io&srno=s_2_32&otracker=search&otracker1=search&fm=Search&iid=8d7c571b-51b2-486f-84fa-7a4b81c5b634.MOBHDY9PVAHGDHWG.SEARCH&ppt=sp&ppn=sp&ssid=bcitpmhteo0000001753087794733&qH=a81ad6e72f7a2fd1,https://rukminim2.flixcart.com/image/312/312/xif0q/mobile/w/k/3/-original-imahdde7vaxvntcs.jpeg?q=70,Mobiles,Flipkart
"MOTOROLA Edge 60 Fusion 5G (PANTONE Zephyr, 256 GB)",22999.0,4.5,2190.0,https://www.flipkart.com/motorola-edge-60-fusion-5g-pantone-zephyr-256-gb/p/itmc9dbbd784b6bc?pid=MOBH9ARFURQ8U2ZF&lid=LSTMOBH9ARFURQ8U2ZF2HUBRS&marketplace=FLIPKART&q=mobile+phones&store=tyy%2F4io&srno=s_2_33&otracker=search&otracker1=search&fm=Search&iid=8d7c571b-51b2-486f-84fa-7a4b81c5b634.MOBH9ARFURQ8U2ZF.SEARCH&ppt=sp&ppn=sp&ssid=bcitpmhteo0000001753087794733&qH=a81ad6e72f7a2fd1,https://rukminim2.flixcart.com/image/312/312/xif0q/mobile/q/b/p/-original-imahbfmd2fapmg5r.jpeg?q=70,Mobiles,Flipkart
"vivo T4 Lite 5G Charger in the Box (Prism Blue, 128 GB)",10999.0,4.5,134.0,https://www.flipkart.com/vivo-t4-lite-5g-charger-box-prism-blue-128-gb/p/itm9886d6e522c4b?pid=MOBHDY9FP7WFPCEE&lid=LSTMOBHDY9FP7WFPCEE9J8DVQ&marketplace=FLIPKART&q=mobile+phones&store=tyy%2F4io&srno=s_2_34&otracker=search&otracker1=search&fm=Search&iid=8d7c571b-51b2-486f-84fa-7a4b81c5b634.MOBHDY9FP7WFPCEE.SEARCH&ppt=sp&ppn=sp&ssid=bcitpmhteo0000001753087794733&qH=a81ad6e72f7a2fd1,https://rukminim2.flixcart.com/image/312/312/xif0q/mobile/h/v/z/-original-imahd8725zchkgmn.jpeg?q=70,Mobiles,Flipkart
"realme C61 (Safari Green, 128 GB)",8199.0,4.3,696.0,https://www.flipkart.com/realme-c61-safari-green-128-gb/p/itmd6ddbcefce040?pid=MOBHFRKRAVXUKDGX&lid=LSTMOBHFRKRAVXUKDGX3LF6Z6&marketplace=FLIPKART&q=mobile+phones&store=tyy%2F4io&srno=s_2_35&otracker=search&otracker1=search&fm=Search&iid=8d7c571b-51b2-486f-84fa-7a4b81c5b634.MOBHFRKRAVXUKDGX.SEARCH&ppt=sp&ppn=sp&ssid=bcitpmhteo0000001753087794733&qH=a81ad6e72f7a2fd1,https://rukminim2.flixcart.com/image/312/312/xif0q/mobile/j/e/d/c61-rmx3933-realme-original-imah28xeqdygzshc.jpeg?q=70,Mobiles,Flipkart
"vivo T4x 5G (Marine Blue, 128 GB)",13999.0,4.4,4416.0,https://www.flipkart.com/vivo-t4x-5g-marine-blue-128-gb/p/itm017656bdd097b?pid=MOBH9JUSTWEMVADU&lid=LSTMOBH9JUSTWEMVADU5W2ENU&marketplace=FLIPKART&q=mobile+phones&store=tyy%2F4io&spotlightTagId=default_BestsellerId_tyy%2F4io&srno=s_2_36&otracker=search&otracker1=search&fm=Search&iid=8d7c571b-51b2-486f-84fa-7a4b81c5b634.MOBH9JUSTWEMVADU.SEARCH&ppt=sp&ppn=sp&ssid=bcitpmhteo0000001753087794733&qH=a81ad6e72f7a2fd1,https://rukminim2.flixcart.com/image/312/312/xif0q/mobile/m/n/v/-original-imahavdveeghweea.jpeg?q=70,Mobiles,Flipkart
"Motorola Edge 50 Fusion (Forest Blue, 128 GB)",18999.0,4.4,8301.0,https://www.flipkart.com/motorola-edge-50-fusion-forest-blue-128-gb/p/itm32aa01db0debf?pid=MOBGXTYZMJK85GFG&lid=LSTMOBGXTYZMJK85GFGHTK438&marketplace=FLIPKART&q=mobile+phones&store=tyy%2F4io&srno=s_2_37&otracker=search&otracker1=search&fm=Search&iid=8d7c571b-51b2-486f-84fa-7a4b81c5b634.MOBGXTYZMJK85GFG.SEARCH&ppt=sp&ppn=sp&ssid=bcitpmhteo0000001753087794733&qH=a81ad6e72f7a2fd1,https://rukminim2.flixcart.com/image/312/312/xif0q/mobile/g/w/r/edge-50-fusion-pb300000in-motorola-original-imahywzztyktktpp.jpeg?q=70,Mobiles,Flipkart
"POCO M7 5G (Mint Green, 128 GB)",9499.0,4.1,1225.0,https://www.flipkart.com/poco-m7-5g-mint-green-128-gb/p/itm55887907a1c02?pid=MOBH9HFJFR4FYHNJ&lid=LSTMOBH9HFJFR4FYHNJVOMMEX&marketplace=FLIPKART&q=mobile+phones&store=tyy%2F4io&srno=s_2_38&otracker=search&otracker1=search&fm=Search&iid=8d7c571b-51b2-486f-84fa-7a4b81c5b634.MOBH9HFJFR4FYHNJ.SEARCH&ppt=sp&ppn=sp&ssid=bcitpmhteo0000001753087794733&qH=a81ad6e72f7a2fd1,https://rukminim2.flixcart.com/image/312/312/xif0q/mobile/r/w/0/-original-imah9wydggh9mtxt.jpeg?q=70,Mobiles,Flipkart
"MOTOROLA g35 5G (Leaf Green, 128 GB)",9999.0,4.2,4607.0,https://www.flipkart.com/motorola-g35-5g-leaf-green-128-gb/p/itma3ca32cc93927?pid=MOBH3YGPQHRSNQED&lid=LSTMOBH3YGPQHRSNQEDLDGOMQ&marketplace=FLIPKART&q=mobile+phones&store=tyy%2F4io&srno=s_2_39&otracker=search&otracker1=search&fm=Search&iid=8d7c571b-51b2-486f-84fa-7a4b81c5b634.MOBH3YGPQHRSNQED.SEARCH&ppt=sp&ppn=sp&ssid=bcitpmhteo0000001753087794733&qH=a81ad6e72f7a2fd1,https://rukminim2.flixcart.com/image/312/312/xif0q/mobile/o/v/c/g35-5g-pb3h0001in-motorola-original-imah7c6xqfsptyzx.jpeg?q=70,Mobiles,Flipkart
itel it5330 | 2.8 inch Big Display | 1900 mAh Battery | Kingvoice,1349.0,4.1,1092.0,https://www.flipkart.com/itel-it5330-2-8-inch-big-display-1900-mah-battery-kingvoice/p/itmfb08600c266c4?pid=MOBGW5HN7DGXGNMS&lid=LSTMOBGW5HN7DGXGNMSSBP1DL&marketplace=FLIPKART&q=mobile+phones&store=tyy%2F4io&srno=s_2_40&otracker=search&otracker1=search&fm=Search&iid=8d7c571b-51b2-486f-84fa-7a4b81c5b634.MOBGW5HN7DGXGNMS.SEARCH&ppt=sp&ppn=sp&ssid=bcitpmhteo0000001753087794733&qH=a81ad6e72f7a2fd1,https://rukminim2.flixcart.com/image/312/312/xif0q/mobile/t/r/z/it5330-2-8-inch-big-display-1900-mah-battery-kingvoice-it5361-original-imah6k5fspsw2f7u.jpeg?q=70,Mobiles,Flipkart
"vivo T4 Lite 5G Charger in the Box (Titanium Gold, 128 GB)",10999.0,4.5,134.0,https://www.flipkart.com/vivo-t4-lite-5g-charger-box-titanium-gold-128-gb/p/itm9886d6e522c4b?pid=MOBHDY9FWXVJYCFM&lid=LSTMOBHDY9FWXVJYCFMHXZJVU&marketplace=FLIPKART&q=mobile+phones&store=tyy%2F4io&srno=s_2_41&otracker=search&otracker1=search&fm=Search&iid=8d7c571b-51b2-486f-84fa-7a4b81c5b634.MOBHDY9FWXVJYCFM.SEARCH&ppt=sp&ppn=sp&ssid=bcitpmhteo0000001753087794733&qH=a81ad6e72f7a2fd1,https://rukminim2.flixcart.com/image/312/312/xif0q/mobile/g/r/b/-original-imahd872ftjsb6xh.jpeg?q=70,Mobiles,Flipkart
"REDMI A5 (Jaisalmer Gold, 64 GB)",6499.0,4.3,99.0,https://www.flipkart.com/redmi-a5-jaisalmer-gold-64-gb/p/itm2b4357effaa74?pid=MOBHB2HGH5DCFNWZ&lid=LSTMOBHB2HGH5DCFNWZHAP4LG&marketplace=FLIPKART&q=mobile+phones&store=tyy%2F4io&srno=s_2_42&otracker=search&otracker1=search&fm=Search&iid=8d7c571b-51b2-486f-84fa-7a4b81c5b634.MOBHB2HGH5DCFNWZ.SEARCH&ppt=sp&ppn=sp&ssid=bcitpmhteo0000001753087794733&qH=a81ad6e72f7a2fd1,https://rukminim2.flixcart.com/image/312/312/xif0q/mobile/h/g/o/-original-imahb56zdk5ybj9r.jpeg?q=70,Mobiles,Flipkart
"realme C61 (Marble Black, 128 GB)",8199.0,4.3,696.0,https://www.flipkart.com/realme-c61-marble-black-128-gb/p/itmd6ddbcefce040?pid=MOBHFRKRQMD36FZ5&lid=LSTMOBHFRKRQMD36FZ5ZLCIIC&marketplace=FLIPKART&q=mobile+phones&store=tyy%2F4io&srno=s_2_43&otracker=search&otracker1=search&fm=Search&iid=8d7c571b-51b2-486f-84fa-7a4b81c5b634.MOBHFRKRQMD36FZ5.SEARCH&ppt=sp&ppn=sp&ssid=bcitpmhteo0000001753087794733&qH=a81ad6e72f7a2fd1,https://rukminim2.flixcart.com/image/312/312/xif0q/mobile/x/v/z/-original-imah28xpzzwz4fwg.jpeg?q=70,Mobiles,Flipkart
"REDMI A3X (Ocean Green, 128 GB)",6999.0,4.1,250.0,https://www.flipkart.com/redmi-a3x-ocean-green-128-gb/p/itmae02f9f3f765a?pid=MOBH22XZ94F6P6QV&lid=LSTMOBH22XZ94F6P6QVR3JTOK&marketplace=FLIPKART&q=mobile+phones&store=tyy%2F4io&srno=s_2_44&otracker=search&otracker1=search&fm=Search&iid=8d7c571b-51b2-486f-84fa-7a4b81c5b634.MOBH22XZ94F6P6QV.SEARCH&ppt=sp&ppn=sp&ssid=bcitpmhteo0000001753087794733&qH=a81ad6e72f7a2fd1,https://rukminim2.flixcart.com/image/312/312/xif0q/mobile/y/s/d/a3x-24048rn6cl-redmi-original-imah8zszncah24z8.jpeg?q=70,Mobiles,Flipkart
"Tecno Spark Go 1 (Startrail Black, 64 GB)",6899.0,4.3,70.0,https://www.flipkart.com/tecno-spark-go-1-startrail-black-64-gb/p/itma978101d8bf15?pid=MOBH9HYGHKVFVGWS&lid=LSTMOBH9HYGHKVFVGWSLIYFBI&marketplace=FLIPKART&q=mobile+phones&store=tyy%2F4io&srno=s_2_45&otracker=search&otracker1=search&fm=Search&iid=8d7c571b-51b2-486f-84fa-7a4b81c5b634.MOBH9HYGHKVFVGWS.SEARCH&ppt=sp&ppn=sp&ssid=bcitpmhteo0000001753087794733&qH=a81ad6e72f7a2fd1,https://rukminim2.flixcart.com/image/312/312/xif0q/mobile/t/6/q/-original-imah43f3nesgmgud.jpeg?q=70,Mobiles,Flipkart
"Motorola G85 5G (Cobalt Blue, 128 GB)",16999.0,4.4,10960.0,https://www.flipkart.com/motorola-g85-5g-cobalt-blue-128-gb/p/itmeb6f09bd82403?pid=MOBHY9PQ7FGZKVDK&lid=LSTMOBHY9PQ7FGZKVDK4B1TIW&marketplace=FLIPKART&q=mobile+phones&store=tyy%2F4io&srno=s_2_46&otracker=search&otracker1=search&fm=Search&iid=8d7c571b-51b2-486f-84fa-7a4b81c5b634.MOBHY9PQ7FGZKVDK.SEARCH&ppt=sp&ppn=sp&ssid=bcitpmhteo0000001753087794733&qH=a81ad6e72f7a2fd1,https://rukminim2.flixcart.com/image/312/312/xif0q/mobile/i/p/l/-original-imah2fjcxjdjykpc.jpeg?q=70,Mobiles,Flipkart
"Motorola Edge 50 Fusion (Marshmallow Blue, 256 GB)",20999.0,4.4,10730.0,https://www.flipkart.com/motorola-edge-50-fusion-marshmallow-blue-256-gb/p/itmdcb7e2baaaa91?pid=MOBGXTYZBAS4VM8K&lid=LSTMOBGXTYZBAS4VM8KYYUZ0I&marketplace=FLIPKART&q=mobile+phones&store=tyy%2F4io&srno=s_2_47&otracker=search&otracker1=search&fm=Search&iid=8d7c571b-51b2-486f-84fa-7a4b81c5b634.MOBGXTYZBAS4VM8K.SEARCH&ppt=sp&ppn=sp&ssid=bcitpmhteo0000001753087794733&qH=a81ad6e72f7a2fd1,https://rukminim2.flixcart.com/image/312/312/xif0q/mobile/5/t/j/edge-50-fusion-pb300002in-motorola-original-imahywzrfagkuyxx.jpeg?q=70,Mobiles,Flipkart
"OPPO Reno 12 5G (Matte Brown, 256 GB)",19999.0,4.4,419.0,https://www.flipkart.com/oppo-reno-12-5g-matte-brown-256-gb/p/itmaa6baddef2662?pid=MOBH2AHZGJBSPDGA&lid=LSTMOBH2AHZGJBSPDGAQW2GCX&marketplace=FLIPKART&q=mobile+phones&store=tyy%2F4io&srno=s_2_48&otracker=search&otracker1=search&fm=Search&iid=8d7c571b-51b2-486f-84fa-7a4b81c5b634.MOBH2AHZGJBSPDGA.SEARCH&ppt=sp&ppn=sp&ssid=bcitpmhteo0000001753087794733&qH=a81ad6e72f7a2fd1,https://rukminim2.flixcart.com/image/312/312/xif0q/mobile/h/o/n/-original-imah3cmbywjrzud3.jpeg?q=70,Mobiles,Flipkart
"POCO M6 Plus 5G (Graphite Black, 128 GB)",10080.0,4.2,3454.0,https://www.flipkart.com/poco-m6-plus-5g-graphite-black-128-gb/p/itm82a1353906425?pid=MOBH2M2DN8ZFH7XK&lid=LSTMOBH2M2DN8ZFH7XKSXYCSZ&marketplace=FLIPKART&q=mobile+phones&store=tyy%2F4io&srno=s_3_49&otracker=search&otracker1=search&fm=Search&iid=5e6f9ac8-4212-4e3a-9649-3114714e76ca.MOBH2M2DN8ZFH7XK.SEARCH&ppt=sp&ppn=sp&ssid=jyzjxrisao0000001753087806754&qH=a81ad6e72f7a2fd1,https://rukminim2.flixcart.com/image/312/312/xif0q/mobile/i/w/k/-original-imah3afnzmgfjnrf.jpeg?q=70,Mobiles,Flipkart
"REDMI A3X (Midnight Black, 128 GB)",6999.0,4.1,250.0,https://www.flipkart.com/redmi-a3x-midnight-black-128-gb/p/itmae02f9f3f765a?pid=MOBH22XZZBQHFVS2&lid=LSTMOBH22XZZBQHFVS2ZJBVLP&marketplace=FLIPKART&q=mobile+phones&store=tyy%2F4io&srno=s_3_50&otracker=search&otracker1=search&fm=Search&iid=5e6f9ac8-4212-4e3a-9649-3114714e76ca.MOBH22XZZBQHFVS2.SEARCH&ppt=sp&ppn=sp&ssid=jyzjxrisao0000001753087806754&qH=a81ad6e72f7a2fd1,https://rukminim2.flixcart.com/image/312/312/xif0q/mobile/w/t/c/-original-imah2hfpxtwagduh.jpeg?q=70,Mobiles,Flipkart
"MOTOROLA g35 5G (Guava Red, 128 GB)",9999.0,4.2,4607.0,https://www.flipkart.com/motorola-g35-5g-guava-red-128-gb/p/itm39bba58f6cdfc?pid=MOBH3YGPWZZB9ZZK&lid=LSTMOBH3YGPWZZB9ZZKFWIZWR&marketplace=FLIPKART&q=mobile+phones&store=tyy%2F4io&srno=s_3_51&otracker=search&otracker1=search&fm=Search&iid=5e6f9ac8-4212-4e3a-9649-3114714e76ca.MOBH3YGPWZZB9ZZK.SEARCH&ppt=sp&ppn=sp&ssid=jyzjxrisao0000001753087806754&qH=a81ad6e72f7a2fd1,https://rukminim2.flixcart.com/image/312/312/xif0q/mobile/e/6/4/g35-5g-pb3h0002in-motorola-original-imah7c6wzezymef7.jpeg?q=70,Mobiles,Flipkart
"Motorola g64 5G (Berry Red, 256 GB)",15999.0,4.2,5420.0,https://www.flipkart.com/motorola-g64-5g-berry-red-256-gb/p/itmb96614e89f514?pid=MOBH35Z74ZMRYPFT&lid=LSTMOBH35Z74ZMRYPFTPQI9UZ&marketplace=FLIPKART&q=mobile+phones&store=tyy%2F4io&srno=s_3_52&otracker=search&otracker1=search&fm=Search&iid=5e6f9ac8-4212-4e3a-9649-3114714e76ca.MOBH35Z74ZMRYPFT.SEARCH&ppt=sp&ppn=sp&ssid=jyzjxrisao0000001753087806754&qH=a81ad6e72f7a2fd1,https://rukminim2.flixcart.com/image/312/312/xif0q/mobile/g/i/6/-original-imah4k2sjmjj8qqj.jpeg?q=70,Mobiles,Flipkart
"vivo T4x 5G (Pronto Purple, 128 GB)",13999.0,4.4,4416.0,https://www.flipkart.com/vivo-t4x-5g-pronto-purple-128-gb/p/itm017656bdd097b?pid=MOBH9JUSZFBNVDXM&lid=LSTMOBH9JUSZFBNVDXMQY4SVC&marketplace=FLIPKART&q=mobile+phones&store=tyy%2F4io&spotlightTagId=default_BestsellerId_tyy%2F4io&srno=s_3_53&otracker=search&otracker1=search&fm=Search&iid=5e6f9ac8-4212-4e3a-9649-3114714e76ca.MOBH9JUSZFBNVDXM.SEARCH&ppt=sp&ppn=sp&ssid=jyzjxrisao0000001753087806754&qH=a81ad6e72f7a2fd1,https://rukminim2.flixcart.com/image/312/312/xif0q/mobile/j/t/v/-original-imahavdv28z4nrkn.jpeg?q=70,Mobiles,Flipkart
"realme C61 (Safari Green, 64 GB)",7699.0,4.4,312.0,https://www.flipkart.com/realme-c61-safari-green-64-gb/p/itmd6ddbcefce040?pid=MOBHFRKRF6ZHBFTW&lid=LSTMOBHFRKRF6ZHBFTW09ES8B&marketplace=FLIPKART&q=mobile+phones&store=tyy%2F4io&srno=s_3_54&otracker=search&otracker1=search&fm=Search&iid=5e6f9ac8-4212-4e3a-9649-3114714e76ca.MOBHFRKRF6ZHBFTW.SEARCH&ppt=sp&ppn=sp&ssid=jyzjxrisao0000001753087806754&qH=a81ad6e72f7a2fd1,https://rukminim2.flixcart.com/image/312/312/xif0q/mobile/j/e/d/c61-rmx3933-realme-original-imah28xeqdygzshc.jpeg?q=70,Mobiles,Flipkart
"POCO C71 (Power Black, 64 GB)",6399.0,3.9,970.0,https://www.flipkart.com/poco-c71-power-black-64-gb/p/itmfb6380853ba44?pid=MOBHAFVJVYASFAXY&lid=LSTMOBHAFVJVYASFAXY1IP4BK&marketplace=FLIPKART&q=mobile+phones&store=tyy%2F4io&srno=s_3_55&otracker=search&otracker1=search&fm=Search&iid=5e6f9ac8-4212-4e3a-9649-3114714e76ca.MOBHAFVJVYASFAXY.SEARCH&ppt=sp&ppn=sp&ssid=jyzjxrisao0000001753087806754&qH=a81ad6e72f7a2fd1,https://rukminim2.flixcart.com/image/312/312/xif0q/mobile/7/z/w/-original-imahawgahmkbjxyj.jpeg?q=70,Mobiles,Flipkart
Kechaoda K115,990.0,4.1,2631.0,https://www.flipkart.com/kechaoda-k115/p/itm5f1179e4f5a06?pid=MOBGT7F3CRC6DTSZ&lid=LSTMOBGT7F3CRC6DTSZBBVKAN&marketplace=FLIPKART&q=mobile+phones&store=tyy%2F4io&srno=s_3_56&otracker=search&otracker1=search&fm=Search&iid=5e6f9ac8-4212-4e3a-9649-3114714e76ca.MOBGT7F3CRC6DTSZ.SEARCH&ppt=sp&ppn=sp&ssid=jyzjxrisao0000001753087806754&qH=a81ad6e72f7a2fd1,https://rukminim2.flixcart.com/image/312/312/xif0q/mobile/w/d/g/k115-k115-kechaoda-original-imahyc3n3gfpkdqy.jpeg?q=70,Mobiles,Flipkart
"REDMI A3X (Ocean Green, 64 GB)",5999.0,4.1,398.0,https://www.flipkart.com/redmi-a3x-ocean-green-64-gb/p/itmae02f9f3f765a?pid=MOBH2YYZTAGANHRG&lid=LSTMOBH2YYZTAGANHRGESK4PY&marketplace=FLIPKART&q=mobile+phones&store=tyy%2F4io&srno=s_3_57&otracker=search&otracker1=search&fm=Search&iid=5e6f9ac8-4212-4e3a-9649-3114714e76ca.MOBH2YYZTAGANHRG.SEARCH&ppt=sp&ppn=sp&ssid=jyzjxrisao0000001753087806754&qH=a81ad6e72f7a2fd1,https://rukminim2.flixcart.com/image/312/312/xif0q/mobile/y/s/d/a3x-24048rn6cl-redmi-original-imah8zszncah24z8.jpeg?q=70,Mobiles,Flipkart
"OPPO K13 5G with 7000mAh and 80W SUPERVOOC Charger In-The-Box (Icy Purple, 128 GB)",17999.0,4.5,1457.0,https://www.flipkart.com/oppo-k13-5g-7000mah-80w-supervooc-charger-in-the-box-icy-purple-128-gb/p/itm6f2ebf6d205cf?pid=MOBHB392H7TZ4ZKJ&lid=LSTMOBHB392H7TZ4ZKJT3QIAI&marketplace=FLIPKART&q=mobile+phones&store=tyy%2F4io&srno=s_3_59&otracker=search&otracker1=search&fm=Search&iid=5e6f9ac8-4212-4e3a-9649-3114714e76ca.MOBHB392H7TZ4ZKJ.SEARCH&ppt=sp&ppn=sp&ssid=jyzjxrisao0000001753087806754&qH=a81ad6e72f7a2fd1,https://rukminim2.flixcart.com/image/312/312/xif0q/mobile/f/k/e/-original-imahbfd4zqn9zazz.jpeg?q=70,Mobiles,Flipkart
"Infinix Note 50s 5G+ (Burgundy Red, 128 GB)",15999.0,4.4,1383.0,https://www.flipkart.com/infinix-note-50s-5g-burgundy-red-128-gb/p/itmfbc62747a37e7?pid=MOBHBYYEG5Q5XVNC&lid=LSTMOBHBYYEG5Q5XVNCQNRRXW&marketplace=FLIPKART&q=mobile+phones&store=tyy%2F4io&srno=s_3_60&otracker=search&otracker1=search&fm=Search&iid=5e6f9ac8-4212-4e3a-9649-3114714e76ca.MOBHBYYEG5Q5XVNC.SEARCH&ppt=sp&ppn=sp&ssid=jyzjxrisao0000001753087806754&qH=a81ad6e72f7a2fd1,https://rukminim2.flixcart.com/image/312/312/xif0q/mobile/x/z/r/-original-imahdg6skhhb5yeg.jpeg?q=70,Mobiles,Flipkart
"REDMI A5 (Jaisalmer Gold, 128 GB)",7499.0,4.2,83.0,https://www.flipkart.com/redmi-a5-jaisalmer-gold-128-gb/p/itm2b4357effaa74?pid=MOBHB2HGCDC45QQ3&lid=LSTMOBHB2HGCDC45QQ3FYME5Z&marketplace=FLIPKART&q=mobile+phones&store=tyy%2F4io&srno=s_3_61&otracker=search&otracker1=search&fm=Search&iid=5e6f9ac8-4212-4e3a-9649-3114714e76ca.MOBHB2HGCDC45QQ3.SEARCH&ppt=sp&ppn=sp&ssid=jyzjxrisao0000001753087806754&qH=a81ad6e72f7a2fd1,https://rukminim2.flixcart.com/image/312/312/xif0q/mobile/h/g/o/-original-imahb56zdk5ybj9r.jpeg?q=70,Mobiles,Flipkart
"Samsung Galaxy A35 5G (Awesome Iceblue, 256 GB)",23999.0,4.3,1381.0,https://www.flipkart.com/samsung-galaxy-a35-5g-awesome-iceblue-256-gb/p/itmd3af671af1e42?pid=MOBGYT2HYAAHS3ZR&lid=LSTMOBGYT2HYAAHS3ZRNFRJP2&marketplace=FLIPKART&q=mobile+phones&store=tyy%2F4io&srno=s_3_62&otracker=search&otracker1=search&fm=Search&iid=5e6f9ac8-4212-4e3a-9649-3114714e76ca.MOBGYT2HYAAHS3ZR.SEARCH&ppt=sp&ppn=sp&ssid=jyzjxrisao0000001753087806754&qH=a81ad6e72f7a2fd1,https://rukminim2.flixcart.com/image/312/312/xif0q/mobile/p/k/k/-original-imahbzkn4mpfkyg9.jpeg?q=70,Mobiles,Flipkart
itel it2165s,879.0,4.1,134.0,https://www.flipkart.com/itel-it2165s/p/itmae36f88626af7?pid=MOBHFRWHGX8HCVG3&lid=LSTMOBHFRWHGX8HCVG320QT3X&marketplace=FLIPKART&q=mobile+phones&store=tyy%2F4io&srno=s_3_63&otracker=search&otracker1=search&fm=Search&iid=5e6f9ac8-4212-4e3a-9649-3114714e76ca.MOBHFRWHGX8HCVG3.SEARCH&ppt=sp&ppn=sp&ssid=jyzjxrisao0000001753087806754&qH=a81ad6e72f7a2fd1,https://rukminim2.flixcart.com/image/312/312/xif0q/mobile/e/x/k/it2165s-it2165s-itel-original-imah7k9za3xzgzfw.jpeg?q=70,Mobiles,Flipkart
"vivo T4 5G (Phantom Grey, 128 GB)",21999.0,4.5,1803.0,https://www.flipkart.com/vivo-t4-5g-phantom-grey-128-gb/p/itmc2634fd4daeb9?pid=MOBHATXZS3WN8FZ2&lid=LSTMOBHATXZS3WN8FZ2QVICHA&marketplace=FLIPKART&q=mobile+phones&store=tyy%2F4io&srno=s_3_64&otracker=search&otracker1=search&fm=Search&iid=5e6f9ac8-4212-4e3a-9649-3114714e76ca.MOBHATXZS3WN8FZ2.SEARCH&ppt=sp&ppn=sp&ssid=jyzjxrisao0000001753087806754&qH=a81ad6e72f7a2fd1,https://rukminim2.flixcart.com/image/312/312/xif0q/mobile/k/t/x/-original-imahbgpzbumfzkbh.jpeg?q=70,Mobiles,Flipkart
"Tecno Spark Go 2 (Ink Black, 64 GB)",6999.0,4.2,24.0,https://www.flipkart.com/tecno-spark-go-2-ink-black-64-gb/p/itmcff2e9a69c93d?pid=MOBHD8NX2H4H2HTU&lid=LSTMOBHD8NX2H4H2HTUY1L22U&marketplace=FLIPKART&q=mobile+phones&store=tyy%2F4io&srno=s_3_65&otracker=search&otracker1=search&fm=Search&iid=5e6f9ac8-4212-4e3a-9649-3114714e76ca.MOBHD8NX2H4H2HTU.SEARCH&ppt=sp&ppn=sp&ssid=jyzjxrisao0000001753087806754&qH=a81ad6e72f7a2fd1,https://rukminim2.flixcart.com/image/312/312/xif0q/mobile/c/b/l/-original-imahdem8hwmyerez.jpeg?q=70,Mobiles,Flipkart
"Motorola g45 5G (Brilliant Green, 128 GB)",10999.0,4.3,2900.0,https://www.flipkart.com/motorola-g45-5g-brilliant-green-128-gb/p/itm4cb32ef81db77?pid=MOBH3YKQ5VYSGB5E&lid=LSTMOBH3YKQ5VYSGB5ELSP5CG&marketplace=FLIPKART&q=mobile+phones&store=tyy%2F4io&srno=s_3_66&otracker=search&otracker1=search&fm=Search&iid=5e6f9ac8-4212-4e3a-9649-3114714e76ca.MOBH3YKQ5VYSGB5E.SEARCH&ppt=sp&ppn=sp&ssid=jyzjxrisao0000001753087806754&qH=a81ad6e72f7a2fd1,https://rukminim2.flixcart.com/image/312/312/xif0q/mobile/b/y/x/-original-imah3xk8crpgrg9y.jpeg?q=70,Mobiles,Flipkart
Kechaoda A26_Pink,896.0,4.0,34.0,https://www.flipkart.com/kechaoda-a26-pink/p/itm232b2815daabf?pid=MOBGTYNTYQDJFHUW&lid=LSTMOBGTYNTYQDJFHUWU6DLAG&marketplace=FLIPKART&q=mobile+phones&store=tyy%2F4io&srno=s_3_67&otracker=search&otracker1=search&fm=Search&iid=5e6f9ac8-4212-4e3a-9649-3114714e76ca.MOBGTYNTYQDJFHUW.SEARCH&ppt=sp&ppn=sp&ssid=jyzjxrisao0000001753087806754&qH=a81ad6e72f7a2fd1,https://rukminim2.flixcart.com/image/312/312/xif0q/mobile/s/y/y/a26-a26-kechaoda-original-imagtyntt82nxugh.jpeg?q=70,Mobiles,Flipkart
"realme GT 6 (Fluid Silver, 256 GB)",27999.0,4.5,363.0,https://www.flipkart.com/realme-gt-6-fluid-silver-256-gb/p/itm1a28b99c077b5?pid=MOBHFGUHTRX6RD6H&lid=LSTMOBHFGUHTRX6RD6HVQYQKD&marketplace=FLIPKART&q=mobile+phones&store=tyy%2F4io&srno=s_3_68&otracker=search&otracker1=search&fm=Search&iid=5e6f9ac8-4212-4e3a-9649-3114714e76ca.MOBHFGUHTRX6RD6H.SEARCH&ppt=sp&ppn=sp&ssid=jyzjxrisao0000001753087806754&qH=a81ad6e72f7a2fd1,https://rukminim2.flixcart.com/image/312/312/xif0q/mobile/l/i/a/-original-imah2y7hazjdbrzh.jpeg?q=70,Mobiles,Flipkart
"MOTOROLA Edge 60 Fusion 5G (PANTONE Mykonos Blue, 256 GB)",24999.0,4.5,1070.0,https://www.flipkart.com/motorola-edge-60-fusion-5g-pantone-mykonos-blue-256-gb/p/itmed0508d75f2e5?pid=MOBH9AQZBGJGQSTG&lid=LSTMOBH9AQZBGJGQSTG2M316H&marketplace=FLIPKART&q=mobile+phones&store=tyy%2F4io&srno=s_3_69&otracker=search&otracker1=search&fm=Search&iid=5e6f9ac8-4212-4e3a-9649-3114714e76ca.MOBH9AQZBGJGQSTG.SEARCH&ppt=sp&ppn=sp&ssid=jyzjxrisao0000001753087806754&qH=a81ad6e72f7a2fd1,https://rukminim2.flixcart.com/image/312/312/xif0q/mobile/6/b/c/-original-imahcjrax7j8fyuf.jpeg?q=70,Mobiles,Flipkart
"Infinix Note 50x 5G+ (Sea Breeze Green, 128 GB)",11499.0,4.3,993.0,https://www.flipkart.com/infinix-note-50x-5g-sea-breeze-green-128-gb/p/itm094fc01ad674b?pid=MOBHAYMDEZH8RUM8&lid=LSTMOBHAYMDEZH8RUM8ITPPWO&marketplace=FLIPKART&q=mobile+phones&store=tyy%2F4io&srno=s_3_70&otracker=search&otracker1=search&fm=Search&iid=5e6f9ac8-4212-4e3a-9649-3114714e76ca.MOBHAYMDEZH8RUM8.SEARCH&ppt=sp&ppn=sp&ssid=jyzjxrisao0000001753087806754&qH=a81ad6e72f7a2fd1,https://rukminim2.flixcart.com/image/312/312/xif0q/mobile/8/m/o/-original-imahdg5wd5ek7nyw.jpeg?q=70,Mobiles,Flipkart
"realme P2 Pro 5G (Parrot Green, 256 GB)",18999.0,4.4,1455.0,https://www.flipkart.com/realme-p2-pro-5g-parrot-green-256-gb/p/itm53d39fff9f20c?pid=MOBH45GSSTNWUJZB&lid=LSTMOBH45GSSTNWUJZB1F4NMV&marketplace=FLIPKART&q=mobile+phones&store=tyy%2F4io&srno=s_3_71&otracker=search&otracker1=search&fm=Search&iid=5e6f9ac8-4212-4e3a-9649-3114714e76ca.MOBH45GSSTNWUJZB.SEARCH&ppt=sp&ppn=sp&ssid=jyzjxrisao0000001753087806754&qH=a81ad6e72f7a2fd1,https://rukminim2.flixcart.com/image/312/312/xif0q/mobile/p/y/k/-original-imah4t2mazqcnkrh.jpeg?q=70,Mobiles,Flipkart
"realme P3 5G (Space Silver, 128 GB)",15999.0,4.4,1293.0,https://www.flipkart.com/realme-p3-5g-space-silver-128-gb/p/itm69060f73d27e8?pid=MOBHAYN5ZXFQ3GFG&lid=LSTMOBHAYN5ZXFQ3GFGFUCV7J&marketplace=FLIPKART&q=mobile+phones&store=tyy%2F4io&srno=s_3_72&otracker=search&otracker1=search&fm=Search&iid=5e6f9ac8-4212-4e3a-9649-3114714e76ca.MOBHAYN5ZXFQ3GFG.SEARCH&ppt=sp&ppn=sp&ssid=jyzjxrisao0000001753087806754&qH=a81ad6e72f7a2fd1,https://rukminim2.flixcart.com/image/312/312/xif0q/mobile/t/c/y/-original-imahaff2rbuykhcw.jpeg?q=70,Mobiles,Flipkart
"Motorola G85 5G (Viva Magenta, 128 GB)",16999.0,4.4,10960.0,https://www.flipkart.com/motorola-g85-5g-viva-magenta-128-gb/p/itmcde2d6941a6ce?pid=MOBH35ZQFGVJFJ3W&lid=LSTMOBH35ZQFGVJFJ3WA8SV9M&marketplace=FLIPKART&q=mobile+phones&store=tyy%2F4io&srno=s_4_73&otracker=search&otracker1=search&fm=Search&iid=4bdf492a-549d-4735-91d3-2d10536e45ed.MOBH35ZQFGVJFJ3W.SEARCH&ppt=sp&ppn=sp&ssid=scs8nge6b40000001753087817678&qH=a81ad6e72f7a2fd1,https://rukminim2.flixcart.com/image/312/312/xif0q/mobile/b/y/g/-original-imah4qtgjtzprg3g.jpeg?q=70,Mobiles,Flipkart
"REDMI A5 (Pondicherry Blue, 64 GB)",6499.0,4.3,99.0,https://www.flipkart.com/redmi-a5-pondicherry-blue-64-gb/p/itm2b4357effaa74?pid=MOBHB2HGG8RN2GUC&lid=LSTMOBHB2HGG8RN2GUCGEPCK9&marketplace=FLIPKART&q=mobile+phones&store=tyy%2F4io&srno=s_4_74&otracker=search&otracker1=search&fm=Search&iid=4bdf492a-549d-4735-91d3-2d10536e45ed.MOBHB2HGG8RN2GUC.SEARCH&ppt=sp&ppn=sp&ssid=scs8nge6b40000001753087817678&qH=a81ad6e72f7a2fd1,https://rukminim2.flixcart.com/image/312/312/xif0q/mobile/s/a/p/-original-imahb57yt4tr3gnm.jpeg?q=70,Mobiles,Flipkart
"POCO C75 5G (Silver Stardust, 64 GB)",7699.0,4.3,3978.0,https://www.flipkart.com/poco-c75-5g-silver-stardust-64-gb/p/itm8e3f17ac2e724?pid=MOBH74433ZER9U4P&lid=LSTMOBH74433ZER9U4PIUMZCQ&marketplace=FLIPKART&q=mobile+phones&store=tyy%2F4io&srno=s_4_75&otracker=search&otracker1=search&fm=Search&iid=4bdf492a-549d-4735-91d3-2d10536e45ed.MOBH74433ZER9U4P.SEARCH&ppt=sp&ppn=sp&ssid=scs8nge6b40000001753087817678&qH=a81ad6e72f7a2fd1,https://rukminim2.flixcart.com/image/312/312/xif0q/mobile/i/b/b/-original-imahbr2czzcrgfx7.jpeg?q=70,Mobiles,Flipkart
"REDMI A3X (Ocean Green, 64 GB)",6499.0,4.1,250.0,https://www.flipkart.com/redmi-a3x-ocean-green-64-gb/p/itmae02f9f3f765a?pid=MOBH9JUH7GZUVH4S&lid=LSTMOBH9JUH7GZUVH4S4ANMPL&marketplace=FLIPKART&q=mobile+phones&store=tyy%2F4io&srno=s_4_76&otracker=search&otracker1=search&fm=Search&iid=4bdf492a-549d-4735-91d3-2d10536e45ed.MOBH9JUH7GZUVH4S.SEARCH&ppt=sp&ppn=sp&ssid=scs8nge6b40000001753087817678&qH=a81ad6e72f7a2fd1,https://rukminim2.flixcart.com/image/312/312/xif0q/mobile/y/s/d/a3x-24048rn6cl-redmi-original-imah8zszncah24z8.jpeg?q=70,Mobiles,Flipkart
"MOTOROLA g35 5G (Midnight Black, 128 GB)",9999.0,4.2,4607.0,https://www.flipkart.com/motorola-g35-5g-midnight-black-128-gb/p/itm015cbd184b0eb?pid=MOBH3YGPTSA4SZQF&lid=LSTMOBH3YGPTSA4SZQF0KIKVP&marketplace=FLIPKART&q=mobile+phones&store=tyy%2F4io&srno=s_4_77&otracker=search&otracker1=search&fm=Search&iid=4bdf492a-549d-4735-91d3-2d10536e45ed.MOBH3YGPTSA4SZQF.SEARCH&ppt=sp&ppn=sp&ssid=scs8nge6b40000001753087817678&qH=a81ad6e72f7a2fd1,https://rukminim2.flixcart.com/image/312/312/xif0q/mobile/z/q/m/g35-5g-pb3h0000in-motorola-original-imah7c6ykgz5rtgv.jpeg?q=70,Mobiles,Flipkart
"vivo T4 Lite 5G Charger in the Box (Prism Blue, 128 GB)",9999.0,4.5,136.0,https://www.flipkart.com/vivo-t4-lite-5g-charger-box-prism-blue-128-gb/p/itm9886d6e522c4b?pid=MOBHDY9FCZV9HPM9&lid=LSTMOBHDY9FCZV9HPM9WHT3DR&marketplace=FLIPKART&q=mobile+phones&store=tyy%2F4io&srno=s_4_78&otracker=search&otracker1=search&fm=Search&iid=4bdf492a-549d-4735-91d3-2d10536e45ed.MOBHDY9FCZV9HPM9.SEARCH&ppt=sp&ppn=sp&ssid=scs8nge6b40000001753087817678&qH=a81ad6e72f7a2fd1,https://rukminim2.flixcart.com/image/312/312/xif0q/mobile/h/v/z/-original-imahd8725zchkgmn.jpeg?q=70,Mobiles,Flipkart
"OnePlus Nord CE4 lite 5G (SUPER SILVER, 128 GB)",16883.0,4.4,1184.0,https://www.flipkart.com/oneplus-nord-ce4-lite-5g-super-silver-128-gb/p/itm8fd5fdf300955?pid=MOBH25ZDPHNF38XJ&lid=LSTMOBH25ZDPHNF38XJDFIHR9&marketplace=FLIPKART&q=mobile+phones&store=tyy%2F4io&srno=s_4_79&otracker=search&otracker1=search&fm=Search&iid=4bdf492a-549d-4735-91d3-2d10536e45ed.MOBH25ZDPHNF38XJ.SEARCH&ppt=sp&ppn=sp&ssid=scs8nge6b40000001753087817678&qH=a81ad6e72f7a2fd1,https://rukminim2.flixcart.com/image/312/312/xif0q/mobile/r/u/9/-original-imah5wxnktvffhgq.jpeg?q=70,Mobiles,Flipkart
itel Flip 1 Keypad Mobile with Type C Charging| Leather Back | 1200 mAh Battery,2073.0,4.0,61.0,https://www.flipkart.com/itel-flip-1-keypad-mobile-type-c-charging-leather-back-1200-mah-battery/p/itmf4c6d9979361c?pid=MOBH4H3YJGZDZRDG&lid=LSTMOBH4H3YJGZDZRDGQPICRW&marketplace=FLIPKART&q=mobile+phones&store=tyy%2F4io&srno=s_4_80&otracker=search&otracker1=search&fm=Search&iid=4bdf492a-549d-4735-91d3-2d10536e45ed.MOBH4H3YJGZDZRDG.SEARCH&ppt=sp&ppn=sp&ssid=scs8nge6b40000001753087817678&qH=a81ad6e72f7a2fd1,https://rukminim2.flixcart.com/image/312/312/xif0q/mobile/r/s/1/flip-1-flip-1-itel-original-imah5hhhcy6hkykm.jpeg?q=70,Mobiles,Flipkart
"REDMI 13 5G (Hawaiian Blue, 128 GB)",11878.0,4.3,2122.0,https://www.flipkart.com/redmi-13-5g-hawaiian-blue-128-gb/p/itmede93b8d7b1a4?pid=MOBH2SS96VEZUVX4&lid=LSTMOBH2SS96VEZUVX4FWBZ96&marketplace=FLIPKART&q=mobile+phones&store=tyy%2F4io&srno=s_4_81&otracker=search&otracker1=search&fm=Search&iid=4bdf492a-549d-4735-91d3-2d10536e45ed.MOBH2SS96VEZUVX4.SEARCH&ppt=sp&ppn=sp&ssid=scs8nge6b40000001753087817678&qH=a81ad6e72f7a2fd1,https://rukminim2.flixcart.com/image/312/312/xif0q/mobile/2/t/7/13-5g-2406ern9ci-redmi-original-imah3gnsfhkrweza.jpeg?q=70,Mobiles,Flipkart
"realme P3 5G (Nebula Pink, 128 GB)",15999.0,4.4,1293.0,https://www.flipkart.com/realme-p3-5g-nebula-pink-128-gb/p/itm69060f73d27e8?pid=MOBHAYN5HWHHCZZC&lid=LSTMOBHAYN5HWHHCZZCQA2SQW&marketplace=FLIPKART&q=mobile+phones&store=tyy%2F4io&srno=s_4_82&otracker=search&otracker1=search&fm=Search&iid=4bdf492a-549d-4735-91d3-2d10536e45ed.MOBHAYN5HWHHCZZC.SEARCH&ppt=sp&ppn=sp&ssid=scs8nge6b40000001753087817678&qH=a81ad6e72f7a2fd1,https://rukminim2.flixcart.com/image/312/312/xif0q/mobile/b/b/x/-original-imahaff2rn28fy2z.jpeg?q=70,Mobiles,Flipkart
"Motorola Edge 50 Fusion (Marshmallow Blue, 128 GB)",18999.0,4.4,8301.0,https://www.flipkart.com/motorola-edge-50-fusion-marshmallow-blue-128-gb/p/itmf88eea5799a27?pid=MOBGXTYZEZSZQE7W&lid=LSTMOBGXTYZEZSZQE7WIBXLBI&marketplace=FLIPKART&q=mobile+phones&store=tyy%2F4io&srno=s_4_83&otracker=search&otracker1=search&fm=Search&iid=4bdf492a-549d-4735-91d3-2d10536e45ed.MOBGXTYZEZSZQE7W.SEARCH&ppt=sp&ppn=sp&ssid=scs8nge6b40000001753087817678&qH=a81ad6e72f7a2fd1,https://rukminim2.flixcart.com/image/312/312/xif0q/mobile/5/t/j/edge-50-fusion-pb300002in-motorola-original-imahywzrfagkuyxx.jpeg?q=70,Mobiles,Flipkart
"realme P2 Pro 5G (Parrot Green, 512 GB)",23999.0,4.4,1455.0,https://www.flipkart.com/realme-p2-pro-5g-parrot-green-512-gb/p/itm53d39fff9f20c?pid=MOBH45GSEHY58VZC&lid=LSTMOBH45GSEHY58VZCQ0DULN&marketplace=FLIPKART&q=mobile+phones&store=tyy%2F4io&srno=s_4_84&otracker=search&otracker1=search&fm=Search&iid=4bdf492a-549d-4735-91d3-2d10536e45ed.MOBH45GSEHY58VZC.SEARCH&ppt=sp&ppn=sp&ssid=scs8nge6b40000001753087817678&qH=a81ad6e72f7a2fd1,https://rukminim2.flixcart.com/image/312/312/xif0q/mobile/p/y/k/-original-imah4t2mazqcnkrh.jpeg?q=70,Mobiles,Flipkart
"Nokia 110 Dual Sim, Keypad Mobile with Wireless FM Radio, Bluetooth and Rear Camera",1074.0,3.6,190.0,https://www.flipkart.com/nokia-110-dual-sim-keypad-mobile-wireless-fm-radio-bluetooth-rear-camera/p/itmafe53a2faf91a?pid=MOBGRH6YFSBABHVE&lid=LSTMOBGRH6YFSBABHVEX9VVCH&marketplace=FLIPKART&q=mobile+phones&store=tyy%2F4io&srno=s_4_85&otracker=search&otracker1=search&fm=Search&iid=4bdf492a-549d-4735-91d3-2d10536e45ed.MOBGRH6YFSBABHVE.SEARCH&ppt=sp&ppn=sp&ssid=scs8nge6b40000001753087817678&qH=a81ad6e72f7a2fd1,https://rukminim2.flixcart.com/image/312/312/xif0q/mobile/w/o/l/110-dual-sim-keypad-mobile-with-wireless-fm-radio-bluetooth-and-original-imah45xwpxz9msgr.jpeg?q=70,Mobiles,Flipkart
"OPPO K13x 5G 6000mAh and 45W SUPERVOOC Charger & AI (Midnight Violet, 128 GB)",11999.0,4.6,294.0,https://www.flipkart.com/oppo-k13x-5g-6000mah-45w-supervooc-charger-ai-midnight-violet-128-gb/p/itm62b2e62fbb43e?pid=MOBHDY9P4XGWMRHM&lid=LSTMOBHDY9P4XGWMRHMJEHFNR&marketplace=FLIPKART&q=mobile+phones&store=tyy%2F4io&srno=s_4_86&otracker=search&otracker1=search&fm=Search&iid=4bdf492a-549d-4735-91d3-2d10536e45ed.MOBHDY9P4XGWMRHM.SEARCH&ppt=sp&ppn=sp&ssid=scs8nge6b40000001753087817678&qH=a81ad6e72f7a2fd1,https://rukminim2.flixcart.com/image/312/312/xif0q/mobile/d/o/q/-original-imahdde7qcfymps9.jpeg?q=70,Mobiles,Flipkart
"OnePlus Nord CE4 lite 5G (MEGA BLUE, 128 GB)",16829.0,4.4,1184.0,https://www.flipkart.com/oneplus-nord-ce4-lite-5g-mega-blue-128-gb/p/itm8fd5fdf300955?pid=MOBH25Z9CCTDDN3J&lid=LSTMOBH25Z9CCTDDN3JBPPDEE&marketplace=FLIPKART&q=mobile+phones&store=tyy%2F4io&srno=s_4_87&otracker=search&otracker1=search&fm=Search&iid=4bdf492a-549d-4735-91d3-2d10536e45ed.MOBH25Z9CCTDDN3J.SEARCH&ppt=sp&ppn=sp&ssid=scs8nge6b40000001753087817678&qH=a81ad6e72f7a2fd1,https://rukminim2.flixcart.com/image/312/312/xif0q/mobile/p/m/o/-original-imah5wxz4y4qfgdq.jpeg?q=70,Mobiles,Flipkart
"OPPO K13x 5G 6000mAh and 45W SUPERVOOC Charger & AI (Midnight Violet, 128 GB)",12999.0,4.6,2076.0,https://www.flipkart.com/oppo-k13x-5g-6000mah-45w-supervooc-charger-ai-midnight-violet-128-gb/p/itm62b2e62fbb43e?pid=MOBHDY9PPU2NRCZH&lid=LSTMOBHDY9PPU2NRCZHVD1YM4&marketplace=FLIPKART&q=mobile+phones&store=tyy%2F4io&spotlightTagId=default_BestsellerId_tyy%2F4io&srno=s_4_88&otracker=search&otracker1=search&fm=Search&iid=4bdf492a-549d-4735-91d3-2d10536e45ed.MOBHDY9PPU2NRCZH.SEARCH&ppt=sp&ppn=sp&ssid=scs8nge6b40000001753087817678&qH=a81ad6e72f7a2fd1,https://rukminim2.flixcart.com/image/312/312/xif0q/mobile/d/o/q/-original-imahdde7qcfymps9.jpeg?q=70,Mobiles,Flipkart
"Motorola Edge 50 Fusion (Hot Pink, 256 GB)",20999.0,4.4,10730.0,https://www.flipkart.com/motorola-edge-50-fusion-hot-pink-256-gb/p/itm93d002e8a2eb1?pid=MOBGXTYZZBUPYFEC&lid=LSTMOBGXTYZZBUPYFECU3Q95H&marketplace=FLIPKART&q=mobile+phones&store=tyy%2F4io&srno=s_4_89&otracker=search&otracker1=search&fm=Search&iid=4bdf492a-549d-4735-91d3-2d10536e45ed.MOBGXTYZZBUPYFEC.SEARCH&ppt=sp&ppn=sp&ssid=scs8nge6b40000001753087817678&qH=a81ad6e72f7a2fd1,https://rukminim2.flixcart.com/image/312/312/xif0q/mobile/i/k/l/edge-50-fusion-pb300001in-motorola-original-imahywzpfd2jh9ep.jpeg?q=70,Mobiles,Flipkart
"vivo T4 5G (Phantom Grey, 256 GB)",25999.0,4.5,440.0,https://www.flipkart.com/vivo-t4-5g-phantom-grey-256-gb/p/itmc2634fd4daeb9?pid=MOBHATXZNHEG7XCX&lid=LSTMOBHATXZNHEG7XCXXFIFJO&marketplace=FLIPKART&q=mobile+phones&store=tyy%2F4io&srno=s_4_90&otracker=search&otracker1=search&fm=Search&iid=4bdf492a-549d-4735-91d3-2d10536e45ed.MOBHATXZNHEG7XCX.SEARCH&ppt=sp&ppn=sp&ssid=scs8nge6b40000001753087817678&qH=a81ad6e72f7a2fd1,https://rukminim2.flixcart.com/image/312/312/xif0q/mobile/k/t/x/-original-imahbgpzbumfzkbh.jpeg?q=70,Mobiles,Flipkart
"POCO C75 5G (Aqua Bliss, 128 GB)",8499.0,4.3,3978.0,https://www.flipkart.com/poco-c75-5g-aqua-bliss-128-gb/p/itmc8ac71aacc115?pid=MOBHBC3WFGTCNDD7&lid=LSTMOBHBC3WFGTCNDD7MLABCF&marketplace=FLIPKART&q=mobile+phones&store=tyy%2F4io&srno=s_4_91&otracker=search&otracker1=search&fm=Search&iid=4bdf492a-549d-4735-91d3-2d10536e45ed.MOBHBC3WFGTCNDD7.SEARCH&ppt=sp&ppn=sp&ssid=scs8nge6b40000001753087817678&qH=a81ad6e72f7a2fd1,https://rukminim2.flixcart.com/image/312/312/xif0q/mobile/o/2/g/-original-imahbr2cz5apcwze.jpeg?q=70,Mobiles,Flipkart
"OPPO K13x 5G 6000mAh and 45W SUPERVOOC Charger & AI (Sunset Peach, 128 GB)",11999.0,4.6,294.0,https://www.flipkart.com/oppo-k13x-5g-6000mah-45w-supervooc-charger-ai-sunset-peach-128-gb/p/itm62b2e62fbb43e?pid=MOBHDY9PFEUDUVBH&lid=LSTMOBHDY9PFEUDUVBH9J1IMA&marketplace=FLIPKART&q=mobile+phones&store=tyy%2F4io&srno=s_4_92&otracker=search&otracker1=search&fm=Search&iid=4bdf492a-549d-4735-91d3-2d10536e45ed.MOBHDY9PFEUDUVBH.SEARCH&ppt=sp&ppn=sp&ssid=scs8nge6b40000001753087817678&qH=a81ad6e72f7a2fd1,https://rukminim2.flixcart.com/image/312/312/xif0q/mobile/w/k/3/-original-imahdde7vaxvntcs.jpeg?q=70,Mobiles,Flipkart
"vivo T4x 5G (Marine Blue, 256 GB)",16999.0,4.5,3564.0,https://www.flipkart.com/vivo-t4x-5g-marine-blue-256-gb/p/itm017656bdd097b?pid=MOBH9JUSKAADMZZN&lid=LSTMOBH9JUSKAADMZZNMWXBW1&marketplace=FLIPKART&q=mobile+phones&store=tyy%2F4io&srno=s_4_93&otracker=search&otracker1=search&fm=Search&iid=4bdf492a-549d-4735-91d3-2d10536e45ed.MOBH9JUSKAADMZZN.SEARCH&ppt=sp&ppn=sp&ssid=scs8nge6b40000001753087817678&qH=a81ad6e72f7a2fd1,https://rukminim2.flixcart.com/image/312/312/xif0q/mobile/m/n/v/-original-imahavdveeghweea.jpeg?q=70,Mobiles,Flipkart
"realme Narzo N61 (Marble Black, 64 GB)",7450.0,4.3,268.0,https://www.flipkart.com/realme-narzo-n61-marble-black-64-gb/p/itm0ffee8689770b?pid=MOBH39BEF7TFDH48&lid=LSTMOBH39BEF7TFDH48KU9ABF&marketplace=FLIPKART&q=mobile+phones&store=tyy%2F4io&srno=s_4_94&otracker=search&otracker1=search&fm=Search&iid=4bdf492a-549d-4735-91d3-2d10536e45ed.MOBH39BEF7TFDH48.SEARCH&ppt=sp&ppn=sp&ssid=scs8nge6b40000001753087817678&qH=a81ad6e72f7a2fd1,https://rukminim2.flixcart.com/image/312/312/xif0q/mobile/1/r/z/narzo-n61-narzo-n61-realme-original-imah4ff7syhrqwnh.jpeg?q=70,Mobiles,Flipkart
"MOTOROLA Edge 60 Fusion 5G (PANTONE Slipstream, 256 GB)",22999.0,4.5,2190.0,https://www.flipkart.com/motorola-edge-60-fusion-5g-pantone-slipstream-256-gb/p/itm8553dc1ee56ee?pid=MOBH9ARFZHXSRYMA&lid=LSTMOBH9ARFZHXSRYMAF5I7OY&marketplace=FLIPKART&q=mobile+phones&store=tyy%2F4io&srno=s_4_95&otracker=search&otracker1=search&fm=Search&iid=4bdf492a-549d-4735-91d3-2d10536e45ed.MOBH9ARFZHXSRYMA.SEARCH&ppt=sp&ppn=sp&ssid=scs8nge6b40000001753087817678&qH=a81ad6e72f7a2fd1,https://rukminim2.flixcart.com/image/312/312/xif0q/mobile/r/i/c/-original-imahbfmdzukyctut.jpeg?q=70,Mobiles,Flipkart
"POCO X7 5G (Cosmic Silver, 256 GB)",18999.0,4.3,1057.0,https://www.flipkart.com/poco-x7-5g-cosmic-silver-256-gb/p/itmdfee46549bede?pid=MOBH7YZ9DHHSMGHN&lid=LSTMOBH7YZ9DHHSMGHNLSVOU3&marketplace=FLIPKART&q=mobile+phones&store=tyy%2F4io&srno=s_4_96&otracker=search&otracker1=search&fm=Search&iid=4bdf492a-549d-4735-91d3-2d10536e45ed.MOBH7YZ9DHHSMGHN.SEARCH&ppt=sp&ppn=sp&ssid=scs8nge6b40000001753087817678&qH=a81ad6e72f7a2fd1,https://rukminim2.flixcart.com/image/312/312/xif0q/mobile/r/g/v/-original-imahbzrrxtsbwggz.jpeg?q=70,Mobiles,Flipkart
"Nothing Phone (3a) (White, 128 GB)",24999.0,4.5,2429.0,https://www.flipkart.com/nothing-phone-3a-white-128-gb/p/itm49557c5a65f9c?pid=MOBH8G3PK4RZFYAA&lid=LSTMOBH8G3PK4RZFYAASV0ZW8&marketplace=FLIPKART&q=mobile+phones&store=tyy%2F4io&srno=s_5_97&otracker=search&otracker1=search&fm=Search&iid=ffa6b7c3-8bc6-4310-b193-0ebddb2d509b.MOBH8G3PK4RZFYAA.SEARCH&ppt=sp&ppn=sp&ssid=1c79mzld9c0000001753087828112&qH=a81ad6e72f7a2fd1,https://rukminim2.flixcart.com/image/312/312/xif0q/mobile/e/l/m/-original-imahcfcfhxrf5hzg.jpeg?q=70,Mobiles,Flipkart
"realme P3 5G (Space Silver, 256 GB)",18499.0,4.4,879.0,https://www.flipkart.com/realme-p3-5g-space-silver-256-gb/p/itm69060f73d27e8?pid=MOBHAYN5GGGM6MVZ&lid=LSTMOBHAYN5GGGM6MVZQKSQU5&marketplace=FLIPKART&q=mobile+phones&store=tyy%2F4io&srno=s_5_98&otracker=search&otracker1=search&fm=Search&iid=ffa6b7c3-8bc6-4310-b193-0ebddb2d509b.MOBHAYN5GGGM6MVZ.SEARCH&ppt=sp&ppn=sp&ssid=1c79mzld9c0000001753087828112&qH=a81ad6e72f7a2fd1,https://rukminim2.flixcart.com/image/312/312/xif0q/mobile/t/c/y/-original-imahaff2rbuykhcw.jpeg?q=70,Mobiles,Flipkart
"POCO M7 5G (Satin Black, 128 GB)",9499.0,4.1,1225.0,https://www.flipkart.com/poco-m7-5g-satin-black-128-gb/p/itmf030852464eef?pid=MOBH9HFJYHYGC9DB&lid=LSTMOBH9HFJYHYGC9DBQY6QGG&marketplace=FLIPKART&q=mobile+phones&store=tyy%2F4io&srno=s_5_99&otracker=search&otracker1=search&fm=Search&iid=ffa6b7c3-8bc6-4310-b193-0ebddb2d509b.MOBH9HFJYHYGC9DB.SEARCH&ppt=sp&ppn=sp&ssid=1c79mzld9c0000001753087828112&qH=a81ad6e72f7a2fd1,https://rukminim2.flixcart.com/image/312/312/xif0q/mobile/b/i/3/-original-imah9wydpxgkjtgw.jpeg?q=70,Mobiles,Flipkart
hmd 105 Dual Sim,1131.0,4.1,156.0,https://www.flipkart.com/hmd-105-dual-sim/p/itmcd30a803749be?pid=MOBH37GBUNACC6HN&lid=LSTMOBH37GBUNACC6HNZJCDW5&marketplace=FLIPKART&q=mobile+phones&store=tyy%2F4io&srno=s_5_100&otracker=search&otracker1=search&fm=Search&iid=ffa6b7c3-8bc6-4310-b193-0ebddb2d509b.MOBH37GBUNACC6HN.SEARCH&ppt=sp&ppn=sp&ssid=1c79mzld9c0000001753087828112&qH=a81ad6e72f7a2fd1,https://rukminim2.flixcart.com/image/312/312/xif0q/mobile/9/p/x/105-dual-sim-ta-1633-hmd-original-imaheff5a6gbjuhr.jpeg?q=70,Mobiles,Flipkart
"Motorola g45 5G (Viva Magenta, 128 GB)",10999.0,4.3,2900.0,https://www.flipkart.com/motorola-g45-5g-viva-magenta-128-gb/p/itm4c602982d7ec7?pid=MOBH3YKQJZF9NJZN&lid=LSTMOBH3YKQJZF9NJZNQE7FVA&marketplace=FLIPKART&q=mobile+phones&store=tyy%2F4io&srno=s_5_102&otracker=search&otracker1=search&fm=Search&iid=ffa6b7c3-8bc6-4310-b193-0ebddb2d509b.MOBH3YKQJZF9NJZN.SEARCH&ppt=sp&ppn=sp&ssid=1c79mzld9c0000001753087828112&qH=a81ad6e72f7a2fd1,https://rukminim2.flixcart.com/image/312/312/xif0q/mobile/9/3/6/-original-imah3xk8u8dgteq3.jpeg?q=70,Mobiles,Flipkart
"vivo T4 Lite 5G Charger in the Box (Prism Blue, 256 GB)",12999.0,4.4,96.0,https://www.flipkart.com/vivo-t4-lite-5g-charger-box-prism-blue-256-gb/p/itm9886d6e522c4b?pid=MOBHDY9FPSBK8D4E&lid=LSTMOBHDY9FPSBK8D4EG11UHE&marketplace=FLIPKART&q=mobile+phones&store=tyy%2F4io&srno=s_5_103&otracker=search&otracker1=search&fm=Search&iid=ffa6b7c3-8bc6-4310-b193-0ebddb2d509b.MOBHDY9FPSBK8D4E.SEARCH&ppt=sp&ppn=sp&ssid=1c79mzld9c0000001753087828112&qH=a81ad6e72f7a2fd1,https://rukminim2.flixcart.com/image/312/312/xif0q/mobile/h/v/z/-original-imahd8725zchkgmn.jpeg?q=70,Mobiles,Flipkart
"REDMI A5 (Pondicherry Blue, 128 GB)",7499.0,4.2,83.0,https://www.flipkart.com/redmi-a5-pondicherry-blue-128-gb/p/itm2b4357effaa74?pid=MOBHB2HGZY5PDGBR&lid=LSTMOBHB2HGZY5PDGBRMVGYR5&marketplace=FLIPKART&q=mobile+phones&store=tyy%2F4io&srno=s_5_104&otracker=search&otracker1=search&fm=Search&iid=ffa6b7c3-8bc6-4310-b193-0ebddb2d509b.MOBHB2HGZY5PDGBR.SEARCH&ppt=sp&ppn=sp&ssid=1c79mzld9c0000001753087828112&qH=a81ad6e72f7a2fd1,https://rukminim2.flixcart.com/image/312/312/xif0q/mobile/s/a/p/-original-imahb57yt4tr3gnm.jpeg?q=70,Mobiles,Flipkart
"Infinix Note 50s 5G+ (Marine Drift, 256 GB)",17999.0,4.4,1383.0,https://www.flipkart.com/infinix-note-50s-5g-marine-drift-256-gb/p/itmfbc62747a37e7?pid=MOBHBYYEAGNWGHB5&lid=LSTMOBHBYYEAGNWGHB5USRYHU&marketplace=FLIPKART&q=mobile+phones&store=tyy%2F4io&srno=s_5_105&otracker=search&otracker1=search&fm=Search&iid=ffa6b7c3-8bc6-4310-b193-0ebddb2d509b.MOBHBYYEAGNWGHB5.SEARCH&ppt=sp&ppn=sp&ssid=1c79mzld9c0000001753087828112&qH=a81ad6e72f7a2fd1,https://rukminim2.flixcart.com/image/312/312/xif0q/mobile/t/q/6/-original-imahbbmxv6k48mw7.jpeg?q=70,Mobiles,Flipkart
"MOTOROLA Edge 60 Pro (Pantone Shadow, 256 GB)",29999.0,4.4,988.0,https://www.flipkart.com/motorola-edge-60-pro-pantone-shadow-256-gb/p/itm3823c3f8f3cc9?pid=MOBH9C9JEHCZYHF2&lid=LSTMOBH9C9JEHCZYHF20RHZ41&marketplace=FLIPKART&q=mobile+phones&store=tyy%2F4io&spotlightTagId=default_FkPickId_tyy%2F4io&srno=s_5_106&otracker=search&otracker1=search&fm=Search&iid=ffa6b7c3-8bc6-4310-b193-0ebddb2d509b.MOBH9C9JEHCZYHF2.SEARCH&ppt=sp&ppn=sp&ssid=1c79mzld9c0000001753087828112&qH=a81ad6e72f7a2fd1,https://rukminim2.flixcart.com/image/312/312/xif0q/mobile/1/4/h/-original-imahcrpwaxrsfjzd.jpeg?q=70,Mobiles,Flipkart
"REDMI 13 5G (Hawaiian Blue, 128 GB)",13253.0,4.3,586.0,https://www.flipkart.com/redmi-13-5g-hawaiian-blue-128-gb/p/itmbf96c9b15ce5e?pid=MOBH2SUHMUYBZSHY&lid=LSTMOBH2SUHMUYBZSHYNC6IIV&marketplace=FLIPKART&q=mobile+phones&store=tyy%2F4io&srno=s_5_107&otracker=search&otracker1=search&fm=Search&iid=ffa6b7c3-8bc6-4310-b193-0ebddb2d509b.MOBH2SUHMUYBZSHY.SEARCH&ppt=sp&ppn=sp&ssid=1c79mzld9c0000001753087828112&qH=a81ad6e72f7a2fd1,https://rukminim2.flixcart.com/image/312/312/xif0q/mobile/z/n/u/13-5g-2406ern9ci-redmi-original-imah3nrawgphb28p.jpeg?q=70,Mobiles,Flipkart
"Motorola Edge 50 Fusion (Forest Blue, 256 GB)",20999.0,4.4,10730.0,https://www.flipkart.com/motorola-edge-50-fusion-forest-blue-256-gb/p/itme13bbe694468e?pid=MOBGXTYZZEW8GZE6&lid=LSTMOBGXTYZZEW8GZE6HFCXI9&marketplace=FLIPKART&q=mobile+phones&store=tyy%2F4io&srno=s_5_108&otracker=search&otracker1=search&fm=Search&iid=ffa6b7c3-8bc6-4310-b193-0ebddb2d509b.MOBGXTYZZEW8GZE6.SEARCH&ppt=sp&ppn=sp&ssid=1c79mzld9c0000001753087828112&qH=a81ad6e72f7a2fd1,https://rukminim2.flixcart.com/image/312/312/xif0q/mobile/g/w/r/edge-50-fusion-pb300000in-motorola-original-imahywzztyktktpp.jpeg?q=70,Mobiles,Flipkart
"Motorola G85 5G (Urban Grey, 128 GB)",16999.0,4.4,10960.0,https://www.flipkart.com/motorola-g85-5g-urban-grey-128-gb/p/itm2edcd35eb02bd?pid=MOBHY9PQHVCM54FH&lid=LSTMOBHY9PQHVCM54FHI6UBP0&marketplace=FLIPKART&q=mobile+phones&store=tyy%2F4io&srno=s_5_109&otracker=search&otracker1=search&fm=Search&iid=ffa6b7c3-8bc6-4310-b193-0ebddb2d509b.MOBHY9PQHVCM54FH.SEARCH&ppt=sp&ppn=sp&ssid=1c79mzld9c0000001753087828112&qH=a81ad6e72f7a2fd1,https://rukminim2.flixcart.com/image/312/312/xif0q/mobile/z/q/f/-original-imah2fjd75hkcynr.jpeg?q=70,Mobiles,Flipkart
"Samsung Galaxy F16 5G (Vibing Blue, 128 GB)",15499.0,4.2,131.0,https://www.flipkart.com/samsung-galaxy-f16-5g-vibing-blue-128-gb/p/itma31262afa7505?pid=MOBH9ASGCZNFQGDG&lid=LSTMOBH9ASGCZNFQGDGYXWIQD&marketplace=FLIPKART&q=mobile+phones&store=tyy%2F4io&srno=s_5_110&otracker=search&otracker1=search&fm=Search&iid=ffa6b7c3-8bc6-4310-b193-0ebddb2d509b.MOBH9ASGCZNFQGDG.SEARCH&ppt=sp&ppn=sp&ssid=1c79mzld9c0000001753087828112&qH=a81ad6e72f7a2fd1,https://rukminim2.flixcart.com/image/312/312/xif0q/mobile/g/d/p/-original-imahcre2gqhfqgd8.jpeg?q=70,Mobiles,Flipkart
Kechaoda K115,999.0,4.1,2631.0,https://www.flipkart.com/kechaoda-k115/p/itmexfz2mgxnzhnd?pid=MOBEXFZ2HMZMJGNH&lid=LSTMOBEXFZ2HMZMJGNHZ4GPEG&marketplace=FLIPKART&q=mobile+phones&store=tyy%2F4io&srno=s_5_111&otracker=search&otracker1=search&fm=Search&iid=ffa6b7c3-8bc6-4310-b193-0ebddb2d509b.MOBEXFZ2HMZMJGNH.SEARCH&ppt=sp&ppn=sp&ssid=1c79mzld9c0000001753087828112&qH=a81ad6e72f7a2fd1,https://rukminim2.flixcart.com/image/312/312/jyxaw7k0/mobile/t/t/y/kechaoda-k115-k115-original-imafgrt5yqduejcj.jpeg?q=70,Mobiles,Flipkart
"CMF by Nothing Phone 2 Pro (Light Green, 256 GB)",20999.0,4.4,1189.0,https://www.flipkart.com/cmf-nothing-phone-2-pro-light-green-256-gb/p/itm46a119f176627?pid=MOBHAUHA6X5YWPBP&lid=LSTMOBHAUHA6X5YWPBPVY1EW2&marketplace=FLIPKART&q=mobile+phones&store=tyy%2F4io&srno=s_5_112&otracker=search&otracker1=search&fm=Search&iid=ffa6b7c3-8bc6-4310-b193-0ebddb2d509b.MOBHAUHA6X5YWPBP.SEARCH&ppt=sp&ppn=sp&ssid=1c79mzld9c0000001753087828112&qH=a81ad6e72f7a2fd1,https://rukminim2.flixcart.com/image/312/312/xif0q/mobile/w/w/h/-original-imahc7ezhz9qxm6d.jpeg?q=70,Mobiles,Flipkart
"MOTOROLA Edge 60 Pro (Pantone Shadow, 256 GB)",33999.0,4.4,498.0,https://www.flipkart.com/motorola-edge-60-pro-pantone-shadow-256-gb/p/itme4f8c6dd0e2db?pid=MOBH9C9JBE7X4H8H&lid=LSTMOBH9C9JBE7X4H8HC6CIWO&marketplace=FLIPKART&q=mobile+phones&store=tyy%2F4io&srno=s_5_113&otracker=search&otracker1=search&fm=Search&iid=ffa6b7c3-8bc6-4310-b193-0ebddb2d509b.MOBH9C9JBE7X4H8H.SEARCH&ppt=sp&ppn=sp&ssid=1c79mzld9c0000001753087828112&qH=a81ad6e72f7a2fd1,https://rukminim2.flixcart.com/image/312/312/xif0q/mobile/1/4/h/-original-imahcrpwaxrsfjzd.jpeg?q=70,Mobiles,Flipkart
"Nokia 105 Single SIM, Keypad Mobile Phone with Wireless FM Radio",999.0,3.9,10110.0,https://www.flipkart.com/nokia-105-single-sim-keypad-mobile-phone-wireless-fm-radio/p/itmdbabbafd502bd?pid=MOBGC96FRD7DB2R7&lid=LSTMOBGC96FRD7DB2R7VAP0GA&marketplace=FLIPKART&q=mobile+phones&store=tyy%2F4io&srno=s_5_114&otracker=search&otracker1=search&fm=Search&iid=ffa6b7c3-8bc6-4310-b193-0ebddb2d509b.MOBGC96FRD7DB2R7.SEARCH&ppt=sp&ppn=sp&ssid=1c79mzld9c0000001753087828112&qH=a81ad6e72f7a2fd1,https://rukminim2.flixcart.com/image/312/312/xif0q/mobile/i/q/x/105-single-sim-keypad-mobile-phone-with-wireless-fm-radio-nokia-original-imah53fnka3xgtxh.jpeg?q=70,Mobiles,Flipkart
"Tecno Spark Go 1 (Glittery White, 64 GB)",6899.0,4.3,70.0,https://www.flipkart.com/tecno-spark-go-1-glittery-white-64-gb/p/itma978101d8bf15?pid=MOBH9HYGZXY5VQRG&lid=LSTMOBH9HYGZXY5VQRG61ZSRC&marketplace=FLIPKART&q=mobile+phones&store=tyy%2F4io&srno=s_5_115&otracker=search&otracker1=search&fm=Search&iid=ffa6b7c3-8bc6-4310-b193-0ebddb2d509b.MOBH9HYGZXY5VQRG.SEARCH&ppt=sp&ppn=sp&ssid=1c79mzld9c0000001753087828112&qH=a81ad6e72f7a2fd1,https://rukminim2.flixcart.com/image/312/312/xif0q/mobile/t/h/6/-original-imah43f3qxazwcxr.jpeg?q=70,Mobiles,Flipkart
"MOTOROLA Edge 60 Fusion 5G (PANTONE Amazonite, 256 GB)",24999.0,4.5,1070.0,https://www.flipkart.com/motorola-edge-60-fusion-5g-pantone-amazonite-256-gb/p/itm2e5f388fd9bf1?pid=MOBH9AQZ3YZXWZHN&lid=LSTMOBH9AQZ3YZXWZHNZDDVXP&marketplace=FLIPKART&q=mobile+phones&store=tyy%2F4io&srno=s_5_117&otracker=search&otracker1=search&fm=Search&iid=ffa6b7c3-8bc6-4310-b193-0ebddb2d509b.MOBH9AQZ3YZXWZHN.SEARCH&ppt=sp&ppn=sp&ssid=1c79mzld9c0000001753087828112&qH=a81ad6e72f7a2fd1,https://rukminim2.flixcart.com/image/312/312/xif0q/mobile/j/x/j/-original-imahbfmdgpjvgecg.jpeg?q=70,Mobiles,Flipkart
"realme P3 5G (Space Silver, 128 GB)",16999.0,4.4,879.0,https://www.flipkart.com/realme-p3-5g-space-silver-128-gb/p/itm69060f73d27e8?pid=MOBHAYN5SGFFG88U&lid=LSTMOBHAYN5SGFFG88UIOKMGU&marketplace=FLIPKART&q=mobile+phones&store=tyy%2F4io&srno=s_5_118&otracker=search&otracker1=search&fm=Search&iid=ffa6b7c3-8bc6-4310-b193-0ebddb2d509b.MOBHAYN5SGFFG88U.SEARCH&ppt=sp&ppn=sp&ssid=1c79mzld9c0000001753087828112&qH=a81ad6e72f7a2fd1,https://rukminim2.flixcart.com/image/312/312/xif0q/mobile/t/c/y/-original-imahaff2rbuykhcw.jpeg?q=70,Mobiles,Flipkart
Kechaoda K115,998.0,4.1,2631.0,https://www.flipkart.com/kechaoda-k115/p/itmexfz2mgxnzhnd?pid=MOBEXFZ2VQEPTNRW&lid=LSTMOBEXFZ2VQEPTNRWG0NMRR&marketplace=FLIPKART&q=mobile+phones&store=tyy%2F4io&srno=s_5_119&otracker=search&otracker1=search&fm=Search&iid=ffa6b7c3-8bc6-4310-b193-0ebddb2d509b.MOBEXFZ2VQEPTNRW.SEARCH&ppt=sp&ppn=sp&ssid=1c79mzld9c0000001753087828112&qH=a81ad6e72f7a2fd1,https://rukminim2.flixcart.com/image/312/312/jyxaw7k0/mobile/k/m/v/kechaoda-k115-k115-original-imafgrt4cpkmdsgk.jpeg?q=70,Mobiles,Flipkart
"Tecno Pova Curve 5G (Geek Black, 128 GB)",15999.0,4.3,109.0,https://www.flipkart.com/tecno-pova-curve-5g-geek-black-128-gb/p/itma403c7d655267?pid=MOBHBYG3R5YVAYZQ&lid=LSTMOBHBYG3R5YVAYZQMYG8WF&marketplace=FLIPKART&q=mobile+phones&store=tyy%2F4io&srno=s_5_120&otracker=search&otracker1=search&fm=Search&iid=ffa6b7c3-8bc6-4310-b193-0ebddb2d509b.MOBHBYG3R5YVAYZQ.SEARCH&ppt=sp&ppn=sp&ssid=1c79mzld9c0000001753087828112&qH=a81ad6e72f7a2fd1,https://rukminim2.flixcart.com/image/312/312/xif0q/mobile/7/j/m/-original-imahctmxtjhzqzyg.jpeg?q=70,Mobiles,Flipkart
"Samsung Galaxy F16 5G (Bling Black, 128 GB)",12499.0,4.2,155.0,https://www.flipkart.com/samsung-galaxy-f16-5g-bling-black-128-gb/p/itm98473f83de0f1?pid=MOBH9ASGZWYBDPUD&lid=LSTMOBH9ASGZWYBDPUDPEFY5L&marketplace=FLIPKART&q=mobile+phones&store=tyy%2F4io&srno=s_6_121&otracker=search&otracker1=search&fm=Search&iid=94d27974-1611-4942-bd78-7364d4d8c8a7.MOBH9ASGZWYBDPUD.SEARCH&ppt=sp&ppn=sp&ssid=i6vfru46jk0000001753087838766&qH=a81ad6e72f7a2fd1,https://rukminim2.flixcart.com/image/312/312/xif0q/mobile/0/p/e/-original-imahcreftgm2kxjh.jpeg?q=70,Mobiles,Flipkart
"Samsung Galaxy A35 5G (Awesome Iceblue, 128 GB)",21999.0,4.3,1381.0,https://www.flipkart.com/samsung-galaxy-a35-5g-awesome-iceblue-128-gb/p/itm9684d2fe9201e?pid=MOBGYT2HEYWFCG8Q&lid=LSTMOBGYT2HEYWFCG8QSW6D6Y&marketplace=FLIPKART&q=mobile+phones&store=tyy%2F4io&srno=s_6_122&otracker=search&otracker1=search&fm=Search&iid=94d27974-1611-4942-bd78-7364d4d8c8a7.MOBGYT2HEYWFCG8Q.SEARCH&ppt=sp&ppn=sp&ssid=i6vfru46jk0000001753087838766&qH=a81ad6e72f7a2fd1,https://rukminim2.flixcart.com/image/312/312/xif0q/mobile/p/k/k/-original-imahbzkn4mpfkyg9.jpeg?q=70,Mobiles,Flipkart
"POCO M7 5G (Ocean Blue, 128 GB)",10499.0,4.2,287.0,https://www.flipkart.com/poco-m7-5g-ocean-blue-128-gb/p/itm7c4a352930fde?pid=MOBH9HFJTH8SZWMZ&lid=LSTMOBH9HFJTH8SZWMZ6OVNR6&marketplace=FLIPKART&q=mobile+phones&store=tyy%2F4io&srno=s_6_123&otracker=search&otracker1=search&fm=Search&iid=94d27974-1611-4942-bd78-7364d4d8c8a7.MOBH9HFJTH8SZWMZ.SEARCH&ppt=sp&ppn=sp&ssid=i6vfru46jk0000001753087838766&qH=a81ad6e72f7a2fd1,https://rukminim2.flixcart.com/image/312/312/xif0q/mobile/o/s/t/-original-imah9wydbymh7gv2.jpeg?q=70,Mobiles,Flipkart
"OPPO K13 5G with 7000mAh and 80W SUPERVOOC Charger In-The-Box (Icy Purple, 256 GB)",19999.0,4.5,1457.0,https://www.flipkart.com/oppo-k13-5g-7000mah-80w-supervooc-charger-in-the-box-icy-purple-256-gb/p/itm6f2ebf6d205cf?pid=MOBHB392HWDHA8HH&lid=LSTMOBHB392HWDHA8HHQOBNQP&marketplace=FLIPKART&q=mobile+phones&store=tyy%2F4io&srno=s_6_124&otracker=search&otracker1=search&fm=Search&iid=94d27974-1611-4942-bd78-7364d4d8c8a7.MOBHB392HWDHA8HH.SEARCH&ppt=sp&ppn=sp&ssid=i6vfru46jk0000001753087838766&qH=a81ad6e72f7a2fd1,https://rukminim2.flixcart.com/image/312/312/xif0q/mobile/f/k/e/-original-imahbfd4zqn9zazz.jpeg?q=70,Mobiles,Flipkart
LAVA A1 Josh BOL Keypad Mobile|1000 mAh Battery|Expandable Storage 32GB,992.0,4.0,866.0,https://www.flipkart.com/lava-a1-josh-bol-keypad-mobile-1000-mah-battery-expandable-storage-32gb/p/itm435dfc68caaa0?pid=MOBGPNGRD5YQJKMK&lid=LSTMOBGPNGRD5YQJKMKWUDAPB&marketplace=FLIPKART&q=mobile+phones&store=tyy%2F4io&srno=s_6_125&otracker=search&otracker1=search&fm=Search&iid=94d27974-1611-4942-bd78-7364d4d8c8a7.MOBGPNGRD5YQJKMK.SEARCH&ppt=sp&ppn=sp&ssid=i6vfru46jk0000001753087838766&qH=a81ad6e72f7a2fd1,https://rukminim2.flixcart.com/image/312/312/xif0q/mobile/f/z/o/a1-josh-bol-keypad-mobile-1000-mah-battery-expandable-storage-original-imah6dkwtjxsjknp.jpeg?q=70,Mobiles,Flipkart
"Infinix Note 50x 5G+ (Enchanted Purple, 128 GB)",12999.0,4.3,254.0,https://www.flipkart.com/infinix-note-50x-5g-enchanted-purple-128-gb/p/itm094fc01ad674b?pid=MOBHAYMDBVYQFEAA&lid=LSTMOBHAYMDBVYQFEAAWTCZDR&marketplace=FLIPKART&q=mobile+phones&store=tyy%2F4io&srno=s_6_126&otracker=search&otracker1=search&fm=Search&iid=94d27974-1611-4942-bd78-7364d4d8c8a7.MOBHAYMDBVYQFEAA.SEARCH&ppt=sp&ppn=sp&ssid=i6vfru46jk0000001753087838766&qH=a81ad6e72f7a2fd1,https://rukminim2.flixcart.com/image/312/312/xif0q/mobile/j/p/h/-original-imahdg5wz4pg5dzs.jpeg?q=70,Mobiles,Flipkart
"Tecno Pova 6 Neo 5G (Azure Sky, 256 GB)",13999.0,4.1,29.0,https://www.flipkart.com/tecno-pova-6-neo-5g-azure-sky-256-gb/p/itmd24accb9a72ed?pid=MOBH9HYGQEM28HCX&lid=LSTMOBH9HYGQEM28HCXPMYV7G&marketplace=FLIPKART&q=mobile+phones&store=tyy%2F4io&srno=s_6_127&otracker=search&otracker1=search&fm=Search&iid=94d27974-1611-4942-bd78-7364d4d8c8a7.MOBH9HYGQEM28HCX.SEARCH&ppt=sp&ppn=sp&ssid=i6vfru46jk0000001753087838766&qH=a81ad6e72f7a2fd1,https://rukminim2.flixcart.com/image/312/312/xif0q/mobile/k/n/2/pova-6-neo-kl8-tecno-original-imah5g84dsjryzmf.jpeg?q=70,Mobiles,Flipkart
Jio JioBharat V4 Keypad Phone,839.0,3.7,1.0,https://www.flipkart.com/jio-jiobharat-v4-keypad-phone/p/itm4f722ddbcd7e3?pid=MOBHD69VW33XXMY3&lid=LSTMOBHD69VW33XXMY3CIUSWA&marketplace=FLIPKART&q=mobile+phones&store=tyy%2F4io&srno=s_6_128&otracker=search&otracker1=search&fm=Search&iid=94d27974-1611-4942-bd78-7364d4d8c8a7.MOBHD69VW33XXMY3.SEARCH&ppt=sp&ppn=sp&ssid=i6vfru46jk0000001753087838766&qH=a81ad6e72f7a2fd1,https://rukminim2.flixcart.com/image/312/312/xif0q/mobile/p/h/f/jiobharat-v4-keypad-phone-jbv191m2-jio-original-imahdf4zatdhszbr.jpeg?q=70,Mobiles,Flipkart
"realme P3x 5G (Stellar Pink, 128 GB)",12999.0,4.4,798.0,https://www.flipkart.com/realme-p3x-5g-stellar-pink-128-gb/p/itmab5a4b09b6ccc?pid=MOBH8VGVHV6AYK25&lid=LSTMOBH8VGVHV6AYK253DF0V2&marketplace=FLIPKART&q=mobile+phones&store=tyy%2F4io&srno=s_6_129&otracker=search&otracker1=search&fm=Search&iid=94d27974-1611-4942-bd78-7364d4d8c8a7.MOBH8VGVHV6AYK25.SEARCH&ppt=sp&ppn=sp&ssid=i6vfru46jk0000001753087838766&qH=a81ad6e72f7a2fd1,https://rukminim2.flixcart.com/image/312/312/xif0q/mobile/5/v/y/-original-imah9gtmsuutundb.jpeg?q=70,Mobiles,Flipkart
"POCO M7 Pro 5G (Lavender Frost, 256 GB)",14999.0,4.3,677.0,https://www.flipkart.com/poco-m7-pro-5g-lavender-frost-256-gb/p/itm34f1d15898b6d?pid=MOBH7443JPJHJH5A&lid=LSTMOBH7443JPJHJH5A1W5UOX&marketplace=FLIPKART&q=mobile+phones&store=tyy%2F4io&srno=s_6_130&otracker=search&otracker1=search&fm=Search&iid=94d27974-1611-4942-bd78-7364d4d8c8a7.MOBH7443JPJHJH5A.SEARCH&ppt=sp&ppn=sp&ssid=i6vfru46jk0000001753087838766&qH=a81ad6e72f7a2fd1,https://rukminim2.flixcart.com/image/312/312/xif0q/mobile/h/g/z/-original-imah7jsp8bh3s4rv.jpeg?q=70,Mobiles,Flipkart
"vivo T4x 5G (Marine Blue, 128 GB)",14999.0,4.5,3564.0,https://www.flipkart.com/vivo-t4x-5g-marine-blue-128-gb/p/itm017656bdd097b?pid=MOBH9JUSZWZ5ZZAM&lid=LSTMOBH9JUSZWZ5ZZAMFXTB3Z&marketplace=FLIPKART&q=mobile+phones&store=tyy%2F4io&srno=s_6_131&otracker=search&otracker1=search&fm=Search&iid=94d27974-1611-4942-bd78-7364d4d8c8a7.MOBH9JUSZWZ5ZZAM.SEARCH&ppt=sp&ppn=sp&ssid=i6vfru46jk0000001753087838766&qH=a81ad6e72f7a2fd1,https://rukminim2.flixcart.com/image/312/312/xif0q/mobile/m/n/v/-original-imahavdveeghweea.jpeg?q=70,Mobiles,Flipkart
"Motorola g64 5G (Ice Lilac, 128 GB)",13999.0,4.3,3738.0,https://www.flipkart.com/motorola-g64-5g-ice-lilac-128-gb/p/itm36e3ccb6c9dee?pid=MOBGY2JUZHAXQ8ZG&lid=LSTMOBGY2JUZHAXQ8ZGK3CELO&marketplace=FLIPKART&q=mobile+phones&store=tyy%2F4io&srno=s_6_132&otracker=search&otracker1=search&fm=Search&iid=94d27974-1611-4942-bd78-7364d4d8c8a7.MOBGY2JUZHAXQ8ZG.SEARCH&ppt=sp&ppn=sp&ssid=i6vfru46jk0000001753087838766&qH=a81ad6e72f7a2fd1,https://rukminim2.flixcart.com/image/312/312/xif0q/mobile/l/l/s/g64-5g-pb2e0003in-motorola-original-imagzzd3qda9rfzt.jpeg?q=70,Mobiles,Flipkart
itel Keypad Mobile | 2.4 inch Display| Type C Charging,1069.0,4.1,21.0,https://www.flipkart.com/itel-keypad-mobile-2-4-inch-display-type-c-charging/p/itm910797e7c101c?pid=MOBH8GF6MSRSHYGZ&lid=LSTMOBH8GF6MSRSHYGZL1YP0R&marketplace=FLIPKART&q=mobile+phones&store=tyy%2F4io&srno=s_6_134&otracker=search&otracker1=search&fm=Search&iid=94d27974-1611-4942-bd78-7364d4d8c8a7.MOBH8GF6MSRSHYGZ.SEARCH&ppt=sp&ppn=sp&ssid=i6vfru46jk0000001753087838766&qH=a81ad6e72f7a2fd1,https://rukminim2.flixcart.com/image/312/312/xif0q/mobile/l/w/1/it5027-slim-it5032-itel-original-imah8s87xefeszyn.jpeg?q=70,Mobiles,Flipkart
Nokia 105 Classic without Charger,938.0,3.8,188.0,https://www.flipkart.com/nokia-105-classic-without-charger/p/itm679066f32733a?pid=MOBGWZUWCQM7CQPZ&lid=LSTMOBGWZUWCQM7CQPZQBVERT&marketplace=FLIPKART&q=mobile+phones&store=tyy%2F4io&srno=s_6_135&otracker=search&otracker1=search&fm=Search&iid=94d27974-1611-4942-bd78-7364d4d8c8a7.MOBGWZUWCQM7CQPZ.SEARCH&ppt=sp&ppn=sp&ssid=i6vfru46jk0000001753087838766&qH=a81ad6e72f7a2fd1,https://rukminim2.flixcart.com/image/312/312/l0r1j0w0/mobile/m/j/u/-original-imagch29bxhbyjju.jpeg?q=70,Mobiles,Flipkart
"realme 14x 5G (Jewel Red, 128 GB)",14999.0,4.3,503.0,https://www.flipkart.com/realme-14x-5g-jewel-red-128-gb/p/itmb45ae2fd70ae9?pid=MOBH6YGYEJFHKHTY&lid=LSTMOBH6YGYEJFHKHTYMMRIDA&marketplace=FLIPKART&q=mobile+phones&store=tyy%2F4io&srno=s_6_136&otracker=search&otracker1=search&fm=Search&iid=94d27974-1611-4942-bd78-7364d4d8c8a7.MOBH6YGYEJFHKHTY.SEARCH&ppt=sp&ppn=sp&ssid=i6vfru46jk0000001753087838766&qH=a81ad6e72f7a2fd1,https://rukminim2.flixcart.com/image/312/312/xif0q/mobile/m/o/0/-original-imah7hynvzxzyzjz.jpeg?q=70,Mobiles,Flipkart
"realme P3 Pro 5G (Saturn Brown, 128 GB)",19999.0,4.4,510.0,https://www.flipkart.com/realme-p3-pro-5g-saturn-brown-128-gb/p/itme2d563c696f88?pid=MOBH8VGVTQNHGTJV&lid=LSTMOBH8VGVTQNHGTJVGICLMD&marketplace=FLIPKART&q=mobile+phones&store=tyy%2F4io&srno=s_6_137&otracker=search&otracker1=search&fm=Search&iid=94d27974-1611-4942-bd78-7364d4d8c8a7.MOBH8VGVTQNHGTJV.SEARCH&ppt=sp&ppn=sp&ssid=i6vfru46jk0000001753087838766&qH=a81ad6e72f7a2fd1,https://rukminim2.flixcart.com/image/312/312/xif0q/mobile/g/o/i/-original-imah9m58ghhbxz4k.jpeg?q=70,Mobiles,Flipkart
"vivo Y19e (Titanium Silver, 64 GB)",7999.0,4.3,53.0,https://www.flipkart.com/vivo-y19e-titanium-silver-64-gb/p/itmb036ff616e9d9?pid=MOBHAFRHDHUXBFTP&lid=LSTMOBHAFRHDHUXBFTPAKFJKB&marketplace=FLIPKART&q=mobile+phones&store=tyy%2F4io&srno=s_6_138&otracker=search&otracker1=search&fm=Search&iid=94d27974-1611-4942-bd78-7364d4d8c8a7.MOBHAFRHDHUXBFTP.SEARCH&ppt=sp&ppn=sp&ssid=i6vfru46jk0000001753087838766&qH=a81ad6e72f7a2fd1,https://rukminim2.flixcart.com/image/312/312/xif0q/mobile/w/7/q/-original-imahaeeb5be43z2h.jpeg?q=70,Mobiles,Flipkart
"MOTOROLA Edge 60 Fusion 5G (PANTONE Mykonos Blue, 256 GB)",22999.0,4.5,2190.0,https://www.flipkart.com/motorola-edge-60-fusion-5g-pantone-mykonos-blue-256-gb/p/itmdbb95e3f12ab6?pid=MOBH9ARFZXNHC7VZ&lid=LSTMOBH9ARFZXNHC7VZD9IAPG&marketplace=FLIPKART&q=mobile+phones&store=tyy%2F4io&srno=s_6_139&otracker=search&otracker1=search&fm=Search&iid=94d27974-1611-4942-bd78-7364d4d8c8a7.MOBH9ARFZXNHC7VZ.SEARCH&ppt=sp&ppn=sp&ssid=i6vfru46jk0000001753087838766&qH=a81ad6e72f7a2fd1,https://rukminim2.flixcart.com/image/312/312/xif0q/mobile/6/b/c/-original-imahcjrax7j8fyuf.jpeg?q=70,Mobiles,Flipkart
"Infinix Note 50s 5G+ (Titanium Grey, 128 GB)",15999.0,4.4,1383.0,https://www.flipkart.com/infinix-note-50s-5g-titanium-grey-128-gb/p/itmfbc62747a37e7?pid=MOBHBYYE9PPMXGBH&lid=LSTMOBHBYYE9PPMXGBHASDX5S&marketplace=FLIPKART&q=mobile+phones&store=tyy%2F4io&srno=s_6_140&otracker=search&otracker1=search&fm=Search&iid=94d27974-1611-4942-bd78-7364d4d8c8a7.MOBHBYYE9PPMXGBH.SEARCH&ppt=sp&ppn=sp&ssid=i6vfru46jk0000001753087838766&qH=a81ad6e72f7a2fd1,https://rukminim2.flixcart.com/image/312/312/xif0q/mobile/o/s/z/-original-imahdg6srhwshjuz.jpeg?q=70,Mobiles,Flipkart
"Motorola Edge 50 Fusion (Hot Pink, 128 GB)",18999.0,4.4,8301.0,https://www.flipkart.com/motorola-edge-50-fusion-hot-pink-128-gb/p/itmfee7de3c2e095?pid=MOBGXTYZCQSXJPC2&lid=LSTMOBGXTYZCQSXJPC2BPJMUL&marketplace=FLIPKART&q=mobile+phones&store=tyy%2F4io&srno=s_6_141&otracker=search&otracker1=search&fm=Search&iid=94d27974-1611-4942-bd78-7364d4d8c8a7.MOBGXTYZCQSXJPC2.SEARCH&ppt=sp&ppn=sp&ssid=i6vfru46jk0000001753087838766&qH=a81ad6e72f7a2fd1,https://rukminim2.flixcart.com/image/312/312/xif0q/mobile/i/k/l/edge-50-fusion-pb300001in-motorola-original-imahywzpfd2jh9ep.jpeg?q=70,Mobiles,Flipkart
"Tecno Pova 6 Neo 5G (Azure Sky, 128 GB)",11999.0,4.3,170.0,https://www.flipkart.com/tecno-pova-6-neo-5g-azure-sky-128-gb/p/itmd24accb9a72ed?pid=MOBH9HYGE4EWQGCG&lid=LSTMOBH9HYGE4EWQGCGWCNSOF&marketplace=FLIPKART&q=mobile+phones&store=tyy%2F4io&srno=s_6_142&otracker=search&otracker1=search&fm=Search&iid=94d27974-1611-4942-bd78-7364d4d8c8a7.MOBH9HYGE4EWQGCG.SEARCH&ppt=sp&ppn=sp&ssid=i6vfru46jk0000001753087838766&qH=a81ad6e72f7a2fd1,https://rukminim2.flixcart.com/image/312/312/xif0q/mobile/j/g/i/-original-imahb8ygzkhhcgd3.jpeg?q=70,Mobiles,Flipkart
Kechaoda K115,994.0,4.1,2631.0,https://www.flipkart.com/kechaoda-k115/p/itmexfz2mgxnzhnd?pid=MOBGN26HBEU5QHSH&lid=LSTMOBGN26HBEU5QHSH5OBHQ9&marketplace=FLIPKART&q=mobile+phones&store=tyy%2F4io&srno=s_6_143&otracker=search&otracker1=search&fm=Search&iid=94d27974-1611-4942-bd78-7364d4d8c8a7.MOBGN26HBEU5QHSH.SEARCH&ppt=sp&ppn=sp&ssid=i6vfru46jk0000001753087838766&qH=a81ad6e72f7a2fd1,https://rukminim2.flixcart.com/image/312/312/xif0q/mobile/s/l/h/k115-k115-kechaoda-original-imahyc3zevnzntbf.jpeg?q=70,Mobiles,Flipkart
"Samsung M05 (Mint Green, 64 GB)",6699.0,4.3,113.0,https://www.flipkart.com/samsung-m05-mint-green-64-gb/p/itm31b7d648fd40f?pid=MOBH4Z9VZNVRFV85&lid=LSTMOBH4Z9VZNVRFV85MCWDJE&marketplace=FLIPKART&q=mobile+phones&store=tyy%2F4io&srno=s_6_144&otracker=search&otracker1=search&fm=Search&iid=94d27974-1611-4942-bd78-7364d4d8c8a7.MOBH4Z9VZNVRFV85.SEARCH&ppt=sp&ppn=sp&ssid=i6vfru46jk0000001753087838766&qH=a81ad6e72f7a2fd1,https://rukminim2.flixcart.com/image/312/312/xif0q/mobile/z/2/v/m05-sm-m055f-samsung-original-imah4z9v2qp2tpgw.jpeg?q=70,Mobiles,Flipkart
"Motorola Edge 50 Neo (PANTONE Poinciana, 256 GB)",19999.0,4.4,2791.0,https://www.flipkart.com/motorola-edge-50-neo-pantone-poinciana-256-gb/p/itm1b6c43661a1fc?pid=MOBHFHDRZJP6FHPZ&lid=LSTMOBHFHDRZJP6FHPZFCMSQB&marketplace=FLIPKART&q=mobile+phones&store=tyy%2F4io&srno=s_7_145&otracker=search&otracker1=search&fm=Search&iid=39c7c77d-e7f5-4d55-8ac8-971bf7f3649c.MOBHFHDRZJP6FHPZ.SEARCH&ppt=sp&ppn=sp&ssid=oybmyd8sao0000001753087849426&qH=a81ad6e72f7a2fd1,https://rukminim2.flixcart.com/image/312/312/xif0q/mobile/d/a/v/edge-50-neo-pb330001in-motorola-original-imah4px9tfww9ngh.jpeg?q=70,Mobiles,Flipkart
"Nothing Phone (3a) (Black, 128 GB)",24999.0,4.5,2429.0,https://www.flipkart.com/nothing-phone-3a-black-128-gb/p/itm49557c5a65f9c?pid=MOBH8G3P6UXPEFSZ&lid=LSTMOBH8G3P6UXPEFSZTYXBHZ&marketplace=FLIPKART&q=mobile+phones&store=tyy%2F4io&srno=s_7_146&otracker=search&otracker1=search&fm=Search&iid=39c7c77d-e7f5-4d55-8ac8-971bf7f3649c.MOBH8G3P6UXPEFSZ.SEARCH&ppt=sp&ppn=sp&ssid=oybmyd8sao0000001753087849426&qH=a81ad6e72f7a2fd1,https://rukminim2.flixcart.com/image/312/312/xif0q/mobile/1/o/x/-original-imahcfcf2hdeqea5.jpeg?q=70,Mobiles,Flipkart
"Nothing Phone (3a) (Blue, 256 GB)",26999.0,4.5,2429.0,https://www.flipkart.com/nothing-phone-3a-blue-256-gb/p/itm49557c5a65f9c?pid=MOBH8G3PZGYF9GED&lid=LSTMOBH8G3PZGYF9GED3K7YVW&marketplace=FLIPKART&q=mobile+phones&store=tyy%2F4io&srno=s_7_148&otracker=search&otracker1=search&fm=Search&iid=39c7c77d-e7f5-4d55-8ac8-971bf7f3649c.MOBH8G3PZGYF9GED.SEARCH&ppt=sp&ppn=sp&ssid=oybmyd8sao0000001753087849426&qH=a81ad6e72f7a2fd1,https://rukminim2.flixcart.com/image/312/312/xif0q/mobile/m/i/z/-original-imahcfcf2naehefz.jpeg?q=70,Mobiles,Flipkart
"Apple iPhone 16 Pro (Natural Titanium, 128 GB)",112900.0,4.6,124.0,https://www.flipkart.com/apple-iphone-16-pro-natural-titanium-128-gb/p/itm4397c54ec56b7?pid=MOBH4DQFX4FR2HYZ&lid=LSTMOBH4DQFX4FR2HYZKVRW3N&marketplace=FLIPKART&q=mobile+phones&store=tyy%2F4io&srno=s_7_149&otracker=search&otracker1=search&fm=Search&iid=39c7c77d-e7f5-4d55-8ac8-971bf7f3649c.MOBH4DQFX4FR2HYZ.SEARCH&ppt=sp&ppn=sp&ssid=oybmyd8sao0000001753087849426&qH=a81ad6e72f7a2fd1,https://rukminim2.flixcart.com/image/312/312/xif0q/mobile/o/h/m/-original-imah4jywmcz5ysz3.jpeg?q=70,Mobiles,Flipkart
"Apple iPhone 16e (White, 128 GB)",54900.0,4.6,74.0,https://www.flipkart.com/apple-iphone-16e-white-128-gb/p/itm7971f594b0906?pid=MOBH9JVHFHJJEFFX&lid=LSTMOBH9JVHFHJJEFFXTPSVBJ&marketplace=FLIPKART&q=mobile+phones&store=tyy%2F4io&srno=s_7_150&otracker=search&otracker1=search&fm=Search&iid=39c7c77d-e7f5-4d55-8ac8-971bf7f3649c.MOBH9JVHFHJJEFFX.SEARCH&ppt=sp&ppn=sp&ssid=oybmyd8sao0000001753087849426&qH=a81ad6e72f7a2fd1,https://rukminim2.flixcart.com/image/312/312/xif0q/mobile/u/r/r/-original-imah9khh8wgzdafb.jpeg?q=70,Mobiles,Flipkart
"OnePlus Nord CE4 lite 5G (MEGA BLUE, 256 GB)",23999.0,4.4,1184.0,https://www.flipkart.com/oneplus-nord-ce4-lite-5g-mega-blue-256-gb/p/itm8fd5fdf300955?pid=MOBH25ZFCUBEFZ4X&lid=LSTMOBH25ZFCUBEFZ4XUXPZVJ&marketplace=FLIPKART&q=mobile+phones&store=tyy%2F4io&srno=s_7_151&otracker=search&otracker1=search&fm=Search&iid=39c7c77d-e7f5-4d55-8ac8-971bf7f3649c.MOBH25ZFCUBEFZ4X.SEARCH&ppt=sp&ppn=sp&ssid=oybmyd8sao0000001753087849426&qH=a81ad6e72f7a2fd1,https://rukminim2.flixcart.com/image/312/312/xif0q/mobile/a/5/s/nord-ce4-lite-5g-cph2619-oneplus-original-imah5mqzjmgdqsxm.jpeg?q=70,Mobiles,Flipkart
"POCO X7 5G (Yellow, 128 GB)",16999.0,4.3,1057.0,https://www.flipkart.com/poco-x7-5g-yellow-128-gb/p/itm638304f590e26?pid=MOBH7YZ92V9ZTCPB&lid=LSTMOBH7YZ92V9ZTCPBBC876R&marketplace=FLIPKART&q=mobile+phones&store=tyy%2F4io&srno=s_7_152&otracker=search&otracker1=search&fm=Search&iid=39c7c77d-e7f5-4d55-8ac8-971bf7f3649c.MOBH7YZ92V9ZTCPB.SEARCH&ppt=sp&ppn=sp&ssid=oybmyd8sao0000001753087849426&qH=a81ad6e72f7a2fd1,https://rukminim2.flixcart.com/image/312/312/xif0q/mobile/v/r/z/-original-imahbzrquuzcbyv3.jpeg?q=70,Mobiles,Flipkart
"Samsung Galaxy A35 5G (Awesome Navy, 256 GB)",23999.0,4.3,1381.0,https://www.flipkart.com/samsung-galaxy-a35-5g-awesome-navy-256-gb/p/itm2d2e398127998?pid=MOBGYT2HEEYGMZFH&lid=LSTMOBGYT2HEEYGMZFH3U1TOF&marketplace=FLIPKART&q=mobile+phones&store=tyy%2F4io&srno=s_7_153&otracker=search&otracker1=search&fm=Search&iid=39c7c77d-e7f5-4d55-8ac8-971bf7f3649c.MOBGYT2HEEYGMZFH.SEARCH&ppt=sp&ppn=sp&ssid=oybmyd8sao0000001753087849426&qH=a81ad6e72f7a2fd1,https://rukminim2.flixcart.com/image/312/312/xif0q/mobile/w/g/h/-original-imahbzknzpd3zwrv.jpeg?q=70,Mobiles,Flipkart
"realme Narzo N61 (Marble Black, 128 GB)",8950.0,4.2,67.0,https://www.flipkart.com/realme-narzo-n61-marble-black-128-gb/p/itm0ffee8689770b?pid=MOBH39BERXYVH4UK&lid=LSTMOBH39BERXYVH4UKBLQZ6B&marketplace=FLIPKART&q=mobile+phones&store=tyy%2F4io&srno=s_7_155&otracker=search&otracker1=search&fm=Search&iid=39c7c77d-e7f5-4d55-8ac8-971bf7f3649c.MOBH39BERXYVH4UK.SEARCH&ppt=sp&ppn=sp&ssid=oybmyd8sao0000001753087849426&qH=a81ad6e72f7a2fd1,https://rukminim2.flixcart.com/image/312/312/xif0q/mobile/x/z/i/narzo-n61-narzo-n61-realme-original-imah4e9szsfhdaag.jpeg?q=70,Mobiles,Flipkart
"Apple iPhone 15 (Black, 256 GB)",74900.0,4.6,9380.0,https://www.flipkart.com/apple-iphone-15-black-256-gb/p/itm6f0727e3e3b52?pid=MOBGTAGPSMHFKHT5&lid=LSTMOBGTAGPSMHFKHT5QSQH4U&marketplace=FLIPKART&q=mobile+phones&store=tyy%2F4io&srno=s_7_156&otracker=search&otracker1=search&fm=Search&iid=39c7c77d-e7f5-4d55-8ac8-971bf7f3649c.MOBGTAGPSMHFKHT5.SEARCH&ppt=sp&ppn=sp&ssid=oybmyd8sao0000001753087849426&qH=a81ad6e72f7a2fd1,https://rukminim2.flixcart.com/image/312/312/xif0q/mobile/h/d/9/-original-imagtc2qzgnnuhxh.jpeg?q=70,Mobiles,Flipkart
"OPPO K12x 5G with 45W SUPERVOOC Charger In-The-Box (Midnight Violet, 128 GB)",12999.0,4.5,6470.0,https://www.flipkart.com/oppo-k12x-5g-45w-supervooc-charger-in-the-box-midnight-violet-128-gb/p/itma30cb38861d4c?pid=MOBH2Q4PGYYZDSRR&lid=LSTMOBH2Q4PGYYZDSRRJXREQR&marketplace=FLIPKART&q=mobile+phones&store=tyy%2F4io&srno=s_7_157&otracker=search&otracker1=search&fm=Search&iid=39c7c77d-e7f5-4d55-8ac8-971bf7f3649c.MOBH2Q4PGYYZDSRR.SEARCH&ppt=sp&ppn=sp&ssid=oybmyd8sao0000001753087849426&qH=a81ad6e72f7a2fd1,https://rukminim2.flixcart.com/image/312/312/xif0q/mobile/s/m/0/-original-imah37gw2wv2ayrf.jpeg?q=70,Mobiles,Flipkart
"OPPO K12x 5G with 45W SUPERVOOC Charger In-The-Box (Breeze Blue, 128 GB)",12999.0,4.5,6470.0,https://www.flipkart.com/oppo-k12x-5g-45w-supervooc-charger-in-the-box-breeze-blue-128-gb/p/itma30cb38861d4c?pid=MOBH2Q4PN6FWZCGV&lid=LSTMOBH2Q4PN6FWZCGVPMAT2I&marketplace=FLIPKART&q=mobile+phones&store=tyy%2F4io&srno=s_7_158&otracker=search&otracker1=search&fm=Search&iid=39c7c77d-e7f5-4d55-8ac8-971bf7f3649c.MOBH2Q4PN6FWZCGV.SEARCH&ppt=sp&ppn=sp&ssid=oybmyd8sao0000001753087849426&qH=a81ad6e72f7a2fd1,https://rukminim2.flixcart.com/image/312/312/xif0q/mobile/m/e/3/-original-imah37gwn2xbvzhy.jpeg?q=70,Mobiles,Flipkart
"Nothing Phone (3a) (White, 256 GB)",26999.0,4.5,2429.0,https://www.flipkart.com/nothing-phone-3a-white-256-gb/p/itm49557c5a65f9c?pid=MOBH8G3PCBJAB8GX&lid=LSTMOBH8G3PCBJAB8GXYHLNGL&marketplace=FLIPKART&q=mobile+phones&store=tyy%2F4io&srno=s_7_159&otracker=search&otracker1=search&fm=Search&iid=39c7c77d-e7f5-4d55-8ac8-971bf7f3649c.MOBH8G3PCBJAB8GX.SEARCH&ppt=sp&ppn=sp&ssid=oybmyd8sao0000001753087849426&qH=a81ad6e72f7a2fd1,https://rukminim2.flixcart.com/image/312/312/xif0q/mobile/e/l/m/-original-imahcfcfhxrf5hzg.jpeg?q=70,Mobiles,Flipkart
"Infinix Note 50s 5G+ (Burgundy Red, 256 GB)",17999.0,4.4,1383.0,https://www.flipkart.com/infinix-note-50s-5g-burgundy-red-256-gb/p/itmfbc62747a37e7?pid=MOBHBYYEP8ADSFDX&lid=LSTMOBHBYYEP8ADSFDXBNJCJ2&marketplace=FLIPKART&q=mobile+phones&store=tyy%2F4io&srno=s_7_161&otracker=search&otracker1=search&fm=Search&iid=39c7c77d-e7f5-4d55-8ac8-971bf7f3649c.MOBHBYYEP8ADSFDX.SEARCH&ppt=sp&ppn=sp&ssid=oybmyd8sao0000001753087849426&qH=a81ad6e72f7a2fd1,https://rukminim2.flixcart.com/image/312/312/xif0q/mobile/b/d/h/-original-imahbbmxgfqbderz.jpeg?q=70,Mobiles,Flipkart
"REDMI A4 5G only on Jio SIM (Sparkle Purple, 64 GB)",8786.0,4.3,322.0,https://www.flipkart.com/redmi-a4-5g-only-jio-sim-sparkle-purple-64-gb/p/itm779b8a6711870?pid=MOBH6YHE6BMAY9EA&lid=LSTMOBH6YHE6BMAY9EAXNUJUT&marketplace=FLIPKART&q=mobile+phones&store=tyy%2F4io&srno=s_7_163&otracker=search&otracker1=search&fm=Search&iid=39c7c77d-e7f5-4d55-8ac8-971bf7f3649c.MOBH6YHE6BMAY9EA.SEARCH&ppt=sp&ppn=sp&ssid=oybmyd8sao0000001753087849426&qH=a81ad6e72f7a2fd1,https://rukminim2.flixcart.com/image/312/312/xif0q/mobile/x/c/z/a4-5g-a4-5g-redmi-original-imah6yhdqpgfw36t.jpeg?q=70,Mobiles,Flipkart
"IQOO Z10X 5G (Titanium, 128 GB)",14990.0,4.4,107.0,https://www.flipkart.com/iqoo-z10x-5g-titanium-128-gb/p/itmfddcdf7717452?pid=MOBHBGRGMARH9ZGT&lid=LSTMOBHBGRGMARH9ZGT8PCPVE&marketplace=FLIPKART&q=mobile+phones&store=tyy%2F4io&srno=s_7_164&otracker=search&otracker1=search&fm=Search&iid=39c7c77d-e7f5-4d55-8ac8-971bf7f3649c.MOBHBGRGMARH9ZGT.SEARCH&ppt=sp&ppn=sp&ssid=oybmyd8sao0000001753087849426&qH=a81ad6e72f7a2fd1,https://rukminim2.flixcart.com/image/312/312/xif0q/mobile/7/l/0/z10x-5g-i2404-iqoo-original-imahbngzhft7qyux.jpeg?q=70,Mobiles,Flipkart
"OPPO K12x 5G with 45W SUPERVOOC Charger In-The-Box (Midnight Violet, 256 GB)",15999.0,4.4,928.0,https://www.flipkart.com/oppo-k12x-5g-45w-supervooc-charger-in-the-box-midnight-violet-256-gb/p/itma30cb38861d4c?pid=MOBH2Q4PGAVECMVA&lid=LSTMOBH2Q4PGAVECMVAWNAD45&marketplace=FLIPKART&q=mobile+phones&store=tyy%2F4io&srno=s_7_165&otracker=search&otracker1=search&fm=Search&iid=39c7c77d-e7f5-4d55-8ac8-971bf7f3649c.MOBH2Q4PGAVECMVA.SEARCH&ppt=sp&ppn=sp&ssid=oybmyd8sao0000001753087849426&qH=a81ad6e72f7a2fd1,https://rukminim2.flixcart.com/image/312/312/xif0q/mobile/s/m/0/-original-imah37gw2wv2ayrf.jpeg?q=70,Mobiles,Flipkart
"OPPO K12x 5G with 45W SUPERVOOC Charger In-The-Box (Feather Pink, 256 GB)",15999.0,4.4,928.0,https://www.flipkart.com/oppo-k12x-5g-45w-supervooc-charger-in-the-box-feather-pink-256-gb/p/itma30cb38861d4c?pid=MOBH4GBF36RWE89W&lid=LSTMOBH4GBF36RWE89WP1CQ0N&marketplace=FLIPKART&q=mobile+phones&store=tyy%2F4io&srno=s_7_166&otracker=search&otracker1=search&fm=Search&iid=39c7c77d-e7f5-4d55-8ac8-971bf7f3649c.MOBH4GBF36RWE89W.SEARCH&ppt=sp&ppn=sp&ssid=oybmyd8sao0000001753087849426&qH=a81ad6e72f7a2fd1,https://rukminim2.flixcart.com/image/312/312/xif0q/mobile/j/o/z/-original-imah4qke9gf7jhfg.jpeg?q=70,Mobiles,Flipkart
"Nokia 130 Music Dual Sim, Music Player, Wireless FM Radio and Dedicated Music Buttons",1849.0,3.9,512.0,https://www.flipkart.com/nokia-130-music-dual-sim-player-wireless-fm-radio-dedicated-buttons/p/itm2d76fa931c507?pid=MOBGSFEC2SSXVUNB&lid=LSTMOBGSFEC2SSXVUNBZ2JUSL&marketplace=FLIPKART&q=mobile+phones&store=tyy%2F4io&srno=s_7_168&otracker=search&otracker1=search&fm=Search&iid=39c7c77d-e7f5-4d55-8ac8-971bf7f3649c.MOBGSFEC2SSXVUNB.SEARCH&ppt=sp&ppn=sp&ssid=oybmyd8sao0000001753087849426&qH=a81ad6e72f7a2fd1,https://rukminim2.flixcart.com/image/312/312/xif0q/mobile/e/s/h/130-music-dual-sim-music-player-wireless-fm-radio-and-dedicated-original-imah3q6f4u5wqkug.jpeg?q=70,Mobiles,Flipkart
"POCO X7 Pro 5G (Obsidian Black, 256 GB)",23999.0,4.3,1127.0,https://www.flipkart.com/poco-x7-pro-5g-obsidian-black-256-gb/p/itm83a82908d7dbb?pid=MOBH7YZ9PPS9ZCNF&lid=LSTMOBH7YZ9PPS9ZCNFKYI0ZP&marketplace=FLIPKART&q=mobile+phones&store=tyy%2F4io&srno=s_8_172&otracker=search&otracker1=search&fm=Search&iid=91086f9e-4b75-4f9a-bc38-7ebc66242788.MOBH7YZ9PPS9ZCNF.SEARCH&ppt=sp&ppn=sp&ssid=wfjgvjgjtc0000001753087859851&qH=a81ad6e72f7a2fd1,https://rukminim2.flixcart.com/image/312/312/xif0q/mobile/a/m/q/-original-imahe395rp8tbhut.jpeg?q=70,Mobiles,Flipkart
"Samsung Galaxy S24+ 5G (Cobalt Violet, 256 GB)",52999.0,4.5,839.0,https://www.flipkart.com/samsung-galaxy-s24-5g-cobalt-violet-256-gb/p/itm46fc37ddc7255?pid=MOBGX2F3GDX7QYFT&lid=LSTMOBGX2F3GDX7QYFTYIFELT&marketplace=FLIPKART&q=mobile+phones&store=tyy%2F4io&srno=s_8_173&otracker=search&otracker1=search&fm=Search&iid=91086f9e-4b75-4f9a-bc38-7ebc66242788.MOBGX2F3GDX7QYFT.SEARCH&ppt=sp&ppn=sp&ssid=wfjgvjgjtc0000001753087859851&qH=a81ad6e72f7a2fd1,https://rukminim2.flixcart.com/image/312/312/xif0q/mobile/u/i/y/-original-imah4zp7chcqfzwh.jpeg?q=70,Mobiles,Flipkart
"realme P3 Ultra 5G (Orion Red, 128 GB)",22999.0,4.4,625.0,https://www.flipkart.com/realme-p3-ultra-5g-orion-red-128-gb/p/itm50171223b4a05?pid=MOBHAYKEZ94ZDEP4&lid=LSTMOBHAYKEZ94ZDEP4LHK4KR&marketplace=FLIPKART&q=mobile+phones&store=tyy%2F4io&srno=s_8_174&otracker=search&otracker1=search&fm=Search&iid=91086f9e-4b75-4f9a-bc38-7ebc66242788.MOBHAYKEZ94ZDEP4.SEARCH&ppt=sp&ppn=sp&ssid=wfjgvjgjtc0000001753087859851&qH=a81ad6e72f7a2fd1,https://rukminim2.flixcart.com/image/312/312/xif0q/mobile/o/3/1/-original-imahadrutq6xcsz3.jpeg?q=70,Mobiles,Flipkart
"realme P3 Ultra 5G (Neptune Blue, 128 GB)",22999.0,4.4,625.0,https://www.flipkart.com/realme-p3-ultra-5g-neptune-blue-128-gb/p/itm50171223b4a05?pid=MOBHAYKEXWW5SW5B&lid=LSTMOBHAYKEXWW5SW5BD6JPGU&marketplace=FLIPKART&q=mobile+phones&store=tyy%2F4io&srno=s_8_175&otracker=search&otracker1=search&fm=Search&iid=91086f9e-4b75-4f9a-bc38-7ebc66242788.MOBHAYKEXWW5SW5B.SEARCH&ppt=sp&ppn=sp&ssid=wfjgvjgjtc0000001753087859851&qH=a81ad6e72f7a2fd1,https://rukminim2.flixcart.com/image/312/312/xif0q/mobile/y/s/z/-original-imahadrumpq2wpeg.jpeg?q=70,Mobiles,Flipkart
"Samsung Galaxy F06 5G (Bahama Blue, 128 GB)",9999.0,4.1,1120.0,https://www.flipkart.com/samsung-galaxy-f06-5g-bahama-blue-128-gb/p/itm58189fada62cb?pid=MOBH9AS47XHFRMJY&lid=LSTMOBH9AS47XHFRMJYWI8CRI&marketplace=FLIPKART&q=mobile+phones&store=tyy%2F4io&srno=s_8_176&otracker=search&otracker1=search&fm=Search&iid=91086f9e-4b75-4f9a-bc38-7ebc66242788.MOBH9AS47XHFRMJY.SEARCH&ppt=sp&ppn=sp&ssid=wfjgvjgjtc0000001753087859851&qH=a81ad6e72f7a2fd1,https://rukminim2.flixcart.com/image/312/312/xif0q/mobile/w/h/f/-original-imahbk7pzzgc58gw.jpeg?q=70,Mobiles,Flipkart
"IQOO Z10X 5G (Titanium, 128 GB)",15100.0,4.3,46.0,https://www.flipkart.com/iqoo-z10x-5g-titanium-128-gb/p/itmfddcdf7717452?pid=MOBHBC8VPXAYGCKG&lid=LSTMOBHBC8VPXAYGCKG8WDVIE&marketplace=FLIPKART&q=mobile+phones&store=tyy%2F4io&srno=s_8_177&otracker=search&otracker1=search&fm=Search&iid=91086f9e-4b75-4f9a-bc38-7ebc66242788.MOBHBC8VPXAYGCKG.SEARCH&ppt=sp&ppn=sp&ssid=wfjgvjgjtc0000001753087859851&qH=a81ad6e72f7a2fd1,https://rukminim2.flixcart.com/image/312/312/xif0q/mobile/u/a/s/z10x-5g-i2404-iqoo-original-imahbngjtvv57yhf.jpeg?q=70,Mobiles,Flipkart
"Tecno Pova 6 Neo 5G (Aurora Cloud, 128 GB)",11999.0,4.3,170.0,https://www.flipkart.com/tecno-pova-6-neo-5g-aurora-cloud-128-gb/p/itmd24accb9a72ed?pid=MOBH9HYGA26UGXU6&lid=LSTMOBH9HYGA26UGXU6N8EJMP&marketplace=FLIPKART&q=mobile+phones&store=tyy%2F4io&srno=s_8_178&otracker=search&otracker1=search&fm=Search&iid=91086f9e-4b75-4f9a-bc38-7ebc66242788.MOBH9HYGA26UGXU6.SEARCH&ppt=sp&ppn=sp&ssid=wfjgvjgjtc0000001753087859851&qH=a81ad6e72f7a2fd1,https://rukminim2.flixcart.com/image/312/312/xif0q/mobile/g/e/t/-original-imahb8ygzvxub8kg.jpeg?q=70,Mobiles,Flipkart
"realme P3 Ultra 5G (Orion Red, 256 GB)",25999.0,4.4,625.0,https://www.flipkart.com/realme-p3-ultra-5g-orion-red-256-gb/p/itm50171223b4a05?pid=MOBHAYKEEZW7DS2N&lid=LSTMOBHAYKEEZW7DS2NPIW53Y&marketplace=FLIPKART&q=mobile+phones&store=tyy%2F4io&srno=s_8_180&otracker=search&otracker1=search&fm=Search&iid=91086f9e-4b75-4f9a-bc38-7ebc66242788.MOBHAYKEEZW7DS2N.SEARCH&ppt=sp&ppn=sp&ssid=wfjgvjgjtc0000001753087859851&qH=a81ad6e72f7a2fd1,https://rukminim2.flixcart.com/image/312/312/xif0q/mobile/o/3/1/-original-imahadrutq6xcsz3.jpeg?q=70,Mobiles,Flipkart
"IQOO Z10X 5G (Ultramarine, 256 GB)",16800.0,4.3,46.0,https://www.flipkart.com/iqoo-z10x-5g-ultramarine-256-gb/p/itmfddcdf7717452?pid=MOBHBGRZY6FCYTPS&lid=LSTMOBHBGRZY6FCYTPSBESTOJ&marketplace=FLIPKART&q=mobile+phones&store=tyy%2F4io&srno=s_8_181&otracker=search&otracker1=search&fm=Search&iid=91086f9e-4b75-4f9a-bc38-7ebc66242788.MOBHBGRZY6FCYTPS.SEARCH&ppt=sp&ppn=sp&ssid=wfjgvjgjtc0000001753087859851&qH=a81ad6e72f7a2fd1,https://rukminim2.flixcart.com/image/312/312/xif0q/mobile/s/u/8/z10x-5g-i2404-iqoo-original-imahbngms6vtzc9d.jpeg?q=70,Mobiles,Flipkart
Kechaoda A26,917.0,4.0,1577.0,https://www.flipkart.com/kechaoda-a26/p/itmfcvuscszh9sjb?pid=MOBFCVSRURZV2NFR&lid=LSTMOBFCVSRURZV2NFRHIERYX&marketplace=FLIPKART&q=mobile+phones&store=tyy%2F4io&srno=s_8_182&otracker=search&otracker1=search&fm=Search&iid=91086f9e-4b75-4f9a-bc38-7ebc66242788.MOBFCVSRURZV2NFR.SEARCH&ppt=sp&ppn=sp&ssid=wfjgvjgjtc0000001753087859851&qH=a81ad6e72f7a2fd1,https://rukminim2.flixcart.com/image/312/312/jyxaw7k0/mobile/x/s/b/kechaoda-a26-a26-original-imafhyqgng8pduzm.jpeg?q=70,Mobiles,Flipkart
"Samsung Galaxy F16 5G (Bling Black, 128 GB)",13999.0,4.2,274.0,https://www.flipkart.com/samsung-galaxy-f16-5g-bling-black-128-gb/p/itm36dc1b01d7f0c?pid=MOBH9ASGXEYAEJDE&lid=LSTMOBH9ASGXEYAEJDEO5XLUM&marketplace=FLIPKART&q=mobile+phones&store=tyy%2F4io&srno=s_8_183&otracker=search&otracker1=search&fm=Search&iid=91086f9e-4b75-4f9a-bc38-7ebc66242788.MOBH9ASGXEYAEJDE.SEARCH&ppt=sp&ppn=sp&ssid=wfjgvjgjtc0000001753087859851&qH=a81ad6e72f7a2fd1,https://rukminim2.flixcart.com/image/312/312/xif0q/mobile/b/6/n/-original-imahcqcwz7msj6rj.jpeg?q=70,Mobiles,Flipkart
"Apple iPhone 16e (White, 256 GB)",64900.0,4.6,74.0,https://www.flipkart.com/apple-iphone-16e-white-256-gb/p/itm20137f3cfd0e6?pid=MOBH9JVHAKWSEHH6&lid=LSTMOBH9JVHAKWSEHH6TBRKYM&marketplace=FLIPKART&q=mobile+phones&store=tyy%2F4io&srno=s_8_184&otracker=search&otracker1=search&fm=Search&iid=91086f9e-4b75-4f9a-bc38-7ebc66242788.MOBH9JVHAKWSEHH6.SEARCH&ppt=sp&ppn=sp&ssid=wfjgvjgjtc0000001753087859851&qH=a81ad6e72f7a2fd1,https://rukminim2.flixcart.com/image/312/312/xif0q/mobile/u/r/r/-original-imah9khh8wgzdafb.jpeg?q=70,Mobiles,Flipkart
"Samsung Galaxy M35 5G (DayBreak Blue, 128 GB)",16999.0,4.3,234.0,https://www.flipkart.com/samsung-galaxy-m35-5g-daybreak-blue-128-gb/p/itme75c2fc428d00?pid=MOBH2Z9MJ2WWJZYH&lid=LSTMOBH2Z9MJ2WWJZYHXYRUZ9&marketplace=FLIPKART&q=mobile+phones&store=tyy%2F4io&srno=s_8_186&otracker=search&otracker1=search&fm=Search&iid=91086f9e-4b75-4f9a-bc38-7ebc66242788.MOBH2Z9MJ2WWJZYH.SEARCH&ppt=sp&ppn=sp&ssid=wfjgvjgjtc0000001753087859851&qH=a81ad6e72f7a2fd1,https://rukminim2.flixcart.com/image/312/312/xif0q/mobile/f/b/f/galaxy-m35-5g-sm-m356b-samsung-original-imah5vyfh4ckdyb5.jpeg?q=70,Mobiles,Flipkart
"IQOO Z10X 5G (Ultramarine, 128 GB)",15100.0,4.3,46.0,https://www.flipkart.com/iqoo-z10x-5g-ultramarine-128-gb/p/itmfddcdf7717452?pid=MOBHBB9YK52ARZF9&lid=LSTMOBHBB9YK52ARZF9JXRDXV&marketplace=FLIPKART&q=mobile+phones&store=tyy%2F4io&srno=s_8_190&otracker=search&otracker1=search&fm=Search&iid=91086f9e-4b75-4f9a-bc38-7ebc66242788.MOBHBB9YK52ARZF9.SEARCH&ppt=sp&ppn=sp&ssid=wfjgvjgjtc0000001753087859851&qH=a81ad6e72f7a2fd1,https://rukminim2.flixcart.com/image/312/312/xif0q/mobile/y/t/q/z10x-5g-i2404-iqoo-original-imahbnghbzwfgken.jpeg?q=70,Mobiles,Flipkart
"MOTOROLA Edge 60 Stylus (PANTONE Gibraltar Sea, 256 GB)",22999.0,4.3,638.0,https://www.flipkart.com/motorola-edge-60-stylus-pantone-gibraltar-sea-256-gb/p/itm9e562c122f9ee?pid=MOBH9AEUQKVZZYNH&lid=LSTMOBH9AEUQKVZZYNHEJ305D&marketplace=FLIPKART&q=mobile+phones&store=tyy%2F4io&srno=s_8_191&otracker=search&otracker1=search&fm=Search&iid=91086f9e-4b75-4f9a-bc38-7ebc66242788.MOBH9AEUQKVZZYNH.SEARCH&ppt=sp&ppn=sp&ssid=wfjgvjgjtc0000001753087859851&qH=a81ad6e72f7a2fd1,https://rukminim2.flixcart.com/image/312/312/xif0q/mobile/q/9/c/-original-imahb6qhqenzhrzq.jpeg?q=70,Mobiles,Flipkart
"IQOO Z10 5G (Glacier Silver / Silver, 256 GB)",23477.0,4.4,99.0,https://www.flipkart.com/iqoo-z10-5g-glacier-silver-silver-256-gb/p/itm6b2451af052fd?pid=MOBHBGP8U2HSC2CN&lid=LSTMOBHBGP8U2HSC2CNLIYSMU&marketplace=FLIPKART&q=mobile+phones&store=tyy%2F4io&srno=s_9_193&otracker=search&otracker1=search&fm=Search&iid=542988a7-d9c6-4e1e-b1cc-fb1e0bc2dafa.MOBHBGP8U2HSC2CN.SEARCH&ppt=sp&ppn=sp&ssid=afkuhooum80000001753087870382&qH=a81ad6e72f7a2fd1,https://rukminim2.flixcart.com/image/312/312/xif0q/mobile/m/8/a/z10-5g-i2407-iqoo-original-imahbkc4pmp6ghhm.jpeg?q=70,Mobiles,Flipkart
"Apple iPhone 16 (Ultramarine, 256 GB)",84900.0,4.6,793.0,https://www.flipkart.com/apple-iphone-16-ultramarine-256-gb/p/itm03cecd3e85111?pid=MOBH4DQFMGE7UC8Q&lid=LSTMOBH4DQFMGE7UC8QXZXA8M&marketplace=FLIPKART&q=mobile+phones&store=tyy%2F4io&srno=s_9_194&otracker=search&otracker1=search&fm=Search&iid=542988a7-d9c6-4e1e-b1cc-fb1e0bc2dafa.MOBH4DQFMGE7UC8Q.SEARCH&ppt=sp&ppn=sp&ssid=afkuhooum80000001753087870382&qH=a81ad6e72f7a2fd1,https://rukminim2.flixcart.com/image/312/312/xif0q/mobile/q/n/s/-original-imah4jyfrgsbebg9.jpeg?q=70,Mobiles,Flipkart
"MOTOROLA Edge 60 Stylus (PANTONE Surf the Web, 256 GB)",22999.0,4.3,638.0,https://www.flipkart.com/motorola-edge-60-stylus-pantone-surf-web-256-gb/p/itmdf827fd06190c?pid=MOBH9AEU9GGKZ6GW&lid=LSTMOBH9AEU9GGKZ6GWEXB7BG&marketplace=FLIPKART&q=mobile+phones&store=tyy%2F4io&srno=s_9_195&otracker=search&otracker1=search&fm=Search&iid=542988a7-d9c6-4e1e-b1cc-fb1e0bc2dafa.MOBH9AEU9GGKZ6GW.SEARCH&ppt=sp&ppn=sp&ssid=afkuhooum80000001753087870382&qH=a81ad6e72f7a2fd1,https://rukminim2.flixcart.com/image/312/312/xif0q/mobile/w/q/q/-original-imahb6qhbzpxdvpx.jpeg?q=70,Mobiles,Flipkart
Kechaoda A26,935.0,4.0,1577.0,https://www.flipkart.com/kechaoda-a26/p/itmfcvuscszh9sjb?pid=MOBFCVSRZZXQWGGW&lid=LSTMOBFCVSRZZXQWGGW4F0PL6&marketplace=FLIPKART&q=mobile+phones&store=tyy%2F4io&srno=s_9_197&otracker=search&otracker1=search&fm=Search&iid=542988a7-d9c6-4e1e-b1cc-fb1e0bc2dafa.MOBFCVSRZZXQWGGW.SEARCH&ppt=sp&ppn=sp&ssid=afkuhooum80000001753087870382&qH=a81ad6e72f7a2fd1,https://rukminim2.flixcart.com/image/312/312/xif0q/mobile/f/l/6/a26-a26-kechaoda-original-imah5sskwbegyxg2.jpeg?q=70,Mobiles,Flipkart
"IQOO Z9s 5G (Titanium Matte, 128 GB)",19080.0,4.4,508.0,https://www.flipkart.com/iqoo-z9s-5g-titanium-matte-128-gb/p/itm5db90df0e52cf?pid=MOBH4CCCGFGZDBFX&lid=LSTMOBH4CCCGFGZDBFX3P1M0P&marketplace=FLIPKART&q=mobile+phones&store=tyy%2F4io&srno=s_9_198&otracker=search&otracker1=search&fm=Search&iid=542988a7-d9c6-4e1e-b1cc-fb1e0bc2dafa.MOBH4CCCGFGZDBFX.SEARCH&ppt=sp&ppn=sp&ssid=afkuhooum80000001753087870382&qH=a81ad6e72f7a2fd1,https://rukminim2.flixcart.com/image/312/312/xif0q/mobile/g/2/e/z9s-5g-i2403-iqoo-original-imahb84vy3nx4bfx.jpeg?q=70,Mobiles,Flipkart
"CMF by Nothing Phone 2 Pro (White, 128 GB)",18999.0,4.4,1189.0,https://www.flipkart.com/cmf-nothing-phone-2-pro-white-128-gb/p/itm46a119f176627?pid=MOBHAUHAEYXGMWMY&lid=LSTMOBHAUHAEYXGMWMYZKP8G0&marketplace=FLIPKART&q=mobile+phones&store=tyy%2F4io&srno=s_9_199&otracker=search&otracker1=search&fm=Search&iid=542988a7-d9c6-4e1e-b1cc-fb1e0bc2dafa.MOBHAUHAEYXGMWMY.SEARCH&ppt=sp&ppn=sp&ssid=afkuhooum80000001753087870382&qH=a81ad6e72f7a2fd1,https://rukminim2.flixcart.com/image/312/312/xif0q/mobile/s/b/q/-original-imahc7eztvdjqgza.jpeg?q=70,Mobiles,Flipkart
"CMF by Nothing Phone 2 Pro (Orange, 256 GB)",20999.0,4.4,1189.0,https://www.flipkart.com/cmf-nothing-phone-2-pro-orange-256-gb/p/itm46a119f176627?pid=MOBHAUHAKMH34EHU&lid=LSTMOBHAUHAKMH34EHU383UEL&marketplace=FLIPKART&q=mobile+phones&store=tyy%2F4io&srno=s_9_200&otracker=search&otracker1=search&fm=Search&iid=542988a7-d9c6-4e1e-b1cc-fb1e0bc2dafa.MOBHAUHAKMH34EHU.SEARCH&ppt=sp&ppn=sp&ssid=afkuhooum80000001753087870382&qH=a81ad6e72f7a2fd1,https://rukminim2.flixcart.com/image/312/312/xif0q/mobile/x/g/r/-original-imahc7ez8cq55mah.jpeg?q=70,Mobiles,Flipkart
"CMF by Nothing Phone 2 Pro (Orange, 128 GB)",18999.0,4.4,1189.0,https://www.flipkart.com/cmf-nothing-phone-2-pro-orange-128-gb/p/itm46a119f176627?pid=MOBHAUHAHD3TRJ7X&lid=LSTMOBHAUHAHD3TRJ7XRKZ0X4&marketplace=FLIPKART&q=mobile+phones&store=tyy%2F4io&srno=s_9_201&otracker=search&otracker1=search&fm=Search&iid=542988a7-d9c6-4e1e-b1cc-fb1e0bc2dafa.MOBHAUHAHD3TRJ7X.SEARCH&ppt=sp&ppn=sp&ssid=afkuhooum80000001753087870382&qH=a81ad6e72f7a2fd1,https://rukminim2.flixcart.com/image/312/312/xif0q/mobile/x/g/r/-original-imahc7ez8cq55mah.jpeg?q=70,Mobiles,Flipkart
"realme Narzo N61 (Voyage Blue, 128 GB)",9140.0,4.2,67.0,https://www.flipkart.com/realme-narzo-n61-voyage-blue-128-gb/p/itm0ffee8689770b?pid=MOBH39BEHVRZQYPP&lid=LSTMOBH39BEHVRZQYPPOUL2PG&marketplace=FLIPKART&q=mobile+phones&store=tyy%2F4io&srno=s_9_202&otracker=search&otracker1=search&fm=Search&iid=542988a7-d9c6-4e1e-b1cc-fb1e0bc2dafa.MOBH39BEHVRZQYPP.SEARCH&ppt=sp&ppn=sp&ssid=afkuhooum80000001753087870382&qH=a81ad6e72f7a2fd1,https://rukminim2.flixcart.com/image/312/312/xif0q/mobile/h/h/p/narzo-n61-narzo-n61-realme-original-imah4ehgpnbmyeqk.jpeg?q=70,Mobiles,Flipkart
"realme P3 Ultra 5G (Orion Red, 256 GB)",26999.0,4.5,176.0,https://www.flipkart.com/realme-p3-ultra-5g-orion-red-256-gb/p/itm50171223b4a05?pid=MOBHAYKEK2YKSCTU&lid=LSTMOBHAYKEK2YKSCTUTPFDIS&marketplace=FLIPKART&q=mobile+phones&store=tyy%2F4io&srno=s_9_203&otracker=search&otracker1=search&fm=Search&iid=542988a7-d9c6-4e1e-b1cc-fb1e0bc2dafa.MOBHAYKEK2YKSCTU.SEARCH&ppt=sp&ppn=sp&ssid=afkuhooum80000001753087870382&qH=a81ad6e72f7a2fd1,https://rukminim2.flixcart.com/image/312/312/xif0q/mobile/o/3/1/-original-imahadrutq6xcsz3.jpeg?q=70,Mobiles,Flipkart
"realme P3 Ultra 5G (Glowing Lunar White, 256 GB)",26999.0,4.5,176.0,https://www.flipkart.com/realme-p3-ultra-5g-glowing-lunar-white-256-gb/p/itm50171223b4a05?pid=MOBHAYKEGJYAUWC4&lid=LSTMOBHAYKEGJYAUWC4GFGIFN&marketplace=FLIPKART&q=mobile+phones&store=tyy%2F4io&srno=s_9_204&otracker=search&otracker1=search&fm=Search&iid=542988a7-d9c6-4e1e-b1cc-fb1e0bc2dafa.MOBHAYKEGJYAUWC4.SEARCH&ppt=sp&ppn=sp&ssid=afkuhooum80000001753087870382&qH=a81ad6e72f7a2fd1,https://rukminim2.flixcart.com/image/312/312/xif0q/mobile/y/w/a/p3-ultra-5g-rmx5030-realme-original-imahadm5zgatgzs8.jpeg?q=70,Mobiles,Flipkart
"Samsung Galaxy F06 5G (Bahama Blue, 128 GB)",11499.0,4.1,516.0,https://www.flipkart.com/samsung-galaxy-f06-5g-bahama-blue-128-gb/p/itm9acd4c5748761?pid=MOBH9AS4DSSQECZM&lid=LSTMOBH9AS4DSSQECZMNC3LC0&marketplace=FLIPKART&q=mobile+phones&store=tyy%2F4io&srno=s_9_205&otracker=search&otracker1=search&fm=Search&iid=542988a7-d9c6-4e1e-b1cc-fb1e0bc2dafa.MOBH9AS4DSSQECZM.SEARCH&ppt=sp&ppn=sp&ssid=afkuhooum80000001753087870382&qH=a81ad6e72f7a2fd1,https://rukminim2.flixcart.com/image/312/312/xif0q/mobile/w/h/f/-original-imahbk7pzzgc58gw.jpeg?q=70,Mobiles,Flipkart
"Infinix GT 30 Pro 5G+ (Blade White, 256 GB)",24999.0,4.5,66.0,https://www.flipkart.com/infinix-gt-30-pro-5g-blade-white-256-gb/p/itmd4bc1852572b9?pid=MOBHC645VTTPWXWM&lid=LSTMOBHC645VTTPWXWM43WEJA&marketplace=FLIPKART&q=mobile+phones&store=tyy%2F4io&srno=s_9_206&otracker=search&otracker1=search&fm=Search&iid=542988a7-d9c6-4e1e-b1cc-fb1e0bc2dafa.MOBHC645VTTPWXWM.SEARCH&ppt=sp&ppn=sp&ssid=afkuhooum80000001753087870382&qH=a81ad6e72f7a2fd1,https://rukminim2.flixcart.com/image/312/312/xif0q/mobile/4/x/r/-original-imahddjyr6ch3xev.jpeg?q=70,Mobiles,Flipkart
"Infinix GT 30 Pro 5G+ (Blade White, 256 GB)",26999.0,4.5,55.0,https://www.flipkart.com/infinix-gt-30-pro-5g-blade-white-256-gb/p/itmd4bc1852572b9?pid=MOBHC645RQJTCK3B&lid=LSTMOBHC645RQJTCK3BPTHHXS&marketplace=FLIPKART&q=mobile+phones&store=tyy%2F4io&srno=s_9_207&otracker=search&otracker1=search&fm=Search&iid=542988a7-d9c6-4e1e-b1cc-fb1e0bc2dafa.MOBHC645RQJTCK3B.SEARCH&ppt=sp&ppn=sp&ssid=afkuhooum80000001753087870382&qH=a81ad6e72f7a2fd1,https://rukminim2.flixcart.com/image/312/312/xif0q/mobile/4/x/r/-original-imahddjyr6ch3xev.jpeg?q=70,Mobiles,Flipkart
"POCO M7 5G (Satin Black, 128 GB)",10499.0,4.2,287.0,https://www.flipkart.com/poco-m7-5g-satin-black-128-gb/p/itmfcda6248f1fdd?pid=MOBH9HFJYGH7VTMD&lid=LSTMOBH9HFJYGH7VTMDVLSKLL&marketplace=FLIPKART&q=mobile+phones&store=tyy%2F4io&srno=s_9_208&otracker=search&otracker1=search&fm=Search&iid=542988a7-d9c6-4e1e-b1cc-fb1e0bc2dafa.MOBH9HFJYGH7VTMD.SEARCH&ppt=sp&ppn=sp&ssid=afkuhooum80000001753087870382&qH=a81ad6e72f7a2fd1,https://rukminim2.flixcart.com/image/312/312/xif0q/mobile/b/i/3/-original-imah9wydpxgkjtgw.jpeg?q=70,Mobiles,Flipkart
"realme Narzo 80x 5G (Deep Ocean, 128 GB)",13367.0,4.2,11.0,https://www.flipkart.com/realme-narzo-80x-5g-deep-ocean-128-gb/p/itm60c23a3292eeb?pid=MOBHB4U6PTKGSVZB&lid=LSTMOBHB4U6PTKGSVZB2TZR9E&marketplace=FLIPKART&q=mobile+phones&store=tyy%2F4io&srno=s_9_209&otracker=search&otracker1=search&fm=Search&iid=542988a7-d9c6-4e1e-b1cc-fb1e0bc2dafa.MOBHB4U6PTKGSVZB.SEARCH&ppt=sp&ppn=sp&ssid=afkuhooum80000001753087870382&qH=a81ad6e72f7a2fd1,https://rukminim2.flixcart.com/image/312/312/xif0q/mobile/g/p/v/narzo-80x-5g-rmx3944-realme-original-imahb4u6zjjdwxs6.jpeg?q=70,Mobiles,Flipkart
"POCO M7 5G (Mint Green, 128 GB)",10499.0,4.2,287.0,https://www.flipkart.com/poco-m7-5g-mint-green-128-gb/p/itm5a4e9a881d94a?pid=MOBH9HFJGB3JSYEF&lid=LSTMOBH9HFJGB3JSYEF2YLMA0&marketplace=FLIPKART&q=mobile+phones&store=tyy%2F4io&srno=s_9_210&otracker=search&otracker1=search&fm=Search&iid=542988a7-d9c6-4e1e-b1cc-fb1e0bc2dafa.MOBH9HFJGB3JSYEF.SEARCH&ppt=sp&ppn=sp&ssid=afkuhooum80000001753087870382&qH=a81ad6e72f7a2fd1,https://rukminim2.flixcart.com/image/312/312/xif0q/mobile/r/w/0/-original-imah9wydggh9mtxt.jpeg?q=70,Mobiles,Flipkart
"OPPO K12x 5G with 45W SUPERVOOC Charger In-The-Box (Breeze Blue, 256 GB)",15999.0,4.4,928.0,https://www.flipkart.com/oppo-k12x-5g-45w-supervooc-charger-in-the-box-breeze-blue-256-gb/p/itma30cb38861d4c?pid=MOBH2Q4PGJCZZGT5&lid=LSTMOBH2Q4PGJCZZGT5FYFH80&marketplace=FLIPKART&q=mobile+phones&store=tyy%2F4io&srno=s_9_211&otracker=search&otracker1=search&fm=Search&iid=542988a7-d9c6-4e1e-b1cc-fb1e0bc2dafa.MOBH2Q4PGJCZZGT5.SEARCH&ppt=sp&ppn=sp&ssid=afkuhooum80000001753087870382&qH=a81ad6e72f7a2fd1,https://rukminim2.flixcart.com/image/312/312/xif0q/mobile/m/e/3/-original-imah37gwn2xbvzhy.jpeg?q=70,Mobiles,Flipkart
"Samsung Galaxy M35 5G (Moonlight Blue, 128 GB)",16999.0,4.3,234.0,https://www.flipkart.com/samsung-galaxy-m35-5g-moonlight-blue-128-gb/p/itme75c2fc428d00?pid=MOBH2Z9SGA8DMUG9&lid=LSTMOBH2Z9SGA8DMUG9FOQSVI&marketplace=FLIPKART&q=mobile+phones&store=tyy%2F4io&srno=s_9_212&otracker=search&otracker1=search&fm=Search&iid=542988a7-d9c6-4e1e-b1cc-fb1e0bc2dafa.MOBH2Z9SGA8DMUG9.SEARCH&ppt=sp&ppn=sp&ssid=afkuhooum80000001753087870382&qH=a81ad6e72f7a2fd1,https://rukminim2.flixcart.com/image/312/312/xif0q/mobile/n/u/5/galaxy-m35-5g-sm-m356b-samsung-original-imah5qgyszh7ygft.jpeg?q=70,Mobiles,Flipkart
"Infinix Note 50s 5G+ (Marine Drift, 128 GB)",15999.0,4.4,1383.0,https://www.flipkart.com/infinix-note-50s-5g-marine-drift-128-gb/p/itmfbc62747a37e7?pid=MOBHBYYEMPC8GGKK&lid=LSTMOBHBYYEMPC8GGKKX7PNZI&marketplace=FLIPKART&q=mobile+phones&store=tyy%2F4io&srno=s_9_214&otracker=search&otracker1=search&fm=Search&iid=542988a7-d9c6-4e1e-b1cc-fb1e0bc2dafa.MOBHBYYEMPC8GGKK.SEARCH&ppt=sp&ppn=sp&ssid=afkuhooum80000001753087870382&qH=a81ad6e72f7a2fd1,https://rukminim2.flixcart.com/image/312/312/xif0q/mobile/i/z/s/-original-imahdg6s9n8fahte.jpeg?q=70,Mobiles,Flipkart
"Infinix Note 50s 5G+ (Titanium Grey, 256 GB)",17999.0,4.4,1383.0,https://www.flipkart.com/infinix-note-50s-5g-titanium-grey-256-gb/p/itmfbc62747a37e7?pid=MOBHBYYEJKP3FZ4Y&lid=LSTMOBHBYYEJKP3FZ4YXLANKV&marketplace=FLIPKART&q=mobile+phones&store=tyy%2F4io&srno=s_9_215&otracker=search&otracker1=search&fm=Search&iid=542988a7-d9c6-4e1e-b1cc-fb1e0bc2dafa.MOBHBYYEJKP3FZ4Y.SEARCH&ppt=sp&ppn=sp&ssid=afkuhooum80000001753087870382&qH=a81ad6e72f7a2fd1,https://rukminim2.flixcart.com/image/312/312/xif0q/mobile/a/n/q/-original-imahbbmxhr7scazw.jpeg?q=70,Mobiles,Flipkart
"Infinix Note 50s 5G+ (Marine Drift, 128 GB)",14999.0,4.4,59.0,https://www.flipkart.com/infinix-note-50s-5g-marine-drift-128-gb/p/itmfbc62747a37e7?pid=MOBHD6FJZUNDB3KG&lid=LSTMOBHD6FJZUNDB3KGZFU37R&marketplace=FLIPKART&q=mobile+phones&store=tyy%2F4io&srno=s_9_216&otracker=search&otracker1=search&fm=Search&iid=542988a7-d9c6-4e1e-b1cc-fb1e0bc2dafa.MOBHD6FJZUNDB3KG.SEARCH&ppt=sp&ppn=sp&ssid=afkuhooum80000001753087870382&qH=a81ad6e72f7a2fd1,https://rukminim2.flixcart.com/image/312/312/xif0q/mobile/i/z/s/-original-imahdg6s9n8fahte.jpeg?q=70,Mobiles,Flipkart
"IQOO Neo 10R 5G (MoonKnight Titanium, 256 GB)",27403.0,4.5,61.0,https://www.flipkart.com/iqoo-neo-10r-5g-moonknight-titanium-256-gb/p/itmdeb505b0113f2?pid=MOBHA7HHKYD4SEFH&lid=LSTMOBHA7HHKYD4SEFH940N40&marketplace=FLIPKART&q=mobile+phones&store=tyy%2F4io&srno=s_10_218&otracker=search&otracker1=search&fm=Search&iid=10892e57-4fcf-427c-95ef-b718a66c42e5.MOBHA7HHKYD4SEFH.SEARCH&ppt=sp&ppn=sp&ssid=v1qp6688jk0000001753087880600&qH=a81ad6e72f7a2fd1,https://rukminim2.flixcart.com/image/312/312/xif0q/mobile/y/q/z/10r-5g-i2221-iqoo-original-imaha7hgqdhpgqvv.jpeg?q=70,Mobiles,Flipkart
"CMF by Nothing Phone 2 Pro (Light Green, 128 GB)",18999.0,4.4,1189.0,https://www.flipkart.com/cmf-nothing-phone-2-pro-light-green-128-gb/p/itm46a119f176627?pid=MOBHAUHADASAEX2G&lid=LSTMOBHAUHADASAEX2GYKJS5R&marketplace=FLIPKART&q=mobile+phones&store=tyy%2F4io&srno=s_10_222&otracker=search&otracker1=search&fm=Search&iid=10892e57-4fcf-427c-95ef-b718a66c42e5.MOBHAUHADASAEX2G.SEARCH&ppt=sp&ppn=sp&ssid=v1qp6688jk0000001753087880600&qH=a81ad6e72f7a2fd1,https://rukminim2.flixcart.com/image/312/312/xif0q/mobile/w/w/h/-original-imahc7ezhz9qxm6d.jpeg?q=70,Mobiles,Flipkart
"IQOO Neo 10R 5G (Raging Blue, 256 GB)",27270.0,4.5,61.0,https://www.flipkart.com/iqoo-neo-10r-5g-raging-blue-256-gb/p/itmdeb505b0113f2?pid=MOBHA7HH9KS4RDHZ&lid=LSTMOBHA7HH9KS4RDHZAPMYCX&marketplace=FLIPKART&q=mobile+phones&store=tyy%2F4io&srno=s_10_224&otracker=search&otracker1=search&fm=Search&iid=10892e57-4fcf-427c-95ef-b718a66c42e5.MOBHA7HH9KS4RDHZ.SEARCH&ppt=sp&ppn=sp&ssid=v1qp6688jk0000001753087880600&qH=a81ad6e72f7a2fd1,https://rukminim2.flixcart.com/image/312/312/xif0q/mobile/h/c/q/10r-5g-i2221-iqoo-original-imaha7hgyebd7guj.jpeg?q=70,Mobiles,Flipkart
"CMF by Nothing Phone 2 Pro (Black, 128 GB)",18999.0,4.4,1189.0,https://www.flipkart.com/cmf-nothing-phone-2-pro-black-128-gb/p/itm46a119f176627?pid=MOBHAUHA5GRW9FS2&lid=LSTMOBHAUHA5GRW9FS2TVI8FR&marketplace=FLIPKART&q=mobile+phones&store=tyy%2F4io&srno=s_10_225&otracker=search&otracker1=search&fm=Search&iid=10892e57-4fcf-427c-95ef-b718a66c42e5.MOBHAUHA5GRW9FS2.SEARCH&ppt=sp&ppn=sp&ssid=v1qp6688jk0000001753087880600&qH=a81ad6e72f7a2fd1,https://rukminim2.flixcart.com/image/312/312/xif0q/mobile/w/y/d/-original-imahc7ezmtmajyye.jpeg?q=70,Mobiles,Flipkart
"Tecno Spark Go 2 (Turquoise Green, 64 GB)",6999.0,4.2,24.0,https://www.flipkart.com/tecno-spark-go-2-turquoise-green-64-gb/p/itmcff2e9a69c93d?pid=MOBHD8NXWMZUZUNV&lid=LSTMOBHD8NXWMZUZUNVKNUKEY&marketplace=FLIPKART&q=mobile+phones&store=tyy%2F4io&srno=s_10_226&otracker=search&otracker1=search&fm=Search&iid=10892e57-4fcf-427c-95ef-b718a66c42e5.MOBHD8NXWMZUZUNV.SEARCH&ppt=sp&ppn=sp&ssid=v1qp6688jk0000001753087880600&qH=a81ad6e72f7a2fd1,https://rukminim2.flixcart.com/image/312/312/xif0q/mobile/n/z/c/-original-imahdem8dchwequp.jpeg?q=70,Mobiles,Flipkart
Kechaoda A 27,899.0,3.9,13.0,https://www.flipkart.com/kechaoda-a-27/p/itm627d225f1a1b1?pid=MOBGM2Z3ZSSGNWZF&lid=LSTMOBGM2Z3ZSSGNWZFY71HVG&marketplace=FLIPKART&q=mobile+phones&store=tyy%2F4io&srno=s_10_227&otracker=search&otracker1=search&fm=Search&iid=10892e57-4fcf-427c-95ef-b718a66c42e5.MOBGM2Z3ZSSGNWZF.SEARCH&ppt=sp&ppn=sp&ssid=v1qp6688jk0000001753087880600&qH=a81ad6e72f7a2fd1,https://rukminim2.flixcart.com/image/312/312/xif0q/mobile/o/b/s/black-a-27-a27-black-kechaoda-original-imagm2z3y2dnsyhm.jpeg?q=70,Mobiles,Flipkart
"OPPO Reno14 5G (Pearl White, 256 GB)",39999.0,4.6,51.0,https://www.flipkart.com/oppo-reno14-5g-pearl-white-256-gb/p/itm4d9e853eee6cf?pid=MOBHDDQ9UFJESUYC&lid=LSTMOBHDDQ9UFJESUYCPLJL1V&marketplace=FLIPKART&q=mobile+phones&store=tyy%2F4io&srno=s_10_229&otracker=search&otracker1=search&fm=Search&iid=10892e57-4fcf-427c-95ef-b718a66c42e5.MOBHDDQ9UFJESUYC.SEARCH&ppt=sp&ppn=sp&ssid=v1qp6688jk0000001753087880600&qH=a81ad6e72f7a2fd1,https://rukminim2.flixcart.com/image/312/312/xif0q/mobile/a/u/k/-original-imahdzg7pc55yuzy.jpeg?q=70,Mobiles,Flipkart
"realme P3 Ultra 5G (Glowing Lunar White, 256 GB)",25999.0,4.4,625.0,https://www.flipkart.com/realme-p3-ultra-5g-glowing-lunar-white-256-gb/p/itm50171223b4a05?pid=MOBHAYKEYZQPMJM8&lid=LSTMOBHAYKEYZQPMJM8YKEI0U&marketplace=FLIPKART&q=mobile+phones&store=tyy%2F4io&srno=s_10_231&otracker=search&otracker1=search&fm=Search&iid=10892e57-4fcf-427c-95ef-b718a66c42e5.MOBHAYKEYZQPMJM8.SEARCH&ppt=sp&ppn=sp&ssid=v1qp6688jk0000001753087880600&qH=a81ad6e72f7a2fd1,https://rukminim2.flixcart.com/image/312/312/xif0q/mobile/y/w/a/p3-ultra-5g-rmx5030-realme-original-imahadm5zgatgzs8.jpeg?q=70,Mobiles,Flipkart
"realme P3 Ultra 5G (Neptune Blue, 256 GB)",25999.0,4.4,625.0,https://www.flipkart.com/realme-p3-ultra-5g-neptune-blue-256-gb/p/itm50171223b4a05?pid=MOBHAYKEBGFUXNQV&lid=LSTMOBHAYKEBGFUXNQVLAWPKP&marketplace=FLIPKART&q=mobile+phones&store=tyy%2F4io&srno=s_10_232&otracker=search&otracker1=search&fm=Search&iid=10892e57-4fcf-427c-95ef-b718a66c42e5.MOBHAYKEBGFUXNQV.SEARCH&ppt=sp&ppn=sp&ssid=v1qp6688jk0000001753087880600&qH=a81ad6e72f7a2fd1,https://rukminim2.flixcart.com/image/312/312/xif0q/mobile/y/s/z/-original-imahadrumpq2wpeg.jpeg?q=70,Mobiles,Flipkart
"IQOO Neo 10R 5G (MoonKnight Titanium, 256 GB)",29310.0,4.5,33.0,https://www.flipkart.com/iqoo-neo-10r-5g-moonknight-titanium-256-gb/p/itmdeb505b0113f2?pid=MOBHA7HHRZHB4YC2&lid=LSTMOBHA7HHRZHB4YC275GAXF&marketplace=FLIPKART&q=mobile+phones&store=tyy%2F4io&srno=s_10_233&otracker=search&otracker1=search&fm=Search&iid=10892e57-4fcf-427c-95ef-b718a66c42e5.MOBHA7HHRZHB4YC2.SEARCH&ppt=sp&ppn=sp&ssid=v1qp6688jk0000001753087880600&qH=a81ad6e72f7a2fd1,https://rukminim2.flixcart.com/image/312/312/xif0q/mobile/y/q/z/10r-5g-i2221-iqoo-original-imaha7hgqdhpgqvv.jpeg?q=70,Mobiles,Flipkart
"Infinix GT 30 Pro 5G+ (Dark Flare, 256 GB)",24999.0,4.5,66.0,https://www.flipkart.com/infinix-gt-30-pro-5g-dark-flare-256-gb/p/itmd4bc1852572b9?pid=MOBHC645WDP8VHJX&lid=LSTMOBHC645WDP8VHJXT0HRMI&marketplace=FLIPKART&q=mobile+phones&store=tyy%2F4io&srno=s_10_234&otracker=search&otracker1=search&fm=Search&iid=10892e57-4fcf-427c-95ef-b718a66c42e5.MOBHC645WDP8VHJX.SEARCH&ppt=sp&ppn=sp&ssid=v1qp6688jk0000001753087880600&qH=a81ad6e72f7a2fd1,https://rukminim2.flixcart.com/image/312/312/xif0q/mobile/6/k/v/-original-imahddjygedpwhhs.jpeg?q=70,Mobiles,Flipkart
"Infinix GT 30 Pro 5G+ (Dark Flare, 256 GB)",26999.0,4.5,55.0,https://www.flipkart.com/infinix-gt-30-pro-5g-dark-flare-256-gb/p/itmd4bc1852572b9?pid=MOBHC6457Y6PKCDG&lid=LSTMOBHC6457Y6PKCDGGXKNCP&marketplace=FLIPKART&q=mobile+phones&store=tyy%2F4io&srno=s_10_235&otracker=search&otracker1=search&fm=Search&iid=10892e57-4fcf-427c-95ef-b718a66c42e5.MOBHC6457Y6PKCDG.SEARCH&ppt=sp&ppn=sp&ssid=v1qp6688jk0000001753087880600&qH=a81ad6e72f7a2fd1,https://rukminim2.flixcart.com/image/312/312/xif0q/mobile/6/k/v/-original-imahddjygedpwhhs.jpeg?q=70,Mobiles,Flipkart
"IQOO Neo 10R 5G (Raging Blue, 256 GB)",29330.0,4.5,33.0,https://www.flipkart.com/iqoo-neo-10r-5g-raging-blue-256-gb/p/itmdeb505b0113f2?pid=MOBHA7HHPFM3RDGB&lid=LSTMOBHA7HHPFM3RDGBNRD2D6&marketplace=FLIPKART&q=mobile+phones&store=tyy%2F4io&srno=s_10_237&otracker=search&otracker1=search&fm=Search&iid=10892e57-4fcf-427c-95ef-b718a66c42e5.MOBHA7HHPFM3RDGB.SEARCH&ppt=sp&ppn=sp&ssid=v1qp6688jk0000001753087880600&qH=a81ad6e72f7a2fd1,https://rukminim2.flixcart.com/image/312/312/xif0q/mobile/h/c/q/10r-5g-i2221-iqoo-original-imaha7hgyebd7guj.jpeg?q=70,Mobiles,Flipkart
"REDMI 13 5G (Orchid Pink, 128 GB)",12499.0,4.3,2122.0,https://www.flipkart.com/redmi-13-5g-orchid-pink-128-gb/p/itm315c71c2ffcce?pid=MOBH45GGDNHMPRSD&lid=LSTMOBH45GGDNHMPRSDVNH3T5&marketplace=FLIPKART&q=mobile+phones&store=tyy%2F4io&srno=s_10_238&otracker=search&otracker1=search&fm=Search&iid=10892e57-4fcf-427c-95ef-b718a66c42e5.MOBH45GGDNHMPRSD.SEARCH&ppt=sp&ppn=sp&ssid=v1qp6688jk0000001753087880600&qH=a81ad6e72f7a2fd1,https://rukminim2.flixcart.com/image/312/312/xif0q/mobile/a/p/v/-original-imah4smtqmxb2j2f.jpeg?q=70,Mobiles,Flipkart
"REDMI A4 5G only on Jio SIM (Starry Black, 64 GB)",8695.0,4.3,322.0,https://www.flipkart.com/redmi-a4-5g-only-jio-sim-starry-black-64-gb/p/itm779b8a6711870?pid=MOBH6YHEYUZGGFZQ&lid=LSTMOBH6YHEYUZGGFZQCMSVFA&marketplace=FLIPKART&q=mobile+phones&store=tyy%2F4io&srno=s_10_239&otracker=search&otracker1=search&fm=Search&iid=10892e57-4fcf-427c-95ef-b718a66c42e5.MOBH6YHEYUZGGFZQ.SEARCH&ppt=sp&ppn=sp&ssid=v1qp6688jk0000001753087880600&qH=a81ad6e72f7a2fd1,https://rukminim2.flixcart.com/image/312/312/xif0q/mobile/z/h/f/a4-5g-a4-5g-redmi-original-imah6yhdg9kpnzgd.jpeg?q=70,Mobiles,Flipkart
"IQOO Z10X 5G (Ultramarine, 128 GB)",14200.0,4.4,107.0,https://www.flipkart.com/iqoo-z10x-5g-ultramarine-128-gb/p/itmfddcdf7717452?pid=MOBHBGRM8G8RCGR5&lid=LSTMOBHBGRM8G8RCGR5M31VKT&marketplace=FLIPKART&q=mobile+phones&store=tyy%2F4io&srno=s_10_240&otracker=search&otracker1=search&fm=Search&iid=10892e57-4fcf-427c-95ef-b718a66c42e5.MOBHBGRM8G8RCGR5.SEARCH&ppt=sp&ppn=sp&ssid=v1qp6688jk0000001753087880600&qH=a81ad6e72f7a2fd1,https://rukminim2.flixcart.com/image/312/312/xif0q/mobile/s/u/8/z10x-5g-i2404-iqoo-original-imahbngms6vtzc9d.jpeg?q=70,Mobiles,Flipkart
"POCO X7 5G (Yellow, 256 GB)",18999.0,4.3,1057.0,https://www.flipkart.com/poco-x7-5g-yellow-256-gb/p/itm09a41b8f384f7?pid=MOBH7YZ9NSDFC3EK&lid=LSTMOBH7YZ9NSDFC3EK54Z4YF&marketplace=FLIPKART&q=mobile+phones&store=tyy%2F4io&srno=s_11_241&otracker=search&otracker1=search&fm=Search&iid=5ce010a2-75f2-46b8-b1f1-dfc4dc28fdf3.MOBH7YZ9NSDFC3EK.SEARCH&ppt=sp&ppn=sp&ssid=ig88tbaro00000001753087890830&qH=a81ad6e72f7a2fd1,https://rukminim2.flixcart.com/image/312/312/xif0q/mobile/v/r/z/-original-imahbzrquuzcbyv3.jpeg?q=70,Mobiles,Flipkart
hmd 105 Dual Sim,1129.0,4.1,156.0,https://www.flipkart.com/hmd-105-dual-sim/p/itmcd30a803749be?pid=MOBH3EU2DSQBKKDA&lid=LSTMOBH3EU2DSQBKKDAS15L8M&marketplace=FLIPKART&q=mobile+phones&store=tyy%2F4io&srno=s_11_242&otracker=search&otracker1=search&fm=Search&iid=5ce010a2-75f2-46b8-b1f1-dfc4dc28fdf3.MOBH3EU2DSQBKKDA.SEARCH&ppt=sp&ppn=sp&ssid=ig88tbaro00000001753087890830&qH=a81ad6e72f7a2fd1,https://rukminim2.flixcart.com/image/312/312/xif0q/mobile/s/3/o/105-dual-sim-ta-1633-hmd-original-imahcy5d9te2vpjg.jpeg?q=70,Mobiles,Flipkart
"Samsung Galaxy S24 5G (Amber Yellow, 128 GB)",74999.0,4.6,369.0,https://www.flipkart.com/samsung-galaxy-s24-5g-amber-yellow-128-gb/p/itmc7715e16403d1?pid=MOBHYJ6QMSGJG28G&lid=LSTMOBHYJ6QMSGJG28GKEE5UE&marketplace=FLIPKART&q=mobile+phones&store=tyy%2F4io&srno=s_11_244&otracker=search&otracker1=search&fm=Search&iid=5ce010a2-75f2-46b8-b1f1-dfc4dc28fdf3.MOBHYJ6QMSGJG28G.SEARCH&ppt=sp&ppn=sp&ssid=ig88tbaro00000001753087890830&qH=a81ad6e72f7a2fd1,https://rukminim2.flixcart.com/image/312/312/xif0q/mobile/j/y/j/-original-imahcfwmfka3xgsu.jpeg?q=70,Mobiles,Flipkart
"REDMI 13 5G (Hawaiian Blue, 128 GB)",11877.0,4.3,2122.0,https://www.flipkart.com/redmi-13-5g-hawaiian-blue-128-gb/p/itmede93b8d7b1a4?pid=MOBH2SS96VEZUVX4&lid=LSTMOBH2SS96VEZUVX4FWBZ96&marketplace=FLIPKART&q=mobile+phones&store=tyy%2F4io&srno=s_11_245&otracker=search&otracker1=search&fm=Search&iid=5ce010a2-75f2-46b8-b1f1-dfc4dc28fdf3.MOBH2SS96VEZUVX4.SEARCH&ppt=sp&ppn=sp&ssid=ig88tbaro00000001753087890830&qH=a81ad6e72f7a2fd1,https://rukminim2.flixcart.com/image/312/312/xif0q/mobile/2/t/7/13-5g-2406ern9ci-redmi-original-imah3gnsfhkrweza.jpeg?q=70,Mobiles,Flipkart
"realme Narzo 80x 5G (Sunlit Gold, 128 GB)",13121.0,4.2,11.0,https://www.flipkart.com/realme-narzo-80x-5g-sunlit-gold-128-gb/p/itm60c23a3292eeb?pid=MOBHB4U6PH2KBG7S&lid=LSTMOBHB4U6PH2KBG7SDNJT6P&marketplace=FLIPKART&q=mobile+phones&store=tyy%2F4io&srno=s_11_246&otracker=search&otracker1=search&fm=Search&iid=5ce010a2-75f2-46b8-b1f1-dfc4dc28fdf3.MOBHB4U6PH2KBG7S.SEARCH&ppt=sp&ppn=sp&ssid=ig88tbaro00000001753087890830&qH=a81ad6e72f7a2fd1,https://rukminim2.flixcart.com/image/312/312/xif0q/mobile/q/4/r/narzo-80x-5g-rmx3944-realme-original-imahb4u6qyy8tggu.jpeg?q=70,Mobiles,Flipkart
"vivo T3 5G (Cosmic Blue, 256 GB)",18499.0,4.4,8046.0,https://www.flipkart.com/vivo-t3-5g-cosmic-blue-256-gb/p/itm69b3c5633378f?pid=MOBGYT3VJDYMMFTZ&lid=LSTMOBGYT3VJDYMMFTZTWB3LH&marketplace=FLIPKART&q=mobile+phones&store=tyy%2F4io&srno=s_11_247&otracker=search&otracker1=search&fm=Search&iid=5ce010a2-75f2-46b8-b1f1-dfc4dc28fdf3.MOBGYT3VJDYMMFTZ.SEARCH&ppt=sp&ppn=sp&ssid=ig88tbaro00000001753087890830&qH=a81ad6e72f7a2fd1,https://rukminim2.flixcart.com/image/312/312/xif0q/mobile/g/d/1/-original-imagz6tzjgggzygu.jpeg?q=70,Mobiles,Flipkart
"IQOO Neo 10R 5G (MoonKnight Titanium, 128 GB)",25704.0,4.5,61.0,https://www.flipkart.com/iqoo-neo-10r-5g-moonknight-titanium-128-gb/p/itmdeb505b0113f2?pid=MOBHA7HHCSXWHNZJ&lid=LSTMOBHA7HHCSXWHNZJYEOVOY&marketplace=FLIPKART&q=mobile+phones&store=tyy%2F4io&srno=s_11_249&otracker=search&otracker1=search&fm=Search&iid=5ce010a2-75f2-46b8-b1f1-dfc4dc28fdf3.MOBHA7HHCSXWHNZJ.SEARCH&ppt=sp&ppn=sp&ssid=ig88tbaro00000001753087890830&qH=a81ad6e72f7a2fd1,https://rukminim2.flixcart.com/image/312/312/xif0q/mobile/y/q/z/10r-5g-i2221-iqoo-original-imaha7hgqdhpgqvv.jpeg?q=70,Mobiles,Flipkart
"Infinix Note 50x 5G+ (Sea Breeze Green, 128 GB)",12999.0,4.3,254.0,https://www.flipkart.com/infinix-note-50x-5g-sea-breeze-green-128-gb/p/itm094fc01ad674b?pid=MOBHAYMDFS3WVHWK&lid=LSTMOBHAYMDFS3WVHWKZOEJRC&marketplace=FLIPKART&q=mobile+phones&store=tyy%2F4io&srno=s_11_250&otracker=search&otracker1=search&fm=Search&iid=5ce010a2-75f2-46b8-b1f1-dfc4dc28fdf3.MOBHAYMDFS3WVHWK.SEARCH&ppt=sp&ppn=sp&ssid=ig88tbaro00000001753087890830&qH=a81ad6e72f7a2fd1,https://rukminim2.flixcart.com/image/312/312/xif0q/mobile/8/m/o/-original-imahdg5wd5ek7nyw.jpeg?q=70,Mobiles,Flipkart
Kechaoda A27,898.0,4.0,823.0,https://www.flipkart.com/kechaoda-a27/p/itmfe39duawbf8e5?pid=MOBFE4D2MFCWZDUM&lid=LSTMOBFE4D2MFCWZDUMQOHRYS&marketplace=FLIPKART&q=mobile+phones&store=tyy%2F4io&srno=s_11_251&otracker=search&otracker1=search&fm=Search&iid=5ce010a2-75f2-46b8-b1f1-dfc4dc28fdf3.MOBFE4D2MFCWZDUM.SEARCH&ppt=sp&ppn=sp&ssid=ig88tbaro00000001753087890830&qH=a81ad6e72f7a2fd1,https://rukminim2.flixcart.com/image/312/312/jyq5oy80/mobile/d/7/y/kechaoda-a27-a27-original-imafhyqjdsb3afzg.jpeg?q=70,Mobiles,Flipkart
"POCO X7 5G (Glacier Green, 128 GB)",16999.0,4.3,1057.0,https://www.flipkart.com/poco-x7-5g-glacier-green-128-gb/p/itm7a1e6391d84ac?pid=MOBH7YZ9QZJTXX4G&lid=LSTMOBH7YZ9QZJTXX4GJGX7WJ&marketplace=FLIPKART&q=mobile+phones&store=tyy%2F4io&srno=s_11_252&otracker=search&otracker1=search&fm=Search&iid=5ce010a2-75f2-46b8-b1f1-dfc4dc28fdf3.MOBH7YZ9QZJTXX4G.SEARCH&ppt=sp&ppn=sp&ssid=ig88tbaro00000001753087890830&qH=a81ad6e72f7a2fd1,https://rukminim2.flixcart.com/image/312/312/xif0q/mobile/h/o/t/-original-imahbzrqbwfqhseh.jpeg?q=70,Mobiles,Flipkart
"Infinix SMART 9 HD (Neo Titanium, 64 GB)",6699.0,4.2,216.0,https://www.flipkart.com/infinix-smart-9-hd-neo-titanium-64-gb/p/itm6c336dc47593e?pid=MOBH88VZYEFZGVGU&lid=LSTMOBH88VZYEFZGVGUHOPVJG&marketplace=FLIPKART&q=mobile+phones&store=tyy%2F4io&srno=s_11_253&otracker=search&otracker1=search&fm=Search&iid=5ce010a2-75f2-46b8-b1f1-dfc4dc28fdf3.MOBH88VZYEFZGVGU.SEARCH&ppt=sp&ppn=sp&ssid=ig88tbaro00000001753087890830&qH=a81ad6e72f7a2fd1,https://rukminim2.flixcart.com/image/312/312/xif0q/mobile/u/y/q/-original-imah8mezfzffexqh.jpeg?q=70,Mobiles,Flipkart
"POCO F7 5G (Phantom Black, 256 GB)",31999.0,4.4,541.0,https://www.flipkart.com/poco-f7-5g-phantom-black-256-gb/p/itm632bdcafce49a?pid=MOBHCY2UG9GJJGCM&lid=LSTMOBHCY2UG9GJJGCMA8FJ7V&marketplace=FLIPKART&q=mobile+phones&store=tyy%2F4io&srno=s_11_254&otracker=search&otracker1=search&fm=Search&iid=5ce010a2-75f2-46b8-b1f1-dfc4dc28fdf3.MOBHCY2UG9GJJGCM.SEARCH&ppt=sp&ppn=sp&ssid=ig88tbaro00000001753087890830&qH=a81ad6e72f7a2fd1,https://rukminim2.flixcart.com/image/312/312/xif0q/mobile/y/i/6/-original-imahdpu7wqfgfryp.jpeg?q=70,Mobiles,Flipkart
"realme GT 6 (Fluid Silver, 512 GB)",32999.0,4.5,588.0,https://www.flipkart.com/realme-gt-6-fluid-silver-512-gb/p/itm1a28b99c077b5?pid=MOBHFGUHE2P2VDMM&lid=LSTMOBHFGUHE2P2VDMMKHJAKR&marketplace=FLIPKART&q=mobile+phones&store=tyy%2F4io&srno=s_11_256&otracker=search&otracker1=search&fm=Search&iid=5ce010a2-75f2-46b8-b1f1-dfc4dc28fdf3.MOBHFGUHE2P2VDMM.SEARCH&ppt=sp&ppn=sp&ssid=ig88tbaro00000001753087890830&qH=a81ad6e72f7a2fd1,https://rukminim2.flixcart.com/image/312/312/xif0q/mobile/l/i/a/-original-imah2y7hazjdbrzh.jpeg?q=70,Mobiles,Flipkart
"realme GT 6 (Fluid Silver, 256 GB)",32999.0,4.5,322.0,https://www.flipkart.com/realme-gt-6-fluid-silver-256-gb/p/itm1a28b99c077b5?pid=MOBHFGUHSF9EGJPR&lid=LSTMOBHFGUHSF9EGJPRDK97DY&marketplace=FLIPKART&q=mobile+phones&store=tyy%2F4io&srno=s_11_257&otracker=search&otracker1=search&fm=Search&iid=5ce010a2-75f2-46b8-b1f1-dfc4dc28fdf3.MOBHFGUHSF9EGJPR.SEARCH&ppt=sp&ppn=sp&ssid=ig88tbaro00000001753087890830&qH=a81ad6e72f7a2fd1,https://rukminim2.flixcart.com/image/312/312/xif0q/mobile/l/i/a/-original-imah2y7hazjdbrzh.jpeg?q=70,Mobiles,Flipkart
"REDMI A3X (Olive Green, 64 GB)",6499.0,4.1,250.0,https://www.flipkart.com/redmi-a3x-olive-green-64-gb/p/itmae02f9f3f765a?pid=MOBH9JUHYE9AZCVX&lid=LSTMOBH9JUHYE9AZCVX0KLA02&marketplace=FLIPKART&q=mobile+phones&store=tyy%2F4io&srno=s_11_259&otracker=search&otracker1=search&fm=Search&iid=5ce010a2-75f2-46b8-b1f1-dfc4dc28fdf3.MOBH9JUHYE9AZCVX.SEARCH&ppt=sp&ppn=sp&ssid=ig88tbaro00000001753087890830&qH=a81ad6e72f7a2fd1,https://rukminim2.flixcart.com/image/312/312/xif0q/mobile/r/b/s/-original-imah2hfpqxjnkvts.jpeg?q=70,Mobiles,Flipkart
"REDMI A3X (Midnight Black, 64 GB)",6499.0,4.1,250.0,https://www.flipkart.com/redmi-a3x-midnight-black-64-gb/p/itmae02f9f3f765a?pid=MOBH9JUH8G3WZZHR&lid=LSTMOBH9JUH8G3WZZHRX3ISKO&marketplace=FLIPKART&q=mobile+phones&store=tyy%2F4io&srno=s_11_261&otracker=search&otracker1=search&fm=Search&iid=5ce010a2-75f2-46b8-b1f1-dfc4dc28fdf3.MOBH9JUH8G3WZZHR.SEARCH&ppt=sp&ppn=sp&ssid=ig88tbaro00000001753087890830&qH=a81ad6e72f7a2fd1,https://rukminim2.flixcart.com/image/312/312/xif0q/mobile/w/t/c/-original-imah2hfpxtwagduh.jpeg?q=70,Mobiles,Flipkart
"OnePlus 13R 5g (Astral Trail, 256 GB)",38945.0,4.5,161.0,https://www.flipkart.com/oneplus-13r-5g-astral-trail-256-gb/p/itmff6561809fab8?pid=MOBH8EVKZHTE7A32&lid=LSTMOBH8EVKZHTE7A32YRC12H&marketplace=FLIPKART&q=mobile+phones&store=tyy%2F4io&srno=s_12_267&otracker=search&otracker1=search&fm=Search&iid=f7937241-fb59-427d-9eb7-75586bfef788.MOBH8EVKZHTE7A32.SEARCH&ppt=sp&ppn=sp&ssid=p65rsa2g0g0000001753087901914&qH=a81ad6e72f7a2fd1,https://rukminim2.flixcart.com/image/312/312/xif0q/mobile/p/t/z/-original-imah8vc2pmypfpnn.jpeg?q=70,Mobiles,Flipkart
"CMF by Nothing Phone 2 Pro (White, 256 GB)",20999.0,4.4,1189.0,https://www.flipkart.com/cmf-nothing-phone-2-pro-white-256-gb/p/itm46a119f176627?pid=MOBHAUHAUDZUUQSF&lid=LSTMOBHAUHAUDZUUQSFPOZB7N&marketplace=FLIPKART&q=mobile+phones&store=tyy%2F4io&srno=s_12_268&otracker=search&otracker1=search&fm=Search&iid=f7937241-fb59-427d-9eb7-75586bfef788.MOBHAUHAUDZUUQSF.SEARCH&ppt=sp&ppn=sp&ssid=p65rsa2g0g0000001753087901914&qH=a81ad6e72f7a2fd1,https://rukminim2.flixcart.com/image/312/312/xif0q/mobile/s/b/q/-original-imahc7eztvdjqgza.jpeg?q=70,Mobiles,Flipkart
"CMF by Nothing Phone 2 Pro (Black, 256 GB)",20999.0,4.4,1189.0,https://www.flipkart.com/cmf-nothing-phone-2-pro-black-256-gb/p/itm46a119f176627?pid=MOBHAUHAY7BY7PT5&lid=LSTMOBHAUHAY7BY7PT52UMFU9&marketplace=FLIPKART&q=mobile+phones&store=tyy%2F4io&srno=s_12_269&otracker=search&otracker1=search&fm=Search&iid=f7937241-fb59-427d-9eb7-75586bfef788.MOBHAUHAY7BY7PT5.SEARCH&ppt=sp&ppn=sp&ssid=p65rsa2g0g0000001753087901914&qH=a81ad6e72f7a2fd1,https://rukminim2.flixcart.com/image/312/312/xif0q/mobile/w/y/d/-original-imahc7ezmtmajyye.jpeg?q=70,Mobiles,Flipkart
"Apple iPhone 16 Pro (Black Titanium, 256 GB)",122900.0,4.6,124.0,https://www.flipkart.com/apple-iphone-16-pro-black-titanium-256-gb/p/itm9ce88307f4033?pid=MOBH4DQFEJYHHM7X&lid=LSTMOBH4DQFEJYHHM7X0NSARQ&marketplace=FLIPKART&q=mobile+phones&store=tyy%2F4io&srno=s_12_270&otracker=search&otracker1=search&fm=Search&iid=f7937241-fb59-427d-9eb7-75586bfef788.MOBH4DQFEJYHHM7X.SEARCH&ppt=sp&ppn=sp&ssid=p65rsa2g0g0000001753087901914&qH=a81ad6e72f7a2fd1,https://rukminim2.flixcart.com/image/312/312/xif0q/mobile/e/x/e/-original-imah4jyw4fpqe7ru.jpeg?q=70,Mobiles,Flipkart
"Samsung Galaxy F16 5G (Vibing Blue, 128 GB)",13999.0,4.2,274.0,https://www.flipkart.com/samsung-galaxy-f16-5g-vibing-blue-128-gb/p/itmc59882b14985a?pid=MOBH9ASG42S7QZ6P&lid=LSTMOBH9ASG42S7QZ6PM3IJJ8&marketplace=FLIPKART&q=mobile+phones&store=tyy%2F4io&srno=s_12_271&otracker=search&otracker1=search&fm=Search&iid=f7937241-fb59-427d-9eb7-75586bfef788.MOBH9ASG42S7QZ6P.SEARCH&ppt=sp&ppn=sp&ssid=p65rsa2g0g0000001753087901914&qH=a81ad6e72f7a2fd1,https://rukminim2.flixcart.com/image/312/312/xif0q/mobile/g/d/p/-original-imahcre2gqhfqgd8.jpeg?q=70,Mobiles,Flipkart
"POCO M6 Plus 5G (Ice Silver, 128 GB)",11499.0,4.2,716.0,https://www.flipkart.com/poco-m6-plus-5g-ice-silver-128-gb/p/itmc28efc9e90d07?pid=MOBH2M2DHZWDKYFE&lid=LSTMOBH2M2DHZWDKYFEJAQ2HD&marketplace=FLIPKART&q=mobile+phones&store=tyy%2F4io&srno=s_12_272&otracker=search&otracker1=search&fm=Search&iid=f7937241-fb59-427d-9eb7-75586bfef788.MOBH2M2DHZWDKYFE.SEARCH&ppt=sp&ppn=sp&ssid=p65rsa2g0g0000001753087901914&qH=a81ad6e72f7a2fd1,https://rukminim2.flixcart.com/image/312/312/xif0q/mobile/c/u/c/-original-imah3afneszgnrt6.jpeg?q=70,Mobiles,Flipkart
Nokia 105 Classic with Charger,983.0,3.6,419.0,https://www.flipkart.com/nokia-105-classic-charger/p/itmce67f340bc3c1?pid=MOBGWZUWRM7SF3FH&lid=LSTMOBGWZUWRM7SF3FHUREUEC&marketplace=FLIPKART&q=mobile+phones&store=tyy%2F4io&srno=s_12_273&otracker=search&otracker1=search&fm=Search&iid=f7937241-fb59-427d-9eb7-75586bfef788.MOBGWZUWRM7SF3FH.SEARCH&ppt=sp&ppn=sp&ssid=p65rsa2g0g0000001753087901914&qH=a81ad6e72f7a2fd1,https://rukminim2.flixcart.com/image/312/312/xif0q/mobile/p/o/i/105-single-sim-keypad-mobile-phone-with-wireless-fm-radio-nokia-original-imah2xgc9z6cwcqv.jpeg?q=70,Mobiles,Flipkart
"OnePlus 13R 5G (Nebula Noir, 512 GB)",43777.0,4.5,68.0,https://www.flipkart.com/oneplus-13r-5g-nebula-noir-512-gb/p/itmff6561809fab8?pid=MOBH8H4HTS84UEQN&lid=LSTMOBH8H4HTS84UEQNYUOCYH&marketplace=FLIPKART&q=mobile+phones&store=tyy%2F4io&srno=s_12_274&otracker=search&otracker1=search&fm=Search&iid=f7937241-fb59-427d-9eb7-75586bfef788.MOBH8H4HTS84UEQN.SEARCH&ppt=sp&ppn=sp&ssid=p65rsa2g0g0000001753087901914&qH=a81ad6e72f7a2fd1,https://rukminim2.flixcart.com/image/312/312/xif0q/mobile/z/1/5/-original-imah8vc2a8dg7xea.jpeg?q=70,Mobiles,Flipkart
"vivo T3 5G (Crystal Flake, 128 GB)",16999.0,4.4,8046.0,https://www.flipkart.com/vivo-t3-5g-crystal-flake-128-gb/p/itm69b3c5633378f?pid=MOBGYT3VN2J3GM45&lid=LSTMOBGYT3VN2J3GM45LBHTKC&marketplace=FLIPKART&q=mobile+phones&store=tyy%2F4io&srno=s_12_275&otracker=search&otracker1=search&fm=Search&iid=f7937241-fb59-427d-9eb7-75586bfef788.MOBGYT3VN2J3GM45.SEARCH&ppt=sp&ppn=sp&ssid=p65rsa2g0g0000001753087901914&qH=a81ad6e72f7a2fd1,https://rukminim2.flixcart.com/image/312/312/xif0q/mobile/6/x/2/-original-imagz6tzewyqpgtz.jpeg?q=70,Mobiles,Flipkart
"vivo T3 5G (Cosmic Blue, 128 GB)",16999.0,4.4,8046.0,https://www.flipkart.com/vivo-t3-5g-cosmic-blue-128-gb/p/itm69b3c5633378f?pid=MOBGYT3VZAAFCC8S&lid=LSTMOBGYT3VZAAFCC8SWHSYDH&marketplace=FLIPKART&q=mobile+phones&store=tyy%2F4io&srno=s_12_276&otracker=search&otracker1=search&fm=Search&iid=f7937241-fb59-427d-9eb7-75586bfef788.MOBGYT3VZAAFCC8S.SEARCH&ppt=sp&ppn=sp&ssid=p65rsa2g0g0000001753087901914&qH=a81ad6e72f7a2fd1,https://rukminim2.flixcart.com/image/312/312/xif0q/mobile/g/d/1/-original-imagz6tzjgggzygu.jpeg?q=70,Mobiles,Flipkart
"vivo T3 5G (Crystal Flake, 256 GB)",18499.0,4.4,8046.0,https://www.flipkart.com/vivo-t3-5g-crystal-flake-256-gb/p/itm69b3c5633378f?pid=MOBGYT3VT78XZHKS&lid=LSTMOBGYT3VT78XZHKSVC0OV2&marketplace=FLIPKART&q=mobile+phones&store=tyy%2F4io&srno=s_12_277&otracker=search&otracker1=search&fm=Search&iid=f7937241-fb59-427d-9eb7-75586bfef788.MOBGYT3VT78XZHKS.SEARCH&ppt=sp&ppn=sp&ssid=p65rsa2g0g0000001753087901914&qH=a81ad6e72f7a2fd1,https://rukminim2.flixcart.com/image/312/312/xif0q/mobile/6/x/2/-original-imagz6tzewyqpgtz.jpeg?q=70,Mobiles,Flipkart
"Samsung Galaxy S24 5G (Onyx Black, 128 GB)",74999.0,4.6,369.0,https://www.flipkart.com/samsung-galaxy-s24-5g-onyx-black-128-gb/p/itmc8add40b88912?pid=MOBHYJ6QFUNQYFDH&lid=LSTMOBHYJ6QFUNQYFDHVZACEH&marketplace=FLIPKART&q=mobile+phones&store=tyy%2F4io&srno=s_12_278&otracker=search&otracker1=search&fm=Search&iid=f7937241-fb59-427d-9eb7-75586bfef788.MOBHYJ6QFUNQYFDH.SEARCH&ppt=sp&ppn=sp&ssid=p65rsa2g0g0000001753087901914&qH=a81ad6e72f7a2fd1,https://rukminim2.flixcart.com/image/312/312/xif0q/mobile/m/n/9/-original-imahcfwmchscq6fk.jpeg?q=70,Mobiles,Flipkart
Kechaoda A26,892.0,4.0,1577.0,https://www.flipkart.com/kechaoda-a26/p/itmfcvuscszh9sjb?pid=MOBFDZQBEZURT3RP&lid=LSTMOBFDZQBEZURT3RPIO9MK4&marketplace=FLIPKART&q=mobile+phones&store=tyy%2F4io&srno=s_12_279&otracker=search&otracker1=search&fm=Search&iid=f7937241-fb59-427d-9eb7-75586bfef788.MOBFDZQBEZURT3RP.SEARCH&ppt=sp&ppn=sp&ssid=p65rsa2g0g0000001753087901914&qH=a81ad6e72f7a2fd1,https://rukminim2.flixcart.com/image/312/312/jyxaw7k0/mobile/x/m/n/kechaoda-a26-a26-original-imafgwafahs5eu2t.jpeg?q=70,Mobiles,Flipkart
"Infinix Note 50x 5G+ (Enchanted Purple, 128 GB)",11499.0,4.3,993.0,https://www.flipkart.com/infinix-note-50x-5g-enchanted-purple-128-gb/p/itm094fc01ad674b?pid=MOBHAYMDWKHTQ4US&lid=LSTMOBHAYMDWKHTQ4USZANA5I&marketplace=FLIPKART&q=mobile+phones&store=tyy%2F4io&srno=s_12_282&otracker=search&otracker1=search&fm=Search&iid=f7937241-fb59-427d-9eb7-75586bfef788.MOBHAYMDWKHTQ4US.SEARCH&ppt=sp&ppn=sp&ssid=p65rsa2g0g0000001753087901914&qH=a81ad6e72f7a2fd1,https://rukminim2.flixcart.com/image/312/312/xif0q/mobile/j/p/h/-original-imahdg5wz4pg5dzs.jpeg?q=70,Mobiles,Flipkart
"Infinix Note 50x 5G+ (Titanium Grey, 128 GB)",11499.0,4.3,993.0,https://www.flipkart.com/infinix-note-50x-5g-titanium-grey-128-gb/p/itm094fc01ad674b?pid=MOBHAYMD2FZ7HJFY&lid=LSTMOBHAYMD2FZ7HJFYIYZIAZ&marketplace=FLIPKART&q=mobile+phones&store=tyy%2F4io&srno=s_12_283&otracker=search&otracker1=search&fm=Search&iid=f7937241-fb59-427d-9eb7-75586bfef788.MOBHAYMD2FZ7HJFY.SEARCH&ppt=sp&ppn=sp&ssid=p65rsa2g0g0000001753087901914&qH=a81ad6e72f7a2fd1,https://rukminim2.flixcart.com/image/312/312/xif0q/mobile/k/1/y/-original-imahdg5wy6gyskwt.jpeg?q=70,Mobiles,Flipkart
"realme 14 Pro 5G (Pearl White, 256 GB)",26999.0,4.4,803.0,https://www.flipkart.com/realme-14-pro-5g-pearl-white-256-gb/p/itm654c5269620d2?pid=MOBH84ZX7YFMFGDJ&lid=LSTMOBH84ZX7YFMFGDJ6LFTN1&marketplace=FLIPKART&q=mobile+phones&store=tyy%2F4io&srno=s_12_287&otracker=search&otracker1=search&fm=Search&iid=f7937241-fb59-427d-9eb7-75586bfef788.MOBH84ZX7YFMFGDJ.SEARCH&ppt=sp&ppn=sp&ssid=p65rsa2g0g0000001753087901914&qH=a81ad6e72f7a2fd1,https://rukminim2.flixcart.com/image/312/312/xif0q/mobile/z/v/s/-original-imah8ffzujxhgzpu.jpeg?q=70,Mobiles,Flipkart
"OPPO Reno14 5G (Forest Green, 512 GB)",42999.0,4.6,51.0,https://www.flipkart.com/oppo-reno14-5g-forest-green-512-gb/p/itm4d9e853eee6cf?pid=MOBHDDQ9VH7ZHHMP&lid=LSTMOBHDDQ9VH7ZHHMPA31YT7&marketplace=FLIPKART&q=mobile+phones&store=tyy%2F4io&srno=s_12_288&otracker=search&otracker1=search&fm=Search&iid=f7937241-fb59-427d-9eb7-75586bfef788.MOBHDDQ9VH7ZHHMP.SEARCH&ppt=sp&ppn=sp&ssid=p65rsa2g0g0000001753087901914&qH=a81ad6e72f7a2fd1,https://rukminim2.flixcart.com/image/312/312/xif0q/mobile/k/w/c/-original-imahdzg7rrpztry8.jpeg?q=70,Mobiles,Flipkart
"OPPO Reno14 5G (Pearl White, 512 GB)",42999.0,4.6,51.0,https://www.flipkart.com/oppo-reno14-5g-pearl-white-512-gb/p/itm4d9e853eee6cf?pid=MOBHDDQ9FRQHAGAB&lid=LSTMOBHDDQ9FRQHAGABTBJFVE&marketplace=FLIPKART&q=mobile+phones&store=tyy%2F4io&srno=s_13_289&otracker=search&otracker1=search&fm=Search&iid=f7119de3-df5b-49d9-9ef6-095197c85fba.MOBHDDQ9FRQHAGAB.SEARCH&ppt=sp&ppn=sp&ssid=gce703p29c0000001753087912223&qH=a81ad6e72f7a2fd1,https://rukminim2.flixcart.com/image/312/312/xif0q/mobile/a/u/k/-original-imahdzg7pc55yuzy.jpeg?q=70,Mobiles,Flipkart
"OPPO Reno14 5G (Forest Green, 256 GB)",39999.0,4.6,51.0,https://www.flipkart.com/oppo-reno14-5g-forest-green-256-gb/p/itm4d9e853eee6cf?pid=MOBHDDQ9UMHXGZ8P&lid=LSTMOBHDDQ9UMHXGZ8PSJYKX7&marketplace=FLIPKART&q=mobile+phones&store=tyy%2F4io&srno=s_13_290&otracker=search&otracker1=search&fm=Search&iid=f7119de3-df5b-49d9-9ef6-095197c85fba.MOBHDDQ9UMHXGZ8P.SEARCH&ppt=sp&ppn=sp&ssid=gce703p29c0000001753087912223&qH=a81ad6e72f7a2fd1,https://rukminim2.flixcart.com/image/312/312/xif0q/mobile/k/w/c/-original-imahdzg7rrpztry8.jpeg?q=70,Mobiles,Flipkart
"realme P3 Ultra 5G (Glowing Lunar White, 128 GB)",22999.0,4.4,625.0,https://www.flipkart.com/realme-p3-ultra-5g-glowing-lunar-white-128-gb/p/itm50171223b4a05?pid=MOBHAYKEDGEJFGNF&lid=LSTMOBHAYKEDGEJFGNFTOWSN1&marketplace=FLIPKART&q=mobile+phones&store=tyy%2F4io&srno=s_13_293&otracker=search&otracker1=search&fm=Search&iid=f7119de3-df5b-49d9-9ef6-095197c85fba.MOBHAYKEDGEJFGNF.SEARCH&ppt=sp&ppn=sp&ssid=gce703p29c0000001753087912223&qH=a81ad6e72f7a2fd1,https://rukminim2.flixcart.com/image/312/312/xif0q/mobile/y/w/a/p3-ultra-5g-rmx5030-realme-original-imahadm5zgatgzs8.jpeg?q=70,Mobiles,Flipkart
"Samsung Galaxy S24 FE 5G (Blue, 256 GB)",65999.0,4.5,964.0,https://www.flipkart.com/samsung-galaxy-s24-fe-5g-blue-256-gb/p/itme960199e26f23?pid=MOBH4ZG3E9SB6WDQ&lid=LSTMOBH4ZG3E9SB6WDQVVLSZR&marketplace=FLIPKART&q=mobile+phones&store=tyy%2F4io&srno=s_13_295&otracker=search&otracker1=search&fm=Search&iid=f7119de3-df5b-49d9-9ef6-095197c85fba.MOBH4ZG3E9SB6WDQ.SEARCH&ppt=sp&ppn=sp&ssid=gce703p29c0000001753087912223&qH=a81ad6e72f7a2fd1,https://rukminim2.flixcart.com/image/312/312/xif0q/mobile/r/s/z/-original-imahcfwmdvbcgdzs.jpeg?q=70,Mobiles,Flipkart
"Samsung Galaxy S24 FE 5G (Mint, 128 GB)",59999.0,4.5,964.0,https://www.flipkart.com/samsung-galaxy-s24-fe-5g-mint-128-gb/p/itme960199e26f23?pid=MOBH4ZG3TSXHKXH2&lid=LSTMOBH4ZG3TSXHKXH2BH0BQS&marketplace=FLIPKART&q=mobile+phones&store=tyy%2F4io&srno=s_13_296&otracker=search&otracker1=search&fm=Search&iid=f7119de3-df5b-49d9-9ef6-095197c85fba.MOBH4ZG3TSXHKXH2.SEARCH&ppt=sp&ppn=sp&ssid=gce703p29c0000001753087912223&qH=a81ad6e72f7a2fd1,https://rukminim2.flixcart.com/image/312/312/xif0q/mobile/t/m/g/-original-imahcfwmrnwy9zgn.jpeg?q=70,Mobiles,Flipkart
"Samsung Galaxy S24 FE 5G (Mint, 256 GB)",65999.0,4.5,964.0,https://www.flipkart.com/samsung-galaxy-s24-fe-5g-mint-256-gb/p/itme960199e26f23?pid=MOBH4ZG3JACNJMZC&lid=LSTMOBH4ZG3JACNJMZCFREL85&marketplace=FLIPKART&q=mobile+phones&store=tyy%2F4io&srno=s_13_297&otracker=search&otracker1=search&fm=Search&iid=f7119de3-df5b-49d9-9ef6-095197c85fba.MOBH4ZG3JACNJMZC.SEARCH&ppt=sp&ppn=sp&ssid=gce703p29c0000001753087912223&qH=a81ad6e72f7a2fd1,https://rukminim2.flixcart.com/image/312/312/xif0q/mobile/t/m/g/-original-imahcfwmrnwy9zgn.jpeg?q=70,Mobiles,Flipkart
"Samsung Galaxy S24 FE 5G (Graphite, 128 GB)",59999.0,4.5,964.0,https://www.flipkart.com/samsung-galaxy-s24-fe-5g-graphite-128-gb/p/itme960199e26f23?pid=MOBH4ZG33EBNZKS7&lid=LSTMOBH4ZG33EBNZKS751CITE&marketplace=FLIPKART&q=mobile+phones&store=tyy%2F4io&srno=s_13_298&otracker=search&otracker1=search&fm=Search&iid=f7119de3-df5b-49d9-9ef6-095197c85fba.MOBH4ZG33EBNZKS7.SEARCH&ppt=sp&ppn=sp&ssid=gce703p29c0000001753087912223&qH=a81ad6e72f7a2fd1,https://rukminim2.flixcart.com/image/312/312/xif0q/mobile/n/y/y/-original-imahcfwmhfccryad.jpeg?q=70,Mobiles,Flipkart
"POCO X7 5G (Cosmic Silver, 128 GB)",16999.0,4.3,1057.0,https://www.flipkart.com/poco-x7-5g-cosmic-silver-128-gb/p/itmb056677ede17e?pid=MOBH7YZ9GRVZTZYH&lid=LSTMOBH7YZ9GRVZTZYHHTSM13&marketplace=FLIPKART&q=mobile+phones&store=tyy%2F4io&srno=s_13_299&otracker=search&otracker1=search&fm=Search&iid=f7119de3-df5b-49d9-9ef6-095197c85fba.MOBH7YZ9GRVZTZYH.SEARCH&ppt=sp&ppn=sp&ssid=gce703p29c0000001753087912223&qH=a81ad6e72f7a2fd1,https://rukminim2.flixcart.com/image/312/312/xif0q/mobile/r/g/v/-original-imahbzrrxtsbwggz.jpeg?q=70,Mobiles,Flipkart
"Samsung Galaxy A55 5G (Awesome Navy, 128 GB)",26080.0,4.4,146.0,https://www.flipkart.com/samsung-galaxy-a55-5g-awesome-navy-128-gb/p/itm7ac5d2771f7a0?pid=MOBGYT2H4PGHBRHJ&lid=LSTMOBGYT2H4PGHBRHJVRCIEK&marketplace=FLIPKART&q=mobile+phones&store=tyy%2F4io&srno=s_13_300&otracker=search&otracker1=search&fm=Search&iid=f7119de3-df5b-49d9-9ef6-095197c85fba.MOBGYT2H4PGHBRHJ.SEARCH&ppt=sp&ppn=sp&ssid=gce703p29c0000001753087912223&qH=a81ad6e72f7a2fd1,https://rukminim2.flixcart.com/image/312/312/xif0q/mobile/q/q/t/-original-imahbzpzhcptykzf.jpeg?q=70,Mobiles,Flipkart
"Apple iPhone 16 Plus (Pink, 128 GB)",84900.0,4.6,171.0,https://www.flipkart.com/apple-iphone-16-plus-pink-128-gb/p/itm9761d2a9d8939?pid=MOBH4DQFHZ7NFCME&lid=LSTMOBH4DQFHZ7NFCMERPCS9X&marketplace=FLIPKART&q=mobile+phones&store=tyy%2F4io&srno=s_13_301&otracker=search&otracker1=search&fm=Search&iid=f7119de3-df5b-49d9-9ef6-095197c85fba.MOBH4DQFHZ7NFCME.SEARCH&ppt=sp&ppn=sp&ssid=gce703p29c0000001753087912223&qH=a81ad6e72f7a2fd1,https://rukminim2.flixcart.com/image/312/312/xif0q/mobile/o/8/z/-original-imah4jykj39bgzsh.jpeg?q=70,Mobiles,Flipkart
"IQOO Neo 10R 5G (Raging Blue, 128 GB)",25955.0,4.5,61.0,https://www.flipkart.com/iqoo-neo-10r-5g-raging-blue-128-gb/p/itmdeb505b0113f2?pid=MOBHA7HHVWBYP6CN&lid=LSTMOBHA7HHVWBYP6CNNHVQZD&marketplace=FLIPKART&q=mobile+phones&store=tyy%2F4io&srno=s_13_302&otracker=search&otracker1=search&fm=Search&iid=f7119de3-df5b-49d9-9ef6-095197c85fba.MOBHA7HHVWBYP6CN.SEARCH&ppt=sp&ppn=sp&ssid=gce703p29c0000001753087912223&qH=a81ad6e72f7a2fd1,https://rukminim2.flixcart.com/image/312/312/xif0q/mobile/h/c/q/10r-5g-i2221-iqoo-original-imaha7hgyebd7guj.jpeg?q=70,Mobiles,Flipkart
"Apple iPhone 16 Pro (Desert Titanium, 256 GB)",122900.0,4.6,124.0,https://www.flipkart.com/apple-iphone-16-pro-desert-titanium-256-gb/p/itm4f25cec0bd003?pid=MOBH4DQFEZFXPGNJ&lid=LSTMOBH4DQFEZFXPGNJV4UWQH&marketplace=FLIPKART&q=mobile+phones&store=tyy%2F4io&srno=s_13_303&otracker=search&otracker1=search&fm=Search&iid=f7119de3-df5b-49d9-9ef6-095197c85fba.MOBH4DQFEZFXPGNJ.SEARCH&ppt=sp&ppn=sp&ssid=gce703p29c0000001753087912223&qH=a81ad6e72f7a2fd1,https://rukminim2.flixcart.com/image/312/312/xif0q/mobile/7/d/z/-original-imah4jywfm9uuvzw.jpeg?q=70,Mobiles,Flipkart
"vivo T4 Ultra 5G (Phoenix Gold, 256 GB)",39999.0,4.5,87.0,https://www.flipkart.com/vivo-t4-ultra-5g-phoenix-gold-256-gb/p/itm9cfd8118c9ce0?pid=MOBHCKSPGZFBGZB2&lid=LSTMOBHCKSPGZFBGZB26S9IA6&marketplace=FLIPKART&q=mobile+phones&store=tyy%2F4io&srno=s_13_304&otracker=search&otracker1=search&fm=Search&iid=f7119de3-df5b-49d9-9ef6-095197c85fba.MOBHCKSPGZFBGZB2.SEARCH&ppt=sp&ppn=sp&ssid=gce703p29c0000001753087912223&qH=a81ad6e72f7a2fd1,https://rukminim2.flixcart.com/image/312/312/xif0q/mobile/s/v/h/-original-imahd57g62dfepkh.jpeg?q=70,Mobiles,Flipkart
"vivo T4 Ultra 5G (Phoenix Gold, 256 GB)",37999.0,4.5,152.0,https://www.flipkart.com/vivo-t4-ultra-5g-phoenix-gold-256-gb/p/itm9cfd8118c9ce0?pid=MOBHCJMRHSP2HPZZ&lid=LSTMOBHCJMRHSP2HPZZ3KHQDL&marketplace=FLIPKART&q=mobile+phones&store=tyy%2F4io&srno=s_13_305&otracker=search&otracker1=search&fm=Search&iid=f7119de3-df5b-49d9-9ef6-095197c85fba.MOBHCJMRHSP2HPZZ.SEARCH&ppt=sp&ppn=sp&ssid=gce703p29c0000001753087912223&qH=a81ad6e72f7a2fd1,https://rukminim2.flixcart.com/image/312/312/xif0q/mobile/s/v/h/-original-imahd57g62dfepkh.jpeg?q=70,Mobiles,Flipkart
"vivo T4 Ultra 5G (Meteor Grey, 256 GB)",37999.0,4.5,152.0,https://www.flipkart.com/vivo-t4-ultra-5g-meteor-grey-256-gb/p/itm9cfd8118c9ce0?pid=MOBHCJMRGKN3UDBY&lid=LSTMOBHCJMRGKN3UDBYCE5Q7A&marketplace=FLIPKART&q=mobile+phones&store=tyy%2F4io&srno=s_13_306&otracker=search&otracker1=search&fm=Search&iid=f7119de3-df5b-49d9-9ef6-095197c85fba.MOBHCJMRGKN3UDBY.SEARCH&ppt=sp&ppn=sp&ssid=gce703p29c0000001753087912223&qH=a81ad6e72f7a2fd1,https://rukminim2.flixcart.com/image/312/312/xif0q/mobile/w/f/w/-original-imahd57gfqezxezx.jpeg?q=70,Mobiles,Flipkart
"vivo T4 Ultra 5G (Meteor Grey, 256 GB)",39999.0,4.5,87.0,https://www.flipkart.com/vivo-t4-ultra-5g-meteor-grey-256-gb/p/itm9cfd8118c9ce0?pid=MOBHCKSPPMWGXWVA&lid=LSTMOBHCKSPPMWGXWVAKBBZ4R&marketplace=FLIPKART&q=mobile+phones&store=tyy%2F4io&srno=s_13_307&otracker=search&otracker1=search&fm=Search&iid=f7119de3-df5b-49d9-9ef6-095197c85fba.MOBHCKSPPMWGXWVA.SEARCH&ppt=sp&ppn=sp&ssid=gce703p29c0000001753087912223&qH=a81ad6e72f7a2fd1,https://rukminim2.flixcart.com/image/312/312/xif0q/mobile/w/f/w/-original-imahd57gfqezxezx.jpeg?q=70,Mobiles,Flipkart
"Samsung Galaxy A55 5G (Awesome Iceblue, 128 GB)",26241.0,4.4,146.0,https://www.flipkart.com/samsung-galaxy-a55-5g-awesome-iceblue-128-gb/p/itm0bb662185bcc4?pid=MOBGYT2HX4A4QAWW&lid=LSTMOBGYT2HX4A4QAWWVUN2TV&marketplace=FLIPKART&q=mobile+phones&store=tyy%2F4io&srno=s_13_308&otracker=search&otracker1=search&fm=Search&iid=f7119de3-df5b-49d9-9ef6-095197c85fba.MOBGYT2HX4A4QAWW.SEARCH&ppt=sp&ppn=sp&ssid=gce703p29c0000001753087912223&qH=a81ad6e72f7a2fd1,https://rukminim2.flixcart.com/image/312/312/xif0q/mobile/8/c/j/-original-imahbzpyfv8gpku7.jpeg?q=70,Mobiles,Flipkart
"Samsung Galaxy A06 (Black, 64 GB)",7333.0,4.2,10.0,https://www.flipkart.com/samsung-galaxy-a06-black-64-gb/p/itmace1bd5edac3f?pid=MOBH3W6HH7GZEMZA&lid=LSTMOBH3W6HH7GZEMZAPSXMTL&marketplace=FLIPKART&q=mobile+phones&store=tyy%2F4io&srno=s_13_310&otracker=search&otracker1=search&fm=Search&iid=f7119de3-df5b-49d9-9ef6-095197c85fba.MOBH3W6HH7GZEMZA.SEARCH&ppt=sp&ppn=sp&ssid=gce703p29c0000001753087912223&qH=a81ad6e72f7a2fd1,https://rukminim2.flixcart.com/image/312/312/xif0q/mobile/o/j/u/galaxy-a06-sm-a065fzkgins-samsung-original-imah4az54gd9zhaf.jpeg?q=70,Mobiles,Flipkart
"Tecno POP 9 4G (Magic Skin Green, 64 GB)",6499.0,4.1,2.0,https://www.flipkart.com/tecno-pop-9-4g-magic-skin-green-64-gb/p/itm2afdb5551f196?pid=MOBHC4E7JPZFSCPX&lid=LSTMOBHC4E7JPZFSCPXPI2ZRN&marketplace=FLIPKART&q=mobile+phones&store=tyy%2F4io&srno=s_13_311&otracker=search&otracker1=search&fm=Search&iid=f7119de3-df5b-49d9-9ef6-095197c85fba.MOBHC4E7JPZFSCPX.SEARCH&ppt=sp&ppn=sp&ssid=gce703p29c0000001753087912223&qH=a81ad6e72f7a2fd1,https://rukminim2.flixcart.com/image/312/312/xif0q/mobile/5/m/i/pop-9-4g-kl4h-tecno-original-imahc4e7vyvjkhyf.jpeg?q=70,Mobiles,Flipkart
hmd 105 Dual Sim,1125.0,4.1,156.0,https://www.flipkart.com/hmd-105-dual-sim/p/itmcd30a803749be?pid=MOBH3EU6GHNGZBSM&lid=LSTMOBH3EU6GHNGZBSMI6K0R5&marketplace=FLIPKART&q=mobile+phones&store=tyy%2F4io&srno=s_13_312&otracker=search&otracker1=search&fm=Search&iid=f7119de3-df5b-49d9-9ef6-095197c85fba.MOBH3EU6GHNGZBSM.SEARCH&ppt=sp&ppn=sp&ssid=gce703p29c0000001753087912223&qH=a81ad6e72f7a2fd1,https://rukminim2.flixcart.com/image/312/312/xif0q/mobile/7/0/l/105-dual-sim-ta-1633-hmd-original-imaheff5hyzhhtrp.jpeg?q=70,Mobiles,Flipkart
"realme 14 Pro 5G (Jaipur Pink, 128 GB)",24999.0,4.4,803.0,https://www.flipkart.com/realme-14-pro-5g-jaipur-pink-128-gb/p/itm654c5269620d2?pid=MOBH84ZXDEGQ7XUF&lid=LSTMOBH84ZXDEGQ7XUFK5JGC2&marketplace=FLIPKART&q=mobile+phones&store=tyy%2F4io&srno=s_14_314&otracker=search&otracker1=search&fm=Search&iid=b1620752-ed87-4c97-a7d8-87c89786b83f.MOBH84ZXDEGQ7XUF.SEARCH&ppt=sp&ppn=sp&ssid=8ghyoks0rk0000001753087922506&qH=a81ad6e72f7a2fd1,https://rukminim2.flixcart.com/image/312/312/xif0q/mobile/r/j/f/-original-imah8ffzqsshycgf.jpeg?q=70,Mobiles,Flipkart
"realme GT 6 (Razor Green, 256 GB)",28999.0,4.5,322.0,https://www.flipkart.com/realme-gt-6-razor-green-256-gb/p/itm1a28b99c077b5?pid=MOBHFGUHMB7VVGRM&lid=LSTMOBHFGUHMB7VVGRMCQ0KKX&marketplace=FLIPKART&q=mobile+phones&store=tyy%2F4io&srno=s_14_315&otracker=search&otracker1=search&fm=Search&iid=b1620752-ed87-4c97-a7d8-87c89786b83f.MOBHFGUHMB7VVGRM.SEARCH&ppt=sp&ppn=sp&ssid=8ghyoks0rk0000001753087922506&qH=a81ad6e72f7a2fd1,https://rukminim2.flixcart.com/image/312/312/xif0q/mobile/m/1/7/gt-6-rmx3851-realme-original-imah2y7ewhzjpfhd.jpeg?q=70,Mobiles,Flipkart
"realme GT 6 (Razor Green, 512 GB)",32999.0,4.5,588.0,https://www.flipkart.com/realme-gt-6-razor-green-512-gb/p/itm1a28b99c077b5?pid=MOBHFGUHGQGENBSK&lid=LSTMOBHFGUHGQGENBSK6GHDKC&marketplace=FLIPKART&q=mobile+phones&store=tyy%2F4io&srno=s_14_316&otracker=search&otracker1=search&fm=Search&iid=b1620752-ed87-4c97-a7d8-87c89786b83f.MOBHFGUHGQGENBSK.SEARCH&ppt=sp&ppn=sp&ssid=8ghyoks0rk0000001753087922506&qH=a81ad6e72f7a2fd1,https://rukminim2.flixcart.com/image/312/312/xif0q/mobile/m/1/7/gt-6-rmx3851-realme-original-imah2y7ewhzjpfhd.jpeg?q=70,Mobiles,Flipkart
"realme GT 6 (Razor Green, 256 GB)",27999.0,4.5,363.0,https://www.flipkart.com/realme-gt-6-razor-green-256-gb/p/itm1a28b99c077b5?pid=MOBHFGUHK2HQYGTC&lid=LSTMOBHFGUHK2HQYGTCJVD03Y&marketplace=FLIPKART&q=mobile+phones&store=tyy%2F4io&srno=s_14_318&otracker=search&otracker1=search&fm=Search&iid=b1620752-ed87-4c97-a7d8-87c89786b83f.MOBHFGUHK2HQYGTC.SEARCH&ppt=sp&ppn=sp&ssid=8ghyoks0rk0000001753087922506&qH=a81ad6e72f7a2fd1,https://rukminim2.flixcart.com/image/312/312/xif0q/mobile/m/1/7/gt-6-rmx3851-realme-original-imah2y7ewhzjpfhd.jpeg?q=70,Mobiles,Flipkart
"POCO X7 Pro 5G (Obsidian Black, 256 GB)",25999.0,4.4,562.0,https://www.flipkart.com/poco-x7-pro-5g-obsidian-black-256-gb/p/itm94b2adca01f05?pid=MOBH7YZ9ZUFGFH9N&lid=LSTMOBH7YZ9ZUFGFH9NZRZBKV&marketplace=FLIPKART&q=mobile+phones&store=tyy%2F4io&srno=s_14_319&otracker=search&otracker1=search&fm=Search&iid=b1620752-ed87-4c97-a7d8-87c89786b83f.MOBH7YZ9ZUFGFH9N.SEARCH&ppt=sp&ppn=sp&ssid=8ghyoks0rk0000001753087922506&qH=a81ad6e72f7a2fd1,https://rukminim2.flixcart.com/image/312/312/xif0q/mobile/a/m/q/-original-imahe395rp8tbhut.jpeg?q=70,Mobiles,Flipkart
"Samsung Galaxy S24 5G (Cobalt Violet, 128 GB)",74999.0,4.6,369.0,https://www.flipkart.com/samsung-galaxy-s24-5g-cobalt-violet-128-gb/p/itma2ec54ed01030?pid=MOBHYJ6Q3ZAFJTF7&lid=LSTMOBHYJ6Q3ZAFJTF7GUPLRR&marketplace=FLIPKART&q=mobile+phones&store=tyy%2F4io&srno=s_14_321&otracker=search&otracker1=search&fm=Search&iid=b1620752-ed87-4c97-a7d8-87c89786b83f.MOBHYJ6Q3ZAFJTF7.SEARCH&ppt=sp&ppn=sp&ssid=8ghyoks0rk0000001753087922506&qH=a81ad6e72f7a2fd1,https://rukminim2.flixcart.com/image/312/312/xif0q/mobile/9/5/3/-original-imahcfwmnqgkdfxr.jpeg?q=70,Mobiles,Flipkart
"POCO M7 Pro 5G (Lavender Frost, 128 GB)",12999.0,4.3,1411.0,https://www.flipkart.com/poco-m7-pro-5g-lavender-frost-128-gb/p/itmf76d7942d780f?pid=MOBH7443JBKHRPGW&lid=LSTMOBH7443JBKHRPGWOC2RGL&marketplace=FLIPKART&q=mobile+phones&store=tyy%2F4io&srno=s_14_323&otracker=search&otracker1=search&fm=Search&iid=b1620752-ed87-4c97-a7d8-87c89786b83f.MOBH7443JBKHRPGW.SEARCH&ppt=sp&ppn=sp&ssid=8ghyoks0rk0000001753087922506&qH=a81ad6e72f7a2fd1,https://rukminim2.flixcart.com/image/312/312/xif0q/mobile/h/g/z/-original-imah7jsp8bh3s4rv.jpeg?q=70,Mobiles,Flipkart
Jio Jiobharat V3 Blue JBV191M1 4G PHONE,820.0,3.6,0.0,https://www.flipkart.com/jio-jiobharat-v3-blue-jbv191m1-4g-phone/p/itm3295c63f8c5ca?pid=MOBHCCSMGYAUZE4X&lid=LSTMOBHCCSMGYAUZE4XSIUQEL&marketplace=FLIPKART&q=mobile+phones&store=tyy%2F4io&srno=s_14_324&otracker=search&otracker1=search&fm=Search&iid=b1620752-ed87-4c97-a7d8-87c89786b83f.MOBHCCSMGYAUZE4X.SEARCH&ppt=sp&ppn=sp&ssid=8ghyoks0rk0000001753087922506&qH=a81ad6e72f7a2fd1,https://rukminim2.flixcart.com/image/312/312/xif0q/mobile/b/y/d/jiobharat-v3-blue-jbv191m1-4g-phone-v3-jbv191m1-blue-jio-original-imahcfgfk9khsy5g.jpeg?q=70,Mobiles,Flipkart
"POCO X7 Pro 5G (Nebula Green, 256 GB)",23999.0,4.3,1127.0,https://www.flipkart.com/poco-x7-pro-5g-nebula-green-256-gb/p/itm8f21ab157cc72?pid=MOBH7YZ94697Z9D6&lid=LSTMOBH7YZ94697Z9D61ANMBK&marketplace=FLIPKART&q=mobile+phones&store=tyy%2F4io&srno=s_14_325&otracker=search&otracker1=search&fm=Search&iid=b1620752-ed87-4c97-a7d8-87c89786b83f.MOBH7YZ94697Z9D6.SEARCH&ppt=sp&ppn=sp&ssid=8ghyoks0rk0000001753087922506&qH=a81ad6e72f7a2fd1,https://rukminim2.flixcart.com/image/312/312/xif0q/mobile/v/y/j/-original-imahe395ksjsqk4n.jpeg?q=70,Mobiles,Flipkart
"Apple iPhone 16 (Pink, 256 GB)",84900.0,4.6,793.0,https://www.flipkart.com/apple-iphone-16-pink-256-gb/p/itm0d8c695cded44?pid=MOBH4DQF28XAYM2S&lid=LSTMOBH4DQF28XAYM2S3JPA23&marketplace=FLIPKART&q=mobile+phones&store=tyy%2F4io&srno=s_14_326&otracker=search&otracker1=search&fm=Search&iid=b1620752-ed87-4c97-a7d8-87c89786b83f.MOBH4DQF28XAYM2S.SEARCH&ppt=sp&ppn=sp&ssid=8ghyoks0rk0000001753087922506&qH=a81ad6e72f7a2fd1,https://rukminim2.flixcart.com/image/312/312/xif0q/mobile/c/v/p/-original-imah4jyfcjgcghqs.jpeg?q=70,Mobiles,Flipkart
"Samsung Galaxy F06 5G (Lit Violet, 128 GB)",9999.0,4.1,1120.0,https://www.flipkart.com/samsung-galaxy-f06-5g-lit-violet-128-gb/p/itm140da3412b73b?pid=MOBH9AS4FA5RUHSY&lid=LSTMOBH9AS4FA5RUHSYIYVIFO&marketplace=FLIPKART&q=mobile+phones&store=tyy%2F4io&srno=s_14_327&otracker=search&otracker1=search&fm=Search&iid=b1620752-ed87-4c97-a7d8-87c89786b83f.MOBH9AS4FA5RUHSY.SEARCH&ppt=sp&ppn=sp&ssid=8ghyoks0rk0000001753087922506&qH=a81ad6e72f7a2fd1,https://rukminim2.flixcart.com/image/312/312/xif0q/mobile/2/u/t/-original-imahbk7pnjgxudgz.jpeg?q=70,Mobiles,Flipkart
"Samsung Galaxy S24 FE 5G (Graphite, 256 GB)",65999.0,4.5,964.0,https://www.flipkart.com/samsung-galaxy-s24-fe-5g-graphite-256-gb/p/itme960199e26f23?pid=MOBH4ZG3KPRR7HWZ&lid=LSTMOBH4ZG3KPRR7HWZWYHPPG&marketplace=FLIPKART&q=mobile+phones&store=tyy%2F4io&srno=s_14_328&otracker=search&otracker1=search&fm=Search&iid=b1620752-ed87-4c97-a7d8-87c89786b83f.MOBH4ZG3KPRR7HWZ.SEARCH&ppt=sp&ppn=sp&ssid=8ghyoks0rk0000001753087922506&qH=a81ad6e72f7a2fd1,https://rukminim2.flixcart.com/image/312/312/xif0q/mobile/n/y/y/-original-imahcfwmhfccryad.jpeg?q=70,Mobiles,Flipkart
"Samsung Galaxy S24 FE 5G (Blue, 128 GB)",59999.0,4.5,964.0,https://www.flipkart.com/samsung-galaxy-s24-fe-5g-blue-128-gb/p/itme960199e26f23?pid=MOBH4ZG3Z5NCBW2H&lid=LSTMOBH4ZG3Z5NCBW2HWQMO2K&marketplace=FLIPKART&q=mobile+phones&store=tyy%2F4io&srno=s_14_329&otracker=search&otracker1=search&fm=Search&iid=b1620752-ed87-4c97-a7d8-87c89786b83f.MOBH4ZG3Z5NCBW2H.SEARCH&ppt=sp&ppn=sp&ssid=8ghyoks0rk0000001753087922506&qH=a81ad6e72f7a2fd1,https://rukminim2.flixcart.com/image/312/312/xif0q/mobile/r/s/z/-original-imahcfwmdvbcgdzs.jpeg?q=70,Mobiles,Flipkart
"Samsung Galaxy M35 5G (Thunder Grey, 128 GB)",14990.0,4.4,1951.0,https://www.flipkart.com/samsung-galaxy-m35-5g-thunder-grey-128-gb/p/itm24a2a82cf1782?pid=MOBH2Z9HJYYQBFGD&lid=LSTMOBH2Z9HJYYQBFGDC9NUOL&marketplace=FLIPKART&q=mobile+phones&store=tyy%2F4io&srno=s_14_330&otracker=search&otracker1=search&fm=Search&iid=b1620752-ed87-4c97-a7d8-87c89786b83f.MOBH2Z9HJYYQBFGD.SEARCH&ppt=sp&ppn=sp&ssid=8ghyoks0rk0000001753087922506&qH=a81ad6e72f7a2fd1,https://rukminim2.flixcart.com/image/312/312/xif0q/mobile/g/d/d/-original-imah8pvv87hy3tsg.jpeg?q=70,Mobiles,Flipkart
"vivo T4 Ultra 5G (Phoenix Gold, 512 GB)",41999.0,4.5,87.0,https://www.flipkart.com/vivo-t4-ultra-5g-phoenix-gold-512-gb/p/itm9cfd8118c9ce0?pid=MOBHCJMRYAR6YGYJ&lid=LSTMOBHCJMRYAR6YGYJLHSORW&marketplace=FLIPKART&q=mobile+phones&store=tyy%2F4io&srno=s_14_331&otracker=search&otracker1=search&fm=Search&iid=b1620752-ed87-4c97-a7d8-87c89786b83f.MOBHCJMRYAR6YGYJ.SEARCH&ppt=sp&ppn=sp&ssid=8ghyoks0rk0000001753087922506&qH=a81ad6e72f7a2fd1,https://rukminim2.flixcart.com/image/312/312/xif0q/mobile/s/v/h/-original-imahd57g62dfepkh.jpeg?q=70,Mobiles,Flipkart
"Apple iPhone 16 Pro (Desert Titanium, 128 GB)",112900.0,4.6,124.0,https://www.flipkart.com/apple-iphone-16-pro-desert-titanium-128-gb/p/itm5a8453e89cbd4?pid=MOBH4DQFSDYNVH5U&lid=LSTMOBH4DQFSDYNVH5UFZYHLF&marketplace=FLIPKART&q=mobile+phones&store=tyy%2F4io&srno=s_14_332&otracker=search&otracker1=search&fm=Search&iid=b1620752-ed87-4c97-a7d8-87c89786b83f.MOBH4DQFSDYNVH5U.SEARCH&ppt=sp&ppn=sp&ssid=8ghyoks0rk0000001753087922506&qH=a81ad6e72f7a2fd1,https://rukminim2.flixcart.com/image/312/312/xif0q/mobile/7/d/z/-original-imah4jywfm9uuvzw.jpeg?q=70,Mobiles,Flipkart
"IQOO Z10 Lite 5G (Titanium Blue, 128 GB)",10633.0,4.5,2.0,https://www.flipkart.com/iqoo-z10-lite-5g-titanium-blue-128-gb/p/itmb57aad9fe876e?pid=MOBHDGDJNMMPPPMW&lid=LSTMOBHDGDJNMMPPPMWORJ9Q5&marketplace=FLIPKART&q=mobile+phones&store=tyy%2F4io&srno=s_14_333&otracker=search&otracker1=search&fm=Search&iid=b1620752-ed87-4c97-a7d8-87c89786b83f.MOBHDGDJNMMPPPMW.SEARCH&ppt=sp&ppn=sp&ssid=8ghyoks0rk0000001753087922506&qH=a81ad6e72f7a2fd1,https://rukminim2.flixcart.com/image/312/312/xif0q/mobile/u/e/j/z10-lite-5g-d2025a-iqoo-original-imahdgdjdvrhfy4r.jpeg?q=70,Mobiles,Flipkart
"vivo T3 Pro 5G (Sandstone Orange, 128 GB)",22999.0,4.5,5252.0,https://www.flipkart.com/vivo-t3-pro-5g-sandstone-orange-128-gb/p/itmcf52c1fcffbf3?pid=MOBH3XHRQD5Q3VRH&lid=LSTMOBH3XHRQD5Q3VRHT7EXXV&marketplace=FLIPKART&q=mobile+phones&store=tyy%2F4io&srno=s_14_334&otracker=search&otracker1=search&fm=Search&iid=b1620752-ed87-4c97-a7d8-87c89786b83f.MOBH3XHRQD5Q3VRH.SEARCH&ppt=sp&ppn=sp&ssid=8ghyoks0rk0000001753087922506&qH=a81ad6e72f7a2fd1,https://rukminim2.flixcart.com/image/312/312/xif0q/mobile/w/w/v/-original-imah924swck3m4tw.jpeg?q=70,Mobiles,Flipkart
"vivo T3 Pro 5G (Emerald Green, 256 GB)",24999.0,4.5,5252.0,https://www.flipkart.com/vivo-t3-pro-5g-emerald-green-256-gb/p/itmcf52c1fcffbf3?pid=MOBH3XHRUQMKBEZX&lid=LSTMOBH3XHRUQMKBEZXUBLAII&marketplace=FLIPKART&q=mobile+phones&store=tyy%2F4io&srno=s_14_335&otracker=search&otracker1=search&fm=Search&iid=b1620752-ed87-4c97-a7d8-87c89786b83f.MOBH3XHRUQMKBEZX.SEARCH&ppt=sp&ppn=sp&ssid=8ghyoks0rk0000001753087922506&qH=a81ad6e72f7a2fd1,https://rukminim2.flixcart.com/image/312/312/xif0q/mobile/w/f/o/-original-imah924rz8zzkr3y.jpeg?q=70,Mobiles,Flipkart
"Samsung Galaxy F16 5G (Bling Black, 128 GB)",15499.0,4.2,131.0,https://www.flipkart.com/samsung-galaxy-f16-5g-bling-black-128-gb/p/itmc78bc1cee0259?pid=MOBH9ASGP3ZH2AF7&lid=LSTMOBH9ASGP3ZH2AF7G11WXL&marketplace=FLIPKART&q=mobile+phones&store=tyy%2F4io&srno=s_14_336&otracker=search&otracker1=search&fm=Search&iid=b1620752-ed87-4c97-a7d8-87c89786b83f.MOBH9ASGP3ZH2AF7.SEARCH&ppt=sp&ppn=sp&ssid=8ghyoks0rk0000001753087922506&qH=a81ad6e72f7a2fd1,https://rukminim2.flixcart.com/image/312/312/xif0q/mobile/0/p/e/-original-imahcreftgm2kxjh.jpeg?q=70,Mobiles,Flipkart
"POCO F7 5G (Cyber Silver Edition, 256 GB)",31999.0,4.4,541.0,https://www.flipkart.com/poco-f7-5g-cyber-silver-edition-256-gb/p/itm0a92514f731ea?pid=MOBHCY2UKRWAA6TH&lid=LSTMOBHCY2UKRWAA6THFGSJWF&marketplace=FLIPKART&q=mobile+phones&store=tyy%2F4io&srno=s_15_337&otracker=search&otracker1=search&fm=Search&iid=2a6d8db9-bd66-4ab7-8a46-565c7e309085.MOBHCY2UKRWAA6TH.SEARCH&ppt=sp&ppn=sp&ssid=wset0fgrps0000001753087933323&qH=a81ad6e72f7a2fd1,https://rukminim2.flixcart.com/image/312/312/xif0q/mobile/w/2/d/-original-imahdpu7ndangb4q.jpeg?q=70,Mobiles,Flipkart
"Infinix Note 50s 5G+ (Burgundy Red, 128 GB)",14999.0,4.4,59.0,https://www.flipkart.com/infinix-note-50s-5g-burgundy-red-128-gb/p/itmfbc62747a37e7?pid=MOBHD6FJZZHXYJFG&lid=LSTMOBHD6FJZZHXYJFGCASJQG&marketplace=FLIPKART&q=mobile+phones&store=tyy%2F4io&srno=s_15_340&otracker=search&otracker1=search&fm=Search&iid=2a6d8db9-bd66-4ab7-8a46-565c7e309085.MOBHD6FJZZHXYJFG.SEARCH&ppt=sp&ppn=sp&ssid=wset0fgrps0000001753087933323&qH=a81ad6e72f7a2fd1,https://rukminim2.flixcart.com/image/312/312/xif0q/mobile/x/z/r/-original-imahdg6skhhb5yeg.jpeg?q=70,Mobiles,Flipkart
"Apple iPhone 15 (Green, 128 GB)",64900.0,4.6,9380.0,https://www.flipkart.com/apple-iphone-15-green-128-gb/p/itm235cd318bde73?pid=MOBGTAGPYYWZRUJX&lid=LSTMOBGTAGPYYWZRUJXRK8B5V&marketplace=FLIPKART&q=mobile+phones&store=tyy%2F4io&srno=s_15_341&otracker=search&otracker1=search&fm=Search&iid=2a6d8db9-bd66-4ab7-8a46-565c7e309085.MOBGTAGPYYWZRUJX.SEARCH&ppt=sp&ppn=sp&ssid=wset0fgrps0000001753087933323&qH=a81ad6e72f7a2fd1,https://rukminim2.flixcart.com/image/312/312/xif0q/mobile/j/z/3/-original-imagtc5fqyz8tu4c.jpeg?q=70,Mobiles,Flipkart
"realme P2 Pro 5G (Parrot Green, 128 GB)",17999.0,4.4,1225.0,https://www.flipkart.com/realme-p2-pro-5g-parrot-green-128-gb/p/itm53d39fff9f20c?pid=MOBH45GSFFNCGSGR&lid=LSTMOBH45GSFFNCGSGRZYQX51&marketplace=FLIPKART&q=mobile+phones&store=tyy%2F4io&srno=s_15_342&otracker=search&otracker1=search&fm=Search&iid=2a6d8db9-bd66-4ab7-8a46-565c7e309085.MOBH45GSFFNCGSGR.SEARCH&ppt=sp&ppn=sp&ssid=wset0fgrps0000001753087933323&qH=a81ad6e72f7a2fd1,https://rukminim2.flixcart.com/image/312/312/xif0q/mobile/p/y/k/-original-imah4t2mazqcnkrh.jpeg?q=70,Mobiles,Flipkart
"Nothing Phone (3a) Pro (Black, 256 GB)",33999.0,4.5,196.0,https://www.flipkart.com/nothing-phone-3a-pro-black-256-gb/p/itm04daaef6652d4?pid=MOBH8G3PUAQERBYU&lid=LSTMOBH8G3PUAQERBYUF6040H&marketplace=FLIPKART&q=mobile+phones&store=tyy%2F4io&srno=s_15_343&otracker=search&otracker1=search&fm=Search&iid=2a6d8db9-bd66-4ab7-8a46-565c7e309085.MOBH8G3PUAQERBYU.SEARCH&ppt=sp&ppn=sp&ssid=wset0fgrps0000001753087933323&qH=a81ad6e72f7a2fd1,https://rukminim2.flixcart.com/image/312/312/xif0q/mobile/7/b/7/-original-imahcfcfhkzhngeb.jpeg?q=70,Mobiles,Flipkart
"realme P3 Pro 5G (Saturn Brown, 256 GB)",20999.0,4.4,510.0,https://www.flipkart.com/realme-p3-pro-5g-saturn-brown-256-gb/p/itme2d563c696f88?pid=MOBH8VGVHB5WSJDX&lid=LSTMOBH8VGVHB5WSJDXF0NYC4&marketplace=FLIPKART&q=mobile+phones&store=tyy%2F4io&srno=s_15_344&otracker=search&otracker1=search&fm=Search&iid=2a6d8db9-bd66-4ab7-8a46-565c7e309085.MOBH8VGVHB5WSJDX.SEARCH&ppt=sp&ppn=sp&ssid=wset0fgrps0000001753087933323&qH=a81ad6e72f7a2fd1,https://rukminim2.flixcart.com/image/312/312/xif0q/mobile/g/o/i/-original-imah9m58ghhbxz4k.jpeg?q=70,Mobiles,Flipkart
"Google Pixel 8a (Obsidian, 128 GB)",37999.0,4.3,567.0,https://www.flipkart.com/google-pixel-8a-obsidian-128-gb/p/itm5c791e407a330?pid=MOBGYQ2MNHZWXRNY&lid=LSTMOBGYQ2MNHZWXRNYGSN6LA&marketplace=FLIPKART&q=mobile+phones&store=tyy%2F4io&srno=s_15_345&otracker=search&otracker1=search&fm=Search&iid=2a6d8db9-bd66-4ab7-8a46-565c7e309085.MOBGYQ2MNHZWXRNY.SEARCH&ppt=sp&ppn=sp&ssid=wset0fgrps0000001753087933323&qH=a81ad6e72f7a2fd1,https://rukminim2.flixcart.com/image/312/312/xif0q/mobile/e/y/n/pixel-8a-ga04432-in-google-original-imahyn3mqzdbzywg.jpeg?q=70,Mobiles,Flipkart
"Infinix Note 50x 5G+ (Titanium Grey, 128 GB)",12999.0,4.3,254.0,https://www.flipkart.com/infinix-note-50x-5g-titanium-grey-128-gb/p/itm094fc01ad674b?pid=MOBHAYMDQBGZHY8C&lid=LSTMOBHAYMDQBGZHY8C63FLV8&marketplace=FLIPKART&q=mobile+phones&store=tyy%2F4io&srno=s_15_346&otracker=search&otracker1=search&fm=Search&iid=2a6d8db9-bd66-4ab7-8a46-565c7e309085.MOBHAYMDQBGZHY8C.SEARCH&ppt=sp&ppn=sp&ssid=wset0fgrps0000001753087933323&qH=a81ad6e72f7a2fd1,https://rukminim2.flixcart.com/image/312/312/xif0q/mobile/k/1/y/-original-imahdg5wy6gyskwt.jpeg?q=70,Mobiles,Flipkart
"Google Pixel 9A (Porcelain, 256 GB)",49999.0,4.5,164.0,https://www.flipkart.com/google-pixel-9a-porcelain-256-gb/p/itmfe749ceddac9a?pid=MOBH9YME35EYPV4K&lid=LSTMOBH9YME35EYPV4K5K7UZW&marketplace=FLIPKART&q=mobile+phones&store=tyy%2F4io&srno=s_15_347&otracker=search&otracker1=search&fm=Search&iid=2a6d8db9-bd66-4ab7-8a46-565c7e309085.MOBH9YME35EYPV4K.SEARCH&ppt=sp&ppn=sp&ssid=wset0fgrps0000001753087933323&qH=a81ad6e72f7a2fd1,https://rukminim2.flixcart.com/image/312/312/xif0q/mobile/0/q/f/-original-imahadxg8mgjzrfh.jpeg?q=70,Mobiles,Flipkart
"MOTOROLA Edge 60 Pro (Pantone Sparkling Grape, 256 GB)",33999.0,4.4,498.0,https://www.flipkart.com/motorola-edge-60-pro-pantone-sparkling-grape-256-gb/p/itm26341e4d28553?pid=MOBH9C9JFZTVJP87&lid=LSTMOBH9C9JFZTVJP87EGKIZI&marketplace=FLIPKART&q=mobile+phones&store=tyy%2F4io&srno=s_15_349&otracker=search&otracker1=search&fm=Search&iid=2a6d8db9-bd66-4ab7-8a46-565c7e309085.MOBH9C9JFZTVJP87.SEARCH&ppt=sp&ppn=sp&ssid=wset0fgrps0000001753087933323&qH=a81ad6e72f7a2fd1,https://rukminim2.flixcart.com/image/312/312/xif0q/mobile/x/a/x/-original-imahcrpwkdh2gbbs.jpeg?q=70,Mobiles,Flipkart
"REDMI A5 (Just Black, 128 GB)",7499.0,4.2,83.0,https://www.flipkart.com/redmi-a5-just-black-128-gb/p/itm2b4357effaa74?pid=MOBHB2HGCWUUBBUM&lid=LSTMOBHB2HGCWUUBBUM6AASGI&marketplace=FLIPKART&q=mobile+phones&store=tyy%2F4io&srno=s_15_350&otracker=search&otracker1=search&fm=Search&iid=2a6d8db9-bd66-4ab7-8a46-565c7e309085.MOBHB2HGCWUUBBUM.SEARCH&ppt=sp&ppn=sp&ssid=wset0fgrps0000001753087933323&qH=a81ad6e72f7a2fd1,https://rukminim2.flixcart.com/image/312/312/xif0q/mobile/p/4/r/-original-imahb56zdgszp7tg.jpeg?q=70,Mobiles,Flipkart
"realme 14 Pro 5G (Pearl White, 128 GB)",24999.0,4.4,803.0,https://www.flipkart.com/realme-14-pro-5g-pearl-white-128-gb/p/itm654c5269620d2?pid=MOBH84ZXVGGGTHUP&lid=LSTMOBH84ZXVGGGTHUPUXGXHN&marketplace=FLIPKART&q=mobile+phones&store=tyy%2F4io&srno=s_15_353&otracker=search&otracker1=search&fm=Search&iid=2a6d8db9-bd66-4ab7-8a46-565c7e309085.MOBH84ZXVGGGTHUP.SEARCH&ppt=sp&ppn=sp&ssid=wset0fgrps0000001753087933323&qH=a81ad6e72f7a2fd1,https://rukminim2.flixcart.com/image/312/312/xif0q/mobile/z/v/s/-original-imah8ffzujxhgzpu.jpeg?q=70,Mobiles,Flipkart
"IQOO Z10 Lite 5G (Cyber Green, 128 GB)",11683.0,4.1,4.0,https://www.flipkart.com/iqoo-z10-lite-5g-cyber-green-128-gb/p/itmb57aad9fe876e?pid=MOBHDGDJZ722TWVH&lid=LSTMOBHDGDJZ722TWVH9R3JKI&marketplace=FLIPKART&q=mobile+phones&store=tyy%2F4io&srno=s_15_354&otracker=search&otracker1=search&fm=Search&iid=2a6d8db9-bd66-4ab7-8a46-565c7e309085.MOBHDGDJZ722TWVH.SEARCH&ppt=sp&ppn=sp&ssid=wset0fgrps0000001753087933323&qH=a81ad6e72f7a2fd1,https://rukminim2.flixcart.com/image/312/312/xif0q/mobile/3/n/f/z10-lite-5g-d2025a-iqoo-original-imahdgdjaxfgxnm3.jpeg?q=70,Mobiles,Flipkart
"IQOO Z10X 5G (Titanium, 256 GB)",16700.0,4.3,46.0,https://www.flipkart.com/iqoo-z10x-5g-titanium-256-gb/p/itmfddcdf7717452?pid=MOBHBGRHXR7ZUFHB&lid=LSTMOBHBGRHXR7ZUFHBOWF2W7&marketplace=FLIPKART&q=mobile+phones&store=tyy%2F4io&srno=s_15_355&otracker=search&otracker1=search&fm=Search&iid=2a6d8db9-bd66-4ab7-8a46-565c7e309085.MOBHBGRHXR7ZUFHB.SEARCH&ppt=sp&ppn=sp&ssid=wset0fgrps0000001753087933323&qH=a81ad6e72f7a2fd1,https://rukminim2.flixcart.com/image/312/312/xif0q/mobile/7/l/0/z10x-5g-i2404-iqoo-original-imahbngzhft7qyux.jpeg?q=70,Mobiles,Flipkart
"vivo T3 Pro 5G (Sandstone Orange, 256 GB)",24999.0,4.5,5252.0,https://www.flipkart.com/vivo-t3-pro-5g-sandstone-orange-256-gb/p/itmcf52c1fcffbf3?pid=MOBH3XHR46RHEMVH&lid=LSTMOBH3XHR46RHEMVHQKBFEZ&marketplace=FLIPKART&q=mobile+phones&store=tyy%2F4io&srno=s_15_358&otracker=search&otracker1=search&fm=Search&iid=2a6d8db9-bd66-4ab7-8a46-565c7e309085.MOBH3XHR46RHEMVH.SEARCH&ppt=sp&ppn=sp&ssid=wset0fgrps0000001753087933323&qH=a81ad6e72f7a2fd1,https://rukminim2.flixcart.com/image/312/312/xif0q/mobile/w/w/v/-original-imah924swck3m4tw.jpeg?q=70,Mobiles,Flipkart
"Nokia 110 4G Dual Sim, Keypad Mobile, Wireless FM Radio and Rear Camera",2370.0,4.0,69.0,https://www.flipkart.com/nokia-110-4g-dual-sim-keypad-mobile-wireless-fm-radio-rear-camera/p/itmf709aad2c5bf2?pid=MOBGRH6YJQYAPBU5&lid=LSTMOBGRH6YJQYAPBU5FTKBPD&marketplace=FLIPKART&q=mobile+phones&store=tyy%2F4io&srno=s_15_359&otracker=search&otracker1=search&fm=Search&iid=2a6d8db9-bd66-4ab7-8a46-565c7e309085.MOBGRH6YJQYAPBU5.SEARCH&ppt=sp&ppn=sp&ssid=wset0fgrps0000001753087933323&qH=a81ad6e72f7a2fd1,https://rukminim2.flixcart.com/image/312/312/xif0q/mobile/j/e/m/110-4g-dual-sim-keypad-mobile-wireless-fm-radio-and-rear-camera-original-imah47qypgmfcdsy.jpeg?q=70,Mobiles,Flipkart
Nokia 106,999.0,4.1,1111.0,https://www.flipkart.com/nokia-106/p/itmfcyw3prg7xvrs?pid=MOBFCYHEXUT5HZFF&lid=LSTMOBFCYHEXUT5HZFFJOHQX5&marketplace=FLIPKART&q=mobile+phones&store=tyy%2F4io&srno=s_15_360&otracker=search&otracker1=search&fm=Search&iid=2a6d8db9-bd66-4ab7-8a46-565c7e309085.MOBFCYHEXUT5HZFF.SEARCH&ppt=sp&ppn=sp&ssid=wset0fgrps0000001753087933323&qH=a81ad6e72f7a2fd1,https://rukminim2.flixcart.com/image/312/312/xif0q/mobile/w/p/m/106-ta-1114-nokia-106-ds-nokia-original-imah54f8zjgkcygz.jpeg?q=70,Mobiles,Flipkart
"POCO X7 Pro 5G (Yellow, 256 GB)",23999.0,4.3,1127.0,https://www.flipkart.com/poco-x7-pro-5g-yellow-256-gb/p/itm0a066ed95064a?pid=MOBH7YZ9J6QGZZEQ&lid=LSTMOBH7YZ9J6QGZZEQCBSSSP&marketplace=FLIPKART&q=mobile+phones&store=tyy%2F4io&srno=s_16_361&otracker=search&otracker1=search&fm=Search&iid=063ca73b-034f-49ce-abbd-42b43c4da71d.MOBH7YZ9J6QGZZEQ.SEARCH&ppt=sp&ppn=sp&ssid=j3ipelsou80000001753087943915&qH=a81ad6e72f7a2fd1,https://rukminim2.flixcart.com/image/312/312/xif0q/mobile/m/l/q/-original-imahe3952pkacby5.jpeg?q=70,Mobiles,Flipkart
"realme 14x 5G (Crystal Black, 128 GB)",14999.0,4.3,503.0,https://www.flipkart.com/realme-14x-5g-crystal-black-128-gb/p/itmb45ae2fd70ae9?pid=MOBH6YGY3S7ZQHHF&lid=LSTMOBH6YGY3S7ZQHHF0FTWUD&marketplace=FLIPKART&q=mobile+phones&store=tyy%2F4io&srno=s_16_362&otracker=search&otracker1=search&fm=Search&iid=063ca73b-034f-49ce-abbd-42b43c4da71d.MOBH6YGY3S7ZQHHF.SEARCH&ppt=sp&ppn=sp&ssid=j3ipelsou80000001753087943915&qH=a81ad6e72f7a2fd1,https://rukminim2.flixcart.com/image/312/312/xif0q/mobile/k/q/c/-original-imah7hyn4rxguugv.jpeg?q=70,Mobiles,Flipkart
"realme 14x 5G (Jewel Red, 128 GB)",15999.0,4.4,311.0,https://www.flipkart.com/realme-14x-5g-jewel-red-128-gb/p/itmb45ae2fd70ae9?pid=MOBH6YGYKTENTGZZ&lid=LSTMOBH6YGYKTENTGZZOCLIKU&marketplace=FLIPKART&q=mobile+phones&store=tyy%2F4io&srno=s_16_363&otracker=search&otracker1=search&fm=Search&iid=063ca73b-034f-49ce-abbd-42b43c4da71d.MOBH6YGYKTENTGZZ.SEARCH&ppt=sp&ppn=sp&ssid=j3ipelsou80000001753087943915&qH=a81ad6e72f7a2fd1,https://rukminim2.flixcart.com/image/312/312/xif0q/mobile/m/o/0/-original-imah7hynvzxzyzjz.jpeg?q=70,Mobiles,Flipkart
"realme 14x 5G (Golden Glow, 128 GB)",14999.0,4.3,503.0,https://www.flipkart.com/realme-14x-5g-golden-glow-128-gb/p/itmb45ae2fd70ae9?pid=MOBH6YGYZ8KGGRMU&lid=LSTMOBH6YGYZ8KGGRMUQJOEMR&marketplace=FLIPKART&q=mobile+phones&store=tyy%2F4io&srno=s_16_364&otracker=search&otracker1=search&fm=Search&iid=063ca73b-034f-49ce-abbd-42b43c4da71d.MOBH6YGYZ8KGGRMU.SEARCH&ppt=sp&ppn=sp&ssid=j3ipelsou80000001753087943915&qH=a81ad6e72f7a2fd1,https://rukminim2.flixcart.com/image/312/312/xif0q/mobile/s/z/t/-original-imah7hynztfzdgp9.jpeg?q=70,Mobiles,Flipkart
"realme 14x 5G (Crystal Black, 128 GB)",15999.0,4.4,311.0,https://www.flipkart.com/realme-14x-5g-crystal-black-128-gb/p/itmb45ae2fd70ae9?pid=MOBH6YGYVJH2M9FQ&lid=LSTMOBH6YGYVJH2M9FQGZVZ1Z&marketplace=FLIPKART&q=mobile+phones&store=tyy%2F4io&srno=s_16_365&otracker=search&otracker1=search&fm=Search&iid=063ca73b-034f-49ce-abbd-42b43c4da71d.MOBH6YGYVJH2M9FQ.SEARCH&ppt=sp&ppn=sp&ssid=j3ipelsou80000001753087943915&qH=a81ad6e72f7a2fd1,https://rukminim2.flixcart.com/image/312/312/xif0q/mobile/k/q/c/-original-imah7hyn4rxguugv.jpeg?q=70,Mobiles,Flipkart
"realme 14x 5G (Golden Glow, 128 GB)",15999.0,4.4,311.0,https://www.flipkart.com/realme-14x-5g-golden-glow-128-gb/p/itmb45ae2fd70ae9?pid=MOBH6YGYHPYHHJWK&lid=LSTMOBH6YGYHPYHHJWKQMFFGP&marketplace=FLIPKART&q=mobile+phones&store=tyy%2F4io&srno=s_16_366&otracker=search&otracker1=search&fm=Search&iid=063ca73b-034f-49ce-abbd-42b43c4da71d.MOBH6YGYHPYHHJWK.SEARCH&ppt=sp&ppn=sp&ssid=j3ipelsou80000001753087943915&qH=a81ad6e72f7a2fd1,https://rukminim2.flixcart.com/image/312/312/xif0q/mobile/s/z/t/-original-imah7hynztfzdgp9.jpeg?q=70,Mobiles,Flipkart
"OPPO Reno14 5G (Pearl White, 256 GB)",37999.0,4.4,87.0,https://www.flipkart.com/oppo-reno14-5g-pearl-white-256-gb/p/itm4d9e853eee6cf?pid=MOBHDDQ9VFGH23ZW&lid=LSTMOBHDDQ9VFGH23ZWIXFHWS&marketplace=FLIPKART&q=mobile+phones&store=tyy%2F4io&srno=s_16_367&otracker=search&otracker1=search&fm=Search&iid=063ca73b-034f-49ce-abbd-42b43c4da71d.MOBHDDQ9VFGH23ZW.SEARCH&ppt=sp&ppn=sp&ssid=j3ipelsou80000001753087943915&qH=a81ad6e72f7a2fd1,https://rukminim2.flixcart.com/image/312/312/xif0q/mobile/a/u/k/-original-imahdzg7pc55yuzy.jpeg?q=70,Mobiles,Flipkart
"Google Pixel 9A (Iris, 256 GB)",49999.0,4.5,164.0,https://www.flipkart.com/google-pixel-9a-iris-256-gb/p/itmb2ce6b5391689?pid=MOBH9YMEHJC9NHHY&lid=LSTMOBH9YMEHJC9NHHYJIL7SI&marketplace=FLIPKART&q=mobile+phones&store=tyy%2F4io&srno=s_16_368&otracker=search&otracker1=search&fm=Search&iid=063ca73b-034f-49ce-abbd-42b43c4da71d.MOBH9YMEHJC9NHHY.SEARCH&ppt=sp&ppn=sp&ssid=j3ipelsou80000001753087943915&qH=a81ad6e72f7a2fd1,https://rukminim2.flixcart.com/image/312/312/xif0q/mobile/c/3/2/-original-imahadxgjufkypv5.jpeg?q=70,Mobiles,Flipkart
"OPPO Reno14 5G (Forest Green, 256 GB)",37999.0,4.4,87.0,https://www.flipkart.com/oppo-reno14-5g-forest-green-256-gb/p/itm4d9e853eee6cf?pid=MOBHDDQ95MNGEZSJ&lid=LSTMOBHDDQ95MNGEZSJGGWO5W&marketplace=FLIPKART&q=mobile+phones&store=tyy%2F4io&srno=s_16_369&otracker=search&otracker1=search&fm=Search&iid=063ca73b-034f-49ce-abbd-42b43c4da71d.MOBHDDQ95MNGEZSJ.SEARCH&ppt=sp&ppn=sp&ssid=j3ipelsou80000001753087943915&qH=a81ad6e72f7a2fd1,https://rukminim2.flixcart.com/image/312/312/xif0q/mobile/k/w/c/-original-imahdzg7rrpztry8.jpeg?q=70,Mobiles,Flipkart
"POCO M6 Plus 5G (Misty Lavender, 128 GB)",11499.0,4.2,716.0,https://www.flipkart.com/poco-m6-plus-5g-misty-lavender-128-gb/p/itm2497fcb50d435?pid=MOBH2M2DHHW3SGGP&lid=LSTMOBH2M2DHHW3SGGPLBTU5T&marketplace=FLIPKART&q=mobile+phones&store=tyy%2F4io&srno=s_16_370&otracker=search&otracker1=search&fm=Search&iid=063ca73b-034f-49ce-abbd-42b43c4da71d.MOBH2M2DHHW3SGGP.SEARCH&ppt=sp&ppn=sp&ssid=j3ipelsou80000001753087943915&qH=a81ad6e72f7a2fd1,https://rukminim2.flixcart.com/image/312/312/xif0q/mobile/9/b/n/-original-imah3afnqj84usyy.jpeg?q=70,Mobiles,Flipkart
"Nothing Phone (3a) Pro (Black, 256 GB)",31999.0,4.5,519.0,https://www.flipkart.com/nothing-phone-3a-pro-black-256-gb/p/itm04daaef6652d4?pid=MOBH8G3PGBUAQDJ7&lid=LSTMOBH8G3PGBUAQDJ7MTNYQQ&marketplace=FLIPKART&q=mobile+phones&store=tyy%2F4io&srno=s_16_371&otracker=search&otracker1=search&fm=Search&iid=063ca73b-034f-49ce-abbd-42b43c4da71d.MOBH8G3PGBUAQDJ7.SEARCH&ppt=sp&ppn=sp&ssid=j3ipelsou80000001753087943915&qH=a81ad6e72f7a2fd1,https://rukminim2.flixcart.com/image/312/312/xif0q/mobile/7/b/7/-original-imahcfcfhkzhngeb.jpeg?q=70,Mobiles,Flipkart
"Nothing Phone (3a) Pro (Grey, 256 GB)",31999.0,4.5,519.0,https://www.flipkart.com/nothing-phone-3a-pro-grey-256-gb/p/itm04daaef6652d4?pid=MOBH8G3P3RMQPHRZ&lid=LSTMOBH8G3P3RMQPHRZVSZKBK&marketplace=FLIPKART&q=mobile+phones&store=tyy%2F4io&srno=s_16_372&otracker=search&otracker1=search&fm=Search&iid=063ca73b-034f-49ce-abbd-42b43c4da71d.MOBH8G3P3RMQPHRZ.SEARCH&ppt=sp&ppn=sp&ssid=j3ipelsou80000001753087943915&qH=a81ad6e72f7a2fd1,https://rukminim2.flixcart.com/image/312/312/xif0q/mobile/c/u/k/-original-imahcfcfbwzmrecy.jpeg?q=70,Mobiles,Flipkart
"Nothing Phone (3a) Pro (Black, 128 GB)",29999.0,4.5,519.0,https://www.flipkart.com/nothing-phone-3a-pro-black-128-gb/p/itm04daaef6652d4?pid=MOBH8G3PJAAHAJFG&lid=LSTMOBH8G3PJAAHAJFGSJDK8E&marketplace=FLIPKART&q=mobile+phones&store=tyy%2F4io&srno=s_16_373&otracker=search&otracker1=search&fm=Search&iid=063ca73b-034f-49ce-abbd-42b43c4da71d.MOBH8G3PJAAHAJFG.SEARCH&ppt=sp&ppn=sp&ssid=j3ipelsou80000001753087943915&qH=a81ad6e72f7a2fd1,https://rukminim2.flixcart.com/image/312/312/xif0q/mobile/7/b/7/-original-imahcfcfhkzhngeb.jpeg?q=70,Mobiles,Flipkart
MOTOROLA A200,1287.0,3.6,11.0,https://www.flipkart.com/motorola-a200/p/itm8e7748cafb012?pid=MOBHBPUBAQAYGVZN&lid=LSTMOBHBPUBAQAYGVZNBHIRE1&marketplace=FLIPKART&q=mobile+phones&store=tyy%2F4io&srno=s_16_374&otracker=search&otracker1=search&fm=Search&iid=063ca73b-034f-49ce-abbd-42b43c4da71d.MOBHBPUBAQAYGVZN.SEARCH&ppt=sp&ppn=sp&ssid=j3ipelsou80000001753087943915&qH=a81ad6e72f7a2fd1,https://rukminim2.flixcart.com/image/312/312/xif0q/mobile/d/o/b/a200-a200-motorola-original-imahcz26bwygqr5k.jpeg?q=70,Mobiles,Flipkart
"realme P2 Pro 5G (Eagle Grey, 128 GB)",17999.0,4.4,1225.0,https://www.flipkart.com/realme-p2-pro-5g-eagle-grey-128-gb/p/itm53d39fff9f20c?pid=MOBH45GSVQYKK5ME&lid=LSTMOBH45GSVQYKK5MEEHVA5L&marketplace=FLIPKART&q=mobile+phones&store=tyy%2F4io&srno=s_16_375&otracker=search&otracker1=search&fm=Search&iid=063ca73b-034f-49ce-abbd-42b43c4da71d.MOBH45GSVQYKK5ME.SEARCH&ppt=sp&ppn=sp&ssid=j3ipelsou80000001753087943915&qH=a81ad6e72f7a2fd1,https://rukminim2.flixcart.com/image/312/312/xif0q/mobile/6/1/v/-original-imah5f2tqawgznhv.jpeg?q=70,Mobiles,Flipkart
"Nokia 106 4G Keypad Mobile, Long-Lasting Battery, MicroSD Card Slot",2179.0,3.9,265.0,https://www.flipkart.com/nokia-106-4g-keypad-mobile-long-lasting-battery-microsd-card-slot/p/itm26e93118a39bb?pid=MOBGQFVGQCSST23U&lid=LSTMOBGQFVGQCSST23UOSF2CZ&marketplace=FLIPKART&q=mobile+phones&store=tyy%2F4io&srno=s_16_376&otracker=search&otracker1=search&fm=Search&iid=063ca73b-034f-49ce-abbd-42b43c4da71d.MOBGQFVGQCSST23U.SEARCH&ppt=sp&ppn=sp&ssid=j3ipelsou80000001753087943915&qH=a81ad6e72f7a2fd1,https://rukminim2.flixcart.com/image/312/312/xif0q/mobile/m/x/b/106-4g-keypad-mobile-long-lasting-battery-microsd-card-slot-ta-original-imah45y7jzc7qqgk.jpeg?q=70,Mobiles,Flipkart
"Apple iPhone 16 Plus (Teal, 128 GB)",84900.0,4.6,171.0,https://www.flipkart.com/apple-iphone-16-plus-teal-128-gb/p/itmfa939eebe8adf?pid=MOBH4DQFEUZVMK6G&lid=LSTMOBH4DQFEUZVMK6GOZPF2R&marketplace=FLIPKART&q=mobile+phones&store=tyy%2F4io&srno=s_16_377&otracker=search&otracker1=search&fm=Search&iid=063ca73b-034f-49ce-abbd-42b43c4da71d.MOBH4DQFEUZVMK6G.SEARCH&ppt=sp&ppn=sp&ssid=j3ipelsou80000001753087943915&qH=a81ad6e72f7a2fd1,https://rukminim2.flixcart.com/image/312/312/xif0q/mobile/t/8/p/-original-imah4jykf9e4a244.jpeg?q=70,Mobiles,Flipkart
"Motorola g45 5G (Pink Lavender, 128 GB)",11999.0,4.3,9857.0,https://www.flipkart.com/motorola-g45-5g-pink-lavender-128-gb/p/itm05b073cdff8e4?pid=MOBH7YRVGHWQTSFK&lid=LSTMOBH7YRVGHWQTSFKJAMMRG&marketplace=FLIPKART&q=mobile+phones&store=tyy%2F4io&srno=s_16_378&otracker=search&otracker1=search&fm=Search&iid=063ca73b-034f-49ce-abbd-42b43c4da71d.MOBH7YRVGHWQTSFK.SEARCH&ppt=sp&ppn=sp&ssid=j3ipelsou80000001753087943915&qH=a81ad6e72f7a2fd1,https://rukminim2.flixcart.com/image/312/312/xif0q/mobile/4/8/0/-original-imah8hd5nq8332tm.jpeg?q=70,Mobiles,Flipkart
"realme P1 Speed 5G (Textured Titanium, 128 GB)",14999.0,4.3,269.0,https://www.flipkart.com/realme-p1-speed-5g-textured-titanium-128-gb/p/itm043baaa17426f?pid=MOBH4TV9RBEGXZ9W&lid=LSTMOBH4TV9RBEGXZ9WF8VW92&marketplace=FLIPKART&q=mobile+phones&store=tyy%2F4io&srno=s_16_379&otracker=search&otracker1=search&fm=Search&iid=063ca73b-034f-49ce-abbd-42b43c4da71d.MOBH4TV9RBEGXZ9W.SEARCH&ppt=sp&ppn=sp&ssid=j3ipelsou80000001753087943915&qH=a81ad6e72f7a2fd1,https://rukminim2.flixcart.com/image/312/312/xif0q/mobile/c/n/3/-original-imah5m3q8hckjpsn.jpeg?q=70,Mobiles,Flipkart
"OnePlus 13R 5G (Astral Trail, 512 GB)",43999.0,4.5,68.0,https://www.flipkart.com/oneplus-13r-5g-astral-trail-512-gb/p/itmff6561809fab8?pid=MOBH8HFJPKRUT2VM&lid=LSTMOBH8HFJPKRUT2VMGAVKOW&marketplace=FLIPKART&q=mobile+phones&store=tyy%2F4io&srno=s_16_380&otracker=search&otracker1=search&fm=Search&iid=063ca73b-034f-49ce-abbd-42b43c4da71d.MOBH8HFJPKRUT2VM.SEARCH&ppt=sp&ppn=sp&ssid=j3ipelsou80000001753087943915&qH=a81ad6e72f7a2fd1,https://rukminim2.flixcart.com/image/312/312/xif0q/mobile/p/t/z/-original-imah8vc2pmypfpnn.jpeg?q=70,Mobiles,Flipkart
"MOTOROLA Edge 50 (Peach Fuzz, 256 GB)",21999.0,4.3,2806.0,https://www.flipkart.com/motorola-edge-50-peach-fuzz-256-gb/p/itmbb9d98d3f286b?pid=MOBH2Q5YS97TYGFJ&lid=LSTMOBH2Q5YS97TYGFJQS8C5F&marketplace=FLIPKART&q=mobile+phones&store=tyy%2F4io&srno=s_16_383&otracker=search&otracker1=search&fm=Search&iid=063ca73b-034f-49ce-abbd-42b43c4da71d.MOBH2Q5YS97TYGFJ.SEARCH&ppt=sp&ppn=sp&ssid=j3ipelsou80000001753087943915&qH=a81ad6e72f7a2fd1,https://rukminim2.flixcart.com/image/312/312/xif0q/mobile/o/m/y/edge-50-pb2w0002in-motorola-original-imah3ancahezgjzh.jpeg?q=70,Mobiles,Flipkart
"Samsung Galaxy A35 5G (Awesome Navy, 128 GB)",21999.0,4.3,1381.0,https://www.flipkart.com/samsung-galaxy-a35-5g-awesome-navy-128-gb/p/itm12fccc5bfbaac?pid=MOBGYT2HGFKNMSZQ&lid=LSTMOBGYT2HGFKNMSZQZQCIPS&marketplace=FLIPKART&q=mobile+phones&store=tyy%2F4io&srno=s_16_384&otracker=search&otracker1=search&fm=Search&iid=063ca73b-034f-49ce-abbd-42b43c4da71d.MOBGYT2HGFKNMSZQ.SEARCH&ppt=sp&ppn=sp&ssid=j3ipelsou80000001753087943915&qH=a81ad6e72f7a2fd1,https://rukminim2.flixcart.com/image/312/312/xif0q/mobile/w/g/h/-original-imahbzknzpd3zwrv.jpeg?q=70,Mobiles,Flipkart
"realme 14 Pro 5G (Suede Grey, 256 GB)",26999.0,4.4,803.0,https://www.flipkart.com/realme-14-pro-5g-suede-grey-256-gb/p/itm654c5269620d2?pid=MOBH84ZXKC8R5DDP&lid=LSTMOBH84ZXKC8R5DDPLRAWZO&marketplace=FLIPKART&q=mobile+phones&store=tyy%2F4io&srno=s_17_385&otracker=search&otracker1=search&fm=Search&iid=29acadd6-675d-4fbd-b6d4-17adbf815adc.MOBH84ZXKC8R5DDP.SEARCH&ppt=sp&ppn=sp&ssid=i1kz7bblo00000001753087954629&qH=a81ad6e72f7a2fd1,https://rukminim2.flixcart.com/image/312/312/xif0q/mobile/x/t/6/-original-imah8ffzb6tjbzaf.jpeg?q=70,Mobiles,Flipkart
"Google Pixel 8a (Bay, 128 GB)",37999.0,4.3,567.0,https://www.flipkart.com/google-pixel-8a-bay-128-gb/p/itm6d2e15988f2c4?pid=MOBGYQ2MQYHU59Y2&lid=LSTMOBGYQ2MQYHU59Y2IR0ZZ0&marketplace=FLIPKART&q=mobile+phones&store=tyy%2F4io&srno=s_17_386&otracker=search&otracker1=search&fm=Search&iid=29acadd6-675d-4fbd-b6d4-17adbf815adc.MOBGYQ2MQYHU59Y2.SEARCH&ppt=sp&ppn=sp&ssid=i1kz7bblo00000001753087954629&qH=a81ad6e72f7a2fd1,https://rukminim2.flixcart.com/image/312/312/xif0q/mobile/f/h/n/pixel-8a-ga05570-in-google-original-imahyn3ncc6gcfnc.jpeg?q=70,Mobiles,Flipkart
"POCO X7 Pro 5G (Nebula Green, 256 GB)",25999.0,4.4,562.0,https://www.flipkart.com/poco-x7-pro-5g-nebula-green-256-gb/p/itm8fdd9bc638443?pid=MOBH7YZ9XTDYETG9&lid=LSTMOBH7YZ9XTDYETG9AGBXCH&marketplace=FLIPKART&q=mobile+phones&store=tyy%2F4io&srno=s_17_387&otracker=search&otracker1=search&fm=Search&iid=29acadd6-675d-4fbd-b6d4-17adbf815adc.MOBH7YZ9XTDYETG9.SEARCH&ppt=sp&ppn=sp&ssid=i1kz7bblo00000001753087954629&qH=a81ad6e72f7a2fd1,https://rukminim2.flixcart.com/image/312/312/xif0q/mobile/v/y/j/-original-imahe395ksjsqk4n.jpeg?q=70,Mobiles,Flipkart
"vivo T3 Pro 5G (Emerald Green, 128 GB)",22999.0,4.5,5252.0,https://www.flipkart.com/vivo-t3-pro-5g-emerald-green-128-gb/p/itmcf52c1fcffbf3?pid=MOBH3XHRHBUB7Y7U&lid=LSTMOBH3XHRHBUB7Y7U958VCI&marketplace=FLIPKART&q=mobile+phones&store=tyy%2F4io&srno=s_17_388&otracker=search&otracker1=search&fm=Search&iid=29acadd6-675d-4fbd-b6d4-17adbf815adc.MOBH3XHRHBUB7Y7U.SEARCH&ppt=sp&ppn=sp&ssid=i1kz7bblo00000001753087954629&qH=a81ad6e72f7a2fd1,https://rukminim2.flixcart.com/image/312/312/xif0q/mobile/w/f/o/-original-imah924rz8zzkr3y.jpeg?q=70,Mobiles,Flipkart
"Samsung Galaxy A55 5G (Awesome Iceblue, 256 GB)",28687.0,4.4,146.0,https://www.flipkart.com/samsung-galaxy-a55-5g-awesome-iceblue-256-gb/p/itmf96a733c20399?pid=MOBGYT2HGMHT5GFZ&lid=LSTMOBGYT2HGMHT5GFZA4TGNP&marketplace=FLIPKART&q=mobile+phones&store=tyy%2F4io&srno=s_17_389&otracker=search&otracker1=search&fm=Search&iid=29acadd6-675d-4fbd-b6d4-17adbf815adc.MOBGYT2HGMHT5GFZ.SEARCH&ppt=sp&ppn=sp&ssid=i1kz7bblo00000001753087954629&qH=a81ad6e72f7a2fd1,https://rukminim2.flixcart.com/image/312/312/xif0q/mobile/8/c/j/-original-imahbzpyfv8gpku7.jpeg?q=70,Mobiles,Flipkart
"IQOO Z10 5G (Glacier Silver, 128 GB)",22979.0,4.4,99.0,https://www.flipkart.com/iqoo-z10-5g-glacier-silver-128-gb/p/itm14d2be4da59ea?pid=MOBHDG7HR7BFNC4A&lid=LSTMOBHDG7HR7BFNC4A4U0JDY&marketplace=FLIPKART&q=mobile+phones&store=tyy%2F4io&srno=s_17_390&otracker=search&otracker1=search&fm=Search&iid=29acadd6-675d-4fbd-b6d4-17adbf815adc.MOBHDG7HR7BFNC4A.SEARCH&ppt=sp&ppn=sp&ssid=i1kz7bblo00000001753087954629&qH=a81ad6e72f7a2fd1,https://rukminim2.flixcart.com/image/312/312/xif0q/mobile/z/r/u/z10-5g-i2407-iqoo-original-imahdg5t7jpbkzky.jpeg?q=70,Mobiles,Flipkart
"POCO X6 Pro 5G (Yellow, 256 GB)",19899.0,4.3,2532.0,https://www.flipkart.com/poco-x6-pro-5g-yellow-256-gb/p/itm46a0b51f57a68?pid=MOBGWMGBEVDXXEZC&lid=LSTMOBGWMGBEVDXXEZCJW6OAJ&marketplace=FLIPKART&q=mobile+phones&store=tyy%2F4io&srno=s_17_391&otracker=search&otracker1=search&fm=Search&iid=29acadd6-675d-4fbd-b6d4-17adbf815adc.MOBGWMGBEVDXXEZC.SEARCH&ppt=sp&ppn=sp&ssid=i1kz7bblo00000001753087954629&qH=a81ad6e72f7a2fd1,https://rukminim2.flixcart.com/image/312/312/xif0q/mobile/9/l/v/-original-imah4mdfseheaf3x.jpeg?q=70,Mobiles,Flipkart
"MOTOROLA Razr 60 (PANTONE Lightest Sky, 256 GB)",49999.0,4.6,35.0,https://www.flipkart.com/motorola-razr-60-pantone-lightest-sky-256-gb/p/itmebcfb30ea44f6?pid=MOBHAYH2EAJRAPNT&lid=LSTMOBHAYH2EAJRAPNTUOJ5GI&marketplace=FLIPKART&q=mobile+phones&store=tyy%2F4io&srno=s_17_392&otracker=search&otracker1=search&fm=Search&iid=29acadd6-675d-4fbd-b6d4-17adbf815adc.MOBHAYH2EAJRAPNT.SEARCH&ppt=sp&ppn=sp&ssid=i1kz7bblo00000001753087954629&qH=a81ad6e72f7a2fd1,https://rukminim2.flixcart.com/image/312/312/xif0q/mobile/2/l/g/-original-imahcqupncz6d9zz.jpeg?q=70,Mobiles,Flipkart
"Apple iPhone 16 Pro Max (Desert Titanium, 256 GB)",135900.0,4.7,81.0,https://www.flipkart.com/apple-iphone-16-pro-max-desert-titanium-256-gb/p/itmb102b8a51100e?pid=MOBH4DQFTQHZAKAF&lid=LSTMOBH4DQFTQHZAKAFRC45AZ&marketplace=FLIPKART&q=mobile+phones&store=tyy%2F4io&srno=s_17_393&otracker=search&otracker1=search&fm=Search&iid=29acadd6-675d-4fbd-b6d4-17adbf815adc.MOBH4DQFTQHZAKAF.SEARCH&ppt=sp&ppn=sp&ssid=i1kz7bblo00000001753087954629&qH=a81ad6e72f7a2fd1,https://rukminim2.flixcart.com/image/312/312/xif0q/mobile/x/v/y/-original-imah4jz66dmcwhmd.jpeg?q=70,Mobiles,Flipkart
"Samsung Galaxy S24 5G (Onyx Black, 256 GB)",79999.0,4.6,369.0,https://www.flipkart.com/samsung-galaxy-s24-5g-onyx-black-256-gb/p/itm0456c01739016?pid=MOBGX2F3ZUBMWBGP&lid=LSTMOBGX2F3ZUBMWBGPME7BYW&marketplace=FLIPKART&q=mobile+phones&store=tyy%2F4io&srno=s_17_395&otracker=search&otracker1=search&fm=Search&iid=29acadd6-675d-4fbd-b6d4-17adbf815adc.MOBGX2F3ZUBMWBGP.SEARCH&ppt=sp&ppn=sp&ssid=i1kz7bblo00000001753087954629&qH=a81ad6e72f7a2fd1,https://rukminim2.flixcart.com/image/312/312/xif0q/mobile/m/n/9/-original-imahcfwmchscq6fk.jpeg?q=70,Mobiles,Flipkart
"Nothing Phone (3a) Pro (Grey, 128 GB)",29999.0,4.5,519.0,https://www.flipkart.com/nothing-phone-3a-pro-grey-128-gb/p/itm04daaef6652d4?pid=MOBH8G3PTSQZDGGM&lid=LSTMOBH8G3PTSQZDGGME6MTMY&marketplace=FLIPKART&q=mobile+phones&store=tyy%2F4io&srno=s_17_396&otracker=search&otracker1=search&fm=Search&iid=29acadd6-675d-4fbd-b6d4-17adbf815adc.MOBH8G3PTSQZDGGM.SEARCH&ppt=sp&ppn=sp&ssid=i1kz7bblo00000001753087954629&qH=a81ad6e72f7a2fd1,https://rukminim2.flixcart.com/image/312/312/xif0q/mobile/c/u/k/-original-imahcfcfbwzmrecy.jpeg?q=70,Mobiles,Flipkart
"Nothing Phone (3a) Pro (Grey, 256 GB)",33999.0,4.5,196.0,https://www.flipkart.com/nothing-phone-3a-pro-grey-256-gb/p/itm04daaef6652d4?pid=MOBH8G3PHZS7CNYC&lid=LSTMOBH8G3PHZS7CNYCL6BKGL&marketplace=FLIPKART&q=mobile+phones&store=tyy%2F4io&srno=s_17_397&otracker=search&otracker1=search&fm=Search&iid=29acadd6-675d-4fbd-b6d4-17adbf815adc.MOBH8G3PHZS7CNYC.SEARCH&ppt=sp&ppn=sp&ssid=i1kz7bblo00000001753087954629&qH=a81ad6e72f7a2fd1,https://rukminim2.flixcart.com/image/312/312/xif0q/mobile/c/u/k/-original-imahcfcfbwzmrecy.jpeg?q=70,Mobiles,Flipkart
"realme Narzo 80x 5G (Sunlit Gold, 128 GB)",12285.0,4.3,22.0,https://www.flipkart.com/realme-narzo-80x-5g-sunlit-gold-128-gb/p/itm60c23a3292eeb?pid=MOBHB4U6EG9Y4BRS&lid=LSTMOBHB4U6EG9Y4BRSQUOCFU&marketplace=FLIPKART&q=mobile+phones&store=tyy%2F4io&srno=s_17_398&otracker=search&otracker1=search&fm=Search&iid=29acadd6-675d-4fbd-b6d4-17adbf815adc.MOBHB4U6EG9Y4BRS.SEARCH&ppt=sp&ppn=sp&ssid=i1kz7bblo00000001753087954629&qH=a81ad6e72f7a2fd1,https://rukminim2.flixcart.com/image/312/312/xif0q/mobile/q/4/r/narzo-80x-5g-rmx3944-realme-original-imahb4u6qyy8tggu.jpeg?q=70,Mobiles,Flipkart
"Motorola Edge 50 Pro 5G with 125W Charger (Caneel Bay, 256 GB)",27999.0,4.4,4378.0,https://www.flipkart.com/motorola-edge-50-pro-5g-125w-charger-caneel-bay-256-gb/p/itm1603f674e2178?pid=MOBH2YWHMKHAFHZF&lid=LSTMOBH2YWHMKHAFHZFUTQD0D&marketplace=FLIPKART&q=mobile+phones&store=tyy%2F4io&srno=s_17_399&otracker=search&otracker1=search&fm=Search&iid=29acadd6-675d-4fbd-b6d4-17adbf815adc.MOBH2YWHMKHAFHZF.SEARCH&ppt=sp&ppn=sp&ssid=i1kz7bblo00000001753087954629&qH=a81ad6e72f7a2fd1,https://rukminim2.flixcart.com/image/312/312/xif0q/mobile/p/o/i/-original-imah4kfuzzxz6tvn.jpeg?q=70,Mobiles,Flipkart
"Samsung Galaxy A06 5G (Light Gray, 128 GB)",10349.0,3.9,57.0,https://www.flipkart.com/samsung-galaxy-a06-5g-light-gray-128-gb/p/itm96b00d665631f?pid=MOBH9YKVTKYHQGHG&lid=LSTMOBH9YKVTKYHQGHG36SOAK&marketplace=FLIPKART&q=mobile+phones&store=tyy%2F4io&srno=s_17_400&otracker=search&otracker1=search&fm=Search&iid=29acadd6-675d-4fbd-b6d4-17adbf815adc.MOBH9YKVTKYHQGHG.SEARCH&ppt=sp&ppn=sp&ssid=i1kz7bblo00000001753087954629&qH=a81ad6e72f7a2fd1,https://rukminim2.flixcart.com/image/312/312/xif0q/mobile/d/q/p/galaxy-a06-5g-sm-a066bzagins-samsung-original-imah9ykvdaryz5xz.jpeg?q=70,Mobiles,Flipkart
"Infinix SMART 9 HD (Coral Gold, 64 GB)",6699.0,4.2,216.0,https://www.flipkart.com/infinix-smart-9-hd-coral-gold-64-gb/p/itm6c336dc47593e?pid=MOBH88VZRMYQNBZW&lid=LSTMOBH88VZRMYQNBZWY1BOTR&marketplace=FLIPKART&q=mobile+phones&store=tyy%2F4io&srno=s_17_401&otracker=search&otracker1=search&fm=Search&iid=29acadd6-675d-4fbd-b6d4-17adbf815adc.MOBH88VZRMYQNBZW.SEARCH&ppt=sp&ppn=sp&ssid=i1kz7bblo00000001753087954629&qH=a81ad6e72f7a2fd1,https://rukminim2.flixcart.com/image/312/312/xif0q/mobile/5/c/2/-original-imah8j2usazhnehp.jpeg?q=70,Mobiles,Flipkart
"Infinix SMART 9 HD (Mint Green, 64 GB)",6699.0,4.2,216.0,https://www.flipkart.com/infinix-smart-9-hd-mint-green-64-gb/p/itm6c336dc47593e?pid=MOBH88VZR53ZSQDH&lid=LSTMOBH88VZR53ZSQDHCOWUAE&marketplace=FLIPKART&q=mobile+phones&store=tyy%2F4io&srno=s_17_402&otracker=search&otracker1=search&fm=Search&iid=29acadd6-675d-4fbd-b6d4-17adbf815adc.MOBH88VZR53ZSQDH.SEARCH&ppt=sp&ppn=sp&ssid=i1kz7bblo00000001753087954629&qH=a81ad6e72f7a2fd1,https://rukminim2.flixcart.com/image/312/312/xif0q/mobile/n/s/c/smart-9-hd-x6532c-infinix-original-imah8gdzr4pd4h5j.jpeg?q=70,Mobiles,Flipkart
"Apple iPhone 15 (Blue, 256 GB)",74900.0,4.6,9380.0,https://www.flipkart.com/apple-iphone-15-blue-256-gb/p/itm986f66c53cae4?pid=MOBGTAGPNEZZY2YR&lid=LSTMOBGTAGPNEZZY2YR3VRTJK&marketplace=FLIPKART&q=mobile+phones&store=tyy%2F4io&srno=s_17_403&otracker=search&otracker1=search&fm=Search&iid=29acadd6-675d-4fbd-b6d4-17adbf815adc.MOBGTAGPNEZZY2YR.SEARCH&ppt=sp&ppn=sp&ssid=i1kz7bblo00000001753087954629&qH=a81ad6e72f7a2fd1,https://rukminim2.flixcart.com/image/312/312/xif0q/mobile/k/l/l/-original-imagtc5fz9spysyk.jpeg?q=70,Mobiles,Flipkart
"realme P3 Pro 5G (Galaxy Purple, 128 GB)",19999.0,4.4,510.0,https://www.flipkart.com/realme-p3-pro-5g-galaxy-purple-128-gb/p/itme2d563c696f88?pid=MOBH8VGVTFQGZ3UV&lid=LSTMOBH8VGVTFQGZ3UV3MFI3Z&marketplace=FLIPKART&q=mobile+phones&store=tyy%2F4io&srno=s_17_404&otracker=search&otracker1=search&fm=Search&iid=29acadd6-675d-4fbd-b6d4-17adbf815adc.MOBH8VGVTFQGZ3UV.SEARCH&ppt=sp&ppn=sp&ssid=i1kz7bblo00000001753087954629&qH=a81ad6e72f7a2fd1,https://rukminim2.flixcart.com/image/312/312/xif0q/mobile/r/u/a/-original-imah9m589s8htnvr.jpeg?q=70,Mobiles,Flipkart
"realme P3 Pro 5G (Saturn Brown, 256 GB)",22999.0,4.4,135.0,https://www.flipkart.com/realme-p3-pro-5g-saturn-brown-256-gb/p/itme2d563c696f88?pid=MOBH8VGVRDN7KGEY&lid=LSTMOBH8VGVRDN7KGEYLNAGJG&marketplace=FLIPKART&q=mobile+phones&store=tyy%2F4io&srno=s_17_405&otracker=search&otracker1=search&fm=Search&iid=29acadd6-675d-4fbd-b6d4-17adbf815adc.MOBH8VGVRDN7KGEY.SEARCH&ppt=sp&ppn=sp&ssid=i1kz7bblo00000001753087954629&qH=a81ad6e72f7a2fd1,https://rukminim2.flixcart.com/image/312/312/xif0q/mobile/g/o/i/-original-imah9m58ghhbxz4k.jpeg?q=70,Mobiles,Flipkart
"MOTOROLA Edge 60 Pro (Pantone Dazzling Blue, 256 GB)",29999.0,4.4,988.0,https://www.flipkart.com/motorola-edge-60-pro-pantone-dazzling-blue-256-gb/p/itmbe844b03e063b?pid=MOBH9C9JNBGHUVS7&lid=LSTMOBH9C9JNBGHUVS7XPQEQC&marketplace=FLIPKART&q=mobile+phones&store=tyy%2F4io&srno=s_17_406&otracker=search&otracker1=search&fm=Search&iid=29acadd6-675d-4fbd-b6d4-17adbf815adc.MOBH9C9JNBGHUVS7.SEARCH&ppt=sp&ppn=sp&ssid=i1kz7bblo00000001753087954629&qH=a81ad6e72f7a2fd1,https://rukminim2.flixcart.com/image/312/312/xif0q/mobile/x/b/i/-original-imahcrpw8err3xrc.jpeg?q=70,Mobiles,Flipkart
"Samsung Galaxy A06 5G (Black, 128 GB)",10819.0,3.9,57.0,https://www.flipkart.com/samsung-galaxy-a06-5g-black-128-gb/p/itmd3ff74e3e476c?pid=MOBH9YKUMUZJHACE&lid=LSTMOBH9YKUMUZJHACE7XPLZQ&marketplace=FLIPKART&q=mobile+phones&store=tyy%2F4io&srno=s_17_407&otracker=search&otracker1=search&fm=Search&iid=29acadd6-675d-4fbd-b6d4-17adbf815adc.MOBH9YKUMUZJHACE.SEARCH&ppt=sp&ppn=sp&ssid=i1kz7bblo00000001753087954629&qH=a81ad6e72f7a2fd1,https://rukminim2.flixcart.com/image/312/312/xif0q/mobile/w/d/n/galaxy-a06-5g-sm-a066bzkdins-samsung-original-imah9yku4d4k7yyz.jpeg?q=70,Mobiles,Flipkart
"IQOO Z10 5G (Stellar Black, 256 GB)",25100.0,4.4,99.0,https://www.flipkart.com/iqoo-z10-5g-stellar-black-256-gb/p/itmf5528a1b37bb2?pid=MOBHDG7JG5RY6AG5&lid=LSTMOBHDG7JG5RY6AG5NQOONK&marketplace=FLIPKART&q=mobile+phones&store=tyy%2F4io&srno=s_17_408&otracker=search&otracker1=search&fm=Search&iid=29acadd6-675d-4fbd-b6d4-17adbf815adc.MOBHDG7JG5RY6AG5.SEARCH&ppt=sp&ppn=sp&ssid=i1kz7bblo00000001753087954629&qH=a81ad6e72f7a2fd1,https://rukminim2.flixcart.com/image/312/312/xif0q/mobile/t/l/j/z10-5g-i2407-iqoo-original-imahdg5qshsxygdf.jpeg?q=70,Mobiles,Flipkart
"Google Pixel 8a (Porcelain, 128 GB)",37999.0,4.3,567.0,https://www.flipkart.com/google-pixel-8a-porcelain-128-gb/p/itm619c078bd72f7?pid=MOBGYQ2MYWFSA3XU&lid=LSTMOBGYQ2MYWFSA3XUKOBOBJ&marketplace=FLIPKART&q=mobile+phones&store=tyy%2F4io&srno=s_18_409&otracker=search&otracker1=search&fm=Search&iid=38771e3d-2496-4c05-851c-2d4863bf0bbe.MOBGYQ2MYWFSA3XU.SEARCH&ppt=sp&ppn=sp&ssid=hjgkixqce80000001753087965010&qH=a81ad6e72f7a2fd1,https://rukminim2.flixcart.com/image/312/312/xif0q/mobile/s/8/d/pixel-8a-ga04988-in-google-original-imahyn3mskjbwphw.jpeg?q=70,Mobiles,Flipkart
"Motorola g64 5G (Berry Red, 128 GB)",13999.0,4.3,3738.0,https://www.flipkart.com/motorola-g64-5g-berry-red-128-gb/p/itma0772d15ccde8?pid=MOBH35Z7GC745WGA&lid=LSTMOBH35Z7GC745WGAMRN1YQ&marketplace=FLIPKART&q=mobile+phones&store=tyy%2F4io&srno=s_18_410&otracker=search&otracker1=search&fm=Search&iid=38771e3d-2496-4c05-851c-2d4863bf0bbe.MOBH35Z7GC745WGA.SEARCH&ppt=sp&ppn=sp&ssid=hjgkixqce80000001753087965010&qH=a81ad6e72f7a2fd1,https://rukminim2.flixcart.com/image/312/312/xif0q/mobile/g/i/6/-original-imah4k2sjmjj8qqj.jpeg?q=70,Mobiles,Flipkart
"POCO C61 (Mystical Green, 64 GB)",6990.0,4.1,4640.0,https://www.flipkart.com/poco-c61-mystical-green-64-gb/p/itm1cd83db32b701?pid=MOBH92ADEQ2VYZEP&lid=LSTMOBH92ADEQ2VYZEPOZBUHS&marketplace=FLIPKART&q=mobile+phones&store=tyy%2F4io&srno=s_18_413&otracker=search&otracker1=search&fm=Search&iid=38771e3d-2496-4c05-851c-2d4863bf0bbe.MOBH92ADEQ2VYZEP.SEARCH&ppt=sp&ppn=sp&ssid=hjgkixqce80000001753087965010&qH=a81ad6e72f7a2fd1,https://rukminim2.flixcart.com/image/312/312/xif0q/mobile/6/x/p/-original-imagzcfjbynzatjp.jpeg?q=70,Mobiles,Flipkart
"Samsung Galaxy S24 5G (Cobalt Violet, 256 GB)",79999.0,4.6,369.0,https://www.flipkart.com/samsung-galaxy-s24-5g-cobalt-violet-256-gb/p/itme4c78903b0c9f?pid=MOBGX2F3GNSJZ23R&lid=LSTMOBGX2F3GNSJZ23REJ6ZQ8&marketplace=FLIPKART&q=mobile+phones&store=tyy%2F4io&srno=s_18_414&otracker=search&otracker1=search&fm=Search&iid=38771e3d-2496-4c05-851c-2d4863bf0bbe.MOBGX2F3GNSJZ23R.SEARCH&ppt=sp&ppn=sp&ssid=hjgkixqce80000001753087965010&qH=a81ad6e72f7a2fd1,https://rukminim2.flixcart.com/image/312/312/xif0q/mobile/9/5/3/-original-imahcfwmnqgkdfxr.jpeg?q=70,Mobiles,Flipkart
Kechaoda K115,989.0,4.1,2631.0,https://www.flipkart.com/kechaoda-k115/p/itmexfz2mgxnzhnd?pid=MOBF8BHJPFMJZJSH&lid=LSTMOBF8BHJPFMJZJSHI84K4F&marketplace=FLIPKART&q=mobile+phones&store=tyy%2F4io&srno=s_18_417&otracker=search&otracker1=search&fm=Search&iid=38771e3d-2496-4c05-851c-2d4863bf0bbe.MOBF8BHJPFMJZJSH.SEARCH&ppt=sp&ppn=sp&ssid=hjgkixqce80000001753087965010&qH=a81ad6e72f7a2fd1,https://rukminim2.flixcart.com/image/312/312/xif0q/mobile/5/c/s/k115-k115-kechaoda-original-imahyc3nggwmj8et.jpeg?q=70,Mobiles,Flipkart
Kechaoda K33,998.0,4.0,621.0,https://www.flipkart.com/kechaoda-k33/p/itm41683138b2386?pid=MOBGT9R4FUKQNEZK&lid=LSTMOBGT9R4FUKQNEZK8H0NZZ&marketplace=FLIPKART&q=mobile+phones&store=tyy%2F4io&srno=s_18_418&otracker=search&otracker1=search&fm=Search&iid=38771e3d-2496-4c05-851c-2d4863bf0bbe.MOBGT9R4FUKQNEZK.SEARCH&ppt=sp&ppn=sp&ssid=hjgkixqce80000001753087965010&qH=a81ad6e72f7a2fd1,https://rukminim2.flixcart.com/image/312/312/xif0q/mobile/l/s/l/k33-k33-kechaoda-original-imagt9r4staxjute.jpeg?q=70,Mobiles,Flipkart
"IQOO Z10 5G (Stellar Black / Black, 256 GB)",23780.0,4.4,99.0,https://www.flipkart.com/iqoo-z10-5g-stellar-black-black-256-gb/p/itmf5528a1b37bb2?pid=MOBHBGQDMKYBG4AF&lid=LSTMOBHBGQDMKYBG4AFZESER0&marketplace=FLIPKART&q=mobile+phones&store=tyy%2F4io&srno=s_18_419&otracker=search&otracker1=search&fm=Search&iid=38771e3d-2496-4c05-851c-2d4863bf0bbe.MOBHBGQDMKYBG4AF.SEARCH&ppt=sp&ppn=sp&ssid=hjgkixqce80000001753087965010&qH=a81ad6e72f7a2fd1,https://rukminim2.flixcart.com/image/312/312/xif0q/mobile/r/y/h/z10-5g-i2407-iqoo-original-imahbkc4sht6s8xx.jpeg?q=70,Mobiles,Flipkart
"Apple iPhone 16 Plus (White, 256 GB)",94900.0,4.6,171.0,https://www.flipkart.com/apple-iphone-16-plus-white-256-gb/p/itmc63bd0635f400?pid=MOBH4DQFJBVD9HXR&lid=LSTMOBH4DQFJBVD9HXRID41K3&marketplace=FLIPKART&q=mobile+phones&store=tyy%2F4io&srno=s_18_420&otracker=search&otracker1=search&fm=Search&iid=38771e3d-2496-4c05-851c-2d4863bf0bbe.MOBH4DQFJBVD9HXR.SEARCH&ppt=sp&ppn=sp&ssid=hjgkixqce80000001753087965010&qH=a81ad6e72f7a2fd1,https://rukminim2.flixcart.com/image/312/312/xif0q/mobile/j/h/x/-original-imah4jykuzexdzek.jpeg?q=70,Mobiles,Flipkart
"realme 14 Pro 5G (Suede Grey, 128 GB)",24999.0,4.4,803.0,https://www.flipkart.com/realme-14-pro-5g-suede-grey-128-gb/p/itm654c5269620d2?pid=MOBH84ZXBJ75KHGS&lid=LSTMOBH84ZXBJ75KHGSIZAQHK&marketplace=FLIPKART&q=mobile+phones&store=tyy%2F4io&srno=s_18_422&otracker=search&otracker1=search&fm=Search&iid=38771e3d-2496-4c05-851c-2d4863bf0bbe.MOBH84ZXBJ75KHGS.SEARCH&ppt=sp&ppn=sp&ssid=hjgkixqce80000001753087965010&qH=a81ad6e72f7a2fd1,https://rukminim2.flixcart.com/image/312/312/xif0q/mobile/x/t/6/-original-imah8ffzb6tjbzaf.jpeg?q=70,Mobiles,Flipkart
"Apple iPhone 16 Plus (Black, 256 GB)",94900.0,4.6,171.0,https://www.flipkart.com/apple-iphone-16-plus-black-256-gb/p/itma302a45837ec4?pid=MOBH4DQF7JGHH7QZ&lid=LSTMOBH4DQF7JGHH7QZXSCWPV&marketplace=FLIPKART&q=mobile+phones&store=tyy%2F4io&srno=s_18_423&otracker=search&otracker1=search&fm=Search&iid=38771e3d-2496-4c05-851c-2d4863bf0bbe.MOBH4DQF7JGHH7QZ.SEARCH&ppt=sp&ppn=sp&ssid=hjgkixqce80000001753087965010&qH=a81ad6e72f7a2fd1,https://rukminim2.flixcart.com/image/312/312/xif0q/mobile/f/y/e/-original-imah4jykc3knhq3b.jpeg?q=70,Mobiles,Flipkart
"realme Narzo 80x 5G (Deep Ocean, 128 GB)",12386.0,4.3,22.0,https://www.flipkart.com/realme-narzo-80x-5g-deep-ocean-128-gb/p/itm60c23a3292eeb?pid=MOBHB4U6PKZ54GWP&lid=LSTMOBHB4U6PKZ54GWPTBH88W&marketplace=FLIPKART&q=mobile+phones&store=tyy%2F4io&srno=s_18_424&otracker=search&otracker1=search&fm=Search&iid=38771e3d-2496-4c05-851c-2d4863bf0bbe.MOBHB4U6PKZ54GWP.SEARCH&ppt=sp&ppn=sp&ssid=hjgkixqce80000001753087965010&qH=a81ad6e72f7a2fd1,https://rukminim2.flixcart.com/image/312/312/xif0q/mobile/g/p/v/narzo-80x-5g-rmx3944-realme-original-imahb4u6zjjdwxs6.jpeg?q=70,Mobiles,Flipkart
"realme 14T 5G (Surf Green, 128 GB)",17999.0,4.2,84.0,https://www.flipkart.com/realme-14t-5g-surf-green-128-gb/p/itm5733d9726a773?pid=MOBHB2HX7GGTZQDH&lid=LSTMOBHB2HX7GGTZQDHTVOLKK&marketplace=FLIPKART&q=mobile+phones&store=tyy%2F4io&srno=s_18_425&otracker=search&otracker1=search&fm=Search&iid=38771e3d-2496-4c05-851c-2d4863bf0bbe.MOBHB2HX7GGTZQDH.SEARCH&ppt=sp&ppn=sp&ssid=hjgkixqce80000001753087965010&qH=a81ad6e72f7a2fd1,https://rukminim2.flixcart.com/image/312/312/xif0q/mobile/d/k/s/-original-imahbygmyg5cuzdz.jpeg?q=70,Mobiles,Flipkart
"vivo T4 Ultra 5G (Meteor Grey, 512 GB)",41999.0,4.5,87.0,https://www.flipkart.com/vivo-t4-ultra-5g-meteor-grey-512-gb/p/itm9cfd8118c9ce0?pid=MOBHCJMRFM6V4DPC&lid=LSTMOBHCJMRFM6V4DPCS1L3HF&marketplace=FLIPKART&q=mobile+phones&store=tyy%2F4io&srno=s_18_427&otracker=search&otracker1=search&fm=Search&iid=38771e3d-2496-4c05-851c-2d4863bf0bbe.MOBHCJMRFM6V4DPC.SEARCH&ppt=sp&ppn=sp&ssid=hjgkixqce80000001753087965010&qH=a81ad6e72f7a2fd1,https://rukminim2.flixcart.com/image/312/312/xif0q/mobile/w/f/w/-original-imahd57gfqezxezx.jpeg?q=70,Mobiles,Flipkart
"realme P1 Speed 5G (Brushed Blue, 256 GB)",16468.0,4.3,73.0,https://www.flipkart.com/realme-p1-speed-5g-brushed-blue-256-gb/p/itm043baaa17426f?pid=MOBH4TV9JWREYGSG&lid=LSTMOBH4TV9JWREYGSGT37NVK&marketplace=FLIPKART&q=mobile+phones&store=tyy%2F4io&srno=s_18_428&otracker=search&otracker1=search&fm=Search&iid=38771e3d-2496-4c05-851c-2d4863bf0bbe.MOBH4TV9JWREYGSG.SEARCH&ppt=sp&ppn=sp&ssid=hjgkixqce80000001753087965010&qH=a81ad6e72f7a2fd1,https://rukminim2.flixcart.com/image/312/312/xif0q/mobile/k/o/w/-original-imah5m3q83fuqv8d.jpeg?q=70,Mobiles,Flipkart
"IQOO Z10 5G (Glacier Silver / Silver, 128 GB)",21283.0,4.4,99.0,https://www.flipkart.com/iqoo-z10-5g-glacier-silver-silver-128-gb/p/itm14d2be4da59ea?pid=MOBHBA3QAHH3UTUP&lid=LSTMOBHBA3QAHH3UTUPXZJKGC&marketplace=FLIPKART&q=mobile+phones&store=tyy%2F4io&srno=s_18_429&otracker=search&otracker1=search&fm=Search&iid=38771e3d-2496-4c05-851c-2d4863bf0bbe.MOBHBA3QAHH3UTUP.SEARCH&ppt=sp&ppn=sp&ssid=hjgkixqce80000001753087965010&qH=a81ad6e72f7a2fd1,https://rukminim2.flixcart.com/image/312/312/xif0q/mobile/l/y/s/z105g-i2407-iqoo-original-imahba3q7g2erjxr.jpeg?q=70,Mobiles,Flipkart
"Motorola G32 (Mineral Gray, 128 GB)",10999.0,4.2,9978.0,https://www.flipkart.com/motorola-g32-mineral-gray-128-gb/p/itm6061450cb40ac?pid=MOBGM2EHJUTMXMFV&lid=LSTMOBGM2EHJUTMXMFV3ZYMIR&marketplace=FLIPKART&q=mobile+phones&store=tyy%2F4io&srno=s_18_430&otracker=search&otracker1=search&fm=Search&iid=38771e3d-2496-4c05-851c-2d4863bf0bbe.MOBGM2EHJUTMXMFV.SEARCH&ppt=sp&ppn=sp&ssid=hjgkixqce80000001753087965010&qH=a81ad6e72f7a2fd1,https://rukminim2.flixcart.com/image/312/312/xif0q/mobile/m/j/j/-original-imagnvvwvzyhfvx9.jpeg?q=70,Mobiles,Flipkart
"realme P1 Speed 5G (Brushed Blue, 128 GB)",14622.0,4.3,269.0,https://www.flipkart.com/realme-p1-speed-5g-brushed-blue-128-gb/p/itm043baaa17426f?pid=MOBH4TV9K3HYNFQF&lid=LSTMOBH4TV9K3HYNFQFGACRN0&marketplace=FLIPKART&q=mobile+phones&store=tyy%2F4io&srno=s_18_431&otracker=search&otracker1=search&fm=Search&iid=38771e3d-2496-4c05-851c-2d4863bf0bbe.MOBH4TV9K3HYNFQF.SEARCH&ppt=sp&ppn=sp&ssid=hjgkixqce80000001753087965010&qH=a81ad6e72f7a2fd1,https://rukminim2.flixcart.com/image/312/312/xif0q/mobile/k/o/w/-original-imah5m3q83fuqv8d.jpeg?q=70,Mobiles,Flipkart
"LAVA A3 Torch DS Keypad Phone|1750mAh Big Battery|1.8"" Large Display|Quad Strip Torch",1339.0,4.1,18.0,https://www.flipkart.com/lava-a3-torch-ds-keypad-phone-1750mah-big-battery-1-8-large-display-quad-strip/p/itmccd30fe8101cc?pid=MOBH5ZYHAC5EUXHH&lid=LSTMOBH5ZYHAC5EUXHHHPG2XB&marketplace=FLIPKART&q=mobile+phones&store=tyy%2F4io&srno=s_18_432&otracker=search&otracker1=search&fm=Search&iid=38771e3d-2496-4c05-851c-2d4863bf0bbe.MOBH5ZYHAC5EUXHH.SEARCH&ppt=sp&ppn=sp&ssid=hjgkixqce80000001753087965010&qH=a81ad6e72f7a2fd1,https://rukminim2.flixcart.com/image/312/312/xif0q/mobile/9/w/1/a3-torch-lf3003-lava-original-imah5ujszxv3wzaz.jpeg?q=70,Mobiles,Flipkart
"Samsung Galaxy A06 5G (Light Green, 64 GB)",9058.0,3.9,57.0,https://www.flipkart.com/samsung-galaxy-a06-5g-light-green-64-gb/p/itm9d2ad9bde5a1e?pid=MOBH9YKV4VUSAN9K&lid=LSTMOBH9YKV4VUSAN9KRAEWI5&marketplace=FLIPKART&q=mobile+phones&store=tyy%2F4io&srno=s_19_433&otracker=search&otracker1=search&fm=Search&iid=bb7c8792-f9b7-483b-bcf0-eba4ca01acc1.MOBH9YKV4VUSAN9K.SEARCH&ppt=sp&ppn=sp&ssid=x5p3473w800000001753087983579&qH=a81ad6e72f7a2fd1,https://rukminim2.flixcart.com/image/312/312/xif0q/mobile/o/b/y/galaxy-a06-5g-sm-a066blgdins-samsung-original-imahbzhsxmquerdg.jpeg?q=70,Mobiles,Flipkart
"IQOO Z10 Lite 5G (Titanium Blue, 256 GB)",14987.0,3.7,0.0,https://www.flipkart.com/iqoo-z10-lite-5g-titanium-blue-256-gb/p/itmb57aad9fe876e?pid=MOBHDGUSTRDNA3GU&lid=LSTMOBHDGUSTRDNA3GU8QTQDI&marketplace=FLIPKART&q=mobile+phones&store=tyy%2F4io&srno=s_19_434&otracker=search&otracker1=search&fm=Search&iid=bb7c8792-f9b7-483b-bcf0-eba4ca01acc1.MOBHDGUSTRDNA3GU.SEARCH&ppt=sp&ppn=sp&ssid=x5p3473w800000001753087983579&qH=a81ad6e72f7a2fd1,https://rukminim2.flixcart.com/image/312/312/xif0q/mobile/u/e/j/z10-lite-5g-d2025a-iqoo-original-imahdgdjdvrhfy4r.jpeg?q=70,Mobiles,Flipkart
"Samsung Galaxy M16 5G (Mint Green, 128 GB)",11881.0,4.1,5.0,https://www.flipkart.com/samsung-galaxy-m16-5g-mint-green-128-gb/p/itmf46b23a1eccd9?pid=MOBH9UYUPRGBJTNR&lid=LSTMOBH9UYUPRGBJTNRMP33U6&marketplace=FLIPKART&q=mobile+phones&store=tyy%2F4io&srno=s_19_436&otracker=search&otracker1=search&fm=Search&iid=bb7c8792-f9b7-483b-bcf0-eba4ca01acc1.MOBH9UYUPRGBJTNR.SEARCH&ppt=sp&ppn=sp&ssid=x5p3473w800000001753087983579&qH=a81ad6e72f7a2fd1,https://rukminim2.flixcart.com/image/312/312/xif0q/mobile/m/y/z/-original-imahayqwxy7zfr5x.jpeg?q=70,Mobiles,Flipkart
"Samsung Galaxy M16 5G (Thunder Black, 128 GB)",11782.0,4.1,5.0,https://www.flipkart.com/samsung-galaxy-m16-5g-thunder-black-128-gb/p/itmf46b23a1eccd9?pid=MOBH9UYUHC2MYHMV&lid=LSTMOBH9UYUHC2MYHMVGPHL3F&marketplace=FLIPKART&q=mobile+phones&store=tyy%2F4io&srno=s_19_437&otracker=search&otracker1=search&fm=Search&iid=bb7c8792-f9b7-483b-bcf0-eba4ca01acc1.MOBH9UYUHC2MYHMV.SEARCH&ppt=sp&ppn=sp&ssid=x5p3473w800000001753087983579&qH=a81ad6e72f7a2fd1,https://rukminim2.flixcart.com/image/312/312/xif0q/mobile/x/x/o/-original-imahayqwpsfa7kpp.jpeg?q=70,Mobiles,Flipkart
"Apple iPhone 16 Pro (Natural Titanium, 256 GB)",122900.0,4.6,124.0,https://www.flipkart.com/apple-iphone-16-pro-natural-titanium-256-gb/p/itm8d07958e8b89e?pid=MOBH4DQFQRF9VSQG&lid=LSTMOBH4DQFQRF9VSQG3ZFUKK&marketplace=FLIPKART&q=mobile+phones&store=tyy%2F4io&srno=s_19_438&otracker=search&otracker1=search&fm=Search&iid=bb7c8792-f9b7-483b-bcf0-eba4ca01acc1.MOBH4DQFQRF9VSQG.SEARCH&ppt=sp&ppn=sp&ssid=x5p3473w800000001753087983579&qH=a81ad6e72f7a2fd1,https://rukminim2.flixcart.com/image/312/312/xif0q/mobile/o/h/m/-original-imah4jywmcz5ysz3.jpeg?q=70,Mobiles,Flipkart
"realme 14 Pro+ 5G (Suede Grey, 256 GB)",34999.0,4.4,716.0,https://www.flipkart.com/realme-14-pro-5g-suede-grey-256-gb/p/itmb5105a70ea6a6?pid=MOBH84ZXNJEVW9GZ&lid=LSTMOBH84ZXNJEVW9GZ3HQOCN&marketplace=FLIPKART&q=mobile+phones&store=tyy%2F4io&srno=s_19_439&otracker=search&otracker1=search&fm=Search&iid=bb7c8792-f9b7-483b-bcf0-eba4ca01acc1.MOBH84ZXNJEVW9GZ.SEARCH&ppt=sp&ppn=sp&ssid=x5p3473w800000001753087983579&qH=a81ad6e72f7a2fd1,https://rukminim2.flixcart.com/image/312/312/xif0q/mobile/a/n/9/-original-imah8ffza3kjyhwp.jpeg?q=70,Mobiles,Flipkart
"realme 14T 5G (Surf Green, 256 GB)",19999.0,4.2,84.0,https://www.flipkart.com/realme-14t-5g-surf-green-256-gb/p/itm5733d9726a773?pid=MOBHB2HXM7UKR4RD&lid=LSTMOBHB2HXM7UKR4RDNK6DD7&marketplace=FLIPKART&q=mobile+phones&store=tyy%2F4io&srno=s_19_440&otracker=search&otracker1=search&fm=Search&iid=bb7c8792-f9b7-483b-bcf0-eba4ca01acc1.MOBHB2HXM7UKR4RD.SEARCH&ppt=sp&ppn=sp&ssid=x5p3473w800000001753087983579&qH=a81ad6e72f7a2fd1,https://rukminim2.flixcart.com/image/312/312/xif0q/mobile/m/q/x/-original-imahbwumqauaxrfj.jpeg?q=70,Mobiles,Flipkart
"Google Pixel 9A (Obsidian, 256 GB)",49999.0,4.5,164.0,https://www.flipkart.com/google-pixel-9a-obsidian-256-gb/p/itmf9d1fcfa566cf?pid=MOBH9YMEQUGCHPHN&lid=LSTMOBH9YMEQUGCHPHNSFHZNA&marketplace=FLIPKART&q=mobile+phones&store=tyy%2F4io&srno=s_19_441&otracker=search&otracker1=search&fm=Search&iid=bb7c8792-f9b7-483b-bcf0-eba4ca01acc1.MOBH9YMEQUGCHPHN.SEARCH&ppt=sp&ppn=sp&ssid=x5p3473w800000001753087983579&qH=a81ad6e72f7a2fd1,https://rukminim2.flixcart.com/image/312/312/xif0q/mobile/x/b/u/-original-imahadxg2fazkzub.jpeg?q=70,Mobiles,Flipkart
"realme 14T 5G (Lightning Purple, 128 GB)",17999.0,4.2,84.0,https://www.flipkart.com/realme-14t-5g-lightning-purple-128-gb/p/itm5733d9726a773?pid=MOBHB2HXHHKDTG6G&lid=LSTMOBHB2HXHHKDTG6GWQTQ6S&marketplace=FLIPKART&q=mobile+phones&store=tyy%2F4io&srno=s_19_442&otracker=search&otracker1=search&fm=Search&iid=bb7c8792-f9b7-483b-bcf0-eba4ca01acc1.MOBHB2HXHHKDTG6G.SEARCH&ppt=sp&ppn=sp&ssid=x5p3473w800000001753087983579&qH=a81ad6e72f7a2fd1,https://rukminim2.flixcart.com/image/312/312/xif0q/mobile/z/z/g/-original-imahbygmxf6wzzhh.jpeg?q=70,Mobiles,Flipkart
"Samsung Galaxy M16 5G (Mint Green, 128 GB)",12717.0,4.3,21.0,https://www.flipkart.com/samsung-galaxy-m16-5g-mint-green-128-gb/p/itmf46b23a1eccd9?pid=MOBH9UYUT5YXK77H&lid=LSTMOBH9UYUT5YXK77HCWEW3R&marketplace=FLIPKART&q=mobile+phones&store=tyy%2F4io&srno=s_19_443&otracker=search&otracker1=search&fm=Search&iid=bb7c8792-f9b7-483b-bcf0-eba4ca01acc1.MOBH9UYUT5YXK77H.SEARCH&ppt=sp&ppn=sp&ssid=x5p3473w800000001753087983579&qH=a81ad6e72f7a2fd1,https://rukminim2.flixcart.com/image/312/312/xif0q/mobile/m/y/z/-original-imahayqwxy7zfr5x.jpeg?q=70,Mobiles,Flipkart
"REDMI 13 5G (Hawaiian Blue, 128 GB)",13999.0,4.3,586.0,https://www.flipkart.com/redmi-13-5g-hawaiian-blue-128-gb/p/itm315c71c2ffcce?pid=MOBH45GGEC8AHEQY&lid=LSTMOBH45GGEC8AHEQYO2WKF1&marketplace=FLIPKART&q=mobile+phones&store=tyy%2F4io&srno=s_19_444&otracker=search&otracker1=search&fm=Search&iid=bb7c8792-f9b7-483b-bcf0-eba4ca01acc1.MOBH45GGEC8AHEQY.SEARCH&ppt=sp&ppn=sp&ssid=x5p3473w800000001753087983579&qH=a81ad6e72f7a2fd1,https://rukminim2.flixcart.com/image/312/312/xif0q/mobile/a/s/o/-original-imah4smtz8yqfbd9.jpeg?q=70,Mobiles,Flipkart
"REDMI 13 5G (Orchid Pink, 128 GB)",13999.0,4.3,586.0,https://www.flipkart.com/redmi-13-5g-orchid-pink-128-gb/p/itm315c71c2ffcce?pid=MOBH45GGJWHCYHFC&lid=LSTMOBH45GGJWHCYHFCDYF9FC&marketplace=FLIPKART&q=mobile+phones&store=tyy%2F4io&srno=s_19_445&otracker=search&otracker1=search&fm=Search&iid=bb7c8792-f9b7-483b-bcf0-eba4ca01acc1.MOBH45GGJWHCYHFC.SEARCH&ppt=sp&ppn=sp&ssid=x5p3473w800000001753087983579&qH=a81ad6e72f7a2fd1,https://rukminim2.flixcart.com/image/312/312/xif0q/mobile/a/p/v/-original-imah4smtqmxb2j2f.jpeg?q=70,Mobiles,Flipkart
"REDMI 13 5G (Black Diamond, 128 GB)",19999.0,4.3,586.0,https://www.flipkart.com/redmi-13-5g-black-diamond-128-gb/p/itm315c71c2ffcce?pid=MOBH45GGMG8SJY2B&lid=LSTMOBH45GGMG8SJY2BQSEXCC&marketplace=FLIPKART&q=mobile+phones&store=tyy%2F4io&srno=s_19_446&otracker=search&otracker1=search&fm=Search&iid=bb7c8792-f9b7-483b-bcf0-eba4ca01acc1.MOBH45GGMG8SJY2B.SEARCH&ppt=sp&ppn=sp&ssid=x5p3473w800000001753087983579&qH=a81ad6e72f7a2fd1,https://rukminim2.flixcart.com/image/312/312/xif0q/mobile/z/s/y/-original-imah4smtchzwyhgs.jpeg?q=70,Mobiles,Flipkart
"IQOO Z10 5G (Stellar Black / Black, 256 GB)",26460.0,4.4,35.0,https://www.flipkart.com/iqoo-z10-5g-stellar-black-black-256-gb/p/itm878352c99da19?pid=MOBHBA3WKYCERHAN&lid=LSTMOBHBA3WKYCERHANKS9KQH&marketplace=FLIPKART&q=mobile+phones&store=tyy%2F4io&srno=s_19_447&otracker=search&otracker1=search&fm=Search&iid=bb7c8792-f9b7-483b-bcf0-eba4ca01acc1.MOBHBA3WKYCERHAN.SEARCH&ppt=sp&ppn=sp&ssid=x5p3473w800000001753087983579&qH=a81ad6e72f7a2fd1,https://rukminim2.flixcart.com/image/312/312/xif0q/mobile/l/j/j/z105g-i2407-iqoo-original-imahba3sg9vub4n9.jpeg?q=70,Mobiles,Flipkart
"LAVA Yuva Star (Glossy Black, 64 GB)",6499.0,4.0,54.0,https://www.flipkart.com/lava-yuva-star-glossy-black-64-gb/p/itmba8080f7b3bb8?pid=MOBH6KCNDUR7QTGV&lid=LSTMOBH6KCNDUR7QTGVJ4FOPE&marketplace=FLIPKART&q=mobile+phones&store=tyy%2F4io&srno=s_19_449&otracker=search&otracker1=search&fm=Search&iid=bb7c8792-f9b7-483b-bcf0-eba4ca01acc1.MOBH6KCNDUR7QTGV.SEARCH&ppt=sp&ppn=sp&ssid=x5p3473w800000001753087983579&qH=a81ad6e72f7a2fd1,https://rukminim2.flixcart.com/image/312/312/xif0q/mobile/r/u/n/yuva-star-yuva-star-lava-original-imah7kz7zqnhb3ya.jpeg?q=70,Mobiles,Flipkart
"Samsung Galaxy F16 5G (Glam Green, 128 GB)",12499.0,4.2,155.0,https://www.flipkart.com/samsung-galaxy-f16-5g-glam-green-128-gb/p/itm74165546d7c6c?pid=MOBH9ASGGCVWXXCW&lid=LSTMOBH9ASGGCVWXXCWXWAURI&marketplace=FLIPKART&q=mobile+phones&store=tyy%2F4io&srno=s_19_450&otracker=search&otracker1=search&fm=Search&iid=bb7c8792-f9b7-483b-bcf0-eba4ca01acc1.MOBH9ASGGCVWXXCW.SEARCH&ppt=sp&ppn=sp&ssid=x5p3473w800000001753087983579&qH=a81ad6e72f7a2fd1,https://rukminim2.flixcart.com/image/312/312/xif0q/mobile/g/a/j/-original-imahcqcwhvvxsrgd.jpeg?q=70,Mobiles,Flipkart
Kechaoda A26,929.0,4.0,1577.0,https://www.flipkart.com/kechaoda-a26/p/itm77962b7850e7b?pid=MOBGTYJJSJHPZCVN&lid=LSTMOBGTYJJSJHPZCVNTSEXWJ&marketplace=FLIPKART&q=mobile+phones&store=tyy%2F4io&srno=s_19_451&otracker=search&otracker1=search&fm=Search&iid=bb7c8792-f9b7-483b-bcf0-eba4ca01acc1.MOBGTYJJSJHPZCVN.SEARCH&ppt=sp&ppn=sp&ssid=x5p3473w800000001753087983579&qH=a81ad6e72f7a2fd1,https://rukminim2.flixcart.com/image/312/312/xif0q/mobile/b/j/e/a26-a26-kechaoda-original-imahyc3zpws5jwyg.jpeg?q=70,Mobiles,Flipkart
"Infinix SMART 9 HD (Metallic Black, 64 GB)",6699.0,4.2,216.0,https://www.flipkart.com/infinix-smart-9-hd-metallic-black-64-gb/p/itm6c336dc47593e?pid=MOBH88VZDZGZ8YMH&lid=LSTMOBH88VZDZGZ8YMHV1BJS0&marketplace=FLIPKART&q=mobile+phones&store=tyy%2F4io&srno=s_19_452&otracker=search&otracker1=search&fm=Search&iid=bb7c8792-f9b7-483b-bcf0-eba4ca01acc1.MOBH88VZDZGZ8YMH.SEARCH&ppt=sp&ppn=sp&ssid=x5p3473w800000001753087983579&qH=a81ad6e72f7a2fd1,https://rukminim2.flixcart.com/image/312/312/xif0q/mobile/c/d/u/-original-imah8j2vtesmh5dn.jpeg?q=70,Mobiles,Flipkart
"realme P3 Pro 5G (Nebula Glow, 256 GB)",20999.0,4.4,510.0,https://www.flipkart.com/realme-p3-pro-5g-nebula-glow-256-gb/p/itme2d563c696f88?pid=MOBH8VGVFZ3GZ3ZA&lid=LSTMOBH8VGVFZ3GZ3ZACFTZXQ&marketplace=FLIPKART&q=mobile+phones&store=tyy%2F4io&srno=s_19_453&otracker=search&otracker1=search&fm=Search&iid=bb7c8792-f9b7-483b-bcf0-eba4ca01acc1.MOBH8VGVFZ3GZ3ZA.SEARCH&ppt=sp&ppn=sp&ssid=x5p3473w800000001753087983579&qH=a81ad6e72f7a2fd1,https://rukminim2.flixcart.com/image/312/312/xif0q/mobile/c/y/n/-original-imah9m58zvvd44hf.jpeg?q=70,Mobiles,Flipkart
"realme P3 Pro 5G (Galaxy Purple, 256 GB)",20999.0,4.4,510.0,https://www.flipkart.com/realme-p3-pro-5g-galaxy-purple-256-gb/p/itme2d563c696f88?pid=MOBH8VGVQHEQJM7M&lid=LSTMOBH8VGVQHEQJM7M4U1XWW&marketplace=FLIPKART&q=mobile+phones&store=tyy%2F4io&srno=s_19_454&otracker=search&otracker1=search&fm=Search&iid=bb7c8792-f9b7-483b-bcf0-eba4ca01acc1.MOBH8VGVQHEQJM7M.SEARCH&ppt=sp&ppn=sp&ssid=x5p3473w800000001753087983579&qH=a81ad6e72f7a2fd1,https://rukminim2.flixcart.com/image/312/312/xif0q/mobile/r/u/a/-original-imah9m589s8htnvr.jpeg?q=70,Mobiles,Flipkart
"realme P3 Pro 5G (Nebula Glow, 256 GB)",22999.0,4.4,135.0,https://www.flipkart.com/realme-p3-pro-5g-nebula-glow-256-gb/p/itme2d563c696f88?pid=MOBH8VGVSPRQRVZW&lid=LSTMOBH8VGVSPRQRVZW2ERUC4&marketplace=FLIPKART&q=mobile+phones&store=tyy%2F4io&srno=s_19_455&otracker=search&otracker1=search&fm=Search&iid=bb7c8792-f9b7-483b-bcf0-eba4ca01acc1.MOBH8VGVSPRQRVZW.SEARCH&ppt=sp&ppn=sp&ssid=x5p3473w800000001753087983579&qH=a81ad6e72f7a2fd1,https://rukminim2.flixcart.com/image/312/312/xif0q/mobile/c/y/n/-original-imah9m58zvvd44hf.jpeg?q=70,Mobiles,Flipkart
"realme P3 Pro 5G (Nebula Glow, 128 GB)",19999.0,4.4,510.0,https://www.flipkart.com/realme-p3-pro-5g-nebula-glow-128-gb/p/itme2d563c696f88?pid=MOBH8VGVKBXG2HVN&lid=LSTMOBH8VGVKBXG2HVNJTRPMS&marketplace=FLIPKART&q=mobile+phones&store=tyy%2F4io&srno=s_19_456&otracker=search&otracker1=search&fm=Search&iid=bb7c8792-f9b7-483b-bcf0-eba4ca01acc1.MOBH8VGVKBXG2HVN.SEARCH&ppt=sp&ppn=sp&ssid=x5p3473w800000001753087983579&qH=a81ad6e72f7a2fd1,https://rukminim2.flixcart.com/image/312/312/xif0q/mobile/c/y/n/-original-imah9m58zvvd44hf.jpeg?q=70,Mobiles,Flipkart
Nokia 105 Classic without Charger,1249.0,3.8,188.0,https://www.flipkart.com/nokia-105-classic-without-charger/p/itm1f9b32d78f93f?pid=MOBGWZUWQHMSH52H&lid=LSTMOBGWZUWQHMSH52HDUZUOG&marketplace=FLIPKART&q=mobile+phones&store=tyy%2F4io&srno=s_20_458&otracker=search&otracker1=search&fm=Search&iid=7561c2d2-32bf-485b-a7b3-84907858cfcd.MOBGWZUWQHMSH52H.SEARCH&ppt=sp&ppn=sp&ssid=7mmkwwigkw0000001753087993812&qH=a81ad6e72f7a2fd1,https://rukminim2.flixcart.com/image/312/312/l0r1j0w0/mobile/k/b/o/-original-imagch26hyzhgn9v.jpeg?q=70,Mobiles,Flipkart
"Samsung Galaxy M35 5G (Moonlight Blue, 128 GB)",14990.0,4.4,1951.0,https://www.flipkart.com/samsung-galaxy-m35-5g-moonlight-blue-128-gb/p/itm94360d23ec184?pid=MOBH2Z8ZTPKMZ9FV&lid=LSTMOBH2Z8ZTPKMZ9FVQFDIIH&marketplace=FLIPKART&q=mobile+phones&store=tyy%2F4io&srno=s_20_459&otracker=search&otracker1=search&fm=Search&iid=7561c2d2-32bf-485b-a7b3-84907858cfcd.MOBH2Z8ZTPKMZ9FV.SEARCH&ppt=sp&ppn=sp&ssid=7mmkwwigkw0000001753087993812&qH=a81ad6e72f7a2fd1,https://rukminim2.flixcart.com/image/312/312/xif0q/mobile/x/y/l/-original-imah8pvvhmj76hvg.jpeg?q=70,Mobiles,Flipkart
Kechaoda K115,997.0,4.1,2631.0,https://www.flipkart.com/kechaoda-k115/p/itm5f1179e4f5a06?pid=MOBGT7FNTAYCKH6K&lid=LSTMOBGT7FNTAYCKH6KRLUUM4&marketplace=FLIPKART&q=mobile+phones&store=tyy%2F4io&srno=s_20_460&otracker=search&otracker1=search&fm=Search&iid=7561c2d2-32bf-485b-a7b3-84907858cfcd.MOBGT7FNTAYCKH6K.SEARCH&ppt=sp&ppn=sp&ssid=7mmkwwigkw0000001753087993812&qH=a81ad6e72f7a2fd1,https://rukminim2.flixcart.com/image/312/312/xif0q/mobile/5/l/x/k115-k115-kechaoda-original-imagt7fjq372fnsj.jpeg?q=70,Mobiles,Flipkart
"realme 14 Pro+ 5G (Pearl White, 512 GB)",37999.0,4.4,716.0,https://www.flipkart.com/realme-14-pro-5g-pearl-white-512-gb/p/itmb5105a70ea6a6?pid=MOBH9ARSH7UWG6ZA&lid=LSTMOBH9ARSH7UWG6ZAOWMGEJ&marketplace=FLIPKART&q=mobile+phones&store=tyy%2F4io&srno=s_20_461&otracker=search&otracker1=search&fm=Search&iid=7561c2d2-32bf-485b-a7b3-84907858cfcd.MOBH9ARSH7UWG6ZA.SEARCH&ppt=sp&ppn=sp&ssid=7mmkwwigkw0000001753087993812&qH=a81ad6e72f7a2fd1,https://rukminim2.flixcart.com/image/312/312/xif0q/mobile/b/j/x/-original-imah8ffzxggep6dz.jpeg?q=70,Mobiles,Flipkart
"Samsung Galaxy M16 5G (Mint Green, 128 GB)",14990.0,4.3,7.0,https://www.flipkart.com/samsung-galaxy-m16-5g-mint-green-128-gb/p/itmf46b23a1eccd9?pid=MOBH9UYUJVGFTRPN&lid=LSTMOBH9UYUJVGFTRPNLYCS8G&marketplace=FLIPKART&q=mobile+phones&store=tyy%2F4io&srno=s_20_462&otracker=search&otracker1=search&fm=Search&iid=7561c2d2-32bf-485b-a7b3-84907858cfcd.MOBH9UYUJVGFTRPN.SEARCH&ppt=sp&ppn=sp&ssid=7mmkwwigkw0000001753087993812&qH=a81ad6e72f7a2fd1,https://rukminim2.flixcart.com/image/312/312/xif0q/mobile/m/y/z/-original-imahayqwxy7zfr5x.jpeg?q=70,Mobiles,Flipkart
"realme 14 Pro+ 5G (Suede Grey, 512 GB)",37999.0,4.4,716.0,https://www.flipkart.com/realme-14-pro-5g-suede-grey-512-gb/p/itmb5105a70ea6a6?pid=MOBH9ARSADS2WC9C&lid=LSTMOBH9ARSADS2WC9CMFVSYJ&marketplace=FLIPKART&q=mobile+phones&store=tyy%2F4io&srno=s_20_463&otracker=search&otracker1=search&fm=Search&iid=7561c2d2-32bf-485b-a7b3-84907858cfcd.MOBH9ARSADS2WC9C.SEARCH&ppt=sp&ppn=sp&ssid=7mmkwwigkw0000001753087993812&qH=a81ad6e72f7a2fd1,https://rukminim2.flixcart.com/image/312/312/xif0q/mobile/a/n/9/-original-imah8ffza3kjyhwp.jpeg?q=70,Mobiles,Flipkart
"Apple iPhone 16 Plus (Ultramarine, 256 GB)",94900.0,4.6,171.0,https://www.flipkart.com/apple-iphone-16-plus-ultramarine-256-gb/p/itm1a7499437978a?pid=MOBH4DQFZXQGRWHH&lid=LSTMOBH4DQFZXQGRWHHAHK02A&marketplace=FLIPKART&q=mobile+phones&store=tyy%2F4io&srno=s_20_464&otracker=search&otracker1=search&fm=Search&iid=7561c2d2-32bf-485b-a7b3-84907858cfcd.MOBH4DQFZXQGRWHH.SEARCH&ppt=sp&ppn=sp&ssid=7mmkwwigkw0000001753087993812&qH=a81ad6e72f7a2fd1,https://rukminim2.flixcart.com/image/312/312/xif0q/mobile/f/o/1/-original-imah4jykr84cbhgc.jpeg?q=70,Mobiles,Flipkart
"IQOO Z10 Lite 5G (Cyber Green, 128 GB)",10629.0,4.5,2.0,https://www.flipkart.com/iqoo-z10-lite-5g-cyber-green-128-gb/p/itmb57aad9fe876e?pid=MOBHDGDJNRMMRXKQ&lid=LSTMOBHDGDJNRMMRXKQD3A1CG&marketplace=FLIPKART&q=mobile+phones&store=tyy%2F4io&srno=s_20_466&otracker=search&otracker1=search&fm=Search&iid=7561c2d2-32bf-485b-a7b3-84907858cfcd.MOBHDGDJNRMMRXKQ.SEARCH&ppt=sp&ppn=sp&ssid=7mmkwwigkw0000001753087993812&qH=a81ad6e72f7a2fd1,https://rukminim2.flixcart.com/image/312/312/xif0q/mobile/3/n/f/z10-lite-5g-d2025a-iqoo-original-imahdgdjaxfgxnm3.jpeg?q=70,Mobiles,Flipkart
Samsung SM-B310EZDDINS,933.0,3.2,485.0,https://www.flipkart.com/samsung-sm-b310ezddins/p/itm1085fbe90ba3b?pid=MOBFXZXGCNBAKUSA&lid=LSTMOBFXZXGCNBAKUSAWKPRFJ&marketplace=FLIPKART&q=mobile+phones&store=tyy%2F4io&srno=s_20_467&otracker=search&otracker1=search&fm=Search&iid=7561c2d2-32bf-485b-a7b3-84907858cfcd.MOBFXZXGCNBAKUSA.SEARCH&ppt=sp&ppn=sp&ssid=7mmkwwigkw0000001753087993812&qH=a81ad6e72f7a2fd1,https://rukminim2.flixcart.com/image/312/312/xif0q/mobile/4/d/t/sm-b310ezddins-guru-music-2-samsung-original-imahcbygguddsndg.jpeg?q=70,Mobiles,Flipkart
"MOTOROLA Edge 50 (Jungle Green, 256 GB)",21999.0,4.3,2806.0,https://www.flipkart.com/motorola-edge-50-jungle-green-256-gb/p/itm740d86a7c55d1?pid=MOBH2Q5Y5EVAGS6M&lid=LSTMOBH2Q5Y5EVAGS6M3AMJYD&marketplace=FLIPKART&q=mobile+phones&store=tyy%2F4io&srno=s_20_468&otracker=search&otracker1=search&fm=Search&iid=7561c2d2-32bf-485b-a7b3-84907858cfcd.MOBH2Q5Y5EVAGS6M.SEARCH&ppt=sp&ppn=sp&ssid=7mmkwwigkw0000001753087993812&qH=a81ad6e72f7a2fd1,https://rukminim2.flixcart.com/image/312/312/xif0q/mobile/o/x/w/edge-50-pb2w0001in-motorola-original-imah3anbhkbjgqtk.jpeg?q=70,Mobiles,Flipkart
"vivo Y19e (Majestic Green, 64 GB)",7999.0,4.3,53.0,https://www.flipkart.com/vivo-y19e-majestic-green-64-gb/p/itmb036ff616e9d9?pid=MOBHAFRHGQZGWGAQ&lid=LSTMOBHAFRHGQZGWGAQKAZ2TY&marketplace=FLIPKART&q=mobile+phones&store=tyy%2F4io&srno=s_20_469&otracker=search&otracker1=search&fm=Search&iid=7561c2d2-32bf-485b-a7b3-84907858cfcd.MOBHAFRHGQZGWGAQ.SEARCH&ppt=sp&ppn=sp&ssid=7mmkwwigkw0000001753087993812&qH=a81ad6e72f7a2fd1,https://rukminim2.flixcart.com/image/312/312/xif0q/mobile/k/m/9/y19e-v2431-vivo-original-imahaeeyb2fshpy7.jpeg?q=70,Mobiles,Flipkart
"POCO M7 Pro 5G (Olive Twilight, 256 GB)",14999.0,4.3,677.0,https://www.flipkart.com/poco-m7-pro-5g-olive-twilight-256-gb/p/itm1d88319131b56?pid=MOBH7443K2CR3WUG&lid=LSTMOBH7443K2CR3WUGVV0YHH&marketplace=FLIPKART&q=mobile+phones&store=tyy%2F4io&srno=s_20_470&otracker=search&otracker1=search&fm=Search&iid=7561c2d2-32bf-485b-a7b3-84907858cfcd.MOBH7443K2CR3WUG.SEARCH&ppt=sp&ppn=sp&ssid=7mmkwwigkw0000001753087993812&qH=a81ad6e72f7a2fd1,https://rukminim2.flixcart.com/image/312/312/xif0q/mobile/p/f/d/-original-imah7jsp9uzpjkyc.jpeg?q=70,Mobiles,Flipkart
"Nokia 105 Single SIM, Keypad Mobile Phone with Wireless FM Radio",989.0,3.9,10110.0,https://www.flipkart.com/nokia-105-single-sim-keypad-mobile-phone-wireless-fm-radio/p/itm1e2206f816463?pid=MOBGQFVG6MXANY2Q&lid=LSTMOBGQFVG6MXANY2QVIMFYH&marketplace=FLIPKART&q=mobile+phones&store=tyy%2F4io&srno=s_20_471&otracker=search&otracker1=search&fm=Search&iid=7561c2d2-32bf-485b-a7b3-84907858cfcd.MOBGQFVG6MXANY2Q.SEARCH&ppt=sp&ppn=sp&ssid=7mmkwwigkw0000001753087993812&qH=a81ad6e72f7a2fd1,https://rukminim2.flixcart.com/image/312/312/xif0q/mobile/7/c/t/105-single-sim-keypad-mobile-phone-with-wireless-fm-radio-ta-original-imah3nhecpzsx3g9.jpeg?q=70,Mobiles,Flipkart
"IQOO Z9s 5G (Onyx Green, 128 GB)",19115.0,4.4,508.0,https://www.flipkart.com/iqoo-z9s-5g-onyx-green-128-gb/p/itmd0cd60e21a46f?pid=MOBH46H9EUYA54HN&lid=LSTMOBH46H9EUYA54HNHLBOYB&marketplace=FLIPKART&q=mobile+phones&store=tyy%2F4io&srno=s_20_472&otracker=search&otracker1=search&fm=Search&iid=7561c2d2-32bf-485b-a7b3-84907858cfcd.MOBH46H9EUYA54HN.SEARCH&ppt=sp&ppn=sp&ssid=7mmkwwigkw0000001753087993812&qH=a81ad6e72f7a2fd1,https://rukminim2.flixcart.com/image/312/312/xif0q/mobile/t/a/4/z9s-5g-z9s-i2403-iqoo-original-imahb84yqqjywgb6.jpeg?q=70,Mobiles,Flipkart
"vivo T3 Lite 5G (Majestic Black, 128 GB)",11499.0,4.4,3588.0,https://www.flipkart.com/vivo-t3-lite-5g-majestic-black-128-gb/p/itm977c89a44d373?pid=MOBHFTYB4ZHAAGFS&lid=LSTMOBHFTYB4ZHAAGFS9V33ZB&marketplace=FLIPKART&q=mobile+phones&store=tyy%2F4io&srno=s_20_473&otracker=search&otracker1=search&fm=Search&iid=7561c2d2-32bf-485b-a7b3-84907858cfcd.MOBHFTYB4ZHAAGFS.SEARCH&ppt=sp&ppn=sp&ssid=7mmkwwigkw0000001753087993812&qH=a81ad6e72f7a2fd1,https://rukminim2.flixcart.com/image/312/312/xif0q/mobile/n/l/3/-original-imah27wvna2g9hfc.jpeg?q=70,Mobiles,Flipkart
"IQOO z9x (Tornado Green, 128 GB)",12980.0,4.4,503.0,https://www.flipkart.com/iqoo-z9x-tornado-green-128-gb/p/itm37ed9034fd805?pid=MOBHF76GH8XPQB3X&lid=LSTMOBHF76GH8XPQB3XLQV8XF&marketplace=FLIPKART&q=mobile+phones&store=tyy%2F4io&srno=s_20_474&otracker=search&otracker1=search&fm=Search&iid=7561c2d2-32bf-485b-a7b3-84907858cfcd.MOBHF76GH8XPQB3X.SEARCH&ppt=sp&ppn=sp&ssid=7mmkwwigkw0000001753087993812&qH=a81ad6e72f7a2fd1,https://rukminim2.flixcart.com/image/312/312/xif0q/mobile/h/z/l/z9x-i2219-iqoo-original-imahfa9hsrtkvgsd.jpeg?q=70,Mobiles,Flipkart
"OnePlus Nord CE4 lite 5G (ULTRA ORANGE, 256 GB)",23960.0,4.4,1184.0,https://www.flipkart.com/oneplus-nord-ce4-lite-5g-ultra-orange-256-gb/p/itm8fd5fdf300955?pid=MOBH25ZHN4MRWKFT&lid=LSTMOBH25ZHN4MRWKFTKUDOK0&marketplace=FLIPKART&q=mobile+phones&store=tyy%2F4io&srno=s_20_475&otracker=search&otracker1=search&fm=Search&iid=7561c2d2-32bf-485b-a7b3-84907858cfcd.MOBH25ZHN4MRWKFT.SEARCH&ppt=sp&ppn=sp&ssid=7mmkwwigkw0000001753087993812&qH=a81ad6e72f7a2fd1,https://rukminim2.flixcart.com/image/312/312/xif0q/mobile/a/t/d/nord-ce4-lite-5g-cph2619-oneplus-original-imah7kw6mhdzrw8z.jpeg?q=70,Mobiles,Flipkart
"TOUCH 18 Rock Z Flip Dual Sim |Keypad Mobile| with 2.4"" Display Call & SMS Indicator",1667.0,3.8,10.0,https://www.flipkart.com/touch-18-rock-z-flip-dual-sim-keypad-mobile-2-4-display-call-sms-indicator/p/itm3fefdc6dea36a?pid=MOBH4UCQYQMKRURB&lid=LSTMOBH4UCQYQMKRURBYA10PV&marketplace=FLIPKART&q=mobile+phones&store=tyy%2F4io&srno=s_20_476&otracker=search&otracker1=search&fm=Search&iid=7561c2d2-32bf-485b-a7b3-84907858cfcd.MOBH4UCQYQMKRURB.SEARCH&ppt=sp&ppn=sp&ssid=7mmkwwigkw0000001753087993812&qH=a81ad6e72f7a2fd1,https://rukminim2.flixcart.com/image/312/312/xif0q/mobile/r/n/w/rock-z-flip-dual-sim-keypad-mobile-with-2-4-display-call-sms-original-imaha4rta2mffwc6.jpeg?q=70,Mobiles,Flipkart
"Apple iPhone 16 Plus (Black, 128 GB)",84900.0,4.6,171.0,https://www.flipkart.com/apple-iphone-16-plus-black-128-gb/p/itm1abbae671f9ef?pid=MOBH4DQFSAXNVHME&lid=LSTMOBH4DQFSAXNVHMETHBWPZ&marketplace=FLIPKART&q=mobile+phones&store=tyy%2F4io&srno=s_20_477&otracker=search&otracker1=search&fm=Search&iid=7561c2d2-32bf-485b-a7b3-84907858cfcd.MOBH4DQFSAXNVHME.SEARCH&ppt=sp&ppn=sp&ssid=7mmkwwigkw0000001753087993812&qH=a81ad6e72f7a2fd1,https://rukminim2.flixcart.com/image/312/312/xif0q/mobile/f/y/e/-original-imah4jykc3knhq3b.jpeg?q=70,Mobiles,Flipkart
itel it5027,1109.0,4.0,185.0,https://www.flipkart.com/itel-it5027/p/itm01257f2e1fa5f?pid=MOBGU99FMZVQKM8T&lid=LSTMOBGU99FMZVQKM8T9BFJYJ&marketplace=FLIPKART&q=mobile+phones&store=tyy%2F4io&srno=s_20_479&otracker=search&otracker1=search&fm=Search&iid=7561c2d2-32bf-485b-a7b3-84907858cfcd.MOBGU99FMZVQKM8T.SEARCH&ppt=sp&ppn=sp&ssid=7mmkwwigkw0000001753087993812&qH=a81ad6e72f7a2fd1,https://rukminim2.flixcart.com/image/312/312/xif0q/mobile/g/8/d/it5027-it5027-itel-original-imah2yspxsg6z3h8.jpeg?q=70,Mobiles,Flipkart
"Samsung Galaxy A06 5G (Light Gray, 64 GB)",9399.0,3.9,57.0,https://www.flipkart.com/samsung-galaxy-a06-5g-light-gray-64-gb/p/itmf71de68343c6b?pid=MOBH9YKVEHBDSPCF&lid=LSTMOBH9YKVEHBDSPCFE1JNEL&marketplace=FLIPKART&q=mobile+phones&store=tyy%2F4io&srno=s_20_480&otracker=search&otracker1=search&fm=Search&iid=7561c2d2-32bf-485b-a7b3-84907858cfcd.MOBH9YKVEHBDSPCF.SEARCH&ppt=sp&ppn=sp&ssid=7mmkwwigkw0000001753087993812&qH=a81ad6e72f7a2fd1,https://rukminim2.flixcart.com/image/312/312/xif0q/mobile/o/0/v/galaxy-a06-5g-sm-a066bzadins-samsung-original-imahbf7gmxrfhcxu.jpeg?q=70,Mobiles,Flipkart
itel MagicX Play 4G| 1900 mAh battery| Expandable Storage upto 64GB,1790.0,3.9,133.0,https://www.flipkart.com/itel-magicx-play-4g-1900-mah-battery-expandable-storage-upto-64gb/p/itma5fabd240e7d1?pid=MOBGHAEAWKEWUEDC&lid=LSTMOBGHAEAWKEWUEDCZEWFCE&marketplace=FLIPKART&q=mobile+phones&store=tyy%2F4io&srno=s_21_481&otracker=search&otracker1=search&fm=Search&iid=1d0c5df2-b81a-4c57-875f-cae9f11dc60f.MOBGHAEAWKEWUEDC.SEARCH&ppt=sp&ppn=sp&ssid=njz74we9fk0000001753088003759&qH=a81ad6e72f7a2fd1,https://rukminim2.flixcart.com/image/312/312/xif0q/mobile/d/m/c/magicx-play-4g-1900-mah-battery-expandable-storage-upto-64gb-mx-original-imahfs2pbcs6sbyz.jpeg?q=70,Mobiles,Flipkart
"Apple iPhone 16 Plus (White, 128 GB)",84900.0,4.6,171.0,https://www.flipkart.com/apple-iphone-16-plus-white-128-gb/p/itm0635ebbf8c665?pid=MOBH4DQF3AJNKARR&lid=LSTMOBH4DQF3AJNKARRT235WT&marketplace=FLIPKART&q=mobile+phones&store=tyy%2F4io&srno=s_21_482&otracker=search&otracker1=search&fm=Search&iid=1d0c5df2-b81a-4c57-875f-cae9f11dc60f.MOBH4DQF3AJNKARR.SEARCH&ppt=sp&ppn=sp&ssid=njz74we9fk0000001753088003759&qH=a81ad6e72f7a2fd1,https://rukminim2.flixcart.com/image/312/312/xif0q/mobile/j/h/x/-original-imah4jykuzexdzek.jpeg?q=70,Mobiles,Flipkart
"Samsung Galaxy A36 5G (Awesome White, 128 GB)",30999.0,4.3,65.0,https://www.flipkart.com/samsung-galaxy-a36-5g-awesome-white-128-gb/p/itm5be3c74d46c0c?pid=MOBH9RNGK9ACFMRQ&lid=LSTMOBH9RNGK9ACFMRQYNGLM7&marketplace=FLIPKART&q=mobile+phones&store=tyy%2F4io&srno=s_21_483&otracker=search&otracker1=search&fm=Search&iid=1d0c5df2-b81a-4c57-875f-cae9f11dc60f.MOBH9RNGK9ACFMRQ.SEARCH&ppt=sp&ppn=sp&ssid=njz74we9fk0000001753088003759&qH=a81ad6e72f7a2fd1,https://rukminim2.flixcart.com/image/312/312/xif0q/mobile/m/t/g/-original-imahb3hqn8en4qfu.jpeg?q=70,Mobiles,Flipkart
"Tecno Pova Curve 5G (Magic Silver, 128 GB)",15999.0,4.3,109.0,https://www.flipkart.com/tecno-pova-curve-5g-magic-silver-128-gb/p/itma403c7d655267?pid=MOBHBYG3VVJCBXGP&lid=LSTMOBHBYG3VVJCBXGPMUC0KQ&marketplace=FLIPKART&q=mobile+phones&store=tyy%2F4io&srno=s_21_484&otracker=search&otracker1=search&fm=Search&iid=1d0c5df2-b81a-4c57-875f-cae9f11dc60f.MOBHBYG3VVJCBXGP.SEARCH&ppt=sp&ppn=sp&ssid=njz74we9fk0000001753088003759&qH=a81ad6e72f7a2fd1,https://rukminim2.flixcart.com/image/312/312/xif0q/mobile/f/s/w/-original-imahctmx96mw5wqn.jpeg?q=70,Mobiles,Flipkart
"Tecno Pova Curve 5G (Magic Silver, 128 GB)",16999.0,4.3,85.0,https://www.flipkart.com/tecno-pova-curve-5g-magic-silver-128-gb/p/itma403c7d655267?pid=MOBHBYG33HBWUKRY&lid=LSTMOBHBYG33HBWUKRY3R1GCS&marketplace=FLIPKART&q=mobile+phones&store=tyy%2F4io&srno=s_21_485&otracker=search&otracker1=search&fm=Search&iid=1d0c5df2-b81a-4c57-875f-cae9f11dc60f.MOBHBYG33HBWUKRY.SEARCH&ppt=sp&ppn=sp&ssid=njz74we9fk0000001753088003759&qH=a81ad6e72f7a2fd1,https://rukminim2.flixcart.com/image/312/312/xif0q/mobile/f/s/w/-original-imahctmx96mw5wqn.jpeg?q=70,Mobiles,Flipkart
Nokia 220 DS 4G,3549.0,4.0,52.0,https://www.flipkart.com/nokia-220-ds-4g/p/itm05d7c21123cb2?pid=MOBH2GDF2UXKCTNN&lid=LSTMOBH2GDF2UXKCTNNE2OJZU&marketplace=FLIPKART&q=mobile+phones&store=tyy%2F4io&srno=s_21_486&otracker=search&otracker1=search&fm=Search&iid=1d0c5df2-b81a-4c57-875f-cae9f11dc60f.MOBH2GDF2UXKCTNN.SEARCH&ppt=sp&ppn=sp&ssid=njz74we9fk0000001753088003759&qH=a81ad6e72f7a2fd1,https://rukminim2.flixcart.com/image/312/312/xif0q/mobile/1/z/2/220-ds-4g-ta-1617-ds-nokia-original-imah54fajz5vwguy.jpeg?q=70,Mobiles,Flipkart
itel it2175 Pro | 2 inch Big Display | 1200 mAh Battery | Kingvoice,929.0,4.1,88.0,https://www.flipkart.com/itel-it2175-pro-2-inch-big-display-1200-mah-battery-kingvoice/p/itm793dbdfde4d37?pid=MOBGUTYZFFGZMBNR&lid=LSTMOBGUTYZFFGZMBNRVSR1VW&marketplace=FLIPKART&q=mobile+phones&store=tyy%2F4io&srno=s_21_487&otracker=search&otracker1=search&fm=Search&iid=1d0c5df2-b81a-4c57-875f-cae9f11dc60f.MOBGUTYZFFGZMBNR.SEARCH&ppt=sp&ppn=sp&ssid=njz74we9fk0000001753088003759&qH=a81ad6e72f7a2fd1,https://rukminim2.flixcart.com/image/312/312/xif0q/mobile/j/t/t/it2175-pro-2-inch-big-display-1200-mah-battery-kingvoice-it2175p-original-imahfs2tvkhnkwfg.jpeg?q=70,Mobiles,Flipkart
"Tecno Spark Go 1 (Magic Skin Green, 64 GB)",6899.0,4.3,70.0,https://www.flipkart.com/tecno-spark-go-1-magic-skin-green-64-gb/p/itma978101d8bf15?pid=MOBH9HYGVB8F4WS6&lid=LSTMOBH9HYGVB8F4WS6RLA93J&marketplace=FLIPKART&q=mobile+phones&store=tyy%2F4io&srno=s_21_490&otracker=search&otracker1=search&fm=Search&iid=1d0c5df2-b81a-4c57-875f-cae9f11dc60f.MOBH9HYGVB8F4WS6.SEARCH&ppt=sp&ppn=sp&ssid=njz74we9fk0000001753088003759&qH=a81ad6e72f7a2fd1,https://rukminim2.flixcart.com/image/312/312/xif0q/mobile/x/b/g/-original-imah43f27gxaqhhy.jpeg?q=70,Mobiles,Flipkart
"Apple iPhone 14 (Blue, 128 GB)",52999.0,4.6,11688.0,https://www.flipkart.com/apple-iphone-14-blue-128-gb/p/itmdb77f40da6b6d?pid=MOBGHWFHSV7GUFWA&lid=LSTMOBGHWFHSV7GUFWAFEQJQ4&marketplace=FLIPKART&q=mobile+phones&store=tyy%2F4io&srno=s_21_491&otracker=search&otracker1=search&fm=Search&iid=1d0c5df2-b81a-4c57-875f-cae9f11dc60f.MOBGHWFHSV7GUFWA.SEARCH&ppt=sp&ppn=sp&ssid=njz74we9fk0000001753088003759&qH=a81ad6e72f7a2fd1,https://rukminim2.flixcart.com/image/312/312/xif0q/mobile/3/5/l/-original-imaghx9qmgqsk9s4.jpeg?q=70,Mobiles,Flipkart
"Motorola g64 5G (Mint Green, 256 GB)",15999.0,4.2,5420.0,https://www.flipkart.com/motorola-g64-5g-mint-green-256-gb/p/itm03d965c2f47ac?pid=MOBGY2JUPSSWCZEJ&lid=LSTMOBGY2JUPSSWCZEJGIY3BS&marketplace=FLIPKART&q=mobile+phones&store=tyy%2F4io&srno=s_21_492&otracker=search&otracker1=search&fm=Search&iid=1d0c5df2-b81a-4c57-875f-cae9f11dc60f.MOBGY2JUPSSWCZEJ.SEARCH&ppt=sp&ppn=sp&ssid=njz74we9fk0000001753088003759&qH=a81ad6e72f7a2fd1,https://rukminim2.flixcart.com/image/312/312/xif0q/mobile/n/b/s/g64-5g-pb2e0005in-motorola-original-imagzzd5zagkg9gu.jpeg?q=70,Mobiles,Flipkart
"Google Pixel 9 (Obsidian, 256 GB)",74999.0,4.5,309.0,https://www.flipkart.com/google-pixel-9-obsidian-256-gb/p/itm330ed8ebeefe1?pid=MOBH2HJGP3FGTECW&lid=LSTMOBH2HJGP3FGTECWZSSJ2D&marketplace=FLIPKART&q=mobile+phones&store=tyy%2F4io&srno=s_21_493&otracker=search&otracker1=search&fm=Search&iid=1d0c5df2-b81a-4c57-875f-cae9f11dc60f.MOBH2HJGP3FGTECW.SEARCH&ppt=sp&ppn=sp&ssid=njz74we9fk0000001753088003759&qH=a81ad6e72f7a2fd1,https://rukminim2.flixcart.com/image/312/312/xif0q/mobile/r/r/w/pixel-9-ga05842-in-google-original-imah3pfhxtjf5t8q.jpeg?q=70,Mobiles,Flipkart
"Samsung Galaxy A06 5G (Light Green, 128 GB)",10349.0,3.9,57.0,https://www.flipkart.com/samsung-galaxy-a06-5g-light-green-128-gb/p/itm7ec0a3866eba9?pid=MOBH9GQKZF6ZFVGB&lid=LSTMOBH9GQKZF6ZFVGBFSFTKS&marketplace=FLIPKART&q=mobile+phones&store=tyy%2F4io&srno=s_21_494&otracker=search&otracker1=search&fm=Search&iid=1d0c5df2-b81a-4c57-875f-cae9f11dc60f.MOBH9GQKZF6ZFVGB.SEARCH&ppt=sp&ppn=sp&ssid=njz74we9fk0000001753088003759&qH=a81ad6e72f7a2fd1,https://rukminim2.flixcart.com/image/312/312/xif0q/mobile/c/f/2/galaxy-a06-5g-sm-a066blgdins-samsung-original-imaha5am89gn8y6z.jpeg?q=70,Mobiles,Flipkart
"vivo T3 Lite 5G (Vibrant Green, 128 GB)",10499.0,4.4,2326.0,https://www.flipkart.com/vivo-t3-lite-5g-vibrant-green-128-gb/p/itm977c89a44d373?pid=MOBHFTYBGJ7RW9ZQ&lid=LSTMOBHFTYBGJ7RW9ZQRJTON0&marketplace=FLIPKART&q=mobile+phones&store=tyy%2F4io&srno=s_21_495&otracker=search&otracker1=search&fm=Search&iid=1d0c5df2-b81a-4c57-875f-cae9f11dc60f.MOBHFTYBGJ7RW9ZQ.SEARCH&ppt=sp&ppn=sp&ssid=njz74we9fk0000001753088003759&qH=a81ad6e72f7a2fd1,https://rukminim2.flixcart.com/image/312/312/xif0q/mobile/h/i/r/t3-lite-5g-v2356-vivo-original-imah27wmfgkergtx.jpeg?q=70,Mobiles,Flipkart
"vivo T3 Lite 5G (Vibrant Green, 128 GB)",11499.0,4.4,3588.0,https://www.flipkart.com/vivo-t3-lite-5g-vibrant-green-128-gb/p/itm977c89a44d373?pid=MOBHFTYBA6V3RVZE&lid=LSTMOBHFTYBA6V3RVZEGQ7SZ8&marketplace=FLIPKART&q=mobile+phones&store=tyy%2F4io&srno=s_21_496&otracker=search&otracker1=search&fm=Search&iid=1d0c5df2-b81a-4c57-875f-cae9f11dc60f.MOBHFTYBA6V3RVZE.SEARCH&ppt=sp&ppn=sp&ssid=njz74we9fk0000001753088003759&qH=a81ad6e72f7a2fd1,https://rukminim2.flixcart.com/image/312/312/xif0q/mobile/h/i/r/t3-lite-5g-v2356-vivo-original-imah27wmfgkergtx.jpeg?q=70,Mobiles,Flipkart
Nokia 105,978.0,3.3,415.0,https://www.flipkart.com/nokia-105/p/itm781c27468c0e8?pid=MOBGSFECDNDWE2HT&lid=LSTMOBGSFECDNDWE2HT5HFSVL&marketplace=FLIPKART&q=mobile+phones&store=tyy%2F4io&srno=s_21_497&otracker=search&otracker1=search&fm=Search&iid=1d0c5df2-b81a-4c57-875f-cae9f11dc60f.MOBGSFECDNDWE2HT.SEARCH&ppt=sp&ppn=sp&ssid=njz74we9fk0000001753088003759&qH=a81ad6e72f7a2fd1,https://rukminim2.flixcart.com/image/312/312/xif0q/mobile/p/o/d/105-ta-1570-ds-nokia-original-imah3y73zfk9r9xj.jpeg?q=70,Mobiles,Flipkart
"realme 14 Pro+ 5G (Pearl White, 256 GB)",34999.0,4.4,716.0,https://www.flipkart.com/realme-14-pro-5g-pearl-white-256-gb/p/itmb5105a70ea6a6?pid=MOBH84ZX7NAXXFQQ&lid=LSTMOBH84ZX7NAXXFQQV10QBB&marketplace=FLIPKART&q=mobile+phones&store=tyy%2F4io&srno=s_21_498&otracker=search&otracker1=search&fm=Search&iid=1d0c5df2-b81a-4c57-875f-cae9f11dc60f.MOBH84ZX7NAXXFQQ.SEARCH&ppt=sp&ppn=sp&ssid=njz74we9fk0000001753088003759&qH=a81ad6e72f7a2fd1,https://rukminim2.flixcart.com/image/312/312/xif0q/mobile/b/j/x/-original-imah8ffzxggep6dz.jpeg?q=70,Mobiles,Flipkart
"realme 14 Pro+ 5G (Bikaner Purple, 256 GB)",31999.0,4.4,1438.0,https://www.flipkart.com/realme-14-pro-5g-bikaner-purple-256-gb/p/itmb5105a70ea6a6?pid=MOBH84ZX8UHXKCYY&lid=LSTMOBH84ZX8UHXKCYYS0OQE5&marketplace=FLIPKART&q=mobile+phones&store=tyy%2F4io&srno=s_21_499&otracker=search&otracker1=search&fm=Search&iid=1d0c5df2-b81a-4c57-875f-cae9f11dc60f.MOBH84ZX8UHXKCYY.SEARCH&ppt=sp&ppn=sp&ssid=njz74we9fk0000001753088003759&qH=a81ad6e72f7a2fd1,https://rukminim2.flixcart.com/image/312/312/xif0q/mobile/d/v/8/-original-imah8ffznpcq5phk.jpeg?q=70,Mobiles,Flipkart
"realme 14 Pro+ 5G (Suede Grey, 256 GB)",31999.0,4.4,1438.0,https://www.flipkart.com/realme-14-pro-5g-suede-grey-256-gb/p/itmb5105a70ea6a6?pid=MOBH84ZXNK3ABYSA&lid=LSTMOBH84ZXNK3ABYSAA9XKAG&marketplace=FLIPKART&q=mobile+phones&store=tyy%2F4io&srno=s_21_500&otracker=search&otracker1=search&fm=Search&iid=1d0c5df2-b81a-4c57-875f-cae9f11dc60f.MOBH84ZXNK3ABYSA.SEARCH&ppt=sp&ppn=sp&ssid=njz74we9fk0000001753088003759&qH=a81ad6e72f7a2fd1,https://rukminim2.flixcart.com/image/312/312/xif0q/mobile/a/n/9/-original-imah8ffza3kjyhwp.jpeg?q=70,Mobiles,Flipkart
"realme 14 Pro+ 5G (Pearl White, 256 GB)",31999.0,4.4,1438.0,https://www.flipkart.com/realme-14-pro-5g-pearl-white-256-gb/p/itmb5105a70ea6a6?pid=MOBH84ZXZCTJZ9JM&lid=LSTMOBH84ZXZCTJZ9JMXSL0LA&marketplace=FLIPKART&q=mobile+phones&store=tyy%2F4io&srno=s_21_501&otracker=search&otracker1=search&fm=Search&iid=1d0c5df2-b81a-4c57-875f-cae9f11dc60f.MOBH84ZXZCTJZ9JM.SEARCH&ppt=sp&ppn=sp&ssid=njz74we9fk0000001753088003759&qH=a81ad6e72f7a2fd1,https://rukminim2.flixcart.com/image/312/312/xif0q/mobile/b/j/x/-original-imah8ffzxggep6dz.jpeg?q=70,Mobiles,Flipkart
"realme 14 Pro+ 5G (Bikaner Purple, 128 GB)",29999.0,4.4,1438.0,https://www.flipkart.com/realme-14-pro-5g-bikaner-purple-128-gb/p/itmb5105a70ea6a6?pid=MOBH84ZXAZYM8ZZP&lid=LSTMOBH84ZXAZYM8ZZPMSORPL&marketplace=FLIPKART&q=mobile+phones&store=tyy%2F4io&srno=s_21_502&otracker=search&otracker1=search&fm=Search&iid=1d0c5df2-b81a-4c57-875f-cae9f11dc60f.MOBH84ZXAZYM8ZZP.SEARCH&ppt=sp&ppn=sp&ssid=njz74we9fk0000001753088003759&qH=a81ad6e72f7a2fd1,https://rukminim2.flixcart.com/image/312/312/xif0q/mobile/d/v/8/-original-imah8ffznpcq5phk.jpeg?q=70,Mobiles,Flipkart
"realme 14 Pro+ 5G (Suede Grey, 128 GB)",29999.0,4.4,1438.0,https://www.flipkart.com/realme-14-pro-5g-suede-grey-128-gb/p/itmb5105a70ea6a6?pid=MOBH84ZXDNFW5WZW&lid=LSTMOBH84ZXDNFW5WZWXJRI8P&marketplace=FLIPKART&q=mobile+phones&store=tyy%2F4io&srno=s_21_503&otracker=search&otracker1=search&fm=Search&iid=1d0c5df2-b81a-4c57-875f-cae9f11dc60f.MOBH84ZXDNFW5WZW.SEARCH&ppt=sp&ppn=sp&ssid=njz74we9fk0000001753088003759&qH=a81ad6e72f7a2fd1,https://rukminim2.flixcart.com/image/312/312/xif0q/mobile/a/n/9/-original-imah8ffza3kjyhwp.jpeg?q=70,Mobiles,Flipkart
"Samsung Galaxy F16 5G (Glam Green, 128 GB)",15499.0,4.2,131.0,https://www.flipkart.com/samsung-galaxy-f16-5g-glam-green-128-gb/p/itm05d1354ab28a9?pid=MOBH9ASGHHWYPHRF&lid=LSTMOBH9ASGHHWYPHRFHONIBZ&marketplace=FLIPKART&q=mobile+phones&store=tyy%2F4io&srno=s_21_504&otracker=search&otracker1=search&fm=Search&iid=1d0c5df2-b81a-4c57-875f-cae9f11dc60f.MOBH9ASGHHWYPHRF.SEARCH&ppt=sp&ppn=sp&ssid=njz74we9fk0000001753088003759&qH=a81ad6e72f7a2fd1,https://rukminim2.flixcart.com/image/312/312/xif0q/mobile/g/a/j/-original-imahcqcwhvvxsrgd.jpeg?q=70,Mobiles,Flipkart
"Tecno Pova Curve 5G (Neon Cyan, 128 GB)",16999.0,4.3,85.0,https://www.flipkart.com/tecno-pova-curve-5g-neon-cyan-128-gb/p/itma403c7d655267?pid=MOBHBYG35GQMXR4H&lid=LSTMOBHBYG35GQMXR4HF9DESA&marketplace=FLIPKART&q=mobile+phones&store=tyy%2F4io&srno=s_22_508&otracker=search&otracker1=search&fm=Search&iid=c8c7e7a0-2ea7-4bee-b1ae-1091da9de7c3.MOBHBYG35GQMXR4H.SEARCH&ppt=sp&ppn=sp&ssid=yztzpw9ugg0000001753088014058&qH=a81ad6e72f7a2fd1,https://rukminim2.flixcart.com/image/312/312/xif0q/mobile/m/y/n/-original-imahctmx6yhzhghw.jpeg?q=70,Mobiles,Flipkart
KARBONN K-Phone 1 DS Feature Phone|1400 mAh Battery|1.3MP Camera|Expandable Upto 32 GB,1449.0,4.1,3.0,https://www.flipkart.com/karbonn-k-phone-1-ds-feature-phone-1400-mah-battery-1-3mp-camera-expandable-upto-32-gb/p/itm7298e82e12660?pid=MOBGTVRD65SSQGF5&lid=LSTMOBGTVRD65SSQGF5XM7ZYE&marketplace=FLIPKART&q=mobile+phones&store=tyy%2F4io&srno=s_22_509&otracker=search&otracker1=search&fm=Search&iid=c8c7e7a0-2ea7-4bee-b1ae-1091da9de7c3.MOBGTVRD65SSQGF5.SEARCH&ppt=sp&ppn=sp&ssid=yztzpw9ugg0000001753088014058&qH=a81ad6e72f7a2fd1,https://rukminim2.flixcart.com/image/312/312/xif0q/mobile/m/f/8/kphone-1-kphone-1-karbonn-original-imahyjgjcf97zxzt.jpeg?q=70,Mobiles,Flipkart
"Infinix Hot 50 5G (Sage Green, 128 GB)",10499.0,4.4,1275.0,https://www.flipkart.com/infinix-hot-50-5g-sage-green-128-gb/p/itm61d8bc127842c?pid=MOBH45FZHVQKGQPQ&lid=LSTMOBH45FZHVQKGQPQO18Q9S&marketplace=FLIPKART&q=mobile+phones&store=tyy%2F4io&srno=s_22_510&otracker=search&otracker1=search&fm=Search&iid=c8c7e7a0-2ea7-4bee-b1ae-1091da9de7c3.MOBH45FZHVQKGQPQ.SEARCH&ppt=sp&ppn=sp&ssid=yztzpw9ugg0000001753088014058&qH=a81ad6e72f7a2fd1,https://rukminim2.flixcart.com/image/312/312/xif0q/mobile/4/s/d/hot-50-5g-x6720-infinix-original-imah4dybfdernmyz.jpeg?q=70,Mobiles,Flipkart
Vox V20,785.0,3.6,23.0,https://www.flipkart.com/vox-v20/p/itm3f212e2ac3781?pid=MOBH3SGD4HWGM56A&lid=LSTMOBH3SGD4HWGM56ADRYZJD&marketplace=FLIPKART&q=mobile+phones&store=tyy%2F4io&srno=s_22_511&otracker=search&otracker1=search&fm=Search&iid=c8c7e7a0-2ea7-4bee-b1ae-1091da9de7c3.MOBH3SGD4HWGM56A.SEARCH&ppt=sp&ppn=sp&ssid=yztzpw9ugg0000001753088014058&qH=a81ad6e72f7a2fd1,https://rukminim2.flixcart.com/image/312/312/xif0q/mobile/k/3/q/v20-v20-vox-original-imah3sg8vv5uevb7.jpeg?q=70,Mobiles,Flipkart
LAVA A7 Torch+ Dual Sim Keypad Phone| 2574 mAh Battery| Expandable Upto 32 GB,1554.0,4.0,95.0,https://www.flipkart.com/lava-a7-torch-dual-sim-keypad-phone-2574-mah-battery-expandable-upto-32-gb/p/itm790b46ed1e576?pid=MOBGSSU5XVUHND2S&lid=LSTMOBGSSU5XVUHND2SU2J5EW&marketplace=FLIPKART&q=mobile+phones&store=tyy%2F4io&srno=s_22_512&otracker=search&otracker1=search&fm=Search&iid=c8c7e7a0-2ea7-4bee-b1ae-1091da9de7c3.MOBGSSU5XVUHND2S.SEARCH&ppt=sp&ppn=sp&ssid=yztzpw9ugg0000001753088014058&qH=a81ad6e72f7a2fd1,https://rukminim2.flixcart.com/image/312/312/xif0q/mobile/b/a/x/a7-torch-dual-sim-keypad-phone-2574-mah-battery-expandable-upto-original-imah7ggbwyczyzjt.jpeg?q=70,Mobiles,Flipkart
"IAIR Basic Feature Dual Sim Mobile Phone with 2800mAh Battery, 2.4 inch Display Screen, 0.8 mp Camera ...",799.0,4.0,3.0,https://www.flipkart.com/iair-basic-feature-dual-sim-mobile-phone-2800mah-battery-2-4-inch-display-screen-0-8-mp-camera-big-led-torch-fps5-red/p/itma2aaa91166d2b?pid=MOBFVX5XVZBNT4K2&lid=LSTMOBFVX5XVZBNT4K2GOEVOB&marketplace=FLIPKART&q=mobile+phones&store=tyy%2F4io&srno=s_22_513&otracker=search&otracker1=search&fm=Search&iid=c8c7e7a0-2ea7-4bee-b1ae-1091da9de7c3.MOBFVX5XVZBNT4K2.SEARCH&ppt=sp&ppn=sp&ssid=yztzpw9ugg0000001753088014058&qH=a81ad6e72f7a2fd1,https://rukminim2.flixcart.com/image/312/312/kjem3rk0-0/mobile/g/n/h/s5-s5-iair-original-imafyz7tpeyaepjt.jpeg?q=70,Mobiles,Flipkart
"realme P1 Speed 5G (Brushed Blue, 256 GB)",17000.0,4.3,269.0,https://www.flipkart.com/realme-p1-speed-5g-brushed-blue-256-gb/p/itm043baaa17426f?pid=MOBH4TV9TPVSGEWD&lid=LSTMOBH4TV9TPVSGEWDEEYPBH&marketplace=FLIPKART&q=mobile+phones&store=tyy%2F4io&srno=s_22_514&otracker=search&otracker1=search&fm=Search&iid=c8c7e7a0-2ea7-4bee-b1ae-1091da9de7c3.MOBH4TV9TPVSGEWD.SEARCH&ppt=sp&ppn=sp&ssid=yztzpw9ugg0000001753088014058&qH=a81ad6e72f7a2fd1,https://rukminim2.flixcart.com/image/312/312/xif0q/mobile/k/o/w/-original-imah5m3q83fuqv8d.jpeg?q=70,Mobiles,Flipkart
"Apple iPhone 16 Pro (Black Titanium, 128 GB)",112900.0,4.6,124.0,https://www.flipkart.com/apple-iphone-16-pro-black-titanium-128-gb/p/itm12f97adb4c5ed?pid=MOBH4DQFVXNS5ZJH&lid=LSTMOBH4DQFVXNS5ZJHSBCLA7&marketplace=FLIPKART&q=mobile+phones&store=tyy%2F4io&srno=s_22_515&otracker=search&otracker1=search&fm=Search&iid=c8c7e7a0-2ea7-4bee-b1ae-1091da9de7c3.MOBH4DQFVXNS5ZJH.SEARCH&ppt=sp&ppn=sp&ssid=yztzpw9ugg0000001753088014058&qH=a81ad6e72f7a2fd1,https://rukminim2.flixcart.com/image/312/312/xif0q/mobile/e/x/e/-original-imah4jyw4fpqe7ru.jpeg?q=70,Mobiles,Flipkart
Jio BHARAT B2,1566.0,3.7,135.0,https://www.flipkart.com/jio-bharat-b2/p/itmd1684ff9f6fd8?pid=MOBH2PFEGTHUHWBP&lid=LSTMOBH2PFEGTHUHWBPSID3SC&marketplace=FLIPKART&q=mobile+phones&store=tyy%2F4io&srno=s_22_516&otracker=search&otracker1=search&fm=Search&iid=c8c7e7a0-2ea7-4bee-b1ae-1091da9de7c3.MOBH2PFEGTHUHWBP.SEARCH&ppt=sp&ppn=sp&ssid=yztzpw9ugg0000001753088014058&qH=a81ad6e72f7a2fd1,https://rukminim2.flixcart.com/image/312/312/xif0q/mobile/9/p/v/bharat-b2-jbb121b1-black-jio-original-imahaamqfm2gwhw5.jpeg?q=70,Mobiles,Flipkart
"Nokia 105 Single SIM, Keypad Mobile Phone with Wireless FM Radio",936.0,3.9,10110.0,https://www.flipkart.com/nokia-105-single-sim-keypad-mobile-phone-wireless-fm-radio/p/itm1e2206f816463?pid=MOBGQFVG9WPRN3TH&lid=LSTMOBGQFVG9WPRN3THWUXBMI&marketplace=FLIPKART&q=mobile+phones&store=tyy%2F4io&srno=s_22_517&otracker=search&otracker1=search&fm=Search&iid=c8c7e7a0-2ea7-4bee-b1ae-1091da9de7c3.MOBGQFVG9WPRN3TH.SEARCH&ppt=sp&ppn=sp&ssid=yztzpw9ugg0000001753088014058&qH=a81ad6e72f7a2fd1,https://rukminim2.flixcart.com/image/312/312/xif0q/mobile/g/s/r/105-single-sim-keypad-mobile-phone-with-wireless-fm-radio-ta-original-imah53fqhhqyadgd.jpeg?q=70,Mobiles,Flipkart
"OPPO A3x (Nebula Red, 64 GB)",8999.0,4.2,65.0,https://www.flipkart.com/oppo-a3x-nebula-red-64-gb/p/itmb6580550fdab9?pid=MOBH4SQN4NBAJSRS&lid=LSTMOBH4SQN4NBAJSRSM3LUGV&marketplace=FLIPKART&q=mobile+phones&store=tyy%2F4io&srno=s_22_518&otracker=search&otracker1=search&fm=Search&iid=c8c7e7a0-2ea7-4bee-b1ae-1091da9de7c3.MOBH4SQN4NBAJSRS.SEARCH&ppt=sp&ppn=sp&ssid=yztzpw9ugg0000001753088014058&qH=a81ad6e72f7a2fd1,https://rukminim2.flixcart.com/image/312/312/xif0q/mobile/x/c/y/-original-imah57jbfqsz6797.jpeg?q=70,Mobiles,Flipkart
"Motorola G85 5G (Olive Green, 256 GB)",18999.0,4.4,4419.0,https://www.flipkart.com/motorola-g85-5g-olive-green-256-gb/p/itmaaa1d66637153?pid=MOBHY9PQ7B5GYJRX&lid=LSTMOBHY9PQ7B5GYJRXZQFQGK&marketplace=FLIPKART&q=mobile+phones&store=tyy%2F4io&srno=s_22_519&otracker=search&otracker1=search&fm=Search&iid=c8c7e7a0-2ea7-4bee-b1ae-1091da9de7c3.MOBHY9PQ7B5GYJRX.SEARCH&ppt=sp&ppn=sp&ssid=yztzpw9ugg0000001753088014058&qH=a81ad6e72f7a2fd1,https://rukminim2.flixcart.com/image/312/312/xif0q/mobile/n/l/u/-original-imah2fjd7wfd9ksh.jpeg?q=70,Mobiles,Flipkart
Kechaoda K9,1249.0,4.1,298.0,https://www.flipkart.com/kechaoda-k9/p/itmf3pw89weqvqu8?pid=MOBG6RGECGFJH6DJ&lid=LSTMOBG6RGECGFJH6DJ9HEKK9&marketplace=FLIPKART&q=mobile+phones&store=tyy%2F4io&srno=s_22_520&otracker=search&otracker1=search&fm=Search&iid=c8c7e7a0-2ea7-4bee-b1ae-1091da9de7c3.MOBG6RGECGFJH6DJ.SEARCH&ppt=sp&ppn=sp&ssid=yztzpw9ugg0000001753088014058&qH=a81ad6e72f7a2fd1,https://rukminim2.flixcart.com/image/312/312/xif0q/mobile/s/4/x/k9-k9-kechaoda-original-imahyc3nfqhf6m6d.jpeg?q=70,Mobiles,Flipkart
"realme C63 5G Charger in the Box (Starry Gold, 128 GB)",10999.0,4.5,685.0,https://www.flipkart.com/realme-c63-5g-charger-box-starry-gold-128-gb/p/itm10b8f5cccfadd?pid=MOBH3DZQ9G3WGQYY&lid=LSTMOBH3DZQ9G3WGQYYMHSNLX&marketplace=FLIPKART&q=mobile+phones&store=tyy%2F4io&srno=s_22_521&otracker=search&otracker1=search&fm=Search&iid=c8c7e7a0-2ea7-4bee-b1ae-1091da9de7c3.MOBH3DZQ9G3WGQYY.SEARCH&ppt=sp&ppn=sp&ssid=yztzpw9ugg0000001753088014058&qH=a81ad6e72f7a2fd1,https://rukminim2.flixcart.com/image/312/312/xif0q/mobile/q/m/7/c63-5g-rmx3950-realme-original-imah3nghyesejss8.jpeg?q=70,Mobiles,Flipkart
"realme C75 5G (Midnight Lily, 128 GB)",12999.0,4.3,20.0,https://www.flipkart.com/realme-c75-5g-midnight-lily-128-gb/p/itm01c49ca24e054?pid=MOBHB39GBZABRS9H&lid=LSTMOBHB39GBZABRS9HQ2CAGE&marketplace=FLIPKART&q=mobile+phones&store=tyy%2F4io&srno=s_22_522&otracker=search&otracker1=search&fm=Search&iid=c8c7e7a0-2ea7-4bee-b1ae-1091da9de7c3.MOBHB39GBZABRS9H.SEARCH&ppt=sp&ppn=sp&ssid=yztzpw9ugg0000001753088014058&qH=a81ad6e72f7a2fd1,https://rukminim2.flixcart.com/image/312/312/xif0q/mobile/s/q/f/-original-imahbwaynh7s3yue.jpeg?q=70,Mobiles,Flipkart
"realme C75 5G (Lily White, 128 GB)",12999.0,4.3,20.0,https://www.flipkart.com/realme-c75-5g-lily-white-128-gb/p/itm01c49ca24e054?pid=MOBHB39GBZU8R2QU&lid=LSTMOBHB39GBZU8R2QUOFNCCJ&marketplace=FLIPKART&q=mobile+phones&store=tyy%2F4io&srno=s_22_523&otracker=search&otracker1=search&fm=Search&iid=c8c7e7a0-2ea7-4bee-b1ae-1091da9de7c3.MOBHB39GBZU8R2QU.SEARCH&ppt=sp&ppn=sp&ssid=yztzpw9ugg0000001753088014058&qH=a81ad6e72f7a2fd1,https://rukminim2.flixcart.com/image/312/312/xif0q/mobile/m/o/9/-original-imahbwakzx5tqfav.jpeg?q=70,Mobiles,Flipkart
Jmax Prime1,999.0,4.0,9.0,https://www.flipkart.com/jmax-prime1/p/itmcc4c85f5e42d2?pid=MOBGTYKDYWUAZVZK&lid=LSTMOBGTYKDYWUAZVZKQHHZ8S&marketplace=FLIPKART&q=mobile+phones&store=tyy%2F4io&srno=s_22_524&otracker=search&otracker1=search&fm=Search&iid=c8c7e7a0-2ea7-4bee-b1ae-1091da9de7c3.MOBGTYKDYWUAZVZK.SEARCH&ppt=sp&ppn=sp&ssid=yztzpw9ugg0000001753088014058&qH=a81ad6e72f7a2fd1,https://rukminim2.flixcart.com/image/312/312/xif0q/mobile/e/6/p/prime-1-prime-1-jmax-original-imagtykdmwyrsuur.jpeg?q=70,Mobiles,Flipkart
"Nokia 130 Music Dual Sim, Music Player, Wireless FM Radio and Dedicated Buttons",1749.0,4.0,532.0,https://www.flipkart.com/nokia-130-music-dual-sim-player-wireless-fm-radio-dedicated-buttons/p/itm1f311acb971b0?pid=MOBGSFECGGXAPF5B&lid=LSTMOBGSFECGGXAPF5BD0DGLV&marketplace=FLIPKART&q=mobile+phones&store=tyy%2F4io&srno=s_22_525&otracker=search&otracker1=search&fm=Search&iid=c8c7e7a0-2ea7-4bee-b1ae-1091da9de7c3.MOBGSFECGGXAPF5B.SEARCH&ppt=sp&ppn=sp&ssid=yztzpw9ugg0000001753088014058&qH=a81ad6e72f7a2fd1,https://rukminim2.flixcart.com/image/312/312/xif0q/mobile/e/b/o/130-music-dual-sim-music-player-wireless-fm-radio-and-dedicated-original-imah4348bdfyqdqf.jpeg?q=70,Mobiles,Flipkart
"Infinix Hot 50 5G (Sage Green, 128 GB)",9499.0,4.3,414.0,https://www.flipkart.com/infinix-hot-50-5g-sage-green-128-gb/p/itm61d8bc127842c?pid=MOBH45GF6FZB3RKA&lid=LSTMOBH45GF6FZB3RKAYHGNCV&marketplace=FLIPKART&q=mobile+phones&store=tyy%2F4io&srno=s_22_526&otracker=search&otracker1=search&fm=Search&iid=c8c7e7a0-2ea7-4bee-b1ae-1091da9de7c3.MOBH45GF6FZB3RKA.SEARCH&ppt=sp&ppn=sp&ssid=yztzpw9ugg0000001753088014058&qH=a81ad6e72f7a2fd1,https://rukminim2.flixcart.com/image/312/312/xif0q/mobile/t/s/a/-original-imah4dyjxthbhygh.jpeg?q=70,Mobiles,Flipkart
"IQOO Neo 10 (Titanium Chrome, 256 GB)",35385.0,4.5,10.0,https://www.flipkart.com/iqoo-neo-10-titanium-chrome-256-gb/p/itm4faf25d0485ec?pid=MOBHCGTYCGTCH5A5&lid=LSTMOBHCGTYCGTCH5A5IFE9ZC&marketplace=FLIPKART&q=mobile+phones&store=tyy%2F4io&srno=s_22_527&otracker=search&otracker1=search&fm=Search&iid=c8c7e7a0-2ea7-4bee-b1ae-1091da9de7c3.MOBHCGTYCGTCH5A5.SEARCH&ppt=sp&ppn=sp&ssid=yztzpw9ugg0000001753088014058&qH=a81ad6e72f7a2fd1,https://rukminim2.flixcart.com/image/312/312/xif0q/mobile/h/1/p/neo-10-i2405-iqoo-original-imahcgtyezjzzest.jpeg?q=70,Mobiles,Flipkart
"POCO M6 Plus 5G (Graphite Black, 128 GB)",11499.0,4.2,716.0,https://www.flipkart.com/poco-m6-plus-5g-graphite-black-128-gb/p/itmefc5a494f41ac?pid=MOBH2M2DRSDD9ZEY&lid=LSTMOBH2M2DRSDD9ZEYPEN5AJ&marketplace=FLIPKART&q=mobile+phones&store=tyy%2F4io&srno=s_22_528&otracker=search&otracker1=search&fm=Search&iid=c8c7e7a0-2ea7-4bee-b1ae-1091da9de7c3.MOBH2M2DRSDD9ZEY.SEARCH&ppt=sp&ppn=sp&ssid=yztzpw9ugg0000001753088014058&qH=a81ad6e72f7a2fd1,https://rukminim2.flixcart.com/image/312/312/xif0q/mobile/i/w/k/-original-imah3afnzmgfjnrf.jpeg?q=70,Mobiles,Flipkart
Jio Bharat V4,791.0,4.0,3.0,https://www.flipkart.com/jio-bharat-v4/p/itm6dfb4f230032d?pid=MOBHCY3TRCVUWERD&lid=LSTMOBHCY3TRCVUWERDEEBK1Q&marketplace=FLIPKART&q=mobile+phones&store=tyy%2F4io&srno=s_23_529&otracker=search&otracker1=search&fm=Search&iid=e5d86ed0-9f7c-4784-be93-3d994f5cc97e.MOBHCY3TRCVUWERD.SEARCH&ppt=sp&ppn=sp&ssid=yrswd515wg0000001753088023963&qH=a81ad6e72f7a2fd1,https://rukminim2.flixcart.com/image/312/312/xif0q/mobile/h/j/l/bharat-v4-jbv191m2-jio-original-imahcy3tvpfphxcz.jpeg?q=70,Mobiles,Flipkart
"IQOO Z10 Lite 5G (Titanium Blue, 128 GB)",11595.0,4.1,4.0,https://www.flipkart.com/iqoo-z10-lite-5g-titanium-blue-128-gb/p/itmb57aad9fe876e?pid=MOBHDGDJNCF4PP67&lid=LSTMOBHDGDJNCF4PP67D3D6ZT&marketplace=FLIPKART&q=mobile+phones&store=tyy%2F4io&srno=s_23_530&otracker=search&otracker1=search&fm=Search&iid=e5d86ed0-9f7c-4784-be93-3d994f5cc97e.MOBHDGDJNCF4PP67.SEARCH&ppt=sp&ppn=sp&ssid=yrswd515wg0000001753088023963&qH=a81ad6e72f7a2fd1,https://rukminim2.flixcart.com/image/312/312/xif0q/mobile/u/e/j/z10-lite-5g-d2025a-iqoo-original-imahdgdjdvrhfy4r.jpeg?q=70,Mobiles,Flipkart
"Infinix Hot 50 5G (Sleek Black, 128 GB)",10499.0,4.4,1275.0,https://www.flipkart.com/infinix-hot-50-5g-sleek-black-128-gb/p/itm61d8bc127842c?pid=MOBH45FZSETQ3KMG&lid=LSTMOBH45FZSETQ3KMGKEMMXU&marketplace=FLIPKART&q=mobile+phones&store=tyy%2F4io&srno=s_23_531&otracker=search&otracker1=search&fm=Search&iid=e5d86ed0-9f7c-4784-be93-3d994f5cc97e.MOBH45FZSETQ3KMG.SEARCH&ppt=sp&ppn=sp&ssid=yrswd515wg0000001753088023963&qH=a81ad6e72f7a2fd1,https://rukminim2.flixcart.com/image/312/312/xif0q/mobile/m/v/7/-original-imah4dyj8gfsnzyk.jpeg?q=70,Mobiles,Flipkart
"realme 70 TURBO 5G (Turbo Green, 128 GB)",15587.0,4.4,286.0,https://www.flipkart.com/realme-70-turbo-5g-turbo-green-128-gb/p/itm7ebb13c5b0bcb?pid=MOBH4RZFAUZYNCG5&lid=LSTMOBH4RZFAUZYNCG5HAAGX0&marketplace=FLIPKART&q=mobile+phones&store=tyy%2F4io&srno=s_23_532&otracker=search&otracker1=search&fm=Search&iid=e5d86ed0-9f7c-4784-be93-3d994f5cc97e.MOBH4RZFAUZYNCG5.SEARCH&ppt=sp&ppn=sp&ssid=yrswd515wg0000001753088023963&qH=a81ad6e72f7a2fd1,https://rukminim2.flixcart.com/image/312/312/xif0q/mobile/7/j/v/-original-imah4yj99qzsfqfb.jpeg?q=70,Mobiles,Flipkart
Kechaoda K33,997.0,4.0,621.0,https://www.flipkart.com/kechaoda-k33/p/itm41683138b2386?pid=MOBGT9RBRTZHQFJ3&lid=LSTMOBGT9RBRTZHQFJ3OMUOZU&marketplace=FLIPKART&q=mobile+phones&store=tyy%2F4io&srno=s_23_533&otracker=search&otracker1=search&fm=Search&iid=e5d86ed0-9f7c-4784-be93-3d994f5cc97e.MOBGT9RBRTZHQFJ3.SEARCH&ppt=sp&ppn=sp&ssid=yrswd515wg0000001753088023963&qH=a81ad6e72f7a2fd1,https://rukminim2.flixcart.com/image/312/312/xif0q/mobile/s/n/q/k33-k33-kechaoda-original-imagt9rbhfwgea7d.jpeg?q=70,Mobiles,Flipkart
"POCO C75 5G (Enchanted Green, 128 GB)",8499.0,4.3,3978.0,https://www.flipkart.com/poco-c75-5g-enchanted-green-128-gb/p/itm39bf2169e7f3e?pid=MOBHBC3WQFWJX29G&lid=LSTMOBHBC3WQFWJX29GXEY98P&marketplace=FLIPKART&q=mobile+phones&store=tyy%2F4io&srno=s_23_534&otracker=search&otracker1=search&fm=Search&iid=e5d86ed0-9f7c-4784-be93-3d994f5cc97e.MOBHBC3WQFWJX29G.SEARCH&ppt=sp&ppn=sp&ssid=yrswd515wg0000001753088023963&qH=a81ad6e72f7a2fd1,https://rukminim2.flixcart.com/image/312/312/xif0q/mobile/y/v/f/-original-imahbr2cmpwexghw.jpeg?q=70,Mobiles,Flipkart
"REDMI 14C 5G (Starlight Blue, 128 GB)",10499.0,4.2,236.0,https://www.flipkart.com/redmi-14c-5g-starlight-blue-128-gb/p/itm3227d2404ad5d?pid=MOBH7VY5ZKVSDSAE&lid=LSTMOBH7VY5ZKVSDSAEZEVZAV&marketplace=FLIPKART&q=mobile+phones&store=tyy%2F4io&srno=s_23_535&otracker=search&otracker1=search&fm=Search&iid=e5d86ed0-9f7c-4784-be93-3d994f5cc97e.MOBH7VY5ZKVSDSAE.SEARCH&ppt=sp&ppn=sp&ssid=yrswd515wg0000001753088023963&qH=a81ad6e72f7a2fd1,https://rukminim2.flixcart.com/image/312/312/xif0q/mobile/m/7/z/-original-imahdxq5zsrwekqg.jpeg?q=70,Mobiles,Flipkart
"REDMI 14C 5G (Stardust Purple, 128 GB)",11499.0,4.2,237.0,https://www.flipkart.com/redmi-14c-5g-stardust-purple-128-gb/p/itm3227d2404ad5d?pid=MOBH7VY5TU7UHKVE&lid=LSTMOBH7VY5TU7UHKVEKSGU2H&marketplace=FLIPKART&q=mobile+phones&store=tyy%2F4io&srno=s_23_536&otracker=search&otracker1=search&fm=Search&iid=e5d86ed0-9f7c-4784-be93-3d994f5cc97e.MOBH7VY5TU7UHKVE.SEARCH&ppt=sp&ppn=sp&ssid=yrswd515wg0000001753088023963&qH=a81ad6e72f7a2fd1,https://rukminim2.flixcart.com/image/312/312/xif0q/mobile/p/r/2/-original-imahdxq5qctjvmeq.jpeg?q=70,Mobiles,Flipkart
"REDMI 14C 5G (Starlight Blue, 64 GB)",9499.0,4.2,236.0,https://www.flipkart.com/redmi-14c-5g-starlight-blue-64-gb/p/itm3227d2404ad5d?pid=MOBH7VY5EAGGKSHG&lid=LSTMOBH7VY5EAGGKSHGIHQBUW&marketplace=FLIPKART&q=mobile+phones&store=tyy%2F4io&srno=s_23_537&otracker=search&otracker1=search&fm=Search&iid=e5d86ed0-9f7c-4784-be93-3d994f5cc97e.MOBH7VY5EAGGKSHG.SEARCH&ppt=sp&ppn=sp&ssid=yrswd515wg0000001753088023963&qH=a81ad6e72f7a2fd1,https://rukminim2.flixcart.com/image/312/312/xif0q/mobile/m/7/z/-original-imahdxq5zsrwekqg.jpeg?q=70,Mobiles,Flipkart
"REDMI 14C 5G (Stardust Purple, 64 GB)",9499.0,4.2,236.0,https://www.flipkart.com/redmi-14c-5g-stardust-purple-64-gb/p/itm3227d2404ad5d?pid=MOBH7VY5YRVW9M5Y&lid=LSTMOBH7VY5YRVW9M5YGEEBSG&marketplace=FLIPKART&q=mobile+phones&store=tyy%2F4io&srno=s_23_538&otracker=search&otracker1=search&fm=Search&iid=e5d86ed0-9f7c-4784-be93-3d994f5cc97e.MOBH7VY5YRVW9M5Y.SEARCH&ppt=sp&ppn=sp&ssid=yrswd515wg0000001753088023963&qH=a81ad6e72f7a2fd1,https://rukminim2.flixcart.com/image/312/312/xif0q/mobile/p/r/2/-original-imahdxq5qctjvmeq.jpeg?q=70,Mobiles,Flipkart
"REDMI 14C 5G (Stargaze Black, 128 GB)",10499.0,4.2,236.0,https://www.flipkart.com/redmi-14c-5g-stargaze-black-128-gb/p/itm3227d2404ad5d?pid=MOBH7VY5AHBMTFQQ&lid=LSTMOBH7VY5AHBMTFQQJ4MFS3&marketplace=FLIPKART&q=mobile+phones&store=tyy%2F4io&srno=s_23_539&otracker=search&otracker1=search&fm=Search&iid=e5d86ed0-9f7c-4784-be93-3d994f5cc97e.MOBH7VY5AHBMTFQQ.SEARCH&ppt=sp&ppn=sp&ssid=yrswd515wg0000001753088023963&qH=a81ad6e72f7a2fd1,https://rukminim2.flixcart.com/image/312/312/xif0q/mobile/i/2/w/-original-imahdxq5vuexfwyh.jpeg?q=70,Mobiles,Flipkart
"REDMI 14C 5G (Stargaze Black, 64 GB)",9499.0,4.2,236.0,https://www.flipkart.com/redmi-14c-5g-stargaze-black-64-gb/p/itm3227d2404ad5d?pid=MOBH7VY5YAJECNMD&lid=LSTMOBH7VY5YAJECNMDKEBPOJ&marketplace=FLIPKART&q=mobile+phones&store=tyy%2F4io&srno=s_23_540&otracker=search&otracker1=search&fm=Search&iid=e5d86ed0-9f7c-4784-be93-3d994f5cc97e.MOBH7VY5YAJECNMD.SEARCH&ppt=sp&ppn=sp&ssid=yrswd515wg0000001753088023963&qH=a81ad6e72f7a2fd1,https://rukminim2.flixcart.com/image/312/312/xif0q/mobile/i/2/w/-original-imahdxq5vuexfwyh.jpeg?q=70,Mobiles,Flipkart
"REDMI 14C 5G (Stardust Purple, 128 GB)",10499.0,4.2,236.0,https://www.flipkart.com/redmi-14c-5g-stardust-purple-128-gb/p/itm3227d2404ad5d?pid=MOBH7VY5VHWXZDTB&lid=LSTMOBH7VY5VHWXZDTB9N3VWY&marketplace=FLIPKART&q=mobile+phones&store=tyy%2F4io&srno=s_23_541&otracker=search&otracker1=search&fm=Search&iid=e5d86ed0-9f7c-4784-be93-3d994f5cc97e.MOBH7VY5VHWXZDTB.SEARCH&ppt=sp&ppn=sp&ssid=yrswd515wg0000001753088023963&qH=a81ad6e72f7a2fd1,https://rukminim2.flixcart.com/image/312/312/xif0q/mobile/p/r/2/-original-imahdxq5qctjvmeq.jpeg?q=70,Mobiles,Flipkart
"IQOO Z10 5G (Glacier Silver / Silver, 256 GB)",25114.0,4.4,35.0,https://www.flipkart.com/iqoo-z10-5g-glacier-silver-silver-256-gb/p/itmfb6c0300f10b2?pid=MOBHBA48HU8KWY3X&lid=LSTMOBHBA48HU8KWY3XQBTQ7E&marketplace=FLIPKART&q=mobile+phones&store=tyy%2F4io&srno=s_23_542&otracker=search&otracker1=search&fm=Search&iid=e5d86ed0-9f7c-4784-be93-3d994f5cc97e.MOBHBA48HU8KWY3X.SEARCH&ppt=sp&ppn=sp&ssid=yrswd515wg0000001753088023963&qH=a81ad6e72f7a2fd1,https://rukminim2.flixcart.com/image/312/312/xif0q/mobile/l/y/s/z105g-i2407-iqoo-original-imahba3q7g2erjxr.jpeg?q=70,Mobiles,Flipkart
"realme C63 5G Charger in the Box (Forest Green, 128 GB)",10999.0,4.4,265.0,https://www.flipkart.com/realme-c63-5g-charger-box-forest-green-128-gb/p/itm10b8f5cccfadd?pid=MOBH3DZQ47HPXFCH&lid=LSTMOBH3DZQ47HPXFCHWZ7UHH&marketplace=FLIPKART&q=mobile+phones&store=tyy%2F4io&srno=s_23_543&otracker=search&otracker1=search&fm=Search&iid=e5d86ed0-9f7c-4784-be93-3d994f5cc97e.MOBH3DZQ47HPXFCH.SEARCH&ppt=sp&ppn=sp&ssid=yrswd515wg0000001753088023963&qH=a81ad6e72f7a2fd1,https://rukminim2.flixcart.com/image/312/312/xif0q/mobile/s/w/4/-original-imah3ngrcytpghqx.jpeg?q=70,Mobiles,Flipkart
Jio PRIMA2 4G,3499.0,3.9,58.0,https://www.flipkart.com/jio-prima2-4g/p/itm06dca3bad0710?pid=MOBH4C57HKJGHEDE&lid=LSTMOBH4C57HKJGHEDE9LMDSY&marketplace=FLIPKART&q=mobile+phones&store=tyy%2F4io&srno=s_23_544&otracker=search&otracker1=search&fm=Search&iid=e5d86ed0-9f7c-4784-be93-3d994f5cc97e.MOBH4C57HKJGHEDE.SEARCH&ppt=sp&ppn=sp&ssid=yrswd515wg0000001753088023963&qH=a81ad6e72f7a2fd1,https://rukminim2.flixcart.com/image/312/312/xif0q/mobile/x/n/t/prima2-4g-jfp1ae-jio-original-imahaanfvqh64tmn.jpeg?q=70,Mobiles,Flipkart
"Samsung M06 5G (Sage Green, 128 GB)",11469.0,4.1,16.0,https://www.flipkart.com/samsung-m06-5g-sage-green-128-gb/p/itmcafa42dadc15c?pid=MOBH9UYF3VCXJ279&lid=LSTMOBH9UYF3VCXJ279DEZKGX&marketplace=FLIPKART&q=mobile+phones&store=tyy%2F4io&srno=s_23_546&otracker=search&otracker1=search&fm=Search&iid=e5d86ed0-9f7c-4784-be93-3d994f5cc97e.MOBH9UYF3VCXJ279.SEARCH&ppt=sp&ppn=sp&ssid=yrswd515wg0000001753088023963&qH=a81ad6e72f7a2fd1,https://rukminim2.flixcart.com/image/312/312/xif0q/mobile/n/t/g/-original-imaha58mcdsfygaq.jpeg?q=70,Mobiles,Flipkart
"OnePlus 13s 5G (Black Velvet, 256 GB)",51555.0,4.5,17.0,https://www.flipkart.com/oneplus-13s-5g-black-velvet-256-gb/p/itmb6d10cf953b5d?pid=MOBHCTQTGUGEJHMG&lid=LSTMOBHCTQTGUGEJHMGYBDVZG&marketplace=FLIPKART&q=mobile+phones&store=tyy%2F4io&srno=s_23_548&otracker=search&otracker1=search&fm=Search&iid=e5d86ed0-9f7c-4784-be93-3d994f5cc97e.MOBHCTQTGUGEJHMG.SEARCH&ppt=sp&ppn=sp&ssid=yrswd515wg0000001753088023963&qH=a81ad6e72f7a2fd1,https://rukminim2.flixcart.com/image/312/312/xif0q/mobile/o/w/g/13s-5g-cph2723-oneplus-original-imahdcx8qeywg3qg.jpeg?q=70,Mobiles,Flipkart
"REDMI A3 (Olive Green, 128 GB)",8800.0,4.1,344.0,https://www.flipkart.com/redmi-a3-olive-green-128-gb/p/itma8b391a6be4f5?pid=MOBGYFZMDHYDQZYJ&lid=LSTMOBGYFZMDHYDQZYJ4VPA1G&marketplace=FLIPKART&q=mobile+phones&store=tyy%2F4io&srno=s_23_549&otracker=search&otracker1=search&fm=Search&iid=e5d86ed0-9f7c-4784-be93-3d994f5cc97e.MOBGYFZMDHYDQZYJ.SEARCH&ppt=sp&ppn=sp&ssid=yrswd515wg0000001753088023963&qH=a81ad6e72f7a2fd1,https://rukminim2.flixcart.com/image/312/312/xif0q/mobile/9/z/9/a3-mzb0h0min-redmi-original-imagy2wssjzud2sn.jpeg?q=70,Mobiles,Flipkart
"vivo T3 Ultra (Frost Green, 256 GB)",29999.0,4.5,1782.0,https://www.flipkart.com/vivo-t3-ultra-frost-green-256-gb/p/itme360ff5b7dbab?pid=MOBH4EACZ7SACMMM&lid=LSTMOBH4EACZ7SACMMMONRTVB&marketplace=FLIPKART&q=mobile+phones&store=tyy%2F4io&srno=s_23_550&otracker=search&otracker1=search&fm=Search&iid=e5d86ed0-9f7c-4784-be93-3d994f5cc97e.MOBH4EACZ7SACMMM.SEARCH&ppt=sp&ppn=sp&ssid=yrswd515wg0000001753088023963&qH=a81ad6e72f7a2fd1,https://rukminim2.flixcart.com/image/312/312/xif0q/mobile/l/6/x/t3-ultra-v2426-vivo-original-imah4hnfcx6hhhb8.jpeg?q=70,Mobiles,Flipkart
Jio V4,799.0,3.8,49.0,https://www.flipkart.com/jio-v4/p/itmfa08bdb499572?pid=MOBH63FUHSGFGAZA&lid=LSTMOBH63FUHSGFGAZAEBXAJZ&marketplace=FLIPKART&q=mobile+phones&store=tyy%2F4io&srno=s_23_551&otracker=search&otracker1=search&fm=Search&iid=e5d86ed0-9f7c-4784-be93-3d994f5cc97e.MOBH63FUHSGFGAZA.SEARCH&ppt=sp&ppn=sp&ssid=yrswd515wg0000001753088023963&qH=a81ad6e72f7a2fd1,https://rukminim2.flixcart.com/image/312/312/xif0q/mobile/4/j/7/v4-jbv191m2-jio-original-imahcyme6nzv9cp3.jpeg?q=70,Mobiles,Flipkart
"POCO X6 Neo 5G (Astral Black, 128 GB)",13990.0,4.2,3057.0,https://www.flipkart.com/poco-x6-neo-5g-astral-black-128-gb/p/itm62ea93415afb4?pid=MOBH92ADVHUGHSRZ&lid=LSTMOBH92ADVHUGHSRZC6JSVP&marketplace=FLIPKART&q=mobile+phones&store=tyy%2F4io&srno=s_23_552&otracker=search&otracker1=search&fm=Search&iid=e5d86ed0-9f7c-4784-be93-3d994f5cc97e.MOBH92ADVHUGHSRZ.SEARCH&ppt=sp&ppn=sp&ssid=yrswd515wg0000001753088023963&qH=a81ad6e72f7a2fd1,https://rukminim2.flixcart.com/image/312/312/xif0q/mobile/8/7/r/-original-imah4ncffjfgg467.jpeg?q=70,Mobiles,Flipkart
"Samsung Galaxy A16 5G (Gold, 128 GB)",15498.0,4.1,110.0,https://www.flipkart.com/samsung-galaxy-a16-5g-gold-128-gb/p/itmeb17f7d0c6917?pid=MOBH5JJ4JSXZUA2M&lid=LSTMOBH5JJ4JSXZUA2MA36GWM&marketplace=FLIPKART&q=mobile+phones&store=tyy%2F4io&srno=s_24_553&otracker=search&otracker1=search&fm=Search&iid=7c282218-56cb-4791-b6a9-28749e105f16.MOBH5JJ4JSXZUA2M.SEARCH&ppt=sp&ppn=sp&ssid=vjk90mjakw0000001753088033951&qH=a81ad6e72f7a2fd1,https://rukminim2.flixcart.com/image/312/312/xif0q/mobile/a/x/t/-original-imahcshuffnqzj7z.jpeg?q=70,Mobiles,Flipkart
Kechaoda A27,945.0,4.0,823.0,https://www.flipkart.com/kechaoda-a27/p/itmfe39duawbf8e5?pid=MOBH4DP5ZVFHQGGZ&lid=LSTMOBH4DP5ZVFHQGGZZQNQVX&marketplace=FLIPKART&q=mobile+phones&store=tyy%2F4io&srno=s_24_554&otracker=search&otracker1=search&fm=Search&iid=7c282218-56cb-4791-b6a9-28749e105f16.MOBH4DP5ZVFHQGGZ.SEARCH&ppt=sp&ppn=sp&ssid=vjk90mjakw0000001753088033951&qH=a81ad6e72f7a2fd1,https://rukminim2.flixcart.com/image/312/312/xif0q/mobile/s/f/b/a27-a27-kechaoda-original-imah4dp4hgwv6k5g.jpeg?q=70,Mobiles,Flipkart
"IQOO Z10 5G (Stellar Black / Black, 128 GB)",21193.0,4.4,99.0,https://www.flipkart.com/iqoo-z10-5g-stellar-black-black-128-gb/p/itmbf1cdb8a61a61?pid=MOBHBA3SGTZPT3Q9&lid=LSTMOBHBA3SGTZPT3Q9MNVMRF&marketplace=FLIPKART&q=mobile+phones&store=tyy%2F4io&srno=s_24_555&otracker=search&otracker1=search&fm=Search&iid=7c282218-56cb-4791-b6a9-28749e105f16.MOBHBA3SGTZPT3Q9.SEARCH&ppt=sp&ppn=sp&ssid=vjk90mjakw0000001753088033951&qH=a81ad6e72f7a2fd1,https://rukminim2.flixcart.com/image/312/312/xif0q/mobile/l/j/j/z105g-i2407-iqoo-original-imahba3sg9vub4n9.jpeg?q=70,Mobiles,Flipkart
HOTLINE Amaze H310,500.0,3.6,20.0,https://www.flipkart.com/hotline-amaze-h310/p/itmb2269830d9521?pid=MOBHBJ8ADDJ8E6GH&lid=LSTMOBHBJ8ADDJ8E6GHFXMVJQ&marketplace=FLIPKART&q=mobile+phones&store=tyy%2F4io&srno=s_24_556&otracker=search&otracker1=search&fm=Search&iid=7c282218-56cb-4791-b6a9-28749e105f16.MOBHBJ8ADDJ8E6GH.SEARCH&ppt=sp&ppn=sp&ssid=vjk90mjakw0000001753088033951&qH=a81ad6e72f7a2fd1,https://rukminim2.flixcart.com/image/312/312/xif0q/mobile/g/s/5/amaze-h310-amaze-h310-hotline-original-imahbj8axyhgybq5.jpeg?q=70,Mobiles,Flipkart
"REDMI Note 14 5G (Mystique White, 128 GB)",16480.0,4.3,94.0,https://www.flipkart.com/redmi-note-14-5g-mystique-white-128-gb/p/itm11a447d125328?pid=MOBH78KTCNCEZZ8F&lid=LSTMOBH78KTCNCEZZ8FQTDCJ7&marketplace=FLIPKART&q=mobile+phones&store=tyy%2F4io&srno=s_24_557&otracker=search&otracker1=search&fm=Search&iid=7c282218-56cb-4791-b6a9-28749e105f16.MOBH78KTCNCEZZ8F.SEARCH&ppt=sp&ppn=sp&ssid=vjk90mjakw0000001753088033951&qH=a81ad6e72f7a2fd1,https://rukminim2.flixcart.com/image/312/312/xif0q/mobile/3/d/b/-original-imah7gbg7ghbgxbn.jpeg?q=70,Mobiles,Flipkart
"Samsung Galaxy M35 5G (DayBreak Blue, 256 GB)",19000.0,4.3,234.0,https://www.flipkart.com/samsung-galaxy-m35-5g-daybreak-blue-256-gb/p/itm94360d23ec184?pid=MOBH2Z9ZNJKYDE4D&lid=LSTMOBH2Z9ZNJKYDE4DFDBHXF&marketplace=FLIPKART&q=mobile+phones&store=tyy%2F4io&srno=s_24_558&otracker=search&otracker1=search&fm=Search&iid=7c282218-56cb-4791-b6a9-28749e105f16.MOBH2Z9ZNJKYDE4D.SEARCH&ppt=sp&ppn=sp&ssid=vjk90mjakw0000001753088033951&qH=a81ad6e72f7a2fd1,https://rukminim2.flixcart.com/image/312/312/xif0q/mobile/p/3/1/galaxy-m35-5g-sm-m356b-samsung-original-imah3fe8swtqmxek.jpeg?q=70,Mobiles,Flipkart
"Samsung M06 5G (Blazing Black, 128 GB)",11495.0,4.1,16.0,https://www.flipkart.com/samsung-m06-5g-blazing-black-128-gb/p/itmcafa42dadc15c?pid=MOBH9UYFYNVDBNFF&lid=LSTMOBH9UYFYNVDBNFFE2RKYW&marketplace=FLIPKART&q=mobile+phones&store=tyy%2F4io&srno=s_24_559&otracker=search&otracker1=search&fm=Search&iid=7c282218-56cb-4791-b6a9-28749e105f16.MOBH9UYFYNVDBNFF.SEARCH&ppt=sp&ppn=sp&ssid=vjk90mjakw0000001753088033951&qH=a81ad6e72f7a2fd1,https://rukminim2.flixcart.com/image/312/312/xif0q/mobile/h/y/x/-original-imaha58mehzvmk9w.jpeg?q=70,Mobiles,Flipkart
"Samsung Galaxy S24 Ultra 5G (Titanium Violet, 256 GB)",81884.0,4.6,338.0,https://www.flipkart.com/samsung-galaxy-s24-ultra-5g-titanium-violet-256-gb/p/itm40a42309a03b1?pid=MOBH3P4UHZHQVRYT&lid=LSTMOBH3P4UHZHQVRYTHVPSLJ&marketplace=FLIPKART&q=mobile+phones&store=tyy%2F4io&srno=s_24_560&otracker=search&otracker1=search&fm=Search&iid=7c282218-56cb-4791-b6a9-28749e105f16.MOBH3P4UHZHQVRYT.SEARCH&ppt=sp&ppn=sp&ssid=vjk90mjakw0000001753088033951&qH=a81ad6e72f7a2fd1,https://rukminim2.flixcart.com/image/312/312/xif0q/mobile/w/5/h/-original-imahyvnuta2aadbw.jpeg?q=70,Mobiles,Flipkart
Kechaoda K112,1699.0,4.0,2800.0,https://www.flipkart.com/kechaoda-k112/p/itmf3qzutndjrsrb?pid=MOBF3MG3MPFH6RNE&lid=LSTMOBF3MG3MPFH6RNEPD0UFM&marketplace=FLIPKART&q=mobile+phones&store=tyy%2F4io&srno=s_24_561&otracker=search&otracker1=search&fm=Search&iid=7c282218-56cb-4791-b6a9-28749e105f16.MOBF3MG3MPFH6RNE.SEARCH&ppt=sp&ppn=sp&ssid=vjk90mjakw0000001753088033951&qH=a81ad6e72f7a2fd1,https://rukminim2.flixcart.com/image/312/312/xif0q/mobile/w/r/p/k112-k112-kechaoda-original-imah4yf2nhfhetnn.jpeg?q=70,Mobiles,Flipkart
"Samsung Galaxy A55 5G (Awesome Navy, 256 GB)",28680.0,4.4,146.0,https://www.flipkart.com/samsung-galaxy-a55-5g-awesome-navy-256-gb/p/itmc9f5e13bbf84d?pid=MOBGYT2HAUQNPZYV&lid=LSTMOBGYT2HAUQNPZYVVAFWKK&marketplace=FLIPKART&q=mobile+phones&store=tyy%2F4io&srno=s_24_562&otracker=search&otracker1=search&fm=Search&iid=7c282218-56cb-4791-b6a9-28749e105f16.MOBGYT2HAUQNPZYV.SEARCH&ppt=sp&ppn=sp&ssid=vjk90mjakw0000001753088033951&qH=a81ad6e72f7a2fd1,https://rukminim2.flixcart.com/image/312/312/xif0q/mobile/q/q/t/-original-imahbzpzhcptykzf.jpeg?q=70,Mobiles,Flipkart
"IQOO Neo 10 (Inferno Red, 128 GB)",34174.0,4.5,10.0,https://www.flipkart.com/iqoo-neo-10-inferno-red-128-gb/p/itm4faf25d0485ec?pid=MOBHCGUYJSJRUPSF&lid=LSTMOBHCGUYJSJRUPSFSDCXAX&marketplace=FLIPKART&q=mobile+phones&store=tyy%2F4io&srno=s_24_563&otracker=search&otracker1=search&fm=Search&iid=7c282218-56cb-4791-b6a9-28749e105f16.MOBHCGUYJSJRUPSF.SEARCH&ppt=sp&ppn=sp&ssid=vjk90mjakw0000001753088033951&qH=a81ad6e72f7a2fd1,https://rukminim2.flixcart.com/image/312/312/xif0q/mobile/c/s/r/neo-10-i2405-iqoo-original-imahcgtx6xwxzydz.jpeg?q=70,Mobiles,Flipkart
"realme C75 5G (Lily White, 128 GB)",13999.0,4.4,32.0,https://www.flipkart.com/realme-c75-5g-lily-white-128-gb/p/itm01c49ca24e054?pid=MOBHB39GDWKEXHM5&lid=LSTMOBHB39GDWKEXHM5GUZ8OL&marketplace=FLIPKART&q=mobile+phones&store=tyy%2F4io&srno=s_24_564&otracker=search&otracker1=search&fm=Search&iid=7c282218-56cb-4791-b6a9-28749e105f16.MOBHB39GDWKEXHM5.SEARCH&ppt=sp&ppn=sp&ssid=vjk90mjakw0000001753088033951&qH=a81ad6e72f7a2fd1,https://rukminim2.flixcart.com/image/312/312/xif0q/mobile/m/o/9/-original-imahbwakzx5tqfav.jpeg?q=70,Mobiles,Flipkart
"vivo V50 5G (Titanium Grey, 128 GB)",34999.0,4.5,523.0,https://www.flipkart.com/vivo-v50-5g-titanium-grey-128-gb/p/itm12bbdca230795?pid=MOBH8Z32CM38NGYS&lid=LSTMOBH8Z32CM38NGYS74DD2D&marketplace=FLIPKART&q=mobile+phones&store=tyy%2F4io&srno=s_24_565&otracker=search&otracker1=search&fm=Search&iid=7c282218-56cb-4791-b6a9-28749e105f16.MOBH8Z32CM38NGYS.SEARCH&ppt=sp&ppn=sp&ssid=vjk90mjakw0000001753088033951&qH=a81ad6e72f7a2fd1,https://rukminim2.flixcart.com/image/312/312/xif0q/mobile/p/b/o/-original-imahc6hdyb4zbct8.jpeg?q=70,Mobiles,Flipkart
"realme C75 5G (Purple Blossom, 128 GB)",12999.0,4.3,20.0,https://www.flipkart.com/realme-c75-5g-purple-blossom-128-gb/p/itm01c49ca24e054?pid=MOBHB39GHN89TGJX&lid=LSTMOBHB39GHN89TGJXBD3QDD&marketplace=FLIPKART&q=mobile+phones&store=tyy%2F4io&srno=s_24_566&otracker=search&otracker1=search&fm=Search&iid=7c282218-56cb-4791-b6a9-28749e105f16.MOBHB39GHN89TGJX.SEARCH&ppt=sp&ppn=sp&ssid=vjk90mjakw0000001753088033951&qH=a81ad6e72f7a2fd1,https://rukminim2.flixcart.com/image/312/312/xif0q/mobile/4/c/i/-original-imahbwa8y8qanapk.jpeg?q=70,Mobiles,Flipkart
"Apple iPhone 14 (Midnight, 128 GB)",52999.0,4.6,11688.0,https://www.flipkart.com/apple-iphone-14-midnight-128-gb/p/itm9e6293c322a84?pid=MOBGHWFHECFVMDCX&lid=LSTMOBGHWFHECFVMDCX4YXZJC&marketplace=FLIPKART&q=mobile+phones&store=tyy%2F4io&srno=s_24_567&otracker=search&otracker1=search&fm=Search&iid=7c282218-56cb-4791-b6a9-28749e105f16.MOBGHWFHECFVMDCX.SEARCH&ppt=sp&ppn=sp&ssid=vjk90mjakw0000001753088033951&qH=a81ad6e72f7a2fd1,https://rukminim2.flixcart.com/image/312/312/xif0q/mobile/9/e/e/-original-imaghx9q5rvcdghy.jpeg?q=70,Mobiles,Flipkart
"Infinix Hot 50 5G (Vibrant Blue, 128 GB)",9499.0,4.3,414.0,https://www.flipkart.com/infinix-hot-50-5g-vibrant-blue-128-gb/p/itm61d8bc127842c?pid=MOBH45GFGYAHMTXZ&lid=LSTMOBH45GFGYAHMTXZQLLDYX&marketplace=FLIPKART&q=mobile+phones&store=tyy%2F4io&srno=s_24_568&otracker=search&otracker1=search&fm=Search&iid=7c282218-56cb-4791-b6a9-28749e105f16.MOBH45GFGYAHMTXZ.SEARCH&ppt=sp&ppn=sp&ssid=vjk90mjakw0000001753088033951&qH=a81ad6e72f7a2fd1,https://rukminim2.flixcart.com/image/312/312/xif0q/mobile/x/l/x/-original-imah4dyjhhheybcy.jpeg?q=70,Mobiles,Flipkart
"Samsung Galaxy F06 5G (Lit Violet, 64 GB)",8999.0,4.1,1120.0,https://www.flipkart.com/samsung-galaxy-f06-5g-lit-violet-64-gb/p/itm1390a80a68073?pid=MOBHBF5JG3BPANSG&lid=LSTMOBHBF5JG3BPANSGWYWEPP&marketplace=FLIPKART&q=mobile+phones&store=tyy%2F4io&srno=s_24_569&otracker=search&otracker1=search&fm=Search&iid=7c282218-56cb-4791-b6a9-28749e105f16.MOBHBF5JG3BPANSG.SEARCH&ppt=sp&ppn=sp&ssid=vjk90mjakw0000001753088033951&qH=a81ad6e72f7a2fd1,https://rukminim2.flixcart.com/image/312/312/xif0q/mobile/2/u/t/-original-imahbk7pnjgxudgz.jpeg?q=70,Mobiles,Flipkart
"Samsung Galaxy M16 5G (Blush Pink, 128 GB)",11999.0,4.1,5.0,https://www.flipkart.com/samsung-galaxy-m16-5g-blush-pink-128-gb/p/itmf46b23a1eccd9?pid=MOBH9UYUZYKBPGQC&lid=LSTMOBH9UYUZYKBPGQCUBBWPI&marketplace=FLIPKART&q=mobile+phones&store=tyy%2F4io&srno=s_24_570&otracker=search&otracker1=search&fm=Search&iid=7c282218-56cb-4791-b6a9-28749e105f16.MOBH9UYUZYKBPGQC.SEARCH&ppt=sp&ppn=sp&ssid=vjk90mjakw0000001753088033951&qH=a81ad6e72f7a2fd1,https://rukminim2.flixcart.com/image/312/312/xif0q/mobile/f/3/q/-original-imahayqwe2fqeztp.jpeg?q=70,Mobiles,Flipkart
"Apple iPhone 16 Pro (White Titanium, 128 GB)",112900.0,4.6,124.0,https://www.flipkart.com/apple-iphone-16-pro-white-titanium-128-gb/p/itm50f720fdcec51?pid=MOBH4JCVQZPCHWJD&lid=LSTMOBH4JCVQZPCHWJDT21P4P&marketplace=FLIPKART&q=mobile+phones&store=tyy%2F4io&srno=s_24_571&otracker=search&otracker1=search&fm=Search&iid=7c282218-56cb-4791-b6a9-28749e105f16.MOBH4JCVQZPCHWJD.SEARCH&ppt=sp&ppn=sp&ssid=vjk90mjakw0000001753088033951&qH=a81ad6e72f7a2fd1,https://rukminim2.flixcart.com/image/312/312/xif0q/mobile/x/5/2/-original-imah4jywyma4j8vy.jpeg?q=70,Mobiles,Flipkart
"realme P1 Speed 5G (Textured Titanium, 256 GB)",16999.0,4.3,73.0,https://www.flipkart.com/realme-p1-speed-5g-textured-titanium-256-gb/p/itm043baaa17426f?pid=MOBH4TV9HHCD5RKF&lid=LSTMOBH4TV9HHCD5RKFYPTODY&marketplace=FLIPKART&q=mobile+phones&store=tyy%2F4io&srno=s_24_572&otracker=search&otracker1=search&fm=Search&iid=7c282218-56cb-4791-b6a9-28749e105f16.MOBH4TV9HHCD5RKF.SEARCH&ppt=sp&ppn=sp&ssid=vjk90mjakw0000001753088033951&qH=a81ad6e72f7a2fd1,https://rukminim2.flixcart.com/image/312/312/xif0q/mobile/c/n/3/-original-imah5m3q8hckjpsn.jpeg?q=70,Mobiles,Flipkart
itel MagicX Play 4G| 1900 mAh battery| Expandable Storage upto 64GB,1741.0,3.9,133.0,https://www.flipkart.com/itel-magicx-play-4g-1900-mah-battery-expandable-storage-upto-64gb/p/itma5fabd240e7d1?pid=MOBGHAENX6BUBS7G&lid=LSTMOBGHAENX6BUBS7GMO1LNF&marketplace=FLIPKART&q=mobile+phones&store=tyy%2F4io&srno=s_24_573&otracker=search&otracker1=search&fm=Search&iid=7c282218-56cb-4791-b6a9-28749e105f16.MOBGHAENX6BUBS7G.SEARCH&ppt=sp&ppn=sp&ssid=vjk90mjakw0000001753088033951&qH=a81ad6e72f7a2fd1,https://rukminim2.flixcart.com/image/312/312/xif0q/mobile/z/6/z/magicx-play-4g-1900-mah-battery-expandable-storage-upto-64gb-mx-original-imah46ybwtczmapa.jpeg?q=70,Mobiles,Flipkart
"Infinix Hot 50 5G (Vibrant Blue, 128 GB)",10499.0,4.4,1275.0,https://www.flipkart.com/infinix-hot-50-5g-vibrant-blue-128-gb/p/itm61d8bc127842c?pid=MOBH45FZ9QH2BVKQ&lid=LSTMOBH45FZ9QH2BVKQT5WEMA&marketplace=FLIPKART&q=mobile+phones&store=tyy%2F4io&srno=s_24_574&otracker=search&otracker1=search&fm=Search&iid=7c282218-56cb-4791-b6a9-28749e105f16.MOBH45FZ9QH2BVKQ.SEARCH&ppt=sp&ppn=sp&ssid=vjk90mjakw0000001753088033951&qH=a81ad6e72f7a2fd1,https://rukminim2.flixcart.com/image/312/312/xif0q/mobile/l/s/u/-original-imah4dyjx2zw8gyx.jpeg?q=70,Mobiles,Flipkart
TOUCH 18 Rock Z Flip Dual Sim Keypad Mobile with2.4Display Flip Fold Call & SMS Indicator,1933.0,4.0,5.0,https://www.flipkart.com/touch-18-rock-z-flip-dual-sim-keypad-mobile-with2-4display-fold-call-sms-indicator/p/itmcd24afe9277eb?pid=MOBH4UCQRDR5GZUZ&lid=LSTMOBH4UCQRDR5GZUZZXWFBS&marketplace=FLIPKART&q=mobile+phones&store=tyy%2F4io&srno=s_24_575&otracker=search&otracker1=search&fm=Search&iid=7c282218-56cb-4791-b6a9-28749e105f16.MOBH4UCQRDR5GZUZ.SEARCH&ppt=sp&ppn=sp&ssid=vjk90mjakw0000001753088033951&qH=a81ad6e72f7a2fd1,https://rukminim2.flixcart.com/image/312/312/xif0q/mobile/9/d/i/rock-z-flip-dual-sim-keypad-mobile-with-2-4-display-call-sms-original-imaha2zygjuhxpf7.jpeg?q=70,Mobiles,Flipkart
"Tecno Pop 9 5G (Midnight Shadow, 128 GB)",9499.0,3.9,5.0,https://www.flipkart.com/tecno-pop-9-5g-midnight-shadow-128-gb/p/itm76579098435d9?pid=MOBHC4EJWHHU8YBG&lid=LSTMOBHC4EJWHHU8YBGHLBRWV&marketplace=FLIPKART&q=mobile+phones&store=tyy%2F4io&srno=s_24_576&otracker=search&otracker1=search&fm=Search&iid=7c282218-56cb-4791-b6a9-28749e105f16.MOBHC4EJWHHU8YBG.SEARCH&ppt=sp&ppn=sp&ssid=vjk90mjakw0000001753088033951&qH=a81ad6e72f7a2fd1,https://rukminim2.flixcart.com/image/312/312/xif0q/mobile/q/s/l/-original-imahe3emgs5wrghc.jpeg?q=70,Mobiles,Flipkart
"realme 70 TURBO 5G (Turbo Purple, 128 GB)",15000.0,4.3,424.0,https://www.flipkart.com/realme-70-turbo-5g-turbo-purple-128-gb/p/itm7ebb13c5b0bcb?pid=MOBH4RZFU4RDRWXY&lid=LSTMOBH4RZFU4RDRWXYOIKPW3&marketplace=FLIPKART&q=mobile+phones&store=tyy%2F4io&srno=s_25_577&otracker=search&otracker1=search&fm=Search&iid=c3a61a3e-41ea-4acb-a985-ecb61487797c.MOBH4RZFU4RDRWXY.SEARCH&ppt=sp&ppn=sp&ssid=l4l7ylc4mo0000001753088045003&qH=a81ad6e72f7a2fd1,https://rukminim2.flixcart.com/image/312/312/xif0q/mobile/i/y/g/-original-imah4yj9f8twjgzh.jpeg?q=70,Mobiles,Flipkart
"vivo T3 Ultra (Lunar Gray, 256 GB)",31999.0,4.5,736.0,https://www.flipkart.com/vivo-t3-ultra-lunar-gray-256-gb/p/itme360ff5b7dbab?pid=MOBH4EADRB8SXRWF&lid=LSTMOBH4EADRB8SXRWFG4XWBZ&marketplace=FLIPKART&q=mobile+phones&store=tyy%2F4io&srno=s_25_578&otracker=search&otracker1=search&fm=Search&iid=c3a61a3e-41ea-4acb-a985-ecb61487797c.MOBH4EADRB8SXRWF.SEARCH&ppt=sp&ppn=sp&ssid=l4l7ylc4mo0000001753088045003&qH=a81ad6e72f7a2fd1,https://rukminim2.flixcart.com/image/312/312/xif0q/mobile/s/a/s/-original-imah4hnh4z52kqqc.jpeg?q=70,Mobiles,Flipkart
"IQOO Z9S 5G (Onyx Green, 256 GB)",25273.0,4.4,18.0,https://www.flipkart.com/iqoo-z9s-5g-onyx-green-256-gb/p/itme8048e0375248?pid=MOBH4BY6VFZNFBVU&lid=LSTMOBH4BY6VFZNFBVUMYBCKV&marketplace=FLIPKART&q=mobile+phones&store=tyy%2F4io&srno=s_25_579&otracker=search&otracker1=search&fm=Search&iid=c3a61a3e-41ea-4acb-a985-ecb61487797c.MOBH4BY6VFZNFBVU.SEARCH&ppt=sp&ppn=sp&ssid=l4l7ylc4mo0000001753088045003&qH=a81ad6e72f7a2fd1,https://rukminim2.flixcart.com/image/312/312/xif0q/mobile/3/c/w/z9s-5g-i2403-iqoo-original-imah4by6hspdgfqb.jpeg?q=70,Mobiles,Flipkart
Samsung SM 310E BLACK,924.0,3.4,12.0,https://www.flipkart.com/samsung-sm-310e-black/p/itm0c4ebb59cb764?pid=MOBHDH65UYQGWHUZ&lid=LSTMOBHDH65UYQGWHUZFUCR4S&marketplace=FLIPKART&q=mobile+phones&store=tyy%2F4io&srno=s_25_580&otracker=search&otracker1=search&fm=Search&iid=c3a61a3e-41ea-4acb-a985-ecb61487797c.MOBHDH65UYQGWHUZ.SEARCH&ppt=sp&ppn=sp&ssid=l4l7ylc4mo0000001753088045003&qH=a81ad6e72f7a2fd1,https://rukminim2.flixcart.com/image/312/312/xif0q/mobile/8/x/t/sm-310e-black-sm-310e-samsung-original-imahdh65ck9tgevp.jpeg?q=70,Mobiles,Flipkart
"Samsung Galaxy A16 5G (Light Green, 128 GB)",15999.0,4.1,110.0,https://www.flipkart.com/samsung-galaxy-a16-5g-light-green-128-gb/p/itmeb17f7d0c6917?pid=MOBH5JJ4HHYHQJ4H&lid=LSTMOBH5JJ4HHYHQJ4HPKKKBZ&marketplace=FLIPKART&q=mobile+phones&store=tyy%2F4io&srno=s_25_581&otracker=search&otracker1=search&fm=Search&iid=c3a61a3e-41ea-4acb-a985-ecb61487797c.MOBH5JJ4HHYHQJ4H.SEARCH&ppt=sp&ppn=sp&ssid=l4l7ylc4mo0000001753088045003&qH=a81ad6e72f7a2fd1,https://rukminim2.flixcart.com/image/312/312/xif0q/mobile/h/t/q/-original-imahcshuzpekeyap.jpeg?q=70,Mobiles,Flipkart
"Samsung Galaxy S24+ 5G (Onyx Black, 256 GB)",52999.0,4.5,839.0,https://www.flipkart.com/samsung-galaxy-s24-5g-onyx-black-256-gb/p/itm325da4a26d7bb?pid=MOBGX2F3HVJYNHUV&lid=LSTMOBGX2F3HVJYNHUVPMFBMF&marketplace=FLIPKART&q=mobile+phones&store=tyy%2F4io&srno=s_25_582&otracker=search&otracker1=search&fm=Search&iid=c3a61a3e-41ea-4acb-a985-ecb61487797c.MOBGX2F3HVJYNHUV.SEARCH&ppt=sp&ppn=sp&ssid=l4l7ylc4mo0000001753088045003&qH=a81ad6e72f7a2fd1,https://rukminim2.flixcart.com/image/312/312/xif0q/mobile/z/w/w/-original-imah4zp8pf2uehv4.jpeg?q=70,Mobiles,Flipkart
"Apple iPhone 16 Pro (White Titanium, 256 GB)",122900.0,4.6,124.0,https://www.flipkart.com/apple-iphone-16-pro-white-titanium-256-gb/p/itm35f749ba5d1ea?pid=MOBH4JCVFZ3ADSHJ&lid=LSTMOBH4JCVFZ3ADSHJBCGX4N&marketplace=FLIPKART&q=mobile+phones&store=tyy%2F4io&srno=s_25_583&otracker=search&otracker1=search&fm=Search&iid=c3a61a3e-41ea-4acb-a985-ecb61487797c.MOBH4JCVFZ3ADSHJ.SEARCH&ppt=sp&ppn=sp&ssid=l4l7ylc4mo0000001753088045003&qH=a81ad6e72f7a2fd1,https://rukminim2.flixcart.com/image/312/312/xif0q/mobile/x/5/2/-original-imah4jywyma4j8vy.jpeg?q=70,Mobiles,Flipkart
"Apple iPhone 16 Pro Max (Natural Titanium, 256 GB)",135900.0,4.7,81.0,https://www.flipkart.com/apple-iphone-16-pro-max-natural-titanium-256-gb/p/itm05ad8e674782a?pid=MOBH4DQFRST2BQQ8&lid=LSTMOBH4DQFRST2BQQ8UII8UK&marketplace=FLIPKART&q=mobile+phones&store=tyy%2F4io&srno=s_25_584&otracker=search&otracker1=search&fm=Search&iid=c3a61a3e-41ea-4acb-a985-ecb61487797c.MOBH4DQFRST2BQQ8.SEARCH&ppt=sp&ppn=sp&ssid=l4l7ylc4mo0000001753088045003&qH=a81ad6e72f7a2fd1,https://rukminim2.flixcart.com/image/312/312/xif0q/mobile/u/8/w/-original-imah4jz6qhwgukgt.jpeg?q=70,Mobiles,Flipkart
MOTOROLA A200,1299.0,3.6,11.0,https://www.flipkart.com/motorola-a200/p/itm8e7748cafb012?pid=MOBHBPTF6XJAH5SB&lid=LSTMOBHBPTF6XJAH5SBKNQ01H&marketplace=FLIPKART&q=mobile+phones&store=tyy%2F4io&srno=s_25_585&otracker=search&otracker1=search&fm=Search&iid=c3a61a3e-41ea-4acb-a985-ecb61487797c.MOBHBPTF6XJAH5SB.SEARCH&ppt=sp&ppn=sp&ssid=l4l7ylc4mo0000001753088045003&qH=a81ad6e72f7a2fd1,https://rukminim2.flixcart.com/image/312/312/xif0q/mobile/w/j/l/a200-a200-motorola-original-imahc3frhcvsgzjx.jpeg?q=70,Mobiles,Flipkart
"Samsung Galaxy S24 Ultra 5G (Titanium Gray, 256 GB)",80960.0,4.6,338.0,https://www.flipkart.com/samsung-galaxy-s24-ultra-5g-titanium-gray-256-gb/p/itm9ae0e397e0b0d?pid=MOBH3P4UBUYFSDWV&lid=LSTMOBH3P4UBUYFSDWVHQ27EB&marketplace=FLIPKART&q=mobile+phones&store=tyy%2F4io&srno=s_25_586&otracker=search&otracker1=search&fm=Search&iid=c3a61a3e-41ea-4acb-a985-ecb61487797c.MOBH3P4UBUYFSDWV.SEARCH&ppt=sp&ppn=sp&ssid=l4l7ylc4mo0000001753088045003&qH=a81ad6e72f7a2fd1,https://rukminim2.flixcart.com/image/312/312/xif0q/mobile/5/i/7/-original-imahfu766ybd5h4z.jpeg?q=70,Mobiles,Flipkart
"IQOO Z9S 5G (Onyx Green, 256 GB)",21499.0,4.4,508.0,https://www.flipkart.com/iqoo-z9s-5g-onyx-green-256-gb/p/itme8048e0375248?pid=MOBH4BY6ZF5FVUZJ&lid=LSTMOBH4BY6ZF5FVUZJJCQHGI&marketplace=FLIPKART&q=mobile+phones&store=tyy%2F4io&srno=s_25_587&otracker=search&otracker1=search&fm=Search&iid=c3a61a3e-41ea-4acb-a985-ecb61487797c.MOBH4BY6ZF5FVUZJ.SEARCH&ppt=sp&ppn=sp&ssid=l4l7ylc4mo0000001753088045003&qH=a81ad6e72f7a2fd1,https://rukminim2.flixcart.com/image/312/312/xif0q/mobile/3/c/w/z9s-5g-i2403-iqoo-original-imah4by6hspdgfqb.jpeg?q=70,Mobiles,Flipkart
"IQOO Z9S 5G (Titanium Matte, 256 GB)",21279.0,4.4,508.0,https://www.flipkart.com/iqoo-z9s-5g-titanium-matte-256-gb/p/itme8048e0375248?pid=MOBH4BY6ZGSBXETK&lid=LSTMOBH4BY6ZGSBXETKCAXRIV&marketplace=FLIPKART&q=mobile+phones&store=tyy%2F4io&srno=s_25_588&otracker=search&otracker1=search&fm=Search&iid=c3a61a3e-41ea-4acb-a985-ecb61487797c.MOBH4BY6ZGSBXETK.SEARCH&ppt=sp&ppn=sp&ssid=l4l7ylc4mo0000001753088045003&qH=a81ad6e72f7a2fd1,https://rukminim2.flixcart.com/image/312/312/xif0q/mobile/s/w/1/z9s-5g-i2403-iqoo-original-imah4by65sgpgc8m.jpeg?q=70,Mobiles,Flipkart
MOTOROLA A50V Dual Sim Keypad Phone|1750 mAh Battery|1.8inch Display|Expandable Upto 32GB,1444.0,4.1,69.0,https://www.flipkart.com/motorola-a50v-dual-sim-keypad-phone-1750-mah-battery-1-8inch-display-expandable-upto-32gb/p/itm76c4710924112?pid=MOBHFZN8ZDGESPVR&lid=LSTMOBHFZN8ZDGESPVRAKNVOA&marketplace=FLIPKART&q=mobile+phones&store=tyy%2F4io&srno=s_25_589&otracker=search&otracker1=search&fm=Search&iid=c3a61a3e-41ea-4acb-a985-ecb61487797c.MOBHFZN8ZDGESPVR.SEARCH&ppt=sp&ppn=sp&ssid=l4l7ylc4mo0000001753088045003&qH=a81ad6e72f7a2fd1,https://rukminim2.flixcart.com/image/312/312/xif0q/mobile/0/5/p/a50v-dual-sim-keypad-phone-1750-mah-battery-1-8inch-display-original-imahbwd32pwg8zzc.jpeg?q=70,Mobiles,Flipkart
Nokia 105 Classic without Charger,945.0,3.8,188.0,https://www.flipkart.com/nokia-105-classic-without-charger/p/itm1f9b32d78f93f?pid=MOBGWZUWPTFTQZAH&lid=LSTMOBGWZUWPTFTQZAHFWUFJW&marketplace=FLIPKART&q=mobile+phones&store=tyy%2F4io&srno=s_25_590&otracker=search&otracker1=search&fm=Search&iid=c3a61a3e-41ea-4acb-a985-ecb61487797c.MOBGWZUWPTFTQZAH.SEARCH&ppt=sp&ppn=sp&ssid=l4l7ylc4mo0000001753088045003&qH=a81ad6e72f7a2fd1,https://rukminim2.flixcart.com/image/312/312/xif0q/mobile/p/o/i/105-single-sim-keypad-mobile-phone-with-wireless-fm-radio-nokia-original-imah2xgc9z6cwcqv.jpeg?q=70,Mobiles,Flipkart
Kechaoda K60,1799.0,4.0,169.0,https://www.flipkart.com/kechaoda-k60/p/itmf4up688jvhvhz?pid=MOBF4RBFJXMET9EV&lid=LSTMOBF4RBFJXMET9EVXKRVE0&marketplace=FLIPKART&q=mobile+phones&store=tyy%2F4io&srno=s_25_591&otracker=search&otracker1=search&fm=Search&iid=c3a61a3e-41ea-4acb-a985-ecb61487797c.MOBF4RBFJXMET9EV.SEARCH&ppt=sp&ppn=sp&ssid=l4l7ylc4mo0000001753088045003&qH=a81ad6e72f7a2fd1,https://rukminim2.flixcart.com/image/312/312/jyq5oy80/mobile/b/y/h/kechaoda-k60-k60-original-imafgrt5zpfhzjhd.jpeg?q=70,Mobiles,Flipkart
"realme 70 TURBO 5G (Turbo Green, 256 GB)",18888.0,4.4,22.0,https://www.flipkart.com/realme-70-turbo-5g-turbo-green-256-gb/p/itm7ebb13c5b0bcb?pid=MOBH4RZFDS8MNFPW&lid=LSTMOBH4RZFDS8MNFPWT67VJL&marketplace=FLIPKART&q=mobile+phones&store=tyy%2F4io&srno=s_25_592&otracker=search&otracker1=search&fm=Search&iid=c3a61a3e-41ea-4acb-a985-ecb61487797c.MOBH4RZFDS8MNFPW.SEARCH&ppt=sp&ppn=sp&ssid=l4l7ylc4mo0000001753088045003&qH=a81ad6e72f7a2fd1,https://rukminim2.flixcart.com/image/312/312/xif0q/mobile/7/j/v/-original-imah4yj99qzsfqfb.jpeg?q=70,Mobiles,Flipkart
"vivo V50e 5G (Pearl White, 128 GB)",28999.0,4.4,91.0,https://www.flipkart.com/vivo-v50e-5g-pearl-white-128-gb/p/itm7e430faf9bba8?pid=MOBHATXZSZ82MPFD&lid=LSTMOBHATXZSZ82MPFDEI5XLF&marketplace=FLIPKART&q=mobile+phones&store=tyy%2F4io&srno=s_25_593&otracker=search&otracker1=search&fm=Search&iid=c3a61a3e-41ea-4acb-a985-ecb61487797c.MOBHATXZSZ82MPFD.SEARCH&ppt=sp&ppn=sp&ssid=l4l7ylc4mo0000001753088045003&qH=a81ad6e72f7a2fd1,https://rukminim2.flixcart.com/image/312/312/xif0q/mobile/u/w/z/-original-imahax8vggyh33gx.jpeg?q=70,Mobiles,Flipkart
"vivo V50 5G (Starry Night, 256 GB)",36999.0,4.5,523.0,https://www.flipkart.com/vivo-v50-5g-starry-night-256-gb/p/itm12bbdca230795?pid=MOBH8Z32NHHVHUZZ&lid=LSTMOBH8Z32NHHVHUZZ6RA0CH&marketplace=FLIPKART&q=mobile+phones&store=tyy%2F4io&srno=s_25_594&otracker=search&otracker1=search&fm=Search&iid=c3a61a3e-41ea-4acb-a985-ecb61487797c.MOBH8Z32NHHVHUZZ.SEARCH&ppt=sp&ppn=sp&ssid=l4l7ylc4mo0000001753088045003&qH=a81ad6e72f7a2fd1,https://rukminim2.flixcart.com/image/312/312/xif0q/mobile/6/s/9/-original-imahc6hdhhuahhs4.jpeg?q=70,Mobiles,Flipkart
"POCO X7 5G (Glacier Green, 256 GB)",18999.0,4.3,1057.0,https://www.flipkart.com/poco-x7-5g-glacier-green-256-gb/p/itm982144570bc4d?pid=MOBH7YZ9937Z8RXM&lid=LSTMOBH7YZ9937Z8RXMKST4SY&marketplace=FLIPKART&q=mobile+phones&store=tyy%2F4io&srno=s_25_595&otracker=search&otracker1=search&fm=Search&iid=c3a61a3e-41ea-4acb-a985-ecb61487797c.MOBH7YZ9937Z8RXM.SEARCH&ppt=sp&ppn=sp&ssid=l4l7ylc4mo0000001753088045003&qH=a81ad6e72f7a2fd1,https://rukminim2.flixcart.com/image/312/312/xif0q/mobile/h/o/t/-original-imahbzrqbwfqhseh.jpeg?q=70,Mobiles,Flipkart
"vivo V50 5G (Rose Red, 128 GB)",34999.0,4.5,523.0,https://www.flipkart.com/vivo-v50-5g-rose-red-128-gb/p/itm12bbdca230795?pid=MOBH8Z32B8YBGQHN&lid=LSTMOBH8Z32B8YBGQHN3Y4DAM&marketplace=FLIPKART&q=mobile+phones&store=tyy%2F4io&srno=s_25_596&otracker=search&otracker1=search&fm=Search&iid=c3a61a3e-41ea-4acb-a985-ecb61487797c.MOBH8Z32B8YBGQHN.SEARCH&ppt=sp&ppn=sp&ssid=l4l7ylc4mo0000001753088045003&qH=a81ad6e72f7a2fd1,https://rukminim2.flixcart.com/image/312/312/xif0q/mobile/v/z/r/-original-imahc6hdfzgzczzj.jpeg?q=70,Mobiles,Flipkart
"vivo V50 5G (Rose Red, 256 GB)",36999.0,4.5,523.0,https://www.flipkart.com/vivo-v50-5g-rose-red-256-gb/p/itm12bbdca230795?pid=MOBH8Z32XECJ9E7M&lid=LSTMOBH8Z32XECJ9E7MMTTUE1&marketplace=FLIPKART&q=mobile+phones&store=tyy%2F4io&srno=s_25_597&otracker=search&otracker1=search&fm=Search&iid=c3a61a3e-41ea-4acb-a985-ecb61487797c.MOBH8Z32XECJ9E7M.SEARCH&ppt=sp&ppn=sp&ssid=l4l7ylc4mo0000001753088045003&qH=a81ad6e72f7a2fd1,https://rukminim2.flixcart.com/image/312/312/xif0q/mobile/v/z/r/-original-imahc6hdfzgzczzj.jpeg?q=70,Mobiles,Flipkart
"Motorola G85 5G (Cobalt Blue, 256 GB)",18999.0,4.4,4419.0,https://www.flipkart.com/motorola-g85-5g-cobalt-blue-256-gb/p/itm86e54f2214094?pid=MOBHY9PQX72GHDRN&lid=LSTMOBHY9PQX72GHDRNAASJKM&marketplace=FLIPKART&q=mobile+phones&store=tyy%2F4io&srno=s_25_598&otracker=search&otracker1=search&fm=Search&iid=c3a61a3e-41ea-4acb-a985-ecb61487797c.MOBHY9PQX72GHDRN.SEARCH&ppt=sp&ppn=sp&ssid=l4l7ylc4mo0000001753088045003&qH=a81ad6e72f7a2fd1,https://rukminim2.flixcart.com/image/312/312/xif0q/mobile/i/p/l/-original-imah2fjcxjdjykpc.jpeg?q=70,Mobiles,Flipkart
"OPPO A3x 5G (Starlight White, 64 GB)",11499.0,4.2,142.0,https://www.flipkart.com/oppo-a3x-5g-starlight-white-64-gb/p/itmb2b7c683d72a8?pid=MOBH3YHWBFQ9CQAH&lid=LSTMOBH3YHWBFQ9CQAHLMOVOS&marketplace=FLIPKART&q=mobile+phones&store=tyy%2F4io&srno=s_25_599&otracker=search&otracker1=search&fm=Search&iid=c3a61a3e-41ea-4acb-a985-ecb61487797c.MOBH3YHWBFQ9CQAH.SEARCH&ppt=sp&ppn=sp&ssid=l4l7ylc4mo0000001753088045003&qH=a81ad6e72f7a2fd1,https://rukminim2.flixcart.com/image/312/312/xif0q/mobile/x/a/7/-original-imah4d9fvghbutvh.jpeg?q=70,Mobiles,Flipkart
"POCO X7 Pro 5G (Yellow, 256 GB)",25999.0,4.4,562.0,https://www.flipkart.com/poco-x7-pro-5g-yellow-256-gb/p/itm60fe1826fa02f?pid=MOBH7YZ9FMTDHHEF&lid=LSTMOBH7YZ9FMTDHHEFZFHJLV&marketplace=FLIPKART&q=mobile+phones&store=tyy%2F4io&srno=s_25_600&otracker=search&otracker1=search&fm=Search&iid=c3a61a3e-41ea-4acb-a985-ecb61487797c.MOBH7YZ9FMTDHHEF.SEARCH&ppt=sp&ppn=sp&ssid=l4l7ylc4mo0000001753088045003&qH=a81ad6e72f7a2fd1,https://rukminim2.flixcart.com/image/312/312/xif0q/mobile/m/l/q/-original-imahe3952pkacby5.jpeg?q=70,Mobiles,Flipkart
"realme C73 5G (Onyx Black, 128 GB)",11499.0,4.3,16.0,https://www.flipkart.com/realme-c73-5g-onyx-black-128-gb/p/itm332661213d3ff?pid=MOBHC64GFCKB3RBR&lid=LSTMOBHC64GFCKB3RBR5HBPMR&marketplace=FLIPKART&q=mobile+phones&store=tyy%2F4io&srno=s_26_601&otracker=search&otracker1=search&fm=Search&iid=c37f4d80-18fe-4302-bba0-eba28092c839.MOBHC64GFCKB3RBR.SEARCH&ppt=sp&ppn=sp&ssid=zdqqbsyd8w0000001753088055712&qH=a81ad6e72f7a2fd1,https://rukminim2.flixcart.com/image/312/312/xif0q/mobile/i/p/u/-original-imahcsnfyuhmhyjg.jpeg?q=70,Mobiles,Flipkart
"realme C73 5G (Crystal Purple, 128 GB)",11499.0,4.3,16.0,https://www.flipkart.com/realme-c73-5g-crystal-purple-128-gb/p/itm332661213d3ff?pid=MOBHC64GCYZFHGEG&lid=LSTMOBHC64GCYZFHGEG26FCKK&marketplace=FLIPKART&q=mobile+phones&store=tyy%2F4io&srno=s_26_602&otracker=search&otracker1=search&fm=Search&iid=c37f4d80-18fe-4302-bba0-eba28092c839.MOBHC64GCYZFHGEG.SEARCH&ppt=sp&ppn=sp&ssid=zdqqbsyd8w0000001753088055712&qH=a81ad6e72f7a2fd1,https://rukminim2.flixcart.com/image/312/312/xif0q/mobile/7/j/c/-original-imahcsnfxpv5t5ts.jpeg?q=70,Mobiles,Flipkart
"realme 14T 5G (Obsidian Black, 128 GB)",17999.0,4.2,84.0,https://www.flipkart.com/realme-14t-5g-obsidian-black-128-gb/p/itm5733d9726a773?pid=MOBHB2HXYFDMCYZH&lid=LSTMOBHB2HXYFDMCYZHWV7K9Y&marketplace=FLIPKART&q=mobile+phones&store=tyy%2F4io&srno=s_26_603&otracker=search&otracker1=search&fm=Search&iid=c37f4d80-18fe-4302-bba0-eba28092c839.MOBHB2HXYFDMCYZH.SEARCH&ppt=sp&ppn=sp&ssid=zdqqbsyd8w0000001753088055712&qH=a81ad6e72f7a2fd1,https://rukminim2.flixcart.com/image/312/312/xif0q/mobile/r/f/m/-original-imahbygmfxdtkzcc.jpeg?q=70,Mobiles,Flipkart
Snexian Bold V1,2297.0,4.2,11.0,https://www.flipkart.com/snexian-bold-v1/p/itmca2667ad980e3?pid=MOBGZY2ZXY6MZFKU&lid=LSTMOBGZY2ZXY6MZFKUQYNTYG&marketplace=FLIPKART&q=mobile+phones&store=tyy%2F4io&srno=s_26_605&otracker=search&otracker1=search&fm=Search&iid=c37f4d80-18fe-4302-bba0-eba28092c839.MOBGZY2ZXY6MZFKU.SEARCH&ppt=sp&ppn=sp&ssid=zdqqbsyd8w0000001753088055712&qH=a81ad6e72f7a2fd1,https://rukminim2.flixcart.com/image/312/312/xif0q/mobile/k/h/a/bold-v1-bold-v1-snexian-original-imahbg2x9ffhrsqw.jpeg?q=70,Mobiles,Flipkart
"realme 70 TURBO 5G (Turbo Yellow, 128 GB)",15880.0,4.3,424.0,https://www.flipkart.com/realme-70-turbo-5g-turbo-yellow-128-gb/p/itm7ebb13c5b0bcb?pid=MOBH4RZFZUKSVCKZ&lid=LSTMOBH4RZFZUKSVCKZUFFXKW&marketplace=FLIPKART&q=mobile+phones&store=tyy%2F4io&srno=s_26_606&otracker=search&otracker1=search&fm=Search&iid=c37f4d80-18fe-4302-bba0-eba28092c839.MOBH4RZFZUKSVCKZ.SEARCH&ppt=sp&ppn=sp&ssid=zdqqbsyd8w0000001753088055712&qH=a81ad6e72f7a2fd1,https://rukminim2.flixcart.com/image/312/312/xif0q/mobile/d/f/i/-original-imah4yj9eengydz4.jpeg?q=70,Mobiles,Flipkart
"vivo V50e 5G (Sapphire Blue, 256 GB)",30999.0,4.4,91.0,https://www.flipkart.com/vivo-v50e-5g-sapphire-blue-256-gb/p/itm7e430faf9bba8?pid=MOBHATXZXX7CVCGP&lid=LSTMOBHATXZXX7CVCGPZQC9F7&marketplace=FLIPKART&q=mobile+phones&store=tyy%2F4io&srno=s_26_607&otracker=search&otracker1=search&fm=Search&iid=c37f4d80-18fe-4302-bba0-eba28092c839.MOBHATXZXX7CVCGP.SEARCH&ppt=sp&ppn=sp&ssid=zdqqbsyd8w0000001753088055712&qH=a81ad6e72f7a2fd1,https://rukminim2.flixcart.com/image/312/312/xif0q/mobile/t/p/k/-original-imahax9rzku8rgqe.jpeg?q=70,Mobiles,Flipkart
"MOTOROLA Razr 60 (PANTONE Gibraltar Sea, 256 GB)",49999.0,4.6,35.0,https://www.flipkart.com/motorola-razr-60-pantone-gibraltar-sea-256-gb/p/itmbad80b506f2c8?pid=MOBHAYH2G8UWPFQH&lid=LSTMOBHAYH2G8UWPFQHK2YTIW&marketplace=FLIPKART&q=mobile+phones&store=tyy%2F4io&srno=s_26_608&otracker=search&otracker1=search&fm=Search&iid=c37f4d80-18fe-4302-bba0-eba28092c839.MOBHAYH2G8UWPFQH.SEARCH&ppt=sp&ppn=sp&ssid=zdqqbsyd8w0000001753088055712&qH=a81ad6e72f7a2fd1,https://rukminim2.flixcart.com/image/312/312/xif0q/mobile/w/n/z/-original-imahcququgrqnjxq.jpeg?q=70,Mobiles,Flipkart
"realme C63 5G Charger in the Box (Starry Gold, 128 GB)",12999.0,4.4,131.0,https://www.flipkart.com/realme-c63-5g-charger-box-starry-gold-128-gb/p/itm10b8f5cccfadd?pid=MOBH3DZQHRGWZHTY&lid=LSTMOBH3DZQHRGWZHTYV8DX0D&marketplace=FLIPKART&q=mobile+phones&store=tyy%2F4io&srno=s_26_609&otracker=search&otracker1=search&fm=Search&iid=c37f4d80-18fe-4302-bba0-eba28092c839.MOBH3DZQHRGWZHTY.SEARCH&ppt=sp&ppn=sp&ssid=zdqqbsyd8w0000001753088055712&qH=a81ad6e72f7a2fd1,https://rukminim2.flixcart.com/image/312/312/xif0q/mobile/q/m/7/c63-5g-rmx3950-realme-original-imah3nghyesejss8.jpeg?q=70,Mobiles,Flipkart
"Samsung Galaxy A16 5G (Light Green, 128 GB)",15794.0,4.1,110.0,https://www.flipkart.com/samsung-galaxy-a16-5g-light-green-128-gb/p/itm8026353efa9d5?pid=MOBH92AD5DJ3RM6B&lid=LSTMOBH92AD5DJ3RM6BW4ORUT&marketplace=FLIPKART&q=mobile+phones&store=tyy%2F4io&srno=s_26_610&otracker=search&otracker1=search&fm=Search&iid=c37f4d80-18fe-4302-bba0-eba28092c839.MOBH92AD5DJ3RM6B.SEARCH&ppt=sp&ppn=sp&ssid=zdqqbsyd8w0000001753088055712&qH=a81ad6e72f7a2fd1,https://rukminim2.flixcart.com/image/312/312/xif0q/mobile/w/j/m/galaxy-a16-5g-sm-a166p-samsung-original-imah5nqcgcqjda6x.jpeg?q=70,Mobiles,Flipkart
"Samsung Galaxy A16 5G (Blue Black, 128 GB)",15394.0,4.1,110.0,https://www.flipkart.com/samsung-galaxy-a16-5g-blue-black-128-gb/p/itm8026353efa9d5?pid=MOBH92ADWAXKWDBS&lid=LSTMOBH92ADWAXKWDBSRN3EUY&marketplace=FLIPKART&q=mobile+phones&store=tyy%2F4io&srno=s_26_611&otracker=search&otracker1=search&fm=Search&iid=c37f4d80-18fe-4302-bba0-eba28092c839.MOBH92ADWAXKWDBS.SEARCH&ppt=sp&ppn=sp&ssid=zdqqbsyd8w0000001753088055712&qH=a81ad6e72f7a2fd1,https://rukminim2.flixcart.com/image/312/312/xif0q/mobile/z/y/b/-original-imah5zf6jbfny5vk.jpeg?q=70,Mobiles,Flipkart
"IQOO Z9x (Tornado Green, 128 GB)",13449.0,4.2,118.0,https://www.flipkart.com/iqoo-z9x-tornado-green-128-gb/p/itm37ed9034fd805?pid=MOBHF6ZZGBY8ZR82&lid=LSTMOBHF6ZZGBY8ZR82YT9YIN&marketplace=FLIPKART&q=mobile+phones&store=tyy%2F4io&srno=s_26_612&otracker=search&otracker1=search&fm=Search&iid=c37f4d80-18fe-4302-bba0-eba28092c839.MOBHF6ZZGBY8ZR82.SEARCH&ppt=sp&ppn=sp&ssid=zdqqbsyd8w0000001753088055712&qH=a81ad6e72f7a2fd1,https://rukminim2.flixcart.com/image/312/312/xif0q/mobile/u/i/k/z9x-i2219-iqoo-original-imah3vjyryhhvxju.jpeg?q=70,Mobiles,Flipkart
"Nokia 106 4G Keypad Mobile, Long-Lasting Battery, MicroSD Card Slot",2088.0,3.9,265.0,https://www.flipkart.com/nokia-106-4g-keypad-mobile-long-lasting-battery-microsd-card-slot/p/itm26e93118a39bb?pid=MOBGQFVGAHHMHJDF&lid=LSTMOBGQFVGAHHMHJDFQIDRKB&marketplace=FLIPKART&q=mobile+phones&store=tyy%2F4io&srno=s_26_613&otracker=search&otracker1=search&fm=Search&iid=c37f4d80-18fe-4302-bba0-eba28092c839.MOBGQFVGAHHMHJDF.SEARCH&ppt=sp&ppn=sp&ssid=zdqqbsyd8w0000001753088055712&qH=a81ad6e72f7a2fd1,https://rukminim2.flixcart.com/image/312/312/xif0q/mobile/e/m/z/106-4g-keypad-mobile-long-lasting-battery-microsd-card-slot-ta-original-imah47r5hq3zzhge.jpeg?q=70,Mobiles,Flipkart
"OPPO Reno14 Pro 5G (Pearl White, 256 GB)",49999.0,4.5,45.0,https://www.flipkart.com/oppo-reno14-pro-5g-pearl-white-256-gb/p/itm17be6c392ab4c?pid=MOBHDDQ9ZNXGGVT3&lid=LSTMOBHDDQ9ZNXGGVT3JM2SRZ&marketplace=FLIPKART&q=mobile+phones&store=tyy%2F4io&srno=s_26_614&otracker=search&otracker1=search&fm=Search&iid=c37f4d80-18fe-4302-bba0-eba28092c839.MOBHDDQ9ZNXGGVT3.SEARCH&ppt=sp&ppn=sp&ssid=zdqqbsyd8w0000001753088055712&qH=a81ad6e72f7a2fd1,https://rukminim2.flixcart.com/image/312/312/xif0q/mobile/a/9/q/-original-imahdzg7tswjejzs.jpeg?q=70,Mobiles,Flipkart
"OPPO Reno14 Pro 5G (Titanium Grey, 512 GB)",54999.0,4.5,45.0,https://www.flipkart.com/oppo-reno14-pro-5g-titanium-grey-512-gb/p/itm17be6c392ab4c?pid=MOBHDDQ9SSTMER5Y&lid=LSTMOBHDDQ9SSTMER5YXC758R&marketplace=FLIPKART&q=mobile+phones&store=tyy%2F4io&srno=s_26_615&otracker=search&otracker1=search&fm=Search&iid=c37f4d80-18fe-4302-bba0-eba28092c839.MOBHDDQ9SSTMER5Y.SEARCH&ppt=sp&ppn=sp&ssid=zdqqbsyd8w0000001753088055712&qH=a81ad6e72f7a2fd1,https://rukminim2.flixcart.com/image/312/312/xif0q/mobile/j/i/q/-original-imahdzg74rduchvd.jpeg?q=70,Mobiles,Flipkart
"OPPO Reno14 Pro 5G (Titanium Grey, 256 GB)",49999.0,4.5,45.0,https://www.flipkart.com/oppo-reno14-pro-5g-titanium-grey-256-gb/p/itm17be6c392ab4c?pid=MOBHDDQ9NPVP6KGH&lid=LSTMOBHDDQ9NPVP6KGH8UHZ7N&marketplace=FLIPKART&q=mobile+phones&store=tyy%2F4io&srno=s_26_616&otracker=search&otracker1=search&fm=Search&iid=c37f4d80-18fe-4302-bba0-eba28092c839.MOBHDDQ9NPVP6KGH.SEARCH&ppt=sp&ppn=sp&ssid=zdqqbsyd8w0000001753088055712&qH=a81ad6e72f7a2fd1,https://rukminim2.flixcart.com/image/312/312/xif0q/mobile/j/i/q/-original-imahdzg74rduchvd.jpeg?q=70,Mobiles,Flipkart
Kechaoda A26_rose gold,949.0,3.9,14.0,https://www.flipkart.com/kechaoda-a26-rose-gold/p/itmc5c4e23f75aaf?pid=MOBGTYNSVRWDBFJH&lid=LSTMOBGTYNSVRWDBFJHWVWUYP&marketplace=FLIPKART&q=mobile+phones&store=tyy%2F4io&srno=s_26_617&otracker=search&otracker1=search&fm=Search&iid=c37f4d80-18fe-4302-bba0-eba28092c839.MOBGTYNSVRWDBFJH.SEARCH&ppt=sp&ppn=sp&ssid=zdqqbsyd8w0000001753088055712&qH=a81ad6e72f7a2fd1,https://rukminim2.flixcart.com/image/312/312/xif0q/mobile/o/j/l/a26-a26-kechaoda-original-imagtynspzwhzgh6.jpeg?q=70,Mobiles,Flipkart
"vivo V50 5G (Starry Night, 512 GB)",40999.0,4.5,158.0,https://www.flipkart.com/vivo-v50-5g-starry-night-512-gb/p/itm12bbdca230795?pid=MOBH8Z32YQQGGAPQ&lid=LSTMOBH8Z32YQQGGAPQHJQSB5&marketplace=FLIPKART&q=mobile+phones&store=tyy%2F4io&srno=s_26_618&otracker=search&otracker1=search&fm=Search&iid=c37f4d80-18fe-4302-bba0-eba28092c839.MOBH8Z32YQQGGAPQ.SEARCH&ppt=sp&ppn=sp&ssid=zdqqbsyd8w0000001753088055712&qH=a81ad6e72f7a2fd1,https://rukminim2.flixcart.com/image/312/312/xif0q/mobile/6/s/9/-original-imahc6hdhhuahhs4.jpeg?q=70,Mobiles,Flipkart
"realme Narzo 80 Lite 5G (Onyx Black, 128 GB)",11984.0,4.7,0.0,https://www.flipkart.com/realme-narzo-80-lite-5g-onyx-black-128-gb/p/itm47ab7fdec3924?pid=MOBHDEYWADKP2QAB&lid=LSTMOBHDEYWADKP2QAB6K636T&marketplace=FLIPKART&q=mobile+phones&store=tyy%2F4io&srno=s_26_619&otracker=search&otracker1=search&fm=Search&iid=c37f4d80-18fe-4302-bba0-eba28092c839.MOBHDEYWADKP2QAB.SEARCH&ppt=sp&ppn=sp&ssid=zdqqbsyd8w0000001753088055712&qH=a81ad6e72f7a2fd1,https://rukminim2.flixcart.com/image/312/312/xif0q/mobile/1/e/1/narzo-80-lite-5g-rmx3933-realme-original-imahdeywdbwg7ktq.jpeg?q=70,Mobiles,Flipkart
"vivo T3 Ultra (Frost Green, 256 GB)",31999.0,4.5,736.0,https://www.flipkart.com/vivo-t3-ultra-frost-green-256-gb/p/itme360ff5b7dbab?pid=MOBH4EACZKRYXR4E&lid=LSTMOBH4EACZKRYXR4EZLDLEC&marketplace=FLIPKART&q=mobile+phones&store=tyy%2F4io&srno=s_26_620&otracker=search&otracker1=search&fm=Search&iid=c37f4d80-18fe-4302-bba0-eba28092c839.MOBH4EACZKRYXR4E.SEARCH&ppt=sp&ppn=sp&ssid=zdqqbsyd8w0000001753088055712&qH=a81ad6e72f7a2fd1,https://rukminim2.flixcart.com/image/312/312/xif0q/mobile/l/6/x/t3-ultra-v2426-vivo-original-imah4hnfcx6hhhb8.jpeg?q=70,Mobiles,Flipkart
"vivo T3 Ultra (Frost Green, 128 GB)",27999.0,4.5,1782.0,https://www.flipkart.com/vivo-t3-ultra-frost-green-128-gb/p/itme360ff5b7dbab?pid=MOBH4EACPTFX6RNH&lid=LSTMOBH4EACPTFX6RNHWNMW9H&marketplace=FLIPKART&q=mobile+phones&store=tyy%2F4io&srno=s_26_621&otracker=search&otracker1=search&fm=Search&iid=c37f4d80-18fe-4302-bba0-eba28092c839.MOBH4EACPTFX6RNH.SEARCH&ppt=sp&ppn=sp&ssid=zdqqbsyd8w0000001753088055712&qH=a81ad6e72f7a2fd1,https://rukminim2.flixcart.com/image/312/312/xif0q/mobile/l/6/x/t3-ultra-v2426-vivo-original-imah4hnfcx6hhhb8.jpeg?q=70,Mobiles,Flipkart
Nokia 3210 4G,3755.0,3.9,111.0,https://www.flipkart.com/nokia-3210-4g/p/itm0bbb5a1b45648?pid=MOBH2BVJTJEPGGV3&lid=LSTMOBH2BVJTJEPGGV3WIHWGJ&marketplace=FLIPKART&q=mobile+phones&store=tyy%2F4io&srno=s_26_622&otracker=search&otracker1=search&fm=Search&iid=c37f4d80-18fe-4302-bba0-eba28092c839.MOBH2BVJTJEPGGV3.SEARCH&ppt=sp&ppn=sp&ssid=zdqqbsyd8w0000001753088055712&qH=a81ad6e72f7a2fd1,https://rukminim2.flixcart.com/image/312/312/xif0q/mobile/4/a/f/3210-4g-ta-1619-ds-nokia-original-imah53fegvsbkrhn.jpeg?q=70,Mobiles,Flipkart
"itel A80 (Glacier White, 128 GB)",6899.0,4.2,15.0,https://www.flipkart.com/itel-a80-glacier-white-128-gb/p/itm7c178f92f5d64?pid=MOBH7RKYMXKUHZDD&lid=LSTMOBH7RKYMXKUHZDDGHZPJO&marketplace=FLIPKART&q=mobile+phones&store=tyy%2F4io&srno=s_26_623&otracker=search&otracker1=search&fm=Search&iid=c37f4d80-18fe-4302-bba0-eba28092c839.MOBH7RKYMXKUHZDD.SEARCH&ppt=sp&ppn=sp&ssid=zdqqbsyd8w0000001753088055712&qH=a81ad6e72f7a2fd1,https://rukminim2.flixcart.com/image/312/312/xif0q/mobile/g/l/0/a80-a671lc-itel-original-imaha4x9dcxuqsje.jpeg?q=70,Mobiles,Flipkart
"vivo V50e 5G (Sapphire Blue, 128 GB)",28999.0,4.4,91.0,https://www.flipkart.com/vivo-v50e-5g-sapphire-blue-128-gb/p/itm7e430faf9bba8?pid=MOBHATXZFNBMBRFT&lid=LSTMOBHATXZFNBMBRFTTA3PAD&marketplace=FLIPKART&q=mobile+phones&store=tyy%2F4io&srno=s_26_624&otracker=search&otracker1=search&fm=Search&iid=c37f4d80-18fe-4302-bba0-eba28092c839.MOBHATXZFNBMBRFT.SEARCH&ppt=sp&ppn=sp&ssid=zdqqbsyd8w0000001753088055712&qH=a81ad6e72f7a2fd1,https://rukminim2.flixcart.com/image/312/312/xif0q/mobile/t/p/k/-original-imahax9rzku8rgqe.jpeg?q=70,Mobiles,Flipkart
"itel A80 (Wave Blue, 128 GB)",6899.0,4.2,15.0,https://www.flipkart.com/itel-a80-wave-blue-128-gb/p/itm7c178f92f5d64?pid=MOBH7RJZ4ZFEPQ9X&lid=LSTMOBH7RJZ4ZFEPQ9XWKHSVT&marketplace=FLIPKART&q=mobile+phones&store=tyy%2F4io&srno=s_27_625&otracker=search&otracker1=search&fm=Search&iid=891e87c0-72a0-4f01-b075-0f5a2f9fde97.MOBH7RJZ4ZFEPQ9X.SEARCH&ppt=sp&ppn=sp&ssid=ojaye37c7k0000001753088066331&qH=a81ad6e72f7a2fd1,https://rukminim2.flixcart.com/image/312/312/xif0q/mobile/u/5/o/a80-a671lc-itel-original-imaha4x9b7cfbkyh.jpeg?q=70,Mobiles,Flipkart
"Tecno Pova Curve 5G (Neon Cyan, 128 GB)",15999.0,4.3,109.0,https://www.flipkart.com/tecno-pova-curve-5g-neon-cyan-128-gb/p/itma403c7d655267?pid=MOBHBYG3YSYCG2YH&lid=LSTMOBHBYG3YSYCG2YHHHGSXC&marketplace=FLIPKART&q=mobile+phones&store=tyy%2F4io&srno=s_27_627&otracker=search&otracker1=search&fm=Search&iid=891e87c0-72a0-4f01-b075-0f5a2f9fde97.MOBHBYG3YSYCG2YH.SEARCH&ppt=sp&ppn=sp&ssid=ojaye37c7k0000001753088066331&qH=a81ad6e72f7a2fd1,https://rukminim2.flixcart.com/image/312/312/xif0q/mobile/m/y/n/-original-imahctmx6yhzhghw.jpeg?q=70,Mobiles,Flipkart
"REDMI 13c 5G (Starlight Black, 128 GB)",10207.0,4.3,1831.0,https://www.flipkart.com/redmi-13c-5g-starlight-black-128-gb/p/itm996fbc603ec3c?pid=MOBGW6S7PW5NSC35&lid=LSTMOBGW6S7PW5NSC35PYNMRT&marketplace=FLIPKART&q=mobile+phones&store=tyy%2F4io&srno=s_27_628&otracker=search&otracker1=search&fm=Search&iid=891e87c0-72a0-4f01-b075-0f5a2f9fde97.MOBGW6S7PW5NSC35.SEARCH&ppt=sp&ppn=sp&ssid=ojaye37c7k0000001753088066331&qH=a81ad6e72f7a2fd1,https://rukminim2.flixcart.com/image/312/312/xif0q/mobile/e/v/t/13c-5g-redmi-13c-5g-redmi-original-imagw6s7zfhb4syx.jpeg?q=70,Mobiles,Flipkart
"realme Narzo 80 Lite 5G (Crystal Purple, 128 GB)",12448.0,4.7,0.0,https://www.flipkart.com/realme-narzo-80-lite-5g-crystal-purple-128-gb/p/itm47ab7fdec3924?pid=MOBHDEYWSGWXMGDK&lid=LSTMOBHDEYWSGWXMGDKACNHJY&marketplace=FLIPKART&q=mobile+phones&store=tyy%2F4io&srno=s_27_629&otracker=search&otracker1=search&fm=Search&iid=891e87c0-72a0-4f01-b075-0f5a2f9fde97.MOBHDEYWSGWXMGDK.SEARCH&ppt=sp&ppn=sp&ssid=ojaye37c7k0000001753088066331&qH=a81ad6e72f7a2fd1,https://rukminim2.flixcart.com/image/312/312/xif0q/mobile/s/p/z/narzo-80-lite-5g-rmx3933-realme-original-imahdeywgastnqkr.jpeg?q=70,Mobiles,Flipkart
"Nokia 110 Dual Sim, Keypad Mobile with Wireless FM Radio, Bluetooth and Rear Camera",999.0,3.6,190.0,https://www.flipkart.com/nokia-110-dual-sim-keypad-mobile-wireless-fm-radio-bluetooth-rear-camera/p/itmafe53a2faf91a?pid=MOBGRH6YDPZSC2AC&lid=LSTMOBGRH6YDPZSC2AC7I5AR1&marketplace=FLIPKART&q=mobile+phones&store=tyy%2F4io&srno=s_27_630&otracker=search&otracker1=search&fm=Search&iid=891e87c0-72a0-4f01-b075-0f5a2f9fde97.MOBGRH6YDPZSC2AC.SEARCH&ppt=sp&ppn=sp&ssid=ojaye37c7k0000001753088066331&qH=a81ad6e72f7a2fd1,https://rukminim2.flixcart.com/image/312/312/xif0q/mobile/e/k/m/110-dual-sim-keypad-mobile-with-wireless-fm-radio-bluetooth-and-original-imah35zcgwr3hgga.jpeg?q=70,Mobiles,Flipkart
"POCO M7 5G (Ocean Blue, 128 GB)",9499.0,4.1,1225.0,https://www.flipkart.com/poco-m7-5g-ocean-blue-128-gb/p/itm9a7884b76b50f?pid=MOBH9HFJPK4N84VF&lid=LSTMOBH9HFJPK4N84VFWI8TWT&marketplace=FLIPKART&q=mobile+phones&store=tyy%2F4io&srno=s_27_631&otracker=search&otracker1=search&fm=Search&iid=891e87c0-72a0-4f01-b075-0f5a2f9fde97.MOBH9HFJPK4N84VF.SEARCH&ppt=sp&ppn=sp&ssid=ojaye37c7k0000001753088066331&qH=a81ad6e72f7a2fd1,https://rukminim2.flixcart.com/image/312/312/xif0q/mobile/o/s/t/-original-imah9wydbymh7gv2.jpeg?q=70,Mobiles,Flipkart
LAVA A3 Vibe DS Keypad Mobile| 1750 mAh Battery|Expandable Storage 32GB,1299.0,4.1,213.0,https://www.flipkart.com/lava-a3-vibe-ds-keypad-mobile-1750-mah-battery-expandable-storage-32gb/p/itmbb2b1e77c19d4?pid=MOBGRHR52V5CXFWF&lid=LSTMOBGRHR52V5CXFWFUXQXCR&marketplace=FLIPKART&q=mobile+phones&store=tyy%2F4io&srno=s_27_632&otracker=search&otracker1=search&fm=Search&iid=891e87c0-72a0-4f01-b075-0f5a2f9fde97.MOBGRHR52V5CXFWF.SEARCH&ppt=sp&ppn=sp&ssid=ojaye37c7k0000001753088066331&qH=a81ad6e72f7a2fd1,https://rukminim2.flixcart.com/image/312/312/xif0q/mobile/r/h/e/a3-vibe-ds-keypad-mobile-1750-mah-battery-expandable-storage-original-imahdtazqc3bvhtz.jpeg?q=70,Mobiles,Flipkart
"Apple iPhone 15 Plus (Black, 128 GB)",74900.0,4.6,2570.0,https://www.flipkart.com/apple-iphone-15-plus-black-128-gb/p/itme3a53984760fb?pid=MOBGTAGPNRQA7CS3&lid=LSTMOBGTAGPNRQA7CS3YEKCQO&marketplace=FLIPKART&q=mobile+phones&store=tyy%2F4io&srno=s_27_633&otracker=search&otracker1=search&fm=Search&iid=891e87c0-72a0-4f01-b075-0f5a2f9fde97.MOBGTAGPNRQA7CS3.SEARCH&ppt=sp&ppn=sp&ssid=ojaye37c7k0000001753088066331&qH=a81ad6e72f7a2fd1,https://rukminim2.flixcart.com/image/312/312/xif0q/mobile/h/d/9/-original-imagtc2qzgnnuhxh.jpeg?q=70,Mobiles,Flipkart
"realme C73 5G (Jade Green, 128 GB)",11499.0,4.3,16.0,https://www.flipkart.com/realme-c73-5g-jade-green-128-gb/p/itm332661213d3ff?pid=MOBHC64GTDS6WV9N&lid=LSTMOBHC64GTDS6WV9N0WUZBI&marketplace=FLIPKART&q=mobile+phones&store=tyy%2F4io&srno=s_27_634&otracker=search&otracker1=search&fm=Search&iid=891e87c0-72a0-4f01-b075-0f5a2f9fde97.MOBHC64GTDS6WV9N.SEARCH&ppt=sp&ppn=sp&ssid=ojaye37c7k0000001753088066331&qH=a81ad6e72f7a2fd1,https://rukminim2.flixcart.com/image/312/312/xif0q/mobile/u/z/y/-original-imahcsnf65dznj2s.jpeg?q=70,Mobiles,Flipkart
"Samsung Galaxy F06 5G (Lit Violet, 128 GB)",11499.0,4.1,516.0,https://www.flipkart.com/samsung-galaxy-f06-5g-lit-violet-128-gb/p/itm10bd1668b9bf2?pid=MOBH9AS4PUVXZ3RH&lid=LSTMOBH9AS4PUVXZ3RHQVQG4J&marketplace=FLIPKART&q=mobile+phones&store=tyy%2F4io&srno=s_27_635&otracker=search&otracker1=search&fm=Search&iid=891e87c0-72a0-4f01-b075-0f5a2f9fde97.MOBH9AS4PUVXZ3RH.SEARCH&ppt=sp&ppn=sp&ssid=ojaye37c7k0000001753088066331&qH=a81ad6e72f7a2fd1,https://rukminim2.flixcart.com/image/312/312/xif0q/mobile/2/u/t/-original-imahbk7pnjgxudgz.jpeg?q=70,Mobiles,Flipkart
Samsung Metro 313,1699.0,3.2,683.0,https://www.flipkart.com/samsung-metro-313/p/itme9xbfeytedxsq?pid=MOBE9XBFJDPV74TP&lid=LSTMOBE9XBFJDPV74TPQ0DFAA&marketplace=FLIPKART&q=mobile+phones&store=tyy%2F4io&srno=s_27_636&otracker=search&otracker1=search&fm=Search&iid=891e87c0-72a0-4f01-b075-0f5a2f9fde97.MOBE9XBFJDPV74TP.SEARCH&ppt=sp&ppn=sp&ssid=ojaye37c7k0000001753088066331&qH=a81ad6e72f7a2fd1,https://rukminim2.flixcart.com/image/312/312/xif0q/mobile/z/e/n/metro-313-sm-b313e-samsung-original-imahafz7embuh5hc.jpeg?q=70,Mobiles,Flipkart
"POCO F7 5G (Frost White, 512 GB)",33999.0,4.4,541.0,https://www.flipkart.com/poco-f7-5g-frost-white-512-gb/p/itmc9c46413c5044?pid=MOBHCY2UZRUEBVGT&lid=LSTMOBHCY2UZRUEBVGTVBBJQY&marketplace=FLIPKART&q=mobile+phones&store=tyy%2F4io&srno=s_27_637&otracker=search&otracker1=search&fm=Search&iid=891e87c0-72a0-4f01-b075-0f5a2f9fde97.MOBHCY2UZRUEBVGT.SEARCH&ppt=sp&ppn=sp&ssid=ojaye37c7k0000001753088066331&qH=a81ad6e72f7a2fd1,https://rukminim2.flixcart.com/image/312/312/xif0q/mobile/s/w/l/-original-imahdpu7udvckghp.jpeg?q=70,Mobiles,Flipkart
hmd 110,1116.0,3.8,22.0,https://www.flipkart.com/hmd-110/p/itmc4100629e2532?pid=MOBH37ZBRJCBZPPE&lid=LSTMOBH37ZBRJCBZPPEGNFXSK&marketplace=FLIPKART&q=mobile+phones&store=tyy%2F4io&srno=s_27_638&otracker=search&otracker1=search&fm=Search&iid=891e87c0-72a0-4f01-b075-0f5a2f9fde97.MOBH37ZBRJCBZPPE.SEARCH&ppt=sp&ppn=sp&ssid=ojaye37c7k0000001753088066331&qH=a81ad6e72f7a2fd1,https://rukminim2.flixcart.com/image/312/312/xif0q/mobile/k/h/w/110-ta-1639-hmd-original-imah3dkf4hrdhhr8.jpeg?q=70,Mobiles,Flipkart
"realme C75 5G (Midnight Lily, 128 GB)",13999.0,4.4,32.0,https://www.flipkart.com/realme-c75-5g-midnight-lily-128-gb/p/itm01c49ca24e054?pid=MOBHB39GC2RVSFUH&lid=LSTMOBHB39GC2RVSFUHHDJU2B&marketplace=FLIPKART&q=mobile+phones&store=tyy%2F4io&srno=s_27_639&otracker=search&otracker1=search&fm=Search&iid=891e87c0-72a0-4f01-b075-0f5a2f9fde97.MOBHB39GC2RVSFUH.SEARCH&ppt=sp&ppn=sp&ssid=ojaye37c7k0000001753088066331&qH=a81ad6e72f7a2fd1,https://rukminim2.flixcart.com/image/312/312/xif0q/mobile/s/q/f/-original-imahbwaynh7s3yue.jpeg?q=70,Mobiles,Flipkart
"itel A50C (Black, 32 GB)",5928.0,4.1,13.0,https://www.flipkart.com/itel-a50c-black-32-gb/p/itm2032e2f53466f?pid=MOBH4HFHRTUDVH9F&lid=LSTMOBH4HFHRTUDVH9FSCKMC9&marketplace=FLIPKART&q=mobile+phones&store=tyy%2F4io&srno=s_27_640&otracker=search&otracker1=search&fm=Search&iid=891e87c0-72a0-4f01-b075-0f5a2f9fde97.MOBH4HFHRTUDVH9F.SEARCH&ppt=sp&ppn=sp&ssid=ojaye37c7k0000001753088066331&qH=a81ad6e72f7a2fd1,https://rukminim2.flixcart.com/image/312/312/xif0q/mobile/x/u/z/a50c-a669l-itel-original-imah6fgc62fgvpqh.jpeg?q=70,Mobiles,Flipkart
Jio MOBILE PHONE KW201,875.0,3.8,0.0,https://www.flipkart.com/jio-mobile-phone-kw201/p/itm5db681b0f0d3c?pid=MOBHCSWJ8RZGQZ3G&lid=LSTMOBHCSWJ8RZGQZ3GXRZZSR&marketplace=FLIPKART&q=mobile+phones&store=tyy%2F4io&srno=s_27_641&otracker=search&otracker1=search&fm=Search&iid=891e87c0-72a0-4f01-b075-0f5a2f9fde97.MOBHCSWJ8RZGQZ3G.SEARCH&ppt=sp&ppn=sp&ssid=ojaye37c7k0000001753088066331&qH=a81ad6e72f7a2fd1,https://rukminim2.flixcart.com/image/312/312/xif0q/mobile/k/v/m/mobile-phone-kw201-kw201-jio-original-imahcsvgb4g2zngt.jpeg?q=70,Mobiles,Flipkart
LAVA A7 Torch+ Dual Sim Keypad Phone| 2574 mAh Battery| Expandable Upto 32 GB,1555.0,4.0,95.0,https://www.flipkart.com/lava-a7-torch-dual-sim-keypad-phone-2574-mah-battery-expandable-upto-32-gb/p/itm790b46ed1e576?pid=MOBGT96PUCU4ESGQ&lid=LSTMOBGT96PUCU4ESGQGVPZPP&marketplace=FLIPKART&q=mobile+phones&store=tyy%2F4io&srno=s_27_642&otracker=search&otracker1=search&fm=Search&iid=891e87c0-72a0-4f01-b075-0f5a2f9fde97.MOBGT96PUCU4ESGQ.SEARCH&ppt=sp&ppn=sp&ssid=ojaye37c7k0000001753088066331&qH=a81ad6e72f7a2fd1,https://rukminim2.flixcart.com/image/312/312/xif0q/mobile/q/a/c/a7-torch-dual-sim-keypad-phone-2574-mah-battery-expandable-upto-original-imah7bvyazzzy8pf.jpeg?q=70,Mobiles,Flipkart
"OPPO F29 5G (Glacier Blue, 128 GB)",23999.0,4.3,102.0,https://www.flipkart.com/oppo-f29-5g-glacier-blue-128-gb/p/itm9dc24554582c3?pid=MOBHAFRZAGJZ4Q3M&lid=LSTMOBHAFRZAGJZ4Q3M7XWEYT&marketplace=FLIPKART&q=mobile+phones&store=tyy%2F4io&srno=s_27_643&otracker=search&otracker1=search&fm=Search&iid=891e87c0-72a0-4f01-b075-0f5a2f9fde97.MOBHAFRZAGJZ4Q3M.SEARCH&ppt=sp&ppn=sp&ssid=ojaye37c7k0000001753088066331&qH=a81ad6e72f7a2fd1,https://rukminim2.flixcart.com/image/312/312/xif0q/mobile/b/h/v/-original-imahafraehpnawrf.jpeg?q=70,Mobiles,Flipkart
Jmax JOSH PRO,999.0,4.2,1.0,https://www.flipkart.com/jmax-josh-pro/p/itmf1885a475a523?pid=MOBHAWX5HGDDMHZ2&lid=LSTMOBHAWX5HGDDMHZ2Q1F6MU&marketplace=FLIPKART&q=mobile+phones&store=tyy%2F4io&srno=s_27_644&otracker=search&otracker1=search&fm=Search&iid=891e87c0-72a0-4f01-b075-0f5a2f9fde97.MOBHAWX5HGDDMHZ2.SEARCH&ppt=sp&ppn=sp&ssid=ojaye37c7k0000001753088066331&qH=a81ad6e72f7a2fd1,https://rukminim2.flixcart.com/image/312/312/xif0q/mobile/u/z/a/josh-pro-josh-pro-jmax-original-imahatzhckvntuvr.jpeg?q=70,Mobiles,Flipkart
"REDMI A3 (Olive Green, 128 GB)",7799.0,4.2,79.0,https://www.flipkart.com/redmi-a3-olive-green-128-gb/p/itm0338bb35d305b?pid=MOBGZF9PHKFQP9E8&lid=LSTMOBGZF9PHKFQP9E81RL26Y&marketplace=FLIPKART&q=mobile+phones&store=tyy%2F4io&srno=s_27_645&otracker=search&otracker1=search&fm=Search&iid=891e87c0-72a0-4f01-b075-0f5a2f9fde97.MOBGZF9PHKFQP9E8.SEARCH&ppt=sp&ppn=sp&ssid=ojaye37c7k0000001753088066331&qH=a81ad6e72f7a2fd1,https://rukminim2.flixcart.com/image/312/312/xif0q/mobile/9/z/9/a3-mzb0h0min-redmi-original-imagy2wssjzud2sn.jpeg?q=70,Mobiles,Flipkart
LAVA A5_2025,1348.0,3.9,14.0,https://www.flipkart.com/lava-a5-2025/p/itme62e1cc6995fc?pid=MOBH8S45DFYCFPWW&lid=LSTMOBH8S45DFYCFPWWHRVTAQ&marketplace=FLIPKART&q=mobile+phones&store=tyy%2F4io&srno=s_27_646&otracker=search&otracker1=search&fm=Search&iid=891e87c0-72a0-4f01-b075-0f5a2f9fde97.MOBH8S45DFYCFPWW.SEARCH&ppt=sp&ppn=sp&ssid=ojaye37c7k0000001753088066331&qH=a81ad6e72f7a2fd1,https://rukminim2.flixcart.com/image/312/312/xif0q/mobile/6/v/l/a5-2025-lf6003-lava-original-imahbqsgzugxz5j9.jpeg?q=70,Mobiles,Flipkart
"Samsung Galaxy A35 5G (Awesome Lilac, 256 GB)",23999.0,4.3,1381.0,https://www.flipkart.com/samsung-galaxy-a35-5g-awesome-lilac-256-gb/p/itm8f49f29e842cc?pid=MOBGYT2HRXWTHACK&lid=LSTMOBGYT2HRXWTHACKZRSSC2&marketplace=FLIPKART&q=mobile+phones&store=tyy%2F4io&srno=s_27_647&otracker=search&otracker1=search&fm=Search&iid=891e87c0-72a0-4f01-b075-0f5a2f9fde97.MOBGYT2HRXWTHACK.SEARCH&ppt=sp&ppn=sp&ssid=ojaye37c7k0000001753088066331&qH=a81ad6e72f7a2fd1,https://rukminim2.flixcart.com/image/312/312/xif0q/mobile/p/t/z/-original-imahbzkz6gyfadqj.jpeg?q=70,Mobiles,Flipkart
"IQOO Neo 10 (Titanium Chrome, 256 GB)",38499.0,4.5,7.0,https://www.flipkart.com/iqoo-neo-10-titanium-chrome-256-gb/p/itm4faf25d0485ec?pid=MOBHCJMFG5ZUY3DP&lid=LSTMOBHCJMFG5ZUY3DPHKVMHF&marketplace=FLIPKART&q=mobile+phones&store=tyy%2F4io&srno=s_28_650&otracker=search&otracker1=search&fm=Search&iid=327fbcb5-c1a7-4e48-8ec6-af7bcdece1a5.MOBHCJMFG5ZUY3DP.SEARCH&ppt=sp&ppn=sp&ssid=3hikl51w340000001753088076470&qH=a81ad6e72f7a2fd1,https://rukminim2.flixcart.com/image/312/312/xif0q/mobile/h/1/p/neo-10-i2405-iqoo-original-imahcgtyezjzzest.jpeg?q=70,Mobiles,Flipkart
"hmd Crest Max 5G (Deep Purple, 256 GB)",11849.0,4.0,20.0,https://www.flipkart.com/hmd-crest-max-5g-deep-purple-256-gb/p/itm00d7a043bfc42?pid=MOBH3HJZR4UY6DBC&lid=LSTMOBH3HJZR4UY6DBCQYODBE&marketplace=FLIPKART&q=mobile+phones&store=tyy%2F4io&srno=s_28_652&otracker=search&otracker1=search&fm=Search&iid=327fbcb5-c1a7-4e48-8ec6-af7bcdece1a5.MOBH3HJZR4UY6DBC.SEARCH&ppt=sp&ppn=sp&ssid=3hikl51w340000001753088076470&qH=a81ad6e72f7a2fd1,https://rukminim2.flixcart.com/image/312/312/xif0q/mobile/t/r/f/crest-max-5g-crest-max-5g-hmd-original-imaheff8denqkr4d.jpeg?q=70,Mobiles,Flipkart
Kechaoda A26_black,895.0,4.0,82.0,https://www.flipkart.com/kechaoda-a26-black/p/itm0edcd4abb9257?pid=MOBGTYNXGUUZVNMY&lid=LSTMOBGTYNXGUUZVNMY0LQMBV&marketplace=FLIPKART&q=mobile+phones&store=tyy%2F4io&srno=s_28_653&otracker=search&otracker1=search&fm=Search&iid=327fbcb5-c1a7-4e48-8ec6-af7bcdece1a5.MOBGTYNXGUUZVNMY.SEARCH&ppt=sp&ppn=sp&ssid=3hikl51w340000001753088076470&qH=a81ad6e72f7a2fd1,https://rukminim2.flixcart.com/image/312/312/xif0q/mobile/t/b/r/a26-a26-kechaoda-original-imagtynxzpe2sznf.jpeg?q=70,Mobiles,Flipkart
"Google Pixel 9 (Porcelain, 256 GB)",74999.0,4.5,309.0,https://www.flipkart.com/google-pixel-9-porcelain-256-gb/p/itm5364256d5efe2?pid=MOBH2HJG3HNTSRYT&lid=LSTMOBH2HJG3HNTSRYTVPUWYB&marketplace=FLIPKART&q=mobile+phones&store=tyy%2F4io&srno=s_28_654&otracker=search&otracker1=search&fm=Search&iid=327fbcb5-c1a7-4e48-8ec6-af7bcdece1a5.MOBH2HJG3HNTSRYT.SEARCH&ppt=sp&ppn=sp&ssid=3hikl51w340000001753088076470&qH=a81ad6e72f7a2fd1,https://rukminim2.flixcart.com/image/312/312/xif0q/mobile/d/y/m/pixel-9-ga05843-in-google-original-imah3pfgd9zadkyx.jpeg?q=70,Mobiles,Flipkart
"MOTOROLA Edge 60 Pro (Pantone Dazzling Blue, 256 GB)",33999.0,4.4,498.0,https://www.flipkart.com/motorola-edge-60-pro-pantone-dazzling-blue-256-gb/p/itm8b5ec986e4399?pid=MOBH9C9JBBC8GDG3&lid=LSTMOBH9C9JBBC8GDG3LIOOPI&marketplace=FLIPKART&q=mobile+phones&store=tyy%2F4io&srno=s_28_655&otracker=search&otracker1=search&fm=Search&iid=327fbcb5-c1a7-4e48-8ec6-af7bcdece1a5.MOBH9C9JBBC8GDG3.SEARCH&ppt=sp&ppn=sp&ssid=3hikl51w340000001753088076470&qH=a81ad6e72f7a2fd1,https://rukminim2.flixcart.com/image/312/312/xif0q/mobile/x/b/i/-original-imahcrpw8err3xrc.jpeg?q=70,Mobiles,Flipkart
itel Ace3 Young Without Charger,849.0,5.0,0.0,https://www.flipkart.com/itel-ace3-young-without-charger/p/itm2030a307e0e68?pid=MOBHCVYNMQPSJHZP&lid=LSTMOBHCVYNMQPSJHZP5IWL1P&marketplace=FLIPKART&q=mobile+phones&store=tyy%2F4io&srno=s_28_656&otracker=search&otracker1=search&fm=Search&iid=327fbcb5-c1a7-4e48-8ec6-af7bcdece1a5.MOBHCVYNMQPSJHZP.SEARCH&ppt=sp&ppn=sp&ssid=3hikl51w340000001753088076470&qH=a81ad6e72f7a2fd1,https://rukminim2.flixcart.com/image/312/312/xif0q/mobile/g/g/m/ace3-young-without-charger-ace-3-itel-original-imahcvyn36ckzmgb.jpeg?q=70,Mobiles,Flipkart
"Xiaomi 14 CIVI (Cruise Blue, 256 GB)",36999.0,4.3,184.0,https://www.flipkart.com/xiaomi-14-civi-cruise-blue-256-gb/p/itm08bfd5b12dee3?pid=MOBHFGU7WVYJPNEV&lid=LSTMOBHFGU7WVYJPNEVBSUPQH&marketplace=FLIPKART&q=mobile+phones&store=tyy%2F4io&srno=s_28_657&otracker=search&otracker1=search&fm=Search&iid=327fbcb5-c1a7-4e48-8ec6-af7bcdece1a5.MOBHFGU7WVYJPNEV.SEARCH&ppt=sp&ppn=sp&ssid=3hikl51w340000001753088076470&qH=a81ad6e72f7a2fd1,https://rukminim2.flixcart.com/image/312/312/xif0q/mobile/m/m/e/-original-imahfpwvvyctag2h.jpeg?q=70,Mobiles,Flipkart
"REDMI 14C 5G (Starlight Blue, 128 GB)",10798.0,4.2,236.0,https://www.flipkart.com/redmi-14c-5g-starlight-blue-128-gb/p/itmd779dc15fba89?pid=MOBH92AD7V44JC79&lid=LSTMOBH92AD7V44JC790NXLSE&marketplace=FLIPKART&q=mobile+phones&store=tyy%2F4io&srno=s_28_658&otracker=search&otracker1=search&fm=Search&iid=327fbcb5-c1a7-4e48-8ec6-af7bcdece1a5.MOBH92AD7V44JC79.SEARCH&ppt=sp&ppn=sp&ssid=3hikl51w340000001753088076470&qH=a81ad6e72f7a2fd1,https://rukminim2.flixcart.com/image/312/312/xif0q/mobile/o/r/i/-original-imah88yj7ba9ghpg.jpeg?q=70,Mobiles,Flipkart
"REDMI 14C 5G (Stargaze Black, 128 GB)",10731.0,4.2,236.0,https://www.flipkart.com/redmi-14c-5g-stargaze-black-128-gb/p/itmd779dc15fba89?pid=MOBH92ADHYZKRT98&lid=LSTMOBH92ADHYZKRT98YWIHJE&marketplace=FLIPKART&q=mobile+phones&store=tyy%2F4io&srno=s_28_659&otracker=search&otracker1=search&fm=Search&iid=327fbcb5-c1a7-4e48-8ec6-af7bcdece1a5.MOBH92ADHYZKRT98.SEARCH&ppt=sp&ppn=sp&ssid=3hikl51w340000001753088076470&qH=a81ad6e72f7a2fd1,https://rukminim2.flixcart.com/image/312/312/xif0q/mobile/v/i/d/-original-imah88yjgyxbmvbf.jpeg?q=70,Mobiles,Flipkart
"Tecno Camon 30 5G (Uyuni Salt White, 512 GB)",23999.0,4.0,11.0,https://www.flipkart.com/tecno-camon-30-5g-uyuni-salt-white-512-gb/p/itmbdeb362493f58?pid=MOBH9JV3AHWHEHDF&lid=LSTMOBH9JV3AHWHEHDFTOY7FE&marketplace=FLIPKART&q=mobile+phones&store=tyy%2F4io&srno=s_28_660&otracker=search&otracker1=search&fm=Search&iid=327fbcb5-c1a7-4e48-8ec6-af7bcdece1a5.MOBH9JV3AHWHEHDF.SEARCH&ppt=sp&ppn=sp&ssid=3hikl51w340000001753088076470&qH=a81ad6e72f7a2fd1,https://rukminim2.flixcart.com/image/312/312/xif0q/mobile/7/m/y/-original-imahcbv6y2khxzuw.jpeg?q=70,Mobiles,Flipkart
"realme 14T 5G (Lightning Purple, 256 GB)",19999.0,4.2,84.0,https://www.flipkart.com/realme-14t-5g-lightning-purple-256-gb/p/itm5733d9726a773?pid=MOBHB2HXNTZU3R4H&lid=LSTMOBHB2HXNTZU3R4HPC18CX&marketplace=FLIPKART&q=mobile+phones&store=tyy%2F4io&srno=s_28_661&otracker=search&otracker1=search&fm=Search&iid=327fbcb5-c1a7-4e48-8ec6-af7bcdece1a5.MOBHB2HXNTZU3R4H.SEARCH&ppt=sp&ppn=sp&ssid=3hikl51w340000001753088076470&qH=a81ad6e72f7a2fd1,https://rukminim2.flixcart.com/image/312/312/xif0q/mobile/z/z/g/-original-imahbygmxf6wzzhh.jpeg?q=70,Mobiles,Flipkart
"Xiaomi 14 CIVI (Cruise Blue, 512 GB)",38999.0,4.4,68.0,https://www.flipkart.com/xiaomi-14-civi-cruise-blue-512-gb/p/itm91b26b1541e80?pid=MOBHFGU7P4NPRCCR&lid=LSTMOBHFGU7P4NPRCCRAEDANA&marketplace=FLIPKART&q=mobile+phones&store=tyy%2F4io&srno=s_28_662&otracker=search&otracker1=search&fm=Search&iid=327fbcb5-c1a7-4e48-8ec6-af7bcdece1a5.MOBHFGU7P4NPRCCR.SEARCH&ppt=sp&ppn=sp&ssid=3hikl51w340000001753088076470&qH=a81ad6e72f7a2fd1,https://rukminim2.flixcart.com/image/312/312/xif0q/mobile/m/m/e/-original-imahfpwvvyctag2h.jpeg?q=70,Mobiles,Flipkart
"realme 13 Pro+ 5G (Monet Purple, 256 GB)",25999.0,4.4,1506.0,https://www.flipkart.com/realme-13-pro-5g-monet-purple-256-gb/p/itm1e3e0852d520a?pid=MOBH3WFFYYCHVDTG&lid=LSTMOBH3WFFYYCHVDTG2DASUN&marketplace=FLIPKART&q=mobile+phones&store=tyy%2F4io&srno=s_28_663&otracker=search&otracker1=search&fm=Search&iid=327fbcb5-c1a7-4e48-8ec6-af7bcdece1a5.MOBH3WFFYYCHVDTG.SEARCH&ppt=sp&ppn=sp&ssid=3hikl51w340000001753088076470&qH=a81ad6e72f7a2fd1,https://rukminim2.flixcart.com/image/312/312/xif0q/mobile/a/d/w/-original-imah48ffmhjfyygy.jpeg?q=70,Mobiles,Flipkart
KARBONN Jumbo K9,1347.0,4.0,1480.0,https://www.flipkart.com/karbonn-jumbo-k9/p/itm17b5c12bc3f48?pid=MOBDYBGBJHVZD2DX&lid=LSTMOBDYBGBJHVZD2DX2FMBSZ&marketplace=FLIPKART&q=mobile+phones&store=tyy%2F4io&srno=s_28_664&otracker=search&otracker1=search&fm=Search&iid=327fbcb5-c1a7-4e48-8ec6-af7bcdece1a5.MOBDYBGBJHVZD2DX.SEARCH&ppt=sp&ppn=sp&ssid=3hikl51w340000001753088076470&qH=a81ad6e72f7a2fd1,https://rukminim2.flixcart.com/image/312/312/k0lbdzk0/mobile/h/n/f/karbonn-k9-na-original-imafkcquxdnhckkx.jpeg?q=70,Mobiles,Flipkart
Kechaoda K9,1280.0,4.1,298.0,https://www.flipkart.com/kechaoda-k9/p/itmf3pw89weqvqu8?pid=MOBF3HCDCXCDHTAH&lid=LSTMOBF3HCDCXCDHTAH5E33UA&marketplace=FLIPKART&q=mobile+phones&store=tyy%2F4io&srno=s_28_665&otracker=search&otracker1=search&fm=Search&iid=327fbcb5-c1a7-4e48-8ec6-af7bcdece1a5.MOBF3HCDCXCDHTAH.SEARCH&ppt=sp&ppn=sp&ssid=3hikl51w340000001753088076470&qH=a81ad6e72f7a2fd1,https://rukminim2.flixcart.com/image/312/312/jf4a64w0/mobile/t/a/h/kechaoda-k9-k9-original-imaf3nhxgabagher.jpeg?q=70,Mobiles,Flipkart
"OPPO Reno14 Pro 5G (Pearl White, 512 GB)",54999.0,4.5,45.0,https://www.flipkart.com/oppo-reno14-pro-5g-pearl-white-512-gb/p/itm17be6c392ab4c?pid=MOBHDDQ9W2RK5HZ4&lid=LSTMOBHDDQ9W2RK5HZ4DNT6NW&marketplace=FLIPKART&q=mobile+phones&store=tyy%2F4io&srno=s_28_666&otracker=search&otracker1=search&fm=Search&iid=327fbcb5-c1a7-4e48-8ec6-af7bcdece1a5.MOBHDDQ9W2RK5HZ4.SEARCH&ppt=sp&ppn=sp&ssid=3hikl51w340000001753088076470&qH=a81ad6e72f7a2fd1,https://rukminim2.flixcart.com/image/312/312/xif0q/mobile/a/9/q/-original-imahdzg7tswjejzs.jpeg?q=70,Mobiles,Flipkart
"Google Pixel 8a (Aloe, 128 GB)",37999.0,4.3,567.0,https://www.flipkart.com/google-pixel-8a-aloe-128-gb/p/itm9f646ddfbe8f4?pid=MOBGYQ2MKT3SVFCS&lid=LSTMOBGYQ2MKT3SVFCSMCUIQC&marketplace=FLIPKART&q=mobile+phones&store=tyy%2F4io&srno=s_28_667&otracker=search&otracker1=search&fm=Search&iid=327fbcb5-c1a7-4e48-8ec6-af7bcdece1a5.MOBGYQ2MKT3SVFCS.SEARCH&ppt=sp&ppn=sp&ssid=3hikl51w340000001753088076470&qH=a81ad6e72f7a2fd1,https://rukminim2.flixcart.com/image/312/312/xif0q/mobile/w/p/t/-original-imahyzygjdzrjgfh.jpeg?q=70,Mobiles,Flipkart
"Samsung Galaxy F16 5G (Glam Green, 128 GB)",13999.0,4.2,274.0,https://www.flipkart.com/samsung-galaxy-f16-5g-glam-green-128-gb/p/itmcdb73c7370f76?pid=MOBH9ASGDGWZV69Z&lid=LSTMOBH9ASGDGWZV69ZTSJAUH&marketplace=FLIPKART&q=mobile+phones&store=tyy%2F4io&srno=s_28_668&otracker=search&otracker1=search&fm=Search&iid=327fbcb5-c1a7-4e48-8ec6-af7bcdece1a5.MOBH9ASGDGWZV69Z.SEARCH&ppt=sp&ppn=sp&ssid=3hikl51w340000001753088076470&qH=a81ad6e72f7a2fd1,https://rukminim2.flixcart.com/image/312/312/xif0q/mobile/z/6/a/-original-imahcrefkxrezmry.jpeg?q=70,Mobiles,Flipkart
"realme Narzo N65 5G (Ambr Gold, 128 GB)",12499.0,4.3,264.0,https://www.flipkart.com/realme-narzo-n65-5g-ambr-gold-128-gb/p/itm6378f5785d47b?pid=MOBHFFNQX3RPWFQF&lid=LSTMOBHFFNQX3RPWFQFOJLMFM&marketplace=FLIPKART&q=mobile+phones&store=tyy%2F4io&srno=s_28_669&otracker=search&otracker1=search&fm=Search&iid=327fbcb5-c1a7-4e48-8ec6-af7bcdece1a5.MOBHFFNQX3RPWFQF.SEARCH&ppt=sp&ppn=sp&ssid=3hikl51w340000001753088076470&qH=a81ad6e72f7a2fd1,https://rukminim2.flixcart.com/image/312/312/xif0q/mobile/s/l/g/n65-5g-rmx3997-realme-original-imahffnqhzxzc6uz.jpeg?q=70,Mobiles,Flipkart
"vivo V50e 5G (Pearl White, 256 GB)",30999.0,4.4,91.0,https://www.flipkart.com/vivo-v50e-5g-pearl-white-256-gb/p/itm7e430faf9bba8?pid=MOBHATXZGKXFSQVK&lid=LSTMOBHATXZGKXFSQVKVCFFOR&marketplace=FLIPKART&q=mobile+phones&store=tyy%2F4io&srno=s_28_670&otracker=search&otracker1=search&fm=Search&iid=327fbcb5-c1a7-4e48-8ec6-af7bcdece1a5.MOBHATXZGKXFSQVK.SEARCH&ppt=sp&ppn=sp&ssid=3hikl51w340000001753088076470&qH=a81ad6e72f7a2fd1,https://rukminim2.flixcart.com/image/312/312/xif0q/mobile/u/w/z/-original-imahax8vggyh33gx.jpeg?q=70,Mobiles,Flipkart
"IQOO Neo 10 (Inferno Red, 256 GB)",35390.0,4.5,10.0,https://www.flipkart.com/iqoo-neo-10-inferno-red-256-gb/p/itm4faf25d0485ec?pid=MOBHCGTXFVUDZZA2&lid=LSTMOBHCGTXFVUDZZA2RSPFWF&marketplace=FLIPKART&q=mobile+phones&store=tyy%2F4io&srno=s_28_671&otracker=search&otracker1=search&fm=Search&iid=327fbcb5-c1a7-4e48-8ec6-af7bcdece1a5.MOBHCGTXFVUDZZA2.SEARCH&ppt=sp&ppn=sp&ssid=3hikl51w340000001753088076470&qH=a81ad6e72f7a2fd1,https://rukminim2.flixcart.com/image/312/312/xif0q/mobile/c/s/r/neo-10-i2405-iqoo-original-imahcgtx6xwxzydz.jpeg?q=70,Mobiles,Flipkart
"Google Pixel 8 Pro (Obsidian, 256 GB)",64999.0,4.4,134.0,https://www.flipkart.com/google-pixel-8-pro-obsidian-256-gb/p/itm51f9522df8e95?pid=MOBGUQB4VWAFZWYT&lid=LSTMOBGUQB4VWAFZWYTDRYYFB&marketplace=FLIPKART&q=mobile+phones&store=tyy%2F4io&srno=s_28_672&otracker=search&otracker1=search&fm=Search&iid=327fbcb5-c1a7-4e48-8ec6-af7bcdece1a5.MOBGUQB4VWAFZWYT.SEARCH&ppt=sp&ppn=sp&ssid=3hikl51w340000001753088076470&qH=a81ad6e72f7a2fd1,https://rukminim2.flixcart.com/image/312/312/xif0q/mobile/e/f/m/-original-imagtwh5rbhf7ngh.jpeg?q=70,Mobiles,Flipkart
"Google Pixel 8 Pro (Obsidian, 128 GB)",59999.0,4.4,134.0,https://www.flipkart.com/google-pixel-8-pro-obsidian-128-gb/p/itm51f9522df8e95?pid=MOBGT5F2S5RHTV6A&lid=LSTMOBGT5F2S5RHTV6ALP22OK&marketplace=FLIPKART&q=mobile+phones&store=tyy%2F4io&srno=s_29_673&otracker=search&otracker1=search&fm=Search&iid=9c28c77d-e1b8-4447-977c-3e75b46c59db.MOBGT5F2S5RHTV6A.SEARCH&ppt=sp&ppn=sp&ssid=bfe30g3s1c0000001753088086408&qH=a81ad6e72f7a2fd1,https://rukminim2.flixcart.com/image/312/312/xif0q/mobile/e/f/m/-original-imagtwh5rbhf7ngh.jpeg?q=70,Mobiles,Flipkart
"Honor 200 5G (Black, 256 GB)",23999.0,4.4,12.0,https://www.flipkart.com/honor-200-5g-black-256-gb/p/itm6c73c53970f43?pid=MOBH34RU2RA4Y6AK&lid=LSTMOBH34RU2RA4Y6AKE3HE0Y&marketplace=FLIPKART&q=mobile+phones&store=tyy%2F4io&srno=s_29_674&otracker=search&otracker1=search&fm=Search&iid=9c28c77d-e1b8-4447-977c-3e75b46c59db.MOBH34RU2RA4Y6AK.SEARCH&ppt=sp&ppn=sp&ssid=bfe30g3s1c0000001753088086408&qH=a81ad6e72f7a2fd1,https://rukminim2.flixcart.com/image/312/312/xif0q/mobile/w/j/c/200-5g-eli-nx9-honor-original-imah3cpbzhdngwa3.jpeg?q=70,Mobiles,Flipkart
"REDMI 14C 5G (Stargaze Black, 128 GB)",11484.0,4.2,237.0,https://www.flipkart.com/redmi-14c-5g-stargaze-black-128-gb/p/itmd779dc15fba89?pid=MOBH92ADVQY5DX3H&lid=LSTMOBH92ADVQY5DX3HSRP5PH&marketplace=FLIPKART&q=mobile+phones&store=tyy%2F4io&srno=s_29_675&otracker=search&otracker1=search&fm=Search&iid=9c28c77d-e1b8-4447-977c-3e75b46c59db.MOBH92ADVQY5DX3H.SEARCH&ppt=sp&ppn=sp&ssid=bfe30g3s1c0000001753088086408&qH=a81ad6e72f7a2fd1,https://rukminim2.flixcart.com/image/312/312/xif0q/mobile/v/i/d/-original-imah88yjgyxbmvbf.jpeg?q=70,Mobiles,Flipkart
Jmax POPS 7,577.0,3.5,6.0,https://www.flipkart.com/jmax-pops-7/p/itmdd7d4f43fb9bf?pid=MOBG5ZHNR5Q4VEFT&lid=LSTMOBG5ZHNR5Q4VEFTJEKTQB&marketplace=FLIPKART&q=mobile+phones&store=tyy%2F4io&srno=s_29_676&otracker=search&otracker1=search&fm=Search&iid=9c28c77d-e1b8-4447-977c-3e75b46c59db.MOBG5ZHNR5Q4VEFT.SEARCH&ppt=sp&ppn=sp&ssid=bfe30g3s1c0000001753088086408&qH=a81ad6e72f7a2fd1,https://rukminim2.flixcart.com/image/312/312/xif0q/mobile/i/p/0/pops-7-pops-7-jmax-original-imah8fstjbhaqpuz.jpeg?q=70,Mobiles,Flipkart
"Xiaomi 14 CIVI (Panda White, 512 GB)",39999.0,4.4,68.0,https://www.flipkart.com/xiaomi-14-civi-panda-white-512-gb/p/itm24b0d2c35056d?pid=MOBH3YHARFSTRHHT&lid=LSTMOBH3YHARFSTRHHTSUBEK8&marketplace=FLIPKART&q=mobile+phones&store=tyy%2F4io&srno=s_29_677&otracker=search&otracker1=search&fm=Search&iid=9c28c77d-e1b8-4447-977c-3e75b46c59db.MOBH3YHARFSTRHHT.SEARCH&ppt=sp&ppn=sp&ssid=bfe30g3s1c0000001753088086408&qH=a81ad6e72f7a2fd1,https://rukminim2.flixcart.com/image/312/312/xif0q/mobile/s/r/m/-original-imah34gxy5562pgz.jpeg?q=70,Mobiles,Flipkart
"Samsung Galaxy A56 5G (Awesome Graphite, 256 GB)",41999.0,4.3,28.0,https://www.flipkart.com/samsung-galaxy-a56-5g-awesome-graphite-256-gb/p/itmfc74a277c6fb4?pid=MOBH9RNGDAUAZUGG&lid=LSTMOBH9RNGDAUAZUGGMJ6FXJ&marketplace=FLIPKART&q=mobile+phones&store=tyy%2F4io&srno=s_29_678&otracker=search&otracker1=search&fm=Search&iid=9c28c77d-e1b8-4447-977c-3e75b46c59db.MOBH9RNGDAUAZUGG.SEARCH&ppt=sp&ppn=sp&ssid=bfe30g3s1c0000001753088086408&qH=a81ad6e72f7a2fd1,https://rukminim2.flixcart.com/image/312/312/xif0q/mobile/3/k/m/-original-imahbyvfmsdxmz5r.jpeg?q=70,Mobiles,Flipkart
Kechaoda K28,1249.0,4.0,356.0,https://www.flipkart.com/kechaoda-k28/p/itmf3pnaabkfegeg?pid=MOBGN24TKAYVBYNT&lid=LSTMOBGN24TKAYVBYNTG2MNLR&marketplace=FLIPKART&q=mobile+phones&store=tyy%2F4io&srno=s_29_679&otracker=search&otracker1=search&fm=Search&iid=9c28c77d-e1b8-4447-977c-3e75b46c59db.MOBGN24TKAYVBYNT.SEARCH&ppt=sp&ppn=sp&ssid=bfe30g3s1c0000001753088086408&qH=a81ad6e72f7a2fd1,https://rukminim2.flixcart.com/image/312/312/xif0q/mobile/t/c/s/k28-k28-kechaoda-original-imagn24rwb4c3236.jpeg?q=70,Mobiles,Flipkart
"realme C63 5G Charger in the Box (Forest Green, 128 GB)",12999.0,4.4,131.0,https://www.flipkart.com/realme-c63-5g-charger-box-forest-green-128-gb/p/itm10b8f5cccfadd?pid=MOBH3DZQ3GCQEYUC&lid=LSTMOBH3DZQ3GCQEYUCLNXQPP&marketplace=FLIPKART&q=mobile+phones&store=tyy%2F4io&srno=s_29_680&otracker=search&otracker1=search&fm=Search&iid=9c28c77d-e1b8-4447-977c-3e75b46c59db.MOBH3DZQ3GCQEYUC.SEARCH&ppt=sp&ppn=sp&ssid=bfe30g3s1c0000001753088086408&qH=a81ad6e72f7a2fd1,https://rukminim2.flixcart.com/image/312/312/xif0q/mobile/s/w/4/-original-imah3ngrcytpghqx.jpeg?q=70,Mobiles,Flipkart
"IQOO Z9x (Storm Grey, 128 GB)",13990.0,4.2,118.0,https://www.flipkart.com/iqoo-z9x-storm-grey-128-gb/p/itm37ed9034fd805?pid=MOBHF6ZZY5SMYZTP&lid=LSTMOBHF6ZZY5SMYZTP9AQSG6&marketplace=FLIPKART&q=mobile+phones&store=tyy%2F4io&srno=s_29_682&otracker=search&otracker1=search&fm=Search&iid=9c28c77d-e1b8-4447-977c-3e75b46c59db.MOBHF6ZZY5SMYZTP.SEARCH&ppt=sp&ppn=sp&ssid=bfe30g3s1c0000001753088086408&qH=a81ad6e72f7a2fd1,https://rukminim2.flixcart.com/image/312/312/xif0q/mobile/0/v/h/z9x-i2219-iqoo-original-imah3gnerz9yggjt.jpeg?q=70,Mobiles,Flipkart
"OnePlus 13s 5G (Green Silk, 512 GB)",57080.0,4.5,17.0,https://www.flipkart.com/oneplus-13s-5g-green-silk-512-gb/p/itmb6d10cf953b5d?pid=MOBHCTQTES4SHKGW&lid=LSTMOBHCTQTES4SHKGWM4RUPG&marketplace=FLIPKART&q=mobile+phones&store=tyy%2F4io&srno=s_29_683&otracker=search&otracker1=search&fm=Search&iid=9c28c77d-e1b8-4447-977c-3e75b46c59db.MOBHCTQTES4SHKGW.SEARCH&ppt=sp&ppn=sp&ssid=bfe30g3s1c0000001753088086408&qH=a81ad6e72f7a2fd1,https://rukminim2.flixcart.com/image/312/312/xif0q/mobile/h/2/y/13s-5g-cph2723-oneplus-original-imahdcx7qgtuf4ne.jpeg?q=70,Mobiles,Flipkart
"OnePlus 13s 5G (Black Velvet, 512 GB)",57478.0,4.5,17.0,https://www.flipkart.com/oneplus-13s-5g-black-velvet-512-gb/p/itmb6d10cf953b5d?pid=MOBHCTQTGYXAYZXH&lid=LSTMOBHCTQTGYXAYZXHC7PCKK&marketplace=FLIPKART&q=mobile+phones&store=tyy%2F4io&srno=s_29_684&otracker=search&otracker1=search&fm=Search&iid=9c28c77d-e1b8-4447-977c-3e75b46c59db.MOBHCTQTGYXAYZXH.SEARCH&ppt=sp&ppn=sp&ssid=bfe30g3s1c0000001753088086408&qH=a81ad6e72f7a2fd1,https://rukminim2.flixcart.com/image/312/312/xif0q/mobile/o/w/g/13s-5g-cph2723-oneplus-original-imahdcx8qeywg3qg.jpeg?q=70,Mobiles,Flipkart
HOTLINE H310,499.0,3.4,412.0,https://www.flipkart.com/hotline-h310/p/itm70088e15b6793?pid=MOBH8CHWFEKGGAHH&lid=LSTMOBH8CHWFEKGGAHHU7RUVM&marketplace=FLIPKART&q=mobile+phones&store=tyy%2F4io&srno=s_29_685&otracker=search&otracker1=search&fm=Search&iid=9c28c77d-e1b8-4447-977c-3e75b46c59db.MOBH8CHWFEKGGAHH.SEARCH&ppt=sp&ppn=sp&ssid=bfe30g3s1c0000001753088086408&qH=a81ad6e72f7a2fd1,https://rukminim2.flixcart.com/image/312/312/xif0q/mobile/p/w/v/h310-h310-hotline-original-imah8z2rsx3uzfjr.jpeg?q=70,Mobiles,Flipkart
HOTLINE ROYAL,799.0,3.6,34.0,https://www.flipkart.com/hotline-royal/p/itm6f02c31b850bc?pid=MOBHYTPHAUBJXV8X&lid=LSTMOBHYTPHAUBJXV8X7SHREM&marketplace=FLIPKART&q=mobile+phones&store=tyy%2F4io&srno=s_29_686&otracker=search&otracker1=search&fm=Search&iid=9c28c77d-e1b8-4447-977c-3e75b46c59db.MOBHYTPHAUBJXV8X.SEARCH&ppt=sp&ppn=sp&ssid=bfe30g3s1c0000001753088086408&qH=a81ad6e72f7a2fd1,https://rukminim2.flixcart.com/image/312/312/xif0q/mobile/r/5/w/royal-royal-hotline-original-imah4ybwgfurbq4d.jpeg?q=70,Mobiles,Flipkart
"Google Pixel 9 (Wintergreen, 256 GB)",74999.0,4.5,309.0,https://www.flipkart.com/google-pixel-9-wintergreen-256-gb/p/itmcead5185c21a8?pid=MOBH2HJG6KBBMPRF&lid=LSTMOBH2HJG6KBBMPRFC8AYRM&marketplace=FLIPKART&q=mobile+phones&store=tyy%2F4io&srno=s_29_687&otracker=search&otracker1=search&fm=Search&iid=9c28c77d-e1b8-4447-977c-3e75b46c59db.MOBH2HJG6KBBMPRF.SEARCH&ppt=sp&ppn=sp&ssid=bfe30g3s1c0000001753088086408&qH=a81ad6e72f7a2fd1,https://rukminim2.flixcart.com/image/312/312/xif0q/mobile/6/2/x/pixel-9-ga05844-in-google-original-imah3pfjs25yjvfy.jpeg?q=70,Mobiles,Flipkart
ringme R1+ JUMBO,1450.0,4.2,16.0,https://www.flipkart.com/ringme-r1-jumbo/p/itmb064fd38b134e?pid=MOBH2KZVRX7MJRAY&lid=LSTMOBH2KZVRX7MJRAYH1ZLB9&marketplace=FLIPKART&q=mobile+phones&store=tyy%2F4io&srno=s_29_688&otracker=search&otracker1=search&fm=Search&iid=9c28c77d-e1b8-4447-977c-3e75b46c59db.MOBH2KZVRX7MJRAY.SEARCH&ppt=sp&ppn=sp&ssid=bfe30g3s1c0000001753088086408&qH=a81ad6e72f7a2fd1,https://rukminim2.flixcart.com/image/312/312/xif0q/mobile/a/k/t/r1-jumbo-r1-jumbo-ringme-original-imah2kzvznktbcbh.jpeg?q=70,Mobiles,Flipkart
"Apple iPhone 16 Pro Max (Black Titanium, 256 GB)",135900.0,4.7,81.0,https://www.flipkart.com/apple-iphone-16-pro-max-black-titanium-256-gb/p/itm7e75db4f27bd5?pid=MOBH4DQFNXH8SZ9D&lid=LSTMOBH4DQFNXH8SZ9DUXE3QP&marketplace=FLIPKART&q=mobile+phones&store=tyy%2F4io&srno=s_29_689&otracker=search&otracker1=search&fm=Search&iid=9c28c77d-e1b8-4447-977c-3e75b46c59db.MOBH4DQFNXH8SZ9D.SEARCH&ppt=sp&ppn=sp&ssid=bfe30g3s1c0000001753088086408&qH=a81ad6e72f7a2fd1,https://rukminim2.flixcart.com/image/312/312/xif0q/mobile/y/m/i/-original-imah4jz66pzdzy4z.jpeg?q=70,Mobiles,Flipkart
"OnePlus 13s 5G (Green Silk, 256 GB)",52437.0,4.5,17.0,https://www.flipkart.com/oneplus-13s-5g-green-silk-256-gb/p/itmb6d10cf953b5d?pid=MOBHCTQTDPZH7ZYT&lid=LSTMOBHCTQTDPZH7ZYTGK9P5T&marketplace=FLIPKART&q=mobile+phones&store=tyy%2F4io&srno=s_29_690&otracker=search&otracker1=search&fm=Search&iid=9c28c77d-e1b8-4447-977c-3e75b46c59db.MOBHCTQTDPZH7ZYT.SEARCH&ppt=sp&ppn=sp&ssid=bfe30g3s1c0000001753088086408&qH=a81ad6e72f7a2fd1,https://rukminim2.flixcart.com/image/312/312/xif0q/mobile/h/2/y/13s-5g-cph2723-oneplus-original-imahdcx7qgtuf4ne.jpeg?q=70,Mobiles,Flipkart
UiSmart Ui-06,1650.0,4.0,309.0,https://www.flipkart.com/uismart-ui-06/p/itm04ebdbb597d46?pid=MOBFY2YJZPWSYMVJ&lid=LSTMOBFY2YJZPWSYMVJZIJZFS&marketplace=FLIPKART&q=mobile+phones&store=tyy%2F4io&srno=s_29_691&otracker=search&otracker1=search&fm=Search&iid=9c28c77d-e1b8-4447-977c-3e75b46c59db.MOBFY2YJZPWSYMVJ.SEARCH&ppt=sp&ppn=sp&ssid=bfe30g3s1c0000001753088086408&qH=a81ad6e72f7a2fd1,https://rukminim2.flixcart.com/image/312/312/ki6bgcw0-0/mobile/t/m/d/ferrari-car-flip-phone-ui-06-ui06-uismart-original-imafyf38fughkg4f.jpeg?q=70,Mobiles,Flipkart
Kechaoda A26,896.0,4.0,1577.0,https://www.flipkart.com/kechaoda-a26/p/itmfcvuscszh9sjb?pid=MOBH4DZXVE98GKZR&lid=LSTMOBH4DZXVE98GKZRIIWRRJ&marketplace=FLIPKART&q=mobile+phones&store=tyy%2F4io&srno=s_29_693&otracker=search&otracker1=search&fm=Search&iid=9c28c77d-e1b8-4447-977c-3e75b46c59db.MOBH4DZXVE98GKZR.SEARCH&ppt=sp&ppn=sp&ssid=bfe30g3s1c0000001753088086408&qH=a81ad6e72f7a2fd1,https://rukminim2.flixcart.com/image/312/312/xif0q/mobile/c/t/e/a26-a26-kechaoda-original-imah4dzwjjvrhkeu.jpeg?q=70,Mobiles,Flipkart
"Infinix Note 40 5G (Racing Grey, 256 GB)",15999.0,4.2,1143.0,https://www.flipkart.com/infinix-note-40-5g-racing-grey-256-gb/p/itm72c4c7b7d8834?pid=MOBH4QCGMFY8ZY8B&lid=LSTMOBH4QCGMFY8ZY8B1ZWPF8&marketplace=FLIPKART&q=mobile+phones&store=tyy%2F4io&srno=s_29_694&otracker=search&otracker1=search&fm=Search&iid=9c28c77d-e1b8-4447-977c-3e75b46c59db.MOBH4QCGMFY8ZY8B.SEARCH&ppt=sp&ppn=sp&ssid=bfe30g3s1c0000001753088086408&qH=a81ad6e72f7a2fd1,https://rukminim2.flixcart.com/image/312/312/xif0q/mobile/n/c/e/-original-imah6yjze5cmh4qw.jpeg?q=70,Mobiles,Flipkart
hmd 110 4G DS,2109.0,4.1,8.0,https://www.flipkart.com/hmd-110-4g-ds/p/itm2cdf5049b1acc?pid=MOBH6GZZD3H73WGH&lid=LSTMOBH6GZZD3H73WGHDI31JN&marketplace=FLIPKART&q=mobile+phones&store=tyy%2F4io&srno=s_29_695&otracker=search&otracker1=search&fm=Search&iid=9c28c77d-e1b8-4447-977c-3e75b46c59db.MOBH6GZZD3H73WGH.SEARCH&ppt=sp&ppn=sp&ssid=bfe30g3s1c0000001753088086408&qH=a81ad6e72f7a2fd1,https://rukminim2.flixcart.com/image/312/312/xif0q/mobile/o/e/h/110-4g-ds-ta-1665-hmd-original-imaheffjwa9duffy.jpeg?q=70,Mobiles,Flipkart
"REDMI 13c 5G (Starlight Black, 256 GB)",15980.0,4.2,415.0,https://www.flipkart.com/redmi-13c-5g-starlight-black-256-gb/p/itm996fbc603ec3c?pid=MOBGW6S7EDZMAKPF&lid=LSTMOBGW6S7EDZMAKPFSUBKRA&marketplace=FLIPKART&q=mobile+phones&store=tyy%2F4io&srno=s_29_696&otracker=search&otracker1=search&fm=Search&iid=9c28c77d-e1b8-4447-977c-3e75b46c59db.MOBGW6S7EDZMAKPF.SEARCH&ppt=sp&ppn=sp&ssid=bfe30g3s1c0000001753088086408&qH=a81ad6e72f7a2fd1,https://rukminim2.flixcart.com/image/312/312/xif0q/mobile/e/v/t/13c-5g-redmi-13c-5g-redmi-original-imagw6s7zfhb4syx.jpeg?q=70,Mobiles,Flipkart
Snexian ROCK 7600,999.0,3.5,1.0,https://www.flipkart.com/snexian-rock-7600/p/itmfe459b9f6d089?pid=MOBHCZFXVNQGHSZH&lid=LSTMOBHCZFXVNQGHSZHVLYV3B&marketplace=FLIPKART&q=mobile+phones&store=tyy%2F4io&srno=s_30_697&otracker=search&otracker1=search&fm=Search&iid=c14999f7-a19e-4e77-9fc5-34eb37a748c2.MOBHCZFXVNQGHSZH.SEARCH&ppt=sp&ppn=sp&ssid=7v2hgx3j6o0000001753088096277&qH=a81ad6e72f7a2fd1,https://rukminim2.flixcart.com/image/312/312/xif0q/mobile/3/7/h/rock-7600-rock-7600-snexian-original-imahczfxgy7pg9aw.jpeg?q=70,Mobiles,Flipkart
MOTOROLA A10V DS Keypad Phone with Voice Feature|800 mAh Battery|Wireless FM Recording,1497.0,4.1,490.0,https://www.flipkart.com/motorola-a10v-ds-keypad-phone-voice-feature-800-mah-battery-wireless-fm-recording/p/itmbc395d448877c?pid=MOBHFZN7H3A3H22J&lid=LSTMOBHFZN7H3A3H22JBT4QDA&marketplace=FLIPKART&q=mobile+phones&store=tyy%2F4io&srno=s_30_698&otracker=search&otracker1=search&fm=Search&iid=c14999f7-a19e-4e77-9fc5-34eb37a748c2.MOBHFZN7H3A3H22J.SEARCH&ppt=sp&ppn=sp&ssid=7v2hgx3j6o0000001753088096277&qH=a81ad6e72f7a2fd1,https://rukminim2.flixcart.com/image/312/312/xif0q/mobile/t/w/j/a10v-ds-keypad-phone-with-voice-feature-800-mah-battery-wireless-original-imah3nztegjzcgyr.jpeg?q=70,Mobiles,Flipkart
"REDMI 14C 5G (Starlight Blue, 128 GB)",11622.0,4.2,237.0,https://www.flipkart.com/redmi-14c-5g-starlight-blue-128-gb/p/itmd779dc15fba89?pid=MOBH92AD83EYUCVM&lid=LSTMOBH92AD83EYUCVMLWKGYZ&marketplace=FLIPKART&q=mobile+phones&store=tyy%2F4io&srno=s_30_700&otracker=search&otracker1=search&fm=Search&iid=c14999f7-a19e-4e77-9fc5-34eb37a748c2.MOBH92AD83EYUCVM.SEARCH&ppt=sp&ppn=sp&ssid=7v2hgx3j6o0000001753088096277&qH=a81ad6e72f7a2fd1,https://rukminim2.flixcart.com/image/312/312/xif0q/mobile/o/r/i/-original-imah88yj7ba9ghpg.jpeg?q=70,Mobiles,Flipkart
"itel it5027 6.1cm Screen,1200mAh Battery Wireless FM Radio with Recording,KingVoice",1299.0,4.0,81.0,https://www.flipkart.com/itel-it5027-6-1cm-screen-1200mah-battery-wireless-fm-radio-recording-kingvoice/p/itm96dacf1431f1e?pid=MOBGT2UHZVCBPBGH&lid=LSTMOBGT2UHZVCBPBGHYMROIX&marketplace=FLIPKART&q=mobile+phones&store=tyy%2F4io&srno=s_30_701&otracker=search&otracker1=search&fm=Search&iid=c14999f7-a19e-4e77-9fc5-34eb37a748c2.MOBGT2UHZVCBPBGH.SEARCH&ppt=sp&ppn=sp&ssid=7v2hgx3j6o0000001753088096277&qH=a81ad6e72f7a2fd1,https://rukminim2.flixcart.com/image/312/312/xif0q/mobile/z/f/k/it5027-6-1cm-screen-1200mah-battery-wireless-fm-radio-with-original-imah3ys5cbggm28n.jpeg?q=70,Mobiles,Flipkart
"OPPO A17k (Navy Blue, 64 GB)",8499.0,4.5,386.0,https://www.flipkart.com/oppo-a17k-navy-blue-64-gb/p/itmae3f2dc7e0f6e?pid=MOBGGR7N3GNZDFYG&lid=LSTMOBGGR7N3GNZDFYG5JID4K&marketplace=FLIPKART&q=mobile+phones&store=tyy%2F4io&srno=s_30_702&otracker=search&otracker1=search&fm=Search&iid=c14999f7-a19e-4e77-9fc5-34eb37a748c2.MOBGGR7N3GNZDFYG.SEARCH&ppt=sp&ppn=sp&ssid=7v2hgx3j6o0000001753088096277&qH=a81ad6e72f7a2fd1,https://rukminim2.flixcart.com/image/312/312/xif0q/mobile/4/3/2/a17k-cph2471-oppo-original-imah4vama9swxfgk.jpeg?q=70,Mobiles,Flipkart
"vivo V50 5G (Titanium Grey, 256 GB)",36999.0,4.5,523.0,https://www.flipkart.com/vivo-v50-5g-titanium-grey-256-gb/p/itm12bbdca230795?pid=MOBH8Z322JM2KQ3T&lid=LSTMOBH8Z322JM2KQ3TEDD2YO&marketplace=FLIPKART&q=mobile+phones&store=tyy%2F4io&srno=s_30_703&otracker=search&otracker1=search&fm=Search&iid=c14999f7-a19e-4e77-9fc5-34eb37a748c2.MOBH8Z322JM2KQ3T.SEARCH&ppt=sp&ppn=sp&ssid=7v2hgx3j6o0000001753088096277&qH=a81ad6e72f7a2fd1,https://rukminim2.flixcart.com/image/312/312/xif0q/mobile/p/b/o/-original-imahc6hdyb4zbct8.jpeg?q=70,Mobiles,Flipkart
"realme C75 5G (Purple Blossom, 128 GB)",13999.0,4.4,32.0,https://www.flipkart.com/realme-c75-5g-purple-blossom-128-gb/p/itm01c49ca24e054?pid=MOBHB39GAXVXYV7M&lid=LSTMOBHB39GAXVXYV7M43WW8X&marketplace=FLIPKART&q=mobile+phones&store=tyy%2F4io&srno=s_30_704&otracker=search&otracker1=search&fm=Search&iid=c14999f7-a19e-4e77-9fc5-34eb37a748c2.MOBHB39GAXVXYV7M.SEARCH&ppt=sp&ppn=sp&ssid=7v2hgx3j6o0000001753088096277&qH=a81ad6e72f7a2fd1,https://rukminim2.flixcart.com/image/312/312/xif0q/mobile/4/c/i/-original-imahbwa8y8qanapk.jpeg?q=70,Mobiles,Flipkart
"Samsung Galaxy S24 Ultra 5G (Titanium Violet, 256 GB)",83000.0,4.6,338.0,https://www.flipkart.com/samsung-galaxy-s24-ultra-5g-titanium-violet-256-gb/p/itmd4f51262e3e6b?pid=MOBGX2F38JBJGZSE&lid=LSTMOBGX2F38JBJGZSEYR5QKP&marketplace=FLIPKART&q=mobile+phones&store=tyy%2F4io&srno=s_30_705&otracker=search&otracker1=search&fm=Search&iid=c14999f7-a19e-4e77-9fc5-34eb37a748c2.MOBGX2F38JBJGZSE.SEARCH&ppt=sp&ppn=sp&ssid=7v2hgx3j6o0000001753088096277&qH=a81ad6e72f7a2fd1,https://rukminim2.flixcart.com/image/312/312/xif0q/mobile/w/5/h/-original-imahyvnuta2aadbw.jpeg?q=70,Mobiles,Flipkart
Nokia 106,1283.0,3.8,275.0,https://www.flipkart.com/nokia-106/p/itmf0b0223c4ec8b?pid=MOBGRH6YNYVBQJSR&lid=LSTMOBGRH6YNYVBQJSRBOSRZ8&marketplace=FLIPKART&q=mobile+phones&store=tyy%2F4io&srno=s_30_706&otracker=search&otracker1=search&fm=Search&iid=c14999f7-a19e-4e77-9fc5-34eb37a748c2.MOBGRH6YNYVBQJSR.SEARCH&ppt=sp&ppn=sp&ssid=7v2hgx3j6o0000001753088096277&qH=a81ad6e72f7a2fd1,https://rukminim2.flixcart.com/image/312/312/xif0q/mobile/n/s/j/106-ta-1578-ss-nokia-original-imah4kgmhbffzf3d.jpeg?q=70,Mobiles,Flipkart
"OnePlus 13s 5G (Pink Satin, 256 GB)",51840.0,4.5,17.0,https://www.flipkart.com/oneplus-13s-5g-pink-satin-256-gb/p/itmb6d10cf953b5d?pid=MOBHCY89MXCYXQ3B&lid=LSTMOBHCY89MXCYXQ3BTMISA4&marketplace=FLIPKART&q=mobile+phones&store=tyy%2F4io&srno=s_30_707&otracker=search&otracker1=search&fm=Search&iid=c14999f7-a19e-4e77-9fc5-34eb37a748c2.MOBHCY89MXCYXQ3B.SEARCH&ppt=sp&ppn=sp&ssid=7v2hgx3j6o0000001753088096277&qH=a81ad6e72f7a2fd1,https://rukminim2.flixcart.com/image/312/312/xif0q/mobile/b/z/v/13s-5g-cph2723-oneplus-original-imahdhmzjah7cypa.jpeg?q=70,Mobiles,Flipkart
"realme Narzo N65 5G (AMBER GOLD, 128 GB)",13999.0,4.2,20.0,https://www.flipkart.com/realme-narzo-n65-5g-amber-gold-128-gb/p/itm6378f5785d47b?pid=MOBH3KM5C3VPHGX3&lid=LSTMOBH3KM5C3VPHGX3IZROLT&marketplace=FLIPKART&q=mobile+phones&store=tyy%2F4io&srno=s_30_708&otracker=search&otracker1=search&fm=Search&iid=c14999f7-a19e-4e77-9fc5-34eb37a748c2.MOBH3KM5C3VPHGX3.SEARCH&ppt=sp&ppn=sp&ssid=7v2hgx3j6o0000001753088096277&qH=a81ad6e72f7a2fd1,https://rukminim2.flixcart.com/image/312/312/xif0q/mobile/c/8/d/narzo-n65-5g-rmx3997-realme-original-imah66adctyczwjy.jpeg?q=70,Mobiles,Flipkart
"Samsung Galaxy A16 5G (Gold, 256 GB)",20499.0,4.2,181.0,https://www.flipkart.com/samsung-galaxy-a16-5g-gold-256-gb/p/itmeb3b07d3eff44?pid=MOBH5JJ4JZ97BK2D&lid=LSTMOBH5JJ4JZ97BK2D2ZPHSP&marketplace=FLIPKART&q=mobile+phones&store=tyy%2F4io&srno=s_30_709&otracker=search&otracker1=search&fm=Search&iid=c14999f7-a19e-4e77-9fc5-34eb37a748c2.MOBH5JJ4JZ97BK2D.SEARCH&ppt=sp&ppn=sp&ssid=7v2hgx3j6o0000001753088096277&qH=a81ad6e72f7a2fd1,https://rukminim2.flixcart.com/image/312/312/xif0q/mobile/a/x/t/-original-imahcshuffnqzj7z.jpeg?q=70,Mobiles,Flipkart
MOTOROLA A10V DS Keypad Phone with Voice Feature|800 mAh Battery|Wireless FM Recording,1550.0,4.1,490.0,https://www.flipkart.com/motorola-a10v-ds-keypad-phone-voice-feature-800-mah-battery-wireless-fm-recording/p/itmbc395d448877c?pid=MOBGUU9BHPZSUZUH&lid=LSTMOBGUU9BHPZSUZUHX3TGKX&marketplace=FLIPKART&q=mobile+phones&store=tyy%2F4io&srno=s_30_710&otracker=search&otracker1=search&fm=Search&iid=c14999f7-a19e-4e77-9fc5-34eb37a748c2.MOBGUU9BHPZSUZUH.SEARCH&ppt=sp&ppn=sp&ssid=7v2hgx3j6o0000001753088096277&qH=a81ad6e72f7a2fd1,https://rukminim2.flixcart.com/image/312/312/xif0q/mobile/z/j/s/a10v-ds-keypad-phone-with-voice-feature-800-mah-battery-wireless-original-imahcaxhsdnqe6tv.jpeg?q=70,Mobiles,Flipkart
"Samsung Galaxy F16 5G (Vibing Blue, 128 GB)",12499.0,4.2,155.0,https://www.flipkart.com/samsung-galaxy-f16-5g-vibing-blue-128-gb/p/itm21ffc210450ff?pid=MOBH9ASGPYCDE8VA&lid=LSTMOBH9ASGPYCDE8VAEXUXDN&marketplace=FLIPKART&q=mobile+phones&store=tyy%2F4io&srno=s_30_711&otracker=search&otracker1=search&fm=Search&iid=c14999f7-a19e-4e77-9fc5-34eb37a748c2.MOBH9ASGPYCDE8VA.SEARCH&ppt=sp&ppn=sp&ssid=7v2hgx3j6o0000001753088096277&qH=a81ad6e72f7a2fd1,https://rukminim2.flixcart.com/image/312/312/xif0q/mobile/g/d/p/-original-imahcre2gqhfqgd8.jpeg?q=70,Mobiles,Flipkart
"Samsung Galaxy M16 5G (Thunder Black, 128 GB)",12700.0,4.3,21.0,https://www.flipkart.com/samsung-galaxy-m16-5g-thunder-black-128-gb/p/itmf46b23a1eccd9?pid=MOBH9UYUDGWVTVYF&lid=LSTMOBH9UYUDGWVTVYFIRETGJ&marketplace=FLIPKART&q=mobile+phones&store=tyy%2F4io&srno=s_30_712&otracker=search&otracker1=search&fm=Search&iid=c14999f7-a19e-4e77-9fc5-34eb37a748c2.MOBH9UYUDGWVTVYF.SEARCH&ppt=sp&ppn=sp&ssid=7v2hgx3j6o0000001753088096277&qH=a81ad6e72f7a2fd1,https://rukminim2.flixcart.com/image/312/312/xif0q/mobile/x/x/o/-original-imahayqwpsfa7kpp.jpeg?q=70,Mobiles,Flipkart
"REDMI 14C 5G (Stardust Purple, 128 GB)",11800.0,4.2,237.0,https://www.flipkart.com/redmi-14c-5g-stardust-purple-128-gb/p/itmd779dc15fba89?pid=MOBH92ADNGRGMWZU&lid=LSTMOBH92ADNGRGMWZUAOBCS8&marketplace=FLIPKART&q=mobile+phones&store=tyy%2F4io&srno=s_30_713&otracker=search&otracker1=search&fm=Search&iid=c14999f7-a19e-4e77-9fc5-34eb37a748c2.MOBH92ADNGRGMWZU.SEARCH&ppt=sp&ppn=sp&ssid=7v2hgx3j6o0000001753088096277&qH=a81ad6e72f7a2fd1,https://rukminim2.flixcart.com/image/312/312/xif0q/mobile/p/e/f/-original-imah88yjuygffthk.jpeg?q=70,Mobiles,Flipkart
"Nokia 130 Music Dual Sim, Music Player, Wireless FM Radio and Dedicated Music Buttons",1549.0,3.9,512.0,https://www.flipkart.com/nokia-130-music-dual-sim-player-wireless-fm-radio-dedicated-buttons/p/itm2d76fa931c507?pid=MOBGSFECH2EHS6EZ&lid=LSTMOBGSFECH2EHS6EZVHWKSN&marketplace=FLIPKART&q=mobile+phones&store=tyy%2F4io&srno=s_30_714&otracker=search&otracker1=search&fm=Search&iid=c14999f7-a19e-4e77-9fc5-34eb37a748c2.MOBGSFECH2EHS6EZ.SEARCH&ppt=sp&ppn=sp&ssid=7v2hgx3j6o0000001753088096277&qH=a81ad6e72f7a2fd1,https://rukminim2.flixcart.com/image/312/312/xif0q/mobile/b/d/i/130-music-dual-sim-music-player-wireless-fm-radio-and-dedicated-original-imah3hg5av6tzhhz.jpeg?q=70,Mobiles,Flipkart
LAVA A1 Vibe (2025) Dual SIM | 2' Inch Big Display | Long-Lasting AI Battery,1209.0,4.3,6.0,https://www.flipkart.com/lava-a1-vibe-2025-dual-sim-2-inch-big-display-long-lasting-ai-battery/p/itm74577bad7772d?pid=MOBH7UPUUCYMJ7MA&lid=LSTMOBH7UPUUCYMJ7MA4ATOBP&marketplace=FLIPKART&q=mobile+phones&store=tyy%2F4io&srno=s_30_715&otracker=search&otracker1=search&fm=Search&iid=c14999f7-a19e-4e77-9fc5-34eb37a748c2.MOBH7UPUUCYMJ7MA.SEARCH&ppt=sp&ppn=sp&ssid=7v2hgx3j6o0000001753088096277&qH=a81ad6e72f7a2fd1,https://rukminim2.flixcart.com/image/312/312/xif0q/mobile/c/i/1/a1-vibe-a1-2025-lava-original-imah7upu2bskqcys.jpeg?q=70,Mobiles,Flipkart
"IQOO Z10 Lite 5G (Cyber Green, 256 GB)",13889.0,3.7,0.0,https://www.flipkart.com/iqoo-z10-lite-5g-cyber-green-256-gb/p/itmb57aad9fe876e?pid=MOBHDGDJHFHSVPCW&lid=LSTMOBHDGDJHFHSVPCWBG46PP&marketplace=FLIPKART&q=mobile+phones&store=tyy%2F4io&srno=s_30_716&otracker=search&otracker1=search&fm=Search&iid=c14999f7-a19e-4e77-9fc5-34eb37a748c2.MOBHDGDJHFHSVPCW.SEARCH&ppt=sp&ppn=sp&ssid=7v2hgx3j6o0000001753088096277&qH=a81ad6e72f7a2fd1,https://rukminim2.flixcart.com/image/312/312/xif0q/mobile/3/n/f/z10-lite-5g-d2025a-iqoo-original-imahdgdjaxfgxnm3.jpeg?q=70,Mobiles,Flipkart
KARBONN KX29 DS Keypad Mobile|3000 mAh Battery|0.3MP Rear Camera|Expandable Upto 32 GB,1458.0,3.7,163.0,https://www.flipkart.com/karbonn-kx29-ds-keypad-mobile-3000-mah-battery-0-3mp-rear-camera-expandable-upto-32-gb/p/itm03d25b47592f7?pid=MOBGB3SRNK9YJ5Z9&lid=LSTMOBGB3SRNK9YJ5Z9U8ERHA&marketplace=FLIPKART&q=mobile+phones&store=tyy%2F4io&srno=s_30_717&otracker=search&otracker1=search&fm=Search&iid=c14999f7-a19e-4e77-9fc5-34eb37a748c2.MOBGB3SRNK9YJ5Z9.SEARCH&ppt=sp&ppn=sp&ssid=7v2hgx3j6o0000001753088096277&qH=a81ad6e72f7a2fd1,https://rukminim2.flixcart.com/image/312/312/xif0q/mobile/g/t/o/kx29-ds-keypad-mobile-3000-mah-battery-0-3mp-rear-camera-original-imahcardqgtfmmfg.jpeg?q=70,Mobiles,Flipkart
KARBONN KX29 DS Keypad Mobile|3000 mAh Battery|0.3MP Rear Camera|Expandable Upto 32 GB,1530.0,3.7,163.0,https://www.flipkart.com/karbonn-kx29-ds-keypad-mobile-3000-mah-battery-0-3mp-rear-camera-expandable-upto-32-gb/p/itm03d25b47592f7?pid=MOBG7J38G3ZFZMRF&lid=LSTMOBG7J38G3ZFZMRFEUM4GL&marketplace=FLIPKART&q=mobile+phones&store=tyy%2F4io&srno=s_30_718&otracker=search&otracker1=search&fm=Search&iid=c14999f7-a19e-4e77-9fc5-34eb37a748c2.MOBG7J38G3ZFZMRF.SEARCH&ppt=sp&ppn=sp&ssid=7v2hgx3j6o0000001753088096277&qH=a81ad6e72f7a2fd1,https://rukminim2.flixcart.com/image/312/312/xif0q/mobile/l/o/1/kx29-ds-keypad-mobile-3000-mah-battery-0-3mp-rear-camera-original-imahcar9wgc6rht7.jpeg?q=70,Mobiles,Flipkart
"Samsung Galaxy A16 5G (Gold, 128 GB)",17499.0,4.2,181.0,https://www.flipkart.com/samsung-galaxy-a16-5g-gold-128-gb/p/itmeb3b07d3eff44?pid=MOBH5JJ4F3Z3PVMU&lid=LSTMOBH5JJ4F3Z3PVMUR9RC4G&marketplace=FLIPKART&q=mobile+phones&store=tyy%2F4io&srno=s_30_719&otracker=search&otracker1=search&fm=Search&iid=c14999f7-a19e-4e77-9fc5-34eb37a748c2.MOBH5JJ4F3Z3PVMU.SEARCH&ppt=sp&ppn=sp&ssid=7v2hgx3j6o0000001753088096277&qH=a81ad6e72f7a2fd1,https://rukminim2.flixcart.com/image/312/312/xif0q/mobile/a/x/t/-original-imahcshuffnqzj7z.jpeg?q=70,Mobiles,Flipkart
"IQOO Neo 10 (Titanium Chrome, 128 GB)",35495.0,4.5,10.0,https://www.flipkart.com/iqoo-neo-10-titanium-chrome-128-gb/p/itm4faf25d0485ec?pid=MOBHCGTZXBK8HH5N&lid=LSTMOBHCGTZXBK8HH5NZ6IE38&marketplace=FLIPKART&q=mobile+phones&store=tyy%2F4io&srno=s_30_720&otracker=search&otracker1=search&fm=Search&iid=c14999f7-a19e-4e77-9fc5-34eb37a748c2.MOBHCGTZXBK8HH5N.SEARCH&ppt=sp&ppn=sp&ssid=7v2hgx3j6o0000001753088096277&qH=a81ad6e72f7a2fd1,https://rukminim2.flixcart.com/image/312/312/xif0q/mobile/h/1/p/neo-10-i2405-iqoo-original-imahcgtyezjzzest.jpeg?q=70,Mobiles,Flipkart
"KARBONN K2Stylo,Dual SIM Keypad Mobile 2.4''LCD 1750mAh Battery Type C Memory Card 32GB",1280.0,4.2,4.0,https://www.flipkart.com/karbonn-k2stylo-dual-sim-keypad-mobile-2-4-lcd-1750mah-battery-type-c-memory-card-32gb/p/itme8ab394cd2b3d?pid=MOBH7FHGH2BZS2BD&lid=LSTMOBH7FHGH2BZS2BDCWPOHD&marketplace=FLIPKART&q=mobile+phones&store=tyy%2F4io&srno=s_31_721&otracker=search&otracker1=search&fm=Search&iid=6f3dc78c-f8e0-4723-83f0-974855061bd7.MOBH7FHGH2BZS2BD.SEARCH&ppt=sp&ppn=sp&ssid=gksfv80g1s0000001753088106751&qH=a81ad6e72f7a2fd1,https://rukminim2.flixcart.com/image/312/312/xif0q/mobile/j/j/j/k2stylo-dual-sim-keypad-mobile-2-4-lcd-1750mah-battery-type-c-original-imahdjezqwgthwee.jpeg?q=70,Mobiles,Flipkart
Micromax X818,1777.0,3.9,400.0,https://www.flipkart.com/micromax-x818/p/itmf4ecd9e0919ca?pid=MOBG6XZBJN3GNEQZ&lid=LSTMOBG6XZBJN3GNEQZWCDH1S&marketplace=FLIPKART&q=mobile+phones&store=tyy%2F4io&srno=s_31_722&otracker=search&otracker1=search&fm=Search&iid=6f3dc78c-f8e0-4723-83f0-974855061bd7.MOBG6XZBJN3GNEQZ.SEARCH&ppt=sp&ppn=sp&ssid=gksfv80g1s0000001753088106751&qH=a81ad6e72f7a2fd1,https://rukminim2.flixcart.com/image/312/312/ktn9pjk0/mobile/t/m/v/x818-blue-x818-micromax-original-imag6xza45eps29y.jpeg?q=70,Mobiles,Flipkart
"Samsung Galaxy M35 5G (Thunder Grey, 256 GB)",19749.0,4.3,234.0,https://www.flipkart.com/samsung-galaxy-m35-5g-thunder-grey-256-gb/p/itm94360d23ec184?pid=MOBH2ZAYYUN63FV7&lid=LSTMOBH2ZAYYUN63FV7KIRZCY&marketplace=FLIPKART&q=mobile+phones&store=tyy%2F4io&srno=s_31_723&otracker=search&otracker1=search&fm=Search&iid=6f3dc78c-f8e0-4723-83f0-974855061bd7.MOBH2ZAYYUN63FV7.SEARCH&ppt=sp&ppn=sp&ssid=gksfv80g1s0000001753088106751&qH=a81ad6e72f7a2fd1,https://rukminim2.flixcart.com/image/312/312/xif0q/mobile/1/7/f/galaxy-m35-5g-sm-m356b-samsung-original-imah3febzvtjehue.jpeg?q=70,Mobiles,Flipkart
"REDMI A3X (Olive Green, 64 GB)",5999.0,4.1,398.0,https://www.flipkart.com/redmi-a3x-olive-green-64-gb/p/itmae02f9f3f765a?pid=MOBH2YYZPZ32HS9T&lid=LSTMOBH2YYZPZ32HS9TBHHZP4&marketplace=FLIPKART&q=mobile+phones&store=tyy%2F4io&srno=s_31_724&otracker=search&otracker1=search&fm=Search&iid=6f3dc78c-f8e0-4723-83f0-974855061bd7.MOBH2YYZPZ32HS9T.SEARCH&ppt=sp&ppn=sp&ssid=gksfv80g1s0000001753088106751&qH=a81ad6e72f7a2fd1,https://rukminim2.flixcart.com/image/312/312/xif0q/mobile/r/b/s/-original-imah2hfpqxjnkvts.jpeg?q=70,Mobiles,Flipkart
GFive SHARK,840.0,3.6,68.0,https://www.flipkart.com/gfive-shark/p/itm9199420859906?pid=MOBHBUZY6RFRHQYV&lid=LSTMOBHBUZY6RFRHQYVTZ711T&marketplace=FLIPKART&q=mobile+phones&store=tyy%2F4io&srno=s_31_725&otracker=search&otracker1=search&fm=Search&iid=6f3dc78c-f8e0-4723-83f0-974855061bd7.MOBHBUZY6RFRHQYV.SEARCH&ppt=sp&ppn=sp&ssid=gksfv80g1s0000001753088106751&qH=a81ad6e72f7a2fd1,https://rukminim2.flixcart.com/image/312/312/xif0q/mobile/j/w/8/shark-shark-new-gfive-original-imahcqnbuhegzj9f.jpeg?q=70,Mobiles,Flipkart
"Honor 200 5G (Moonlight White, 256 GB)",27999.0,4.4,12.0,https://www.flipkart.com/honor-200-5g-moonlight-white-256-gb/p/itm6c73c53970f43?pid=MOBH32HG7CARGXWF&lid=LSTMOBH32HG7CARGXWFJLDGE9&marketplace=FLIPKART&q=mobile+phones&store=tyy%2F4io&srno=s_31_726&otracker=search&otracker1=search&fm=Search&iid=6f3dc78c-f8e0-4723-83f0-974855061bd7.MOBH32HG7CARGXWF.SEARCH&ppt=sp&ppn=sp&ssid=gksfv80g1s0000001753088106751&qH=a81ad6e72f7a2fd1,https://rukminim2.flixcart.com/image/312/312/xif0q/mobile/t/d/q/200-5g-eli-nx9-honor-original-imah3cgq6ekfzxgu.jpeg?q=70,Mobiles,Flipkart
"Samsung Galaxy S24 Ultra 5G (Titanium Black, 256 GB)",80999.0,4.6,338.0,https://www.flipkart.com/samsung-galaxy-s24-ultra-5g-titanium-black-256-gb/p/itm20b685e30271b?pid=MOBH3P4UM6ACEC2M&lid=LSTMOBH3P4UM6ACEC2MIS7C9G&marketplace=FLIPKART&q=mobile+phones&store=tyy%2F4io&srno=s_31_727&otracker=search&otracker1=search&fm=Search&iid=6f3dc78c-f8e0-4723-83f0-974855061bd7.MOBH3P4UM6ACEC2M.SEARCH&ppt=sp&ppn=sp&ssid=gksfv80g1s0000001753088106751&qH=a81ad6e72f7a2fd1,https://rukminim2.flixcart.com/image/312/312/xif0q/mobile/y/e/8/-original-imahyvntxfrpuw6g.jpeg?q=70,Mobiles,Flipkart
"Samsung Galaxy Z Flip6 5G (Mint, 256 GB)",72999.0,4.4,12.0,https://www.flipkart.com/samsung-galaxy-z-flip6-5g-mint-256-gb/p/itmef6672178d8d7?pid=MOBH2HG9E4NG2BXN&lid=LSTMOBH2HG9E4NG2BXNLMAXC2&marketplace=FLIPKART&q=mobile+phones&store=tyy%2F4io&srno=s_31_728&otracker=search&otracker1=search&fm=Search&iid=6f3dc78c-f8e0-4723-83f0-974855061bd7.MOBH2HG9E4NG2BXN.SEARCH&ppt=sp&ppn=sp&ssid=gksfv80g1s0000001753088106751&qH=a81ad6e72f7a2fd1,https://rukminim2.flixcart.com/image/312/312/xif0q/mobile/t/k/r/-original-imah2nd65a5c4zjr.jpeg?q=70,Mobiles,Flipkart
"vivo Y400 Pro 5G (Fest Gold, 128 GB)",24999.0,4.4,12.0,https://www.flipkart.com/vivo-y400-pro-5g-fest-gold-128-gb/p/itme20aaec2a68e9?pid=MOBHCN9UQEHVHGGN&lid=LSTMOBHCN9UQEHVHGGNGCGXTX&marketplace=FLIPKART&q=mobile+phones&store=tyy%2F4io&srno=s_31_729&otracker=search&otracker1=search&fm=Search&iid=6f3dc78c-f8e0-4723-83f0-974855061bd7.MOBHCN9UQEHVHGGN.SEARCH&ppt=sp&ppn=sp&ssid=gksfv80g1s0000001753088106751&qH=a81ad6e72f7a2fd1,https://rukminim2.flixcart.com/image/312/312/xif0q/mobile/g/y/n/-original-imahda7jp6khxgbe.jpeg?q=70,Mobiles,Flipkart
"CMF by Nothing Phone 1 (Blue, 128 GB)",15999.0,4.4,5599.0,https://www.flipkart.com/cmf-nothing-phone-1-blue-128-gb/p/itmeef68c7ce70bf?pid=MOBHYBQTMNNEFQMC&lid=LSTMOBHYBQTMNNEFQMCGO0C1P&marketplace=FLIPKART&q=mobile+phones&store=tyy%2F4io&srno=s_31_730&otracker=search&otracker1=search&fm=Search&iid=6f3dc78c-f8e0-4723-83f0-974855061bd7.MOBHYBQTMNNEFQMC.SEARCH&ppt=sp&ppn=sp&ssid=gksfv80g1s0000001753088106751&qH=a81ad6e72f7a2fd1,https://rukminim2.flixcart.com/image/312/312/xif0q/mobile/z/u/9/-original-imah3ajcxshpd2t2.jpeg?q=70,Mobiles,Flipkart
"Google Pixel 8a (Obsidian, 256 GB)",44999.0,4.3,567.0,https://www.flipkart.com/google-pixel-8a-obsidian-256-gb/p/itm187407b9adb88?pid=MOBGYQ2MJP8BVRWZ&lid=LSTMOBGYQ2MJP8BVRWZT89NIH&marketplace=FLIPKART&q=mobile+phones&store=tyy%2F4io&srno=s_31_731&otracker=search&otracker1=search&fm=Search&iid=6f3dc78c-f8e0-4723-83f0-974855061bd7.MOBGYQ2MJP8BVRWZ.SEARCH&ppt=sp&ppn=sp&ssid=gksfv80g1s0000001753088106751&qH=a81ad6e72f7a2fd1,https://rukminim2.flixcart.com/image/312/312/xif0q/mobile/e/y/n/pixel-8a-ga04432-in-google-original-imahyn3mqzdbzywg.jpeg?q=70,Mobiles,Flipkart
"CMF by Nothing Phone 1 (Black, 128 GB)",17999.0,4.4,1751.0,https://www.flipkart.com/cmf-nothing-phone-1-black-128-gb/p/itmeef68c7ce70bf?pid=MOBHYBQTSE9EKVBT&lid=LSTMOBHYBQTSE9EKVBT5UGTRK&marketplace=FLIPKART&q=mobile+phones&store=tyy%2F4io&srno=s_31_732&otracker=search&otracker1=search&fm=Search&iid=6f3dc78c-f8e0-4723-83f0-974855061bd7.MOBHYBQTSE9EKVBT.SEARCH&ppt=sp&ppn=sp&ssid=gksfv80g1s0000001753088106751&qH=a81ad6e72f7a2fd1,https://rukminim2.flixcart.com/image/312/312/xif0q/mobile/h/l/d/-original-imah3ajbqw7y7yhg.jpeg?q=70,Mobiles,Flipkart
"realme 13 Pro+ 5G (Monet Gold, 256 GB)",26999.0,4.4,919.0,https://www.flipkart.com/realme-13-pro-5g-monet-gold-256-gb/p/itm1e3e0852d520a?pid=MOBH2YYDGKH33GNP&lid=LSTMOBH2YYDGKH33GNPJWUMO5&marketplace=FLIPKART&q=mobile+phones&store=tyy%2F4io&srno=s_31_733&otracker=search&otracker1=search&fm=Search&iid=6f3dc78c-f8e0-4723-83f0-974855061bd7.MOBH2YYDGKH33GNP.SEARCH&ppt=sp&ppn=sp&ssid=gksfv80g1s0000001753088106751&qH=a81ad6e72f7a2fd1,https://rukminim2.flixcart.com/image/312/312/xif0q/mobile/r/u/k/-original-imah38dbzpraunnj.jpeg?q=70,Mobiles,Flipkart
Jmax iVERVE,949.0,3.7,8.0,https://www.flipkart.com/jmax-iverve/p/itmb491f138b6a16?pid=MOBGT3PT2HNGUNCH&lid=LSTMOBGT3PT2HNGUNCHD7EERV&marketplace=FLIPKART&q=mobile+phones&store=tyy%2F4io&srno=s_31_734&otracker=search&otracker1=search&fm=Search&iid=6f3dc78c-f8e0-4723-83f0-974855061bd7.MOBGT3PT2HNGUNCH.SEARCH&ppt=sp&ppn=sp&ssid=gksfv80g1s0000001753088106751&qH=a81ad6e72f7a2fd1,https://rukminim2.flixcart.com/image/312/312/xif0q/mobile/s/v/u/iverve-iverve-jmax-original-imagt3pstmey6bh9.jpeg?q=70,Mobiles,Flipkart
"CMF by Nothing Phone 1 (Orange, 128 GB)",17999.0,4.4,1751.0,https://www.flipkart.com/cmf-nothing-phone-1-orange-128-gb/p/itmeef68c7ce70bf?pid=MOBHYBQTZKQKXBAY&lid=LSTMOBHYBQTZKQKXBAYIM6CMX&marketplace=FLIPKART&q=mobile+phones&store=tyy%2F4io&srno=s_31_735&otracker=search&otracker1=search&fm=Search&iid=6f3dc78c-f8e0-4723-83f0-974855061bd7.MOBHYBQTZKQKXBAY.SEARCH&ppt=sp&ppn=sp&ssid=gksfv80g1s0000001753088106751&qH=a81ad6e72f7a2fd1,https://rukminim2.flixcart.com/image/312/312/xif0q/mobile/k/e/i/-original-imah3ajbzmxyjswb.jpeg?q=70,Mobiles,Flipkart
"CMF by Nothing Phone 1 (Light Green, 128 GB)",15999.0,4.4,5599.0,https://www.flipkart.com/cmf-nothing-phone-1-light-green-128-gb/p/itmeef68c7ce70bf?pid=MOBHYBQT9FXMYZR5&lid=LSTMOBHYBQT9FXMYZR5NL0KRX&marketplace=FLIPKART&q=mobile+phones&store=tyy%2F4io&srno=s_31_736&otracker=search&otracker1=search&fm=Search&iid=6f3dc78c-f8e0-4723-83f0-974855061bd7.MOBHYBQT9FXMYZR5.SEARCH&ppt=sp&ppn=sp&ssid=gksfv80g1s0000001753088106751&qH=a81ad6e72f7a2fd1,https://rukminim2.flixcart.com/image/312/312/xif0q/mobile/a/o/2/-original-imah3ajbyffs6hee.jpeg?q=70,Mobiles,Flipkart
"CMF by Nothing Phone 1 (Light Green, 128 GB)",17999.0,4.4,1751.0,https://www.flipkart.com/cmf-nothing-phone-1-light-green-128-gb/p/itmeef68c7ce70bf?pid=MOBHYBQTDKBZPVFV&lid=LSTMOBHYBQTDKBZPVFVESXYVM&marketplace=FLIPKART&q=mobile+phones&store=tyy%2F4io&srno=s_31_737&otracker=search&otracker1=search&fm=Search&iid=6f3dc78c-f8e0-4723-83f0-974855061bd7.MOBHYBQTDKBZPVFV.SEARCH&ppt=sp&ppn=sp&ssid=gksfv80g1s0000001753088106751&qH=a81ad6e72f7a2fd1,https://rukminim2.flixcart.com/image/312/312/xif0q/mobile/a/o/2/-original-imah3ajbyffs6hee.jpeg?q=70,Mobiles,Flipkart
"CMF by Nothing Phone 1 (Orange, 128 GB)",15999.0,4.4,5599.0,https://www.flipkart.com/cmf-nothing-phone-1-orange-128-gb/p/itmeef68c7ce70bf?pid=MOBHYBQTUW78PCR2&lid=LSTMOBHYBQTUW78PCR2ACTHXQ&marketplace=FLIPKART&q=mobile+phones&store=tyy%2F4io&srno=s_31_738&otracker=search&otracker1=search&fm=Search&iid=6f3dc78c-f8e0-4723-83f0-974855061bd7.MOBHYBQTUW78PCR2.SEARCH&ppt=sp&ppn=sp&ssid=gksfv80g1s0000001753088106751&qH=a81ad6e72f7a2fd1,https://rukminim2.flixcart.com/image/312/312/xif0q/mobile/k/e/i/-original-imah3ajbzmxyjswb.jpeg?q=70,Mobiles,Flipkart
"OPPO A5 5G (Aurora Green, 128 GB)",15499.0,4.8,2.0,https://www.flipkart.com/oppo-a5-5g-aurora-green-128-gb/p/itmb152c18969f6d?pid=MOBHDYAY6VUDZHGA&lid=LSTMOBHDYAY6VUDZHGAT0SUWZ&marketplace=FLIPKART&q=mobile+phones&store=tyy%2F4io&srno=s_31_739&otracker=search&otracker1=search&fm=Search&iid=6f3dc78c-f8e0-4723-83f0-974855061bd7.MOBHDYAY6VUDZHGA.SEARCH&ppt=sp&ppn=sp&ssid=gksfv80g1s0000001753088106751&qH=a81ad6e72f7a2fd1,https://rukminim2.flixcart.com/image/312/312/xif0q/mobile/f/m/x/-original-imahdf3tnnf33xvt.jpeg?q=70,Mobiles,Flipkart
Samsung B310ED,999.0,3.3,25.0,https://www.flipkart.com/samsung-b310ed/p/itmacf4cb5f4a5fe?pid=MOBHD2ZWYEJ8YARR&lid=LSTMOBHD2ZWYEJ8YARR8W23VN&marketplace=FLIPKART&q=mobile+phones&store=tyy%2F4io&srno=s_31_740&otracker=search&otracker1=search&fm=Search&iid=6f3dc78c-f8e0-4723-83f0-974855061bd7.MOBHD2ZWYEJ8YARR.SEARCH&ppt=sp&ppn=sp&ssid=gksfv80g1s0000001753088106751&qH=a81ad6e72f7a2fd1,https://rukminim2.flixcart.com/image/312/312/xif0q/mobile/d/w/r/b310ed-samsung-guru-music-2-b310ed-samsung-original-imahd2zwgbg3shqy.jpeg?q=70,Mobiles,Flipkart
Snexian Bold V1,2256.0,4.2,11.0,https://www.flipkart.com/snexian-bold-v1/p/itmca2667ad980e3?pid=MOBGZY2ZRCTHSZHG&lid=LSTMOBGZY2ZRCTHSZHGS3MR8B&marketplace=FLIPKART&q=mobile+phones&store=tyy%2F4io&srno=s_31_741&otracker=search&otracker1=search&fm=Search&iid=6f3dc78c-f8e0-4723-83f0-974855061bd7.MOBGZY2ZRCTHSZHG.SEARCH&ppt=sp&ppn=sp&ssid=gksfv80g1s0000001753088106751&qH=a81ad6e72f7a2fd1,https://rukminim2.flixcart.com/image/312/312/xif0q/mobile/i/c/f/bold-v1-bold-v1-snexian-original-imahbg2ydpg9jdjw.jpeg?q=70,Mobiles,Flipkart
"IQOO z9x (Storm Grey, 128 GB)",14185.0,4.4,503.0,https://www.flipkart.com/iqoo-z9x-storm-grey-128-gb/p/itm37ed9034fd805?pid=MOBHF76CS9GHC4GP&lid=LSTMOBHF76CS9GHC4GPZZVRNE&marketplace=FLIPKART&q=mobile+phones&store=tyy%2F4io&srno=s_31_742&otracker=search&otracker1=search&fm=Search&iid=6f3dc78c-f8e0-4723-83f0-974855061bd7.MOBHF76CS9GHC4GP.SEARCH&ppt=sp&ppn=sp&ssid=gksfv80g1s0000001753088106751&qH=a81ad6e72f7a2fd1,https://rukminim2.flixcart.com/image/312/312/xif0q/mobile/9/t/p/z9x-i2219-iqoo-original-imah3s4wjgwggkbf.jpeg?q=70,Mobiles,Flipkart
"OnePlus Nord CE4 (Celadon Marble, 128 GB)",22899.0,4.4,1331.0,https://www.flipkart.com/oneplus-nord-ce4-celadon-marble-128-gb/p/itm5a09089114afb?pid=MOBGZN8YJ4KZ2KNH&lid=LSTMOBGZN8YJ4KZ2KNHPU9GXE&marketplace=FLIPKART&q=mobile+phones&store=tyy%2F4io&srno=s_31_743&otracker=search&otracker1=search&fm=Search&iid=6f3dc78c-f8e0-4723-83f0-974855061bd7.MOBGZN8YJ4KZ2KNH.SEARCH&ppt=sp&ppn=sp&ssid=gksfv80g1s0000001753088106751&qH=a81ad6e72f7a2fd1,https://rukminim2.flixcart.com/image/312/312/xif0q/mobile/6/z/x/nord-ce4-cph2613-oneplus-original-imagzn8vddauqjhx.jpeg?q=70,Mobiles,Flipkart
"OPPO A3x 5G (Starlight White, 128 GB)",12499.0,4.2,142.0,https://www.flipkart.com/oppo-a3x-5g-starlight-white-128-gb/p/itmb2b7c683d72a8?pid=MOBH3YHWCHZEUA3F&lid=LSTMOBH3YHWCHZEUA3FJPGGJE&marketplace=FLIPKART&q=mobile+phones&store=tyy%2F4io&srno=s_31_744&otracker=search&otracker1=search&fm=Search&iid=6f3dc78c-f8e0-4723-83f0-974855061bd7.MOBH3YHWCHZEUA3F.SEARCH&ppt=sp&ppn=sp&ssid=gksfv80g1s0000001753088106751&qH=a81ad6e72f7a2fd1,https://rukminim2.flixcart.com/image/312/312/xif0q/mobile/x/a/7/-original-imah4d9fvghbutvh.jpeg?q=70,Mobiles,Flipkart
"OnePlus Nord 4 5G (Oasis Green, 256 GB)",27567.0,4.5,226.0,https://www.flipkart.com/oneplus-nord-4-5g-oasis-green-256-gb/p/itmed83e7926e3e5?pid=MOBH3YA8ZFTVSREP&lid=LSTMOBH3YA8ZFTVSREP78PHXU&marketplace=FLIPKART&q=mobile+phones&store=tyy%2F4io&srno=s_32_745&otracker=search&otracker1=search&fm=Search&iid=3cacfd79-8633-4a80-b1cc-276cda0b7eb9.MOBH3YA8ZFTVSREP.SEARCH&ppt=sp&ppn=sp&ssid=z6ngiebjnk0000001753088141263&qH=a81ad6e72f7a2fd1,https://rukminim2.flixcart.com/image/312/312/xif0q/mobile/0/n/q/nord-4-5g-nord-4-5g-oneplus-original-imah3ya8zutbafma.jpeg?q=70,Mobiles,Flipkart
"Samsung Galaxy A16 5G (Blue Black, 128 GB)",17499.0,4.2,181.0,https://www.flipkart.com/samsung-galaxy-a16-5g-blue-black-128-gb/p/itmeb3b07d3eff44?pid=MOBH5JJ4SNXPVEY5&lid=LSTMOBH5JJ4SNXPVEY5I2SY8N&marketplace=FLIPKART&q=mobile+phones&store=tyy%2F4io&srno=s_32_746&otracker=search&otracker1=search&fm=Search&iid=3cacfd79-8633-4a80-b1cc-276cda0b7eb9.MOBH5JJ4SNXPVEY5.SEARCH&ppt=sp&ppn=sp&ssid=z6ngiebjnk0000001753088141263&qH=a81ad6e72f7a2fd1,https://rukminim2.flixcart.com/image/312/312/xif0q/mobile/v/i/v/-original-imahcshuw2fxgbcq.jpeg?q=70,Mobiles,Flipkart
"REDMI 9 Power (Mighty Black, 64 GB)",8799.0,4.3,16883.0,https://www.flipkart.com/redmi-9-power-mighty-black-64-gb/p/itm481ab234a6553?pid=MOBFYZ94UWPWQRNF&lid=LSTMOBFYZ94UWPWQRNFKVNNCX&marketplace=FLIPKART&q=mobile+phones&store=tyy%2F4io&srno=s_32_747&otracker=search&otracker1=search&fm=Search&iid=3cacfd79-8633-4a80-b1cc-276cda0b7eb9.MOBFYZ94UWPWQRNF.SEARCH&ppt=sp&ppn=sp&ssid=z6ngiebjnk0000001753088141263&qH=a81ad6e72f7a2fd1,https://rukminim2.flixcart.com/image/312/312/kj0bp8w0-0/mobile/d/e/1/9-power-mobhqab1-redmi-original-imafyz93hghvjkmu.jpeg?q=70,Mobiles,Flipkart
"itel ZENO 10 (Phantom Crystal, 64 GB)",6088.0,4.4,0.0,https://www.flipkart.com/itel-zeno-10-phantom-crystal-64-gb/p/itm92e30e198cbb2?pid=MOBHBWEGYGPNCUR2&lid=LSTMOBHBWEGYGPNCUR2CMCQGN&marketplace=FLIPKART&q=mobile+phones&store=tyy%2F4io&srno=s_32_748&otracker=search&otracker1=search&fm=Search&iid=3cacfd79-8633-4a80-b1cc-276cda0b7eb9.MOBHBWEGYGPNCUR2.SEARCH&ppt=sp&ppn=sp&ssid=z6ngiebjnk0000001753088141263&qH=a81ad6e72f7a2fd1,https://rukminim2.flixcart.com/image/312/312/xif0q/mobile/j/8/g/zeno-10-zeno-10-itel-original-imahbwegh7u5nfab.jpeg?q=70,Mobiles,Flipkart
"Infinix Note 40 5G (Obsidian Black, 256 GB)",15999.0,4.2,1143.0,https://www.flipkart.com/infinix-note-40-5g-obsidian-black-256-gb/p/itm72c4c7b7d8834?pid=MOBHFZREFVXZYWEC&lid=LSTMOBHFZREFVXZYWECXJ8EJW&marketplace=FLIPKART&q=mobile+phones&store=tyy%2F4io&srno=s_32_749&otracker=search&otracker1=search&fm=Search&iid=3cacfd79-8633-4a80-b1cc-276cda0b7eb9.MOBHFZREFVXZYWEC.SEARCH&ppt=sp&ppn=sp&ssid=z6ngiebjnk0000001753088141263&qH=a81ad6e72f7a2fd1,https://rukminim2.flixcart.com/image/312/312/xif0q/mobile/i/d/d/-original-imah2fzbzyaffbzj.jpeg?q=70,Mobiles,Flipkart
"vivo Y400 Pro 5G (Freestyle White, 256 GB)",26999.0,4.4,12.0,https://www.flipkart.com/vivo-y400-pro-5g-freestyle-white-256-gb/p/itme20aaec2a68e9?pid=MOBHCN9UPFTFCPQH&lid=LSTMOBHCN9UPFTFCPQHJEWM3G&marketplace=FLIPKART&q=mobile+phones&store=tyy%2F4io&srno=s_32_750&otracker=search&otracker1=search&fm=Search&iid=3cacfd79-8633-4a80-b1cc-276cda0b7eb9.MOBHCN9UPFTFCPQH.SEARCH&ppt=sp&ppn=sp&ssid=z6ngiebjnk0000001753088141263&qH=a81ad6e72f7a2fd1,https://rukminim2.flixcart.com/image/312/312/xif0q/mobile/y/s/k/-original-imahda7jym66xh5g.jpeg?q=70,Mobiles,Flipkart
"vivo Y400 Pro 5G (Nebula Purple, 256 GB)",26999.0,4.4,12.0,https://www.flipkart.com/vivo-y400-pro-5g-nebula-purple-256-gb/p/itme20aaec2a68e9?pid=MOBHCN9UZYMPZ3WZ&lid=LSTMOBHCN9UZYMPZ3WZGBBAGA&marketplace=FLIPKART&q=mobile+phones&store=tyy%2F4io&srno=s_32_751&otracker=search&otracker1=search&fm=Search&iid=3cacfd79-8633-4a80-b1cc-276cda0b7eb9.MOBHCN9UZYMPZ3WZ.SEARCH&ppt=sp&ppn=sp&ssid=z6ngiebjnk0000001753088141263&qH=a81ad6e72f7a2fd1,https://rukminim2.flixcart.com/image/312/312/xif0q/mobile/i/l/a/-original-imahda7jzrm4tqnv.jpeg?q=70,Mobiles,Flipkart
"vivo Y400 Pro 5G (Fest Gold, 256 GB)",26999.0,4.4,12.0,https://www.flipkart.com/vivo-y400-pro-5g-fest-gold-256-gb/p/itme20aaec2a68e9?pid=MOBHCN9UVUMUPHDQ&lid=LSTMOBHCN9UVUMUPHDQE0XJGE&marketplace=FLIPKART&q=mobile+phones&store=tyy%2F4io&srno=s_32_752&otracker=search&otracker1=search&fm=Search&iid=3cacfd79-8633-4a80-b1cc-276cda0b7eb9.MOBHCN9UVUMUPHDQ.SEARCH&ppt=sp&ppn=sp&ssid=z6ngiebjnk0000001753088141263&qH=a81ad6e72f7a2fd1,https://rukminim2.flixcart.com/image/312/312/xif0q/mobile/g/y/n/-original-imahda7jp6khxgbe.jpeg?q=70,Mobiles,Flipkart
"Samsung Galaxy M35 5G (Moonlight Blue, 256 GB)",19990.0,4.3,234.0,https://www.flipkart.com/samsung-galaxy-m35-5g-moonlight-blue-256-gb/p/itm94360d23ec184?pid=MOBH2Z9TF9G5D5AV&lid=LSTMOBH2Z9TF9G5D5AVSIBNFC&marketplace=FLIPKART&q=mobile+phones&store=tyy%2F4io&srno=s_32_753&otracker=search&otracker1=search&fm=Search&iid=3cacfd79-8633-4a80-b1cc-276cda0b7eb9.MOBH2Z9TF9G5D5AV.SEARCH&ppt=sp&ppn=sp&ssid=z6ngiebjnk0000001753088141263&qH=a81ad6e72f7a2fd1,https://rukminim2.flixcart.com/image/312/312/xif0q/mobile/x/j/k/galaxy-m35-5g-sm-m356b-samsung-original-imah2z9qpdzzftzr.jpeg?q=70,Mobiles,Flipkart
LAVA A3 Vibe DS Keypad Mobile| 1750 mAh Battery|Expandable Storage 32GB,1448.0,4.2,173.0,https://www.flipkart.com/lava-a3-vibe-ds-keypad-mobile-1750-mah-battery-expandable-storage-32gb/p/itmbb2b1e77c19d4?pid=MOBGRHR582KBDXMX&lid=LSTMOBGRHR582KBDXMXPBBAB0&marketplace=FLIPKART&q=mobile+phones&store=tyy%2F4io&srno=s_32_754&otracker=search&otracker1=search&fm=Search&iid=3cacfd79-8633-4a80-b1cc-276cda0b7eb9.MOBGRHR582KBDXMX.SEARCH&ppt=sp&ppn=sp&ssid=z6ngiebjnk0000001753088141263&qH=a81ad6e72f7a2fd1,https://rukminim2.flixcart.com/image/312/312/xif0q/mobile/r/u/n/a3-vibe-ds-keypad-mobile-1750-mah-battery-expandable-storage-original-imahdtapjs9m6ufx.jpeg?q=70,Mobiles,Flipkart
"Samsung Galaxy A56 5G (Awesome Olive, 256 GB)",44999.0,4.4,20.0,https://www.flipkart.com/samsung-galaxy-a56-5g-awesome-olive-256-gb/p/itm59cee56c2f868?pid=MOBH9RNG6YW8ABAG&lid=LSTMOBH9RNG6YW8ABAGKOOKYD&marketplace=FLIPKART&q=mobile+phones&store=tyy%2F4io&srno=s_32_755&otracker=search&otracker1=search&fm=Search&iid=3cacfd79-8633-4a80-b1cc-276cda0b7eb9.MOBH9RNG6YW8ABAG.SEARCH&ppt=sp&ppn=sp&ssid=z6ngiebjnk0000001753088141263&qH=a81ad6e72f7a2fd1,https://rukminim2.flixcart.com/image/312/312/xif0q/mobile/2/o/n/-original-imahbyvfu845ftre.jpeg?q=70,Mobiles,Flipkart
"Tecno Pop 9 5G (Aurora Cloud, 128 GB)",9499.0,3.9,5.0,https://www.flipkart.com/tecno-pop-9-5g-aurora-cloud-128-gb/p/itm76579098435d9?pid=MOBHC4CHFBTYFHFX&lid=LSTMOBHC4CHFBTYFHFXLQD3CQ&marketplace=FLIPKART&q=mobile+phones&store=tyy%2F4io&srno=s_32_756&otracker=search&otracker1=search&fm=Search&iid=3cacfd79-8633-4a80-b1cc-276cda0b7eb9.MOBHC4CHFBTYFHFX.SEARCH&ppt=sp&ppn=sp&ssid=z6ngiebjnk0000001753088141263&qH=a81ad6e72f7a2fd1,https://rukminim2.flixcart.com/image/312/312/xif0q/mobile/c/1/e/-original-imahe3embeaf5tjj.jpeg?q=70,Mobiles,Flipkart
"itel A90 (Aurora Blue, 64 GB)",6549.0,4.1,1.0,https://www.flipkart.com/itel-a90-aurora-blue-64-gb/p/itm4250d31cbd9f5?pid=MOBHCJZFAGMN7JYB&lid=LSTMOBHCJZFAGMN7JYBDRBOFN&marketplace=FLIPKART&q=mobile+phones&store=tyy%2F4io&srno=s_32_758&otracker=search&otracker1=search&fm=Search&iid=3cacfd79-8633-4a80-b1cc-276cda0b7eb9.MOBHCJZFAGMN7JYB.SEARCH&ppt=sp&ppn=sp&ssid=z6ngiebjnk0000001753088141263&qH=a81ad6e72f7a2fd1,https://rukminim2.flixcart.com/image/312/312/xif0q/mobile/x/w/y/a90-a6610l-itel-original-imahddn9xhvrhh5r.jpeg?q=70,Mobiles,Flipkart
"itel A90 (Starlit Black, 64 GB)",6549.0,4.1,1.0,https://www.flipkart.com/itel-a90-starlit-black-64-gb/p/itm4250d31cbd9f5?pid=MOBHCBZWR86THDER&lid=LSTMOBHCBZWR86THDER7PDJNU&marketplace=FLIPKART&q=mobile+phones&store=tyy%2F4io&srno=s_32_759&otracker=search&otracker1=search&fm=Search&iid=3cacfd79-8633-4a80-b1cc-276cda0b7eb9.MOBHCBZWR86THDER.SEARCH&ppt=sp&ppn=sp&ssid=z6ngiebjnk0000001753088141263&qH=a81ad6e72f7a2fd1,https://rukminim2.flixcart.com/image/312/312/xif0q/mobile/5/m/t/a90-a6610l-itel-original-imahddngg5u2udfs.jpeg?q=70,Mobiles,Flipkart
"realme 70 TURBO 5G (Yellow, 128 GB)",15989.0,4.4,286.0,https://www.flipkart.com/realme-70-turbo-5g-yellow-128-gb/p/itm7ebb13c5b0bcb?pid=MOBH4RZFXGJCYSED&lid=LSTMOBH4RZFXGJCYSEDSUP2HY&marketplace=FLIPKART&q=mobile+phones&store=tyy%2F4io&srno=s_32_760&otracker=search&otracker1=search&fm=Search&iid=3cacfd79-8633-4a80-b1cc-276cda0b7eb9.MOBH4RZFXGJCYSED.SEARCH&ppt=sp&ppn=sp&ssid=z6ngiebjnk0000001753088141263&qH=a81ad6e72f7a2fd1,https://rukminim2.flixcart.com/image/312/312/xif0q/mobile/d/f/i/-original-imah4yj9eengydz4.jpeg?q=70,Mobiles,Flipkart
"OPPO F29 5G (Solid Purple, 128 GB)",23999.0,4.3,102.0,https://www.flipkart.com/oppo-f29-5g-solid-purple-128-gb/p/itm9dc24554582c3?pid=MOBHAFRZAWM5CSJS&lid=LSTMOBHAFRZAWM5CSJSXEV3KA&marketplace=FLIPKART&q=mobile+phones&store=tyy%2F4io&srno=s_32_761&otracker=search&otracker1=search&fm=Search&iid=3cacfd79-8633-4a80-b1cc-276cda0b7eb9.MOBHAFRZAWM5CSJS.SEARCH&ppt=sp&ppn=sp&ssid=z6ngiebjnk0000001753088141263&qH=a81ad6e72f7a2fd1,https://rukminim2.flixcart.com/image/312/312/xif0q/mobile/p/o/l/-original-imahafra5hgafham.jpeg?q=70,Mobiles,Flipkart
"Samsung Galaxy S23 5G (Green, 128 GB)",44999.0,4.6,5401.0,https://www.flipkart.com/samsung-galaxy-s23-5g-green-128-gb/p/itm7cdd081996dc8?pid=MOBGNPGYWGZAUZGK&lid=LSTMOBGNPGYWGZAUZGKLQSOT0&marketplace=FLIPKART&q=mobile+phones&store=tyy%2F4io&srno=s_32_762&otracker=search&otracker1=search&fm=Search&iid=3cacfd79-8633-4a80-b1cc-276cda0b7eb9.MOBGNPGYWGZAUZGK.SEARCH&ppt=sp&ppn=sp&ssid=z6ngiebjnk0000001753088141263&qH=a81ad6e72f7a2fd1,https://rukminim2.flixcart.com/image/312/312/xif0q/mobile/p/w/p/-original-imah4zp8tfzndmmh.jpeg?q=70,Mobiles,Flipkart
"OPPO F29 5G (Solid Purple, 256 GB)",25999.0,4.3,102.0,https://www.flipkart.com/oppo-f29-5g-solid-purple-256-gb/p/itm9dc24554582c3?pid=MOBHAFRZTE2ZB8GJ&lid=LSTMOBHAFRZTE2ZB8GJLE4D4M&marketplace=FLIPKART&q=mobile+phones&store=tyy%2F4io&srno=s_32_763&otracker=search&otracker1=search&fm=Search&iid=3cacfd79-8633-4a80-b1cc-276cda0b7eb9.MOBHAFRZTE2ZB8GJ.SEARCH&ppt=sp&ppn=sp&ssid=z6ngiebjnk0000001753088141263&qH=a81ad6e72f7a2fd1,https://rukminim2.flixcart.com/image/312/312/xif0q/mobile/p/o/l/-original-imahafra5hgafham.jpeg?q=70,Mobiles,Flipkart
"vivo Y400 Pro 5G (Freestyle White, 128 GB)",24999.0,4.4,12.0,https://www.flipkart.com/vivo-y400-pro-5g-freestyle-white-128-gb/p/itme20aaec2a68e9?pid=MOBHCN9UZSKV3YV8&lid=LSTMOBHCN9UZSKV3YV8I0ULVV&marketplace=FLIPKART&q=mobile+phones&store=tyy%2F4io&srno=s_32_764&otracker=search&otracker1=search&fm=Search&iid=3cacfd79-8633-4a80-b1cc-276cda0b7eb9.MOBHCN9UZSKV3YV8.SEARCH&ppt=sp&ppn=sp&ssid=z6ngiebjnk0000001753088141263&qH=a81ad6e72f7a2fd1,https://rukminim2.flixcart.com/image/312/312/xif0q/mobile/y/s/k/-original-imahda7jym66xh5g.jpeg?q=70,Mobiles,Flipkart
"vivo Y400 Pro 5G (Nebula Purple, 128 GB)",24999.0,4.4,12.0,https://www.flipkart.com/vivo-y400-pro-5g-nebula-purple-128-gb/p/itme20aaec2a68e9?pid=MOBHCN9UFZDEHEMZ&lid=LSTMOBHCN9UFZDEHEMZBI1NFD&marketplace=FLIPKART&q=mobile+phones&store=tyy%2F4io&srno=s_32_765&otracker=search&otracker1=search&fm=Search&iid=3cacfd79-8633-4a80-b1cc-276cda0b7eb9.MOBHCN9UFZDEHEMZ.SEARCH&ppt=sp&ppn=sp&ssid=z6ngiebjnk0000001753088141263&qH=a81ad6e72f7a2fd1,https://rukminim2.flixcart.com/image/312/312/xif0q/mobile/i/l/a/-original-imahda7jzrm4tqnv.jpeg?q=70,Mobiles,Flipkart
"CMF by Nothing Phone 1 (Black, 128 GB)",15999.0,4.4,5599.0,https://www.flipkart.com/cmf-nothing-phone-1-black-128-gb/p/itmeef68c7ce70bf?pid=MOBHYBQTGGEGGA2B&lid=LSTMOBHYBQTGGEGGA2BCRTZZY&marketplace=FLIPKART&q=mobile+phones&store=tyy%2F4io&srno=s_32_766&otracker=search&otracker1=search&fm=Search&iid=3cacfd79-8633-4a80-b1cc-276cda0b7eb9.MOBHYBQTGGEGGA2B.SEARCH&ppt=sp&ppn=sp&ssid=z6ngiebjnk0000001753088141263&qH=a81ad6e72f7a2fd1,https://rukminim2.flixcart.com/image/312/312/xif0q/mobile/h/l/d/-original-imah3ajbqw7y7yhg.jpeg?q=70,Mobiles,Flipkart
SAREGAMA Carvaan Mobile M21 with 1500 pre-loaded songs,1429.0,3.9,44.0,https://www.flipkart.com/saregama-carvaan-mobile-m21-1500-pre-loaded-songs/p/itm4f0b77ab96eb0?pid=MOBGHFJTGGSGRUHK&lid=LSTMOBGHFJTGGSGRUHKYRGKS2&marketplace=FLIPKART&q=mobile+phones&store=tyy%2F4io&srno=s_32_767&otracker=search&otracker1=search&fm=Search&iid=3cacfd79-8633-4a80-b1cc-276cda0b7eb9.MOBGHFJTGGSGRUHK.SEARCH&ppt=sp&ppn=sp&ssid=z6ngiebjnk0000001753088141263&qH=a81ad6e72f7a2fd1,https://rukminim2.flixcart.com/image/312/312/xif0q/mobile/z/v/1/carvaan-mobile-m21-with-1500-pre-loaded-songs-cm281-saregama-original-imaghfjtahchwuth.jpeg?q=70,Mobiles,Flipkart
"CMF by Nothing Phone 1 (Blue, 128 GB)",17999.0,4.4,1751.0,https://www.flipkart.com/cmf-nothing-phone-1-blue-128-gb/p/itmeef68c7ce70bf?pid=MOBHYBQT3GBZFYFG&lid=LSTMOBHYBQT3GBZFYFGBOFZRI&marketplace=FLIPKART&q=mobile+phones&store=tyy%2F4io&srno=s_32_768&otracker=search&otracker1=search&fm=Search&iid=3cacfd79-8633-4a80-b1cc-276cda0b7eb9.MOBHYBQT3GBZFYFG.SEARCH&ppt=sp&ppn=sp&ssid=z6ngiebjnk0000001753088141263&qH=a81ad6e72f7a2fd1,https://rukminim2.flixcart.com/image/312/312/xif0q/mobile/z/u/9/-original-imah3ajcxshpd2t2.jpeg?q=70,Mobiles,Flipkart
"MOTOROLA Razr 60 (PANTONE Spring Bud, 256 GB)",49999.0,4.6,35.0,https://www.flipkart.com/motorola-razr-60-pantone-spring-bud-256-gb/p/itm553424a841e7c?pid=MOBHAYH265YH8RGG&lid=LSTMOBHAYH265YH8RGGJZKVVI&marketplace=FLIPKART&q=mobile+phones&store=tyy%2F4io&srno=s_33_769&otracker=search&otracker1=search&fm=Search&iid=a8fe4729-26d3-41fb-a2a6-cb008cf739bb.MOBHAYH265YH8RGG.SEARCH&ppt=sp&ppn=sp&ssid=5jm7aluank0000001753088176122&qH=a81ad6e72f7a2fd1,https://rukminim2.flixcart.com/image/312/312/xif0q/mobile/2/z/b/-original-imahcquphydfhcq8.jpeg?q=70,Mobiles,Flipkart
"IQOO Neo 10 (Inferno Red, 256 GB)",37851.0,4.5,7.0,https://www.flipkart.com/iqoo-neo-10-inferno-red-256-gb/p/itm71d7f640ed666?pid=MOBHCQGNWXUZAWG4&lid=LSTMOBHCQGNWXUZAWG4TNQNJA&marketplace=FLIPKART&q=mobile+phones&store=tyy%2F4io&srno=s_33_770&otracker=search&otracker1=search&fm=Search&iid=a8fe4729-26d3-41fb-a2a6-cb008cf739bb.MOBHCQGNWXUZAWG4.SEARCH&ppt=sp&ppn=sp&ssid=5jm7aluank0000001753088176122&qH=a81ad6e72f7a2fd1,https://rukminim2.flixcart.com/image/312/312/xif0q/mobile/v/u/r/-original-imahdjguzr36zcbq.jpeg?q=70,Mobiles,Flipkart
"Google Pixel 9 Pro (Rose Quartz, 256 GB)",89999.0,4.5,65.0,https://www.flipkart.com/google-pixel-9-pro-rose-quartz-256-gb/p/itme7353de08a821?pid=MOBH2HJGZKZE8JVW&lid=LSTMOBH2HJGZKZE8JVWWR4LJW&marketplace=FLIPKART&q=mobile+phones&store=tyy%2F4io&srno=s_33_771&otracker=search&otracker1=search&fm=Search&iid=a8fe4729-26d3-41fb-a2a6-cb008cf739bb.MOBH2HJGZKZE8JVW.SEARCH&ppt=sp&ppn=sp&ssid=5jm7aluank0000001753088176122&qH=a81ad6e72f7a2fd1,https://rukminim2.flixcart.com/image/312/312/xif0q/mobile/r/t/d/-original-imah5mtmwj3kwvzt.jpeg?q=70,Mobiles,Flipkart
"realme 70 TURBO 5G (Turbo Green, 128 GB)",14774.0,4.3,424.0,https://www.flipkart.com/realme-70-turbo-5g-turbo-green-128-gb/p/itm7ebb13c5b0bcb?pid=MOBH4RZFRW8CGMWV&lid=LSTMOBH4RZFRW8CGMWV4GM0VJ&marketplace=FLIPKART&q=mobile+phones&store=tyy%2F4io&srno=s_33_772&otracker=search&otracker1=search&fm=Search&iid=a8fe4729-26d3-41fb-a2a6-cb008cf739bb.MOBH4RZFRW8CGMWV.SEARCH&ppt=sp&ppn=sp&ssid=5jm7aluank0000001753088176122&qH=a81ad6e72f7a2fd1,https://rukminim2.flixcart.com/image/312/312/xif0q/mobile/7/j/v/-original-imah4yj99qzsfqfb.jpeg?q=70,Mobiles,Flipkart
"OPPO A3x (Ocean Blue, 64 GB)",8999.0,4.2,65.0,https://www.flipkart.com/oppo-a3x-ocean-blue-64-gb/p/itmb6580550fdab9?pid=MOBH4SQNXBG6ZPYM&lid=LSTMOBH4SQNXBG6ZPYMP2SYDJ&marketplace=FLIPKART&q=mobile+phones&store=tyy%2F4io&srno=s_33_773&otracker=search&otracker1=search&fm=Search&iid=a8fe4729-26d3-41fb-a2a6-cb008cf739bb.MOBH4SQNXBG6ZPYM.SEARCH&ppt=sp&ppn=sp&ssid=5jm7aluank0000001753088176122&qH=a81ad6e72f7a2fd1,https://rukminim2.flixcart.com/image/312/312/xif0q/mobile/g/x/p/-original-imah57jbyrs6zpw2.jpeg?q=70,Mobiles,Flipkart
"OPPO A3x (Nebula Red, 128 GB)",9999.0,4.2,65.0,https://www.flipkart.com/oppo-a3x-nebula-red-128-gb/p/itmb6580550fdab9?pid=MOBH5XVQYXQNPZZ9&lid=LSTMOBH5XVQYXQNPZZ9UZUNLS&marketplace=FLIPKART&q=mobile+phones&store=tyy%2F4io&srno=s_33_775&otracker=search&otracker1=search&fm=Search&iid=a8fe4729-26d3-41fb-a2a6-cb008cf739bb.MOBH5XVQYXQNPZZ9.SEARCH&ppt=sp&ppn=sp&ssid=5jm7aluank0000001753088176122&qH=a81ad6e72f7a2fd1,https://rukminim2.flixcart.com/image/312/312/xif0q/mobile/x/c/y/-original-imah57jbfqsz6797.jpeg?q=70,Mobiles,Flipkart
"OPPO A3x (Ocean Blue, 128 GB)",9999.0,4.2,65.0,https://www.flipkart.com/oppo-a3x-ocean-blue-128-gb/p/itmb6580550fdab9?pid=MOBH5XVPHHH8CFQH&lid=LSTMOBH5XVPHHH8CFQH91RSSI&marketplace=FLIPKART&q=mobile+phones&store=tyy%2F4io&srno=s_33_776&otracker=search&otracker1=search&fm=Search&iid=a8fe4729-26d3-41fb-a2a6-cb008cf739bb.MOBH5XVPHHH8CFQH.SEARCH&ppt=sp&ppn=sp&ssid=5jm7aluank0000001753088176122&qH=a81ad6e72f7a2fd1,https://rukminim2.flixcart.com/image/312/312/xif0q/mobile/g/x/p/-original-imah57jbyrs6zpw2.jpeg?q=70,Mobiles,Flipkart
"Samsung Galaxy A16 5G (Gold, 128 GB)",15999.0,4.1,110.0,https://www.flipkart.com/samsung-galaxy-a16-5g-gold-128-gb/p/itm8026353efa9d5?pid=MOBH92ADZSZYUKVG&lid=LSTMOBH92ADZSZYUKVG8TY5N1&marketplace=FLIPKART&q=mobile+phones&store=tyy%2F4io&srno=s_33_777&otracker=search&otracker1=search&fm=Search&iid=a8fe4729-26d3-41fb-a2a6-cb008cf739bb.MOBH92ADZSZYUKVG.SEARCH&ppt=sp&ppn=sp&ssid=5jm7aluank0000001753088176122&qH=a81ad6e72f7a2fd1,https://rukminim2.flixcart.com/image/312/312/xif0q/mobile/a/x/d/-original-imah5zf6shwthjg2.jpeg?q=70,Mobiles,Flipkart
Kechaoda A27,928.0,4.0,823.0,https://www.flipkart.com/kechaoda-a27/p/itmfe39duawbf8e5?pid=MOBH4HZFR8XYEZHG&lid=LSTMOBH4HZFR8XYEZHGVVARZH&marketplace=FLIPKART&q=mobile+phones&store=tyy%2F4io&srno=s_33_778&otracker=search&otracker1=search&fm=Search&iid=a8fe4729-26d3-41fb-a2a6-cb008cf739bb.MOBH4HZFR8XYEZHG.SEARCH&ppt=sp&ppn=sp&ssid=5jm7aluank0000001753088176122&qH=a81ad6e72f7a2fd1,https://rukminim2.flixcart.com/image/312/312/xif0q/mobile/x/l/w/a27-a27-kechaoda-original-imah4hzftsdgj3wg.jpeg?q=70,Mobiles,Flipkart
"Tecno Spark Go 1 (Startrail Black, 64 GB)",7299.0,4.3,282.0,https://www.flipkart.com/tecno-spark-go-1-startrail-black-64-gb/p/itma978101d8bf15?pid=MOBH9HYGGZZZUBNR&lid=LSTMOBH9HYGGZZZUBNRNKXNJS&marketplace=FLIPKART&q=mobile+phones&store=tyy%2F4io&srno=s_33_779&otracker=search&otracker1=search&fm=Search&iid=a8fe4729-26d3-41fb-a2a6-cb008cf739bb.MOBH9HYGGZZZUBNR.SEARCH&ppt=sp&ppn=sp&ssid=5jm7aluank0000001753088176122&qH=a81ad6e72f7a2fd1,https://rukminim2.flixcart.com/image/312/312/xif0q/mobile/t/6/q/-original-imah43f3nesgmgud.jpeg?q=70,Mobiles,Flipkart
"Apple iPhone 16 Pro (Desert Titanium, 512 GB)",142900.0,4.6,124.0,https://www.flipkart.com/apple-iphone-16-pro-desert-titanium-512-gb/p/itm03de2a945a475?pid=MOBH4DQFVWWTC88C&lid=LSTMOBH4DQFVWWTC88CAWHKBC&marketplace=FLIPKART&q=mobile+phones&store=tyy%2F4io&srno=s_33_780&otracker=search&otracker1=search&fm=Search&iid=a8fe4729-26d3-41fb-a2a6-cb008cf739bb.MOBH4DQFVWWTC88C.SEARCH&ppt=sp&ppn=sp&ssid=5jm7aluank0000001753088176122&qH=a81ad6e72f7a2fd1,https://rukminim2.flixcart.com/image/312/312/xif0q/mobile/7/d/z/-original-imah4jywfm9uuvzw.jpeg?q=70,Mobiles,Flipkart
"realme NARZO 80 Pro 5G (Speed Silver, 128 GB)",18468.0,4.4,12.0,https://www.flipkart.com/realme-narzo-80-pro-5g-speed-silver-128-gb/p/itmcec8ddae6d039?pid=MOBHB7VZHRZ4GEAA&lid=LSTMOBHB7VZHRZ4GEAAX1TXOZ&marketplace=FLIPKART&q=mobile+phones&store=tyy%2F4io&srno=s_33_781&otracker=search&otracker1=search&fm=Search&iid=a8fe4729-26d3-41fb-a2a6-cb008cf739bb.MOBHB7VZHRZ4GEAA.SEARCH&ppt=sp&ppn=sp&ssid=5jm7aluank0000001753088176122&qH=a81ad6e72f7a2fd1,https://rukminim2.flixcart.com/image/312/312/xif0q/mobile/m/x/h/narzo-80-pro-5g-rmx5033-realme-original-imahb7vzjgfbzyje.jpeg?q=70,Mobiles,Flipkart
"OnePlus Nord 4 5G (Obsidian Midnight, 256 GB)",28900.0,4.5,226.0,https://www.flipkart.com/oneplus-nord-4-5g-obsidian-midnight-256-gb/p/itmed83e7926e3e5?pid=MOBH3YA8RS8FVJZK&lid=LSTMOBH3YA8RS8FVJZKGSPZLO&marketplace=FLIPKART&q=mobile+phones&store=tyy%2F4io&srno=s_33_782&otracker=search&otracker1=search&fm=Search&iid=a8fe4729-26d3-41fb-a2a6-cb008cf739bb.MOBH3YA8RS8FVJZK.SEARCH&ppt=sp&ppn=sp&ssid=5jm7aluank0000001753088176122&qH=a81ad6e72f7a2fd1,https://rukminim2.flixcart.com/image/312/312/xif0q/mobile/8/1/p/nord-4-5g-nord-4-5g-oneplus-original-imah3ya8avgugbhv.jpeg?q=70,Mobiles,Flipkart
Kechaoda 888_black,1739.0,4.2,11.0,https://www.flipkart.com/kechaoda-888-black/p/itma57d210190801?pid=MOBGTYRUKPYMHHFH&lid=LSTMOBGTYRUKPYMHHFHNKPLMF&marketplace=FLIPKART&q=mobile+phones&store=tyy%2F4io&srno=s_33_783&otracker=search&otracker1=search&fm=Search&iid=a8fe4729-26d3-41fb-a2a6-cb008cf739bb.MOBGTYRUKPYMHHFH.SEARCH&ppt=sp&ppn=sp&ssid=5jm7aluank0000001753088176122&qH=a81ad6e72f7a2fd1,https://rukminim2.flixcart.com/image/312/312/xif0q/mobile/t/l/q/k888-black-k888-kechaoda-original-imagtyruvwwt9sp2.jpeg?q=70,Mobiles,Flipkart
"POCO X6 5G (Snowstorm White, 512 GB)",24999.0,4.3,1122.0,https://www.flipkart.com/poco-x6-5g-snowstorm-white-512-gb/p/itm702c7cefff09f?pid=MOBGWMGBEXPKZSRG&lid=LSTMOBGWMGBEXPKZSRGOI3Z67&marketplace=FLIPKART&q=mobile+phones&store=tyy%2F4io&srno=s_33_784&otracker=search&otracker1=search&fm=Search&iid=a8fe4729-26d3-41fb-a2a6-cb008cf739bb.MOBGWMGBEXPKZSRG.SEARCH&ppt=sp&ppn=sp&ssid=5jm7aluank0000001753088176122&qH=a81ad6e72f7a2fd1,https://rukminim2.flixcart.com/image/312/312/xif0q/mobile/p/l/j/-original-imah4mdg83jmzzm4.jpeg?q=70,Mobiles,Flipkart
"Samsung Galaxy A36 5G (Awesome Black, 256 GB)",36999.0,4.3,9.0,https://www.flipkart.com/samsung-galaxy-a36-5g-awesome-black-256-gb/p/itmb641e1c77cc60?pid=MOBH9RNG5BH5JHPE&lid=LSTMOBH9RNG5BH5JHPE8QVRFF&marketplace=FLIPKART&q=mobile+phones&store=tyy%2F4io&srno=s_33_785&otracker=search&otracker1=search&fm=Search&iid=a8fe4729-26d3-41fb-a2a6-cb008cf739bb.MOBH9RNG5BH5JHPE.SEARCH&ppt=sp&ppn=sp&ssid=5jm7aluank0000001753088176122&qH=a81ad6e72f7a2fd1,https://rukminim2.flixcart.com/image/312/312/xif0q/mobile/c/c/s/-original-imahb3hpedvsngwy.jpeg?q=70,Mobiles,Flipkart
"Samsung Galaxy A56 5G (Awesome Olive, 128 GB)",38999.0,4.3,28.0,https://www.flipkart.com/samsung-galaxy-a56-5g-awesome-olive-128-gb/p/itm81265b7c9602c?pid=MOBH9RNG5SA9ADHS&lid=LSTMOBH9RNG5SA9ADHSXUMC58&marketplace=FLIPKART&q=mobile+phones&store=tyy%2F4io&srno=s_33_786&otracker=search&otracker1=search&fm=Search&iid=a8fe4729-26d3-41fb-a2a6-cb008cf739bb.MOBH9RNG5SA9ADHS.SEARCH&ppt=sp&ppn=sp&ssid=5jm7aluank0000001753088176122&qH=a81ad6e72f7a2fd1,https://rukminim2.flixcart.com/image/312/312/xif0q/mobile/2/o/n/-original-imahbyvfu845ftre.jpeg?q=70,Mobiles,Flipkart
"Tecno Spark Go 1 (Glittery White, 64 GB)",7299.0,4.3,282.0,https://www.flipkart.com/tecno-spark-go-1-glittery-white-64-gb/p/itma978101d8bf15?pid=MOBH9HYGVM2Z6UYG&lid=LSTMOBH9HYGVM2Z6UYGA25VWV&marketplace=FLIPKART&q=mobile+phones&store=tyy%2F4io&srno=s_33_787&otracker=search&otracker1=search&fm=Search&iid=a8fe4729-26d3-41fb-a2a6-cb008cf739bb.MOBH9HYGVM2Z6UYG.SEARCH&ppt=sp&ppn=sp&ssid=5jm7aluank0000001753088176122&qH=a81ad6e72f7a2fd1,https://rukminim2.flixcart.com/image/312/312/xif0q/mobile/t/h/6/-original-imah43f3qxazwcxr.jpeg?q=70,Mobiles,Flipkart
Jmax iverve,1099.0,3.7,8.0,https://www.flipkart.com/jmax-iverve/p/itmb491f138b6a16?pid=MOBHC4G65QSRHAKQ&lid=LSTMOBHC4G65QSRHAKQMPLVS5&marketplace=FLIPKART&q=mobile+phones&store=tyy%2F4io&srno=s_33_788&otracker=search&otracker1=search&fm=Search&iid=a8fe4729-26d3-41fb-a2a6-cb008cf739bb.MOBHC4G65QSRHAKQ.SEARCH&ppt=sp&ppn=sp&ssid=5jm7aluank0000001753088176122&qH=a81ad6e72f7a2fd1,https://rukminim2.flixcart.com/image/312/312/xif0q/mobile/h/e/v/iverve-iverve-jmax-original-imahc4g6wrrgfkve.jpeg?q=70,Mobiles,Flipkart
Nokia 3210 4G,3999.0,3.9,111.0,https://www.flipkart.com/nokia-3210-4g/p/itm4a1f9abb93fbd?pid=MOBH2MAYEFJHRYHF&lid=LSTMOBH2MAYEFJHRYHFSRFA5A&marketplace=FLIPKART&q=mobile+phones&store=tyy%2F4io&srno=s_33_789&otracker=search&otracker1=search&fm=Search&iid=a8fe4729-26d3-41fb-a2a6-cb008cf739bb.MOBH2MAYEFJHRYHF.SEARCH&ppt=sp&ppn=sp&ssid=5jm7aluank0000001753088176122&qH=a81ad6e72f7a2fd1,https://rukminim2.flixcart.com/image/312/312/xif0q/mobile/s/u/y/3210-4g-ta-1619-ds-nokia-original-imah43468ceb9qts.jpeg?q=70,Mobiles,Flipkart
"OPPO A5 5G (Mist White, 128 GB)",15499.0,4.8,2.0,https://www.flipkart.com/oppo-a5-5g-mist-white-128-gb/p/itmb152c18969f6d?pid=MOBHDYAYGQXFSFHZ&lid=LSTMOBHDYAYGQXFSFHZI5LITW&marketplace=FLIPKART&q=mobile+phones&store=tyy%2F4io&srno=s_33_790&otracker=search&otracker1=search&fm=Search&iid=a8fe4729-26d3-41fb-a2a6-cb008cf739bb.MOBHDYAYGQXFSFHZ.SEARCH&ppt=sp&ppn=sp&ssid=5jm7aluank0000001753088176122&qH=a81ad6e72f7a2fd1,https://rukminim2.flixcart.com/image/312/312/xif0q/mobile/j/1/m/-original-imahdf3tggf9rv8g.jpeg?q=70,Mobiles,Flipkart
"MOTOROLA Edge 60 Pro (Pantone Sparkling Grape, 512 GB)",37999.0,4.3,14.0,https://www.flipkart.com/motorola-edge-60-pro-pantone-sparkling-grape-512-gb/p/itm106024b11b487?pid=MOBHC7EWZJHSV3ZJ&lid=LSTMOBHC7EWZJHSV3ZJVOHDYJ&marketplace=FLIPKART&q=mobile+phones&store=tyy%2F4io&srno=s_33_791&otracker=search&otracker1=search&fm=Search&iid=a8fe4729-26d3-41fb-a2a6-cb008cf739bb.MOBHC7EWZJHSV3ZJ.SEARCH&ppt=sp&ppn=sp&ssid=5jm7aluank0000001753088176122&qH=a81ad6e72f7a2fd1,https://rukminim2.flixcart.com/image/312/312/xif0q/mobile/x/a/x/-original-imahcrpwkdh2gbbs.jpeg?q=70,Mobiles,Flipkart
HOTLINE H310,500.0,3.4,412.0,https://www.flipkart.com/hotline-h310/p/itm70088e15b6793?pid=MOBH5H6J7XH8HQNA&lid=LSTMOBH5H6J7XH8HQNANVJIFC&marketplace=FLIPKART&q=mobile+phones&store=tyy%2F4io&srno=s_33_792&otracker=search&otracker1=search&fm=Search&iid=a8fe4729-26d3-41fb-a2a6-cb008cf739bb.MOBH5H6J7XH8HQNA.SEARCH&ppt=sp&ppn=sp&ssid=5jm7aluank0000001753088176122&qH=a81ad6e72f7a2fd1,https://rukminim2.flixcart.com/image/312/312/xif0q/mobile/t/i/4/h310-h310-hotline-original-imah8fsttt6478eb.jpeg?q=70,Mobiles,Flipkart
"POCO C61 (Mystical Green, 64 GB)",7150.0,4.1,4640.0,https://www.flipkart.com/poco-c61-mystical-green-64-gb/p/itmab81e9048e98c?pid=MOBHATHPTGGEFYZT&lid=LSTMOBHATHPTGGEFYZTNGZUHG&marketplace=FLIPKART&q=mobile+phones&store=tyy%2F4io&srno=s_34_794&otracker=search&otracker1=search&fm=Search&iid=ba77a6f1-752e-40bd-8968-b5c655b8a3c1.MOBHATHPTGGEFYZT.SEARCH&ppt=sp&ppn=sp&ssid=ug23y7igqo0000001753088209917&qH=a81ad6e72f7a2fd1,https://rukminim2.flixcart.com/image/312/312/xif0q/mobile/r/u/r/c61-mzb0gnuin-poco-original-imahagcgghzfcwa7.jpeg?q=70,Mobiles,Flipkart
"Samsung Galaxy F06 5G (Bahama Blue, 64 GB)",8999.0,4.1,1120.0,https://www.flipkart.com/samsung-galaxy-f06-5g-bahama-blue-64-gb/p/itma2920c68b7fc8?pid=MOBHBF5JDCSG2TVD&lid=LSTMOBHBF5JDCSG2TVDYJZYLX&marketplace=FLIPKART&q=mobile+phones&store=tyy%2F4io&srno=s_34_795&otracker=search&otracker1=search&fm=Search&iid=ba77a6f1-752e-40bd-8968-b5c655b8a3c1.MOBHBF5JDCSG2TVD.SEARCH&ppt=sp&ppn=sp&ssid=ug23y7igqo0000001753088209917&qH=a81ad6e72f7a2fd1,https://rukminim2.flixcart.com/image/312/312/xif0q/mobile/w/h/f/-original-imahbk7pzzgc58gw.jpeg?q=70,Mobiles,Flipkart
Jio V4 JBV191M2 4G,849.0,4.8,0.0,https://www.flipkart.com/jio-v4-jbv191m2-4g/p/itm6230d021a536d?pid=MOBHDAHUW9WJANBX&lid=LSTMOBHDAHUW9WJANBX1DRFAC&marketplace=FLIPKART&q=mobile+phones&store=tyy%2F4io&srno=s_34_796&otracker=search&otracker1=search&fm=Search&iid=ba77a6f1-752e-40bd-8968-b5c655b8a3c1.MOBHDAHUW9WJANBX.SEARCH&ppt=sp&ppn=sp&ssid=ug23y7igqo0000001753088209917&qH=a81ad6e72f7a2fd1,https://rukminim2.flixcart.com/image/312/312/xif0q/mobile/d/i/7/v4-jbv191m2-4g-jbv191m2-jio-original-imahdahudjthecjx.jpeg?q=70,Mobiles,Flipkart
Nokia 235 4G DS,3099.0,3.6,91.0,https://www.flipkart.com/nokia-235-4g-ds/p/itme7ef4fd72e107?pid=MOBH39DFUS4WPRYD&lid=LSTMOBH39DFUS4WPRYDUTVMLY&marketplace=FLIPKART&q=mobile+phones&store=tyy%2F4io&srno=s_34_797&otracker=search&otracker1=search&fm=Search&iid=ba77a6f1-752e-40bd-8968-b5c655b8a3c1.MOBH39DFUS4WPRYD.SEARCH&ppt=sp&ppn=sp&ssid=ug23y7igqo0000001753088209917&qH=a81ad6e72f7a2fd1,https://rukminim2.flixcart.com/image/312/312/xif0q/mobile/m/h/3/235-4g-ds-ta-1616-ds-nokia-original-imah4343fcg92z7g.jpeg?q=70,Mobiles,Flipkart
"Samsung Galaxy A36 5G (Awesome Lavender, 256 GB)",33999.0,4.3,65.0,https://www.flipkart.com/samsung-galaxy-a36-5g-awesome-lavender-256-gb/p/itma5b5834a73d65?pid=MOBH9RNG3KTYVZKE&lid=LSTMOBH9RNG3KTYVZKETPJL74&marketplace=FLIPKART&q=mobile+phones&store=tyy%2F4io&srno=s_34_798&otracker=search&otracker1=search&fm=Search&iid=ba77a6f1-752e-40bd-8968-b5c655b8a3c1.MOBH9RNG3KTYVZKE.SEARCH&ppt=sp&ppn=sp&ssid=ug23y7igqo0000001753088209917&qH=a81ad6e72f7a2fd1,https://rukminim2.flixcart.com/image/312/312/xif0q/mobile/o/i/t/-original-imahb3hpzjp4dkb4.jpeg?q=70,Mobiles,Flipkart
"Samsung Galaxy A56 5G (Awesome Light Gray, 256 GB)",41999.0,4.3,28.0,https://www.flipkart.com/samsung-galaxy-a56-5g-awesome-light-gray-256-gb/p/itmc0a5efd53f7c2?pid=MOBH9RNG8GZVGY7H&lid=LSTMOBH9RNG8GZVGY7HG9DWHG&marketplace=FLIPKART&q=mobile+phones&store=tyy%2F4io&srno=s_34_799&otracker=search&otracker1=search&fm=Search&iid=ba77a6f1-752e-40bd-8968-b5c655b8a3c1.MOBH9RNG8GZVGY7H.SEARCH&ppt=sp&ppn=sp&ssid=ug23y7igqo0000001753088209917&qH=a81ad6e72f7a2fd1,https://rukminim2.flixcart.com/image/312/312/xif0q/mobile/r/m/a/-original-imahbyv33n3arbju.jpeg?q=70,Mobiles,Flipkart
Nokia 235 4G DS,3179.0,3.6,91.0,https://www.flipkart.com/nokia-235-4g-ds/p/itme7ef4fd72e107?pid=MOBH3YBWSQZKEJJA&lid=LSTMOBH3YBWSQZKEJJABESYAL&marketplace=FLIPKART&q=mobile+phones&store=tyy%2F4io&srno=s_34_800&otracker=search&otracker1=search&fm=Search&iid=ba77a6f1-752e-40bd-8968-b5c655b8a3c1.MOBH3YBWSQZKEJJA.SEARCH&ppt=sp&ppn=sp&ssid=ug23y7igqo0000001753088209917&qH=a81ad6e72f7a2fd1,https://rukminim2.flixcart.com/image/312/312/xif0q/mobile/v/c/l/235-4g-ds-ta-1616-ds-nokia-original-imah54f9gqvzhnme.jpeg?q=70,Mobiles,Flipkart
"REDMI Note 14 5G (Titan Black, 128 GB)",16925.0,4.3,94.0,https://www.flipkart.com/redmi-note-14-5g-titan-black-128-gb/p/itm11a447d125328?pid=MOBH78KTASEGS2CU&lid=LSTMOBH78KTASEGS2CUBPSWWS&marketplace=FLIPKART&q=mobile+phones&store=tyy%2F4io&srno=s_34_801&otracker=search&otracker1=search&fm=Search&iid=ba77a6f1-752e-40bd-8968-b5c655b8a3c1.MOBH78KTASEGS2CU.SEARCH&ppt=sp&ppn=sp&ssid=ug23y7igqo0000001753088209917&qH=a81ad6e72f7a2fd1,https://rukminim2.flixcart.com/image/312/312/xif0q/mobile/r/v/y/-original-imah7gbgghbsdezk.jpeg?q=70,Mobiles,Flipkart
"OPPO A3x 5G (Starry Purple, 64 GB)",11499.0,4.2,142.0,https://www.flipkart.com/oppo-a3x-5g-starry-purple-64-gb/p/itmb2b7c683d72a8?pid=MOBH3YHWMZZEAH69&lid=LSTMOBH3YHWMZZEAH69PGQ28M&marketplace=FLIPKART&q=mobile+phones&store=tyy%2F4io&srno=s_34_802&otracker=search&otracker1=search&fm=Search&iid=ba77a6f1-752e-40bd-8968-b5c655b8a3c1.MOBH3YHWMZZEAH69.SEARCH&ppt=sp&ppn=sp&ssid=ug23y7igqo0000001753088209917&qH=a81ad6e72f7a2fd1,https://rukminim2.flixcart.com/image/312/312/xif0q/mobile/s/p/d/-original-imah4d9fxk3dbhgz.jpeg?q=70,Mobiles,Flipkart
"Samsung Galaxy S24 Ultra 5G (Titanium Violet, 256 GB)",119999.0,4.6,338.0,https://www.flipkart.com/samsung-galaxy-s24-ultra-5g-titanium-violet-256-gb/p/itmd4f51262e3e6b?pid=MOBGX2F38JBJGZSE&lid=LSTMOBGX2F38JBJGZSEQTXTOR&marketplace=FLIPKART&q=mobile+phones&store=tyy%2F4io&srno=s_34_803&otracker=search&otracker1=search&fm=Search&iid=ba77a6f1-752e-40bd-8968-b5c655b8a3c1.MOBGX2F38JBJGZSE.SEARCH&ppt=sp&ppn=sp&ssid=ug23y7igqo0000001753088209917&qH=a81ad6e72f7a2fd1,https://rukminim2.flixcart.com/image/312/312/xif0q/mobile/w/5/h/-original-imahyvnuta2aadbw.jpeg?q=70,Mobiles,Flipkart
"Samsung Galaxy A14 (Light Green, 64 GB)",9450.0,3.9,13.0,https://www.flipkart.com/samsung-galaxy-a14-light-green-64-gb/p/itmbf56460addf25?pid=MOBGPN52M8FYFJAZ&lid=LSTMOBGPN52M8FYFJAZ71WETQ&marketplace=FLIPKART&q=mobile+phones&store=tyy%2F4io&srno=s_34_804&otracker=search&otracker1=search&fm=Search&iid=ba77a6f1-752e-40bd-8968-b5c655b8a3c1.MOBGPN52M8FYFJAZ.SEARCH&ppt=sp&ppn=sp&ssid=ug23y7igqo0000001753088209917&qH=a81ad6e72f7a2fd1,https://rukminim2.flixcart.com/image/312/312/xif0q/mobile/e/e/c/galaxy-a14-sm-a145flgdins-samsung-original-imagq6czvb7qgbmc.jpeg?q=70,Mobiles,Flipkart
"Apple iPhone 16 Plus (Ultramarine, 128 GB)",84900.0,4.6,171.0,https://www.flipkart.com/apple-iphone-16-plus-ultramarine-128-gb/p/itm3a32a91957d41?pid=MOBH4DQFKZDYZNWX&lid=LSTMOBH4DQFKZDYZNWXWFOFLY&marketplace=FLIPKART&q=mobile+phones&store=tyy%2F4io&srno=s_34_805&otracker=search&otracker1=search&fm=Search&iid=ba77a6f1-752e-40bd-8968-b5c655b8a3c1.MOBH4DQFKZDYZNWX.SEARCH&ppt=sp&ppn=sp&ssid=ug23y7igqo0000001753088209917&qH=a81ad6e72f7a2fd1,https://rukminim2.flixcart.com/image/312/312/xif0q/mobile/f/o/1/-original-imah4jykr84cbhgc.jpeg?q=70,Mobiles,Flipkart
"OPPO A5 Pro 5G (Feather Blue, 128 GB)",17999.0,4.2,6.0,https://www.flipkart.com/oppo-a5-pro-5g-feather-blue-128-gb/p/itm00394ea2980ad?pid=MOBHBH2TXQBQ2H2E&lid=LSTMOBHBH2TXQBQ2H2EZHZMIN&marketplace=FLIPKART&q=mobile+phones&store=tyy%2F4io&srno=s_34_806&otracker=search&otracker1=search&fm=Search&iid=ba77a6f1-752e-40bd-8968-b5c655b8a3c1.MOBHBH2TXQBQ2H2E.SEARCH&ppt=sp&ppn=sp&ssid=ug23y7igqo0000001753088209917&qH=a81ad6e72f7a2fd1,https://rukminim2.flixcart.com/image/312/312/xif0q/mobile/a/s/c/-original-imahbkuhruhfwchq.jpeg?q=70,Mobiles,Flipkart
"OPPO A5 5G (Aurora Green, 128 GB)",16999.0,4.0,0.0,https://www.flipkart.com/oppo-a5-5g-aurora-green-128-gb/p/itmb152c18969f6d?pid=MOBHDYAYHR9FYADN&lid=LSTMOBHDYAYHR9FYADNTSLSSA&marketplace=FLIPKART&q=mobile+phones&store=tyy%2F4io&srno=s_34_807&otracker=search&otracker1=search&fm=Search&iid=ba77a6f1-752e-40bd-8968-b5c655b8a3c1.MOBHDYAYHR9FYADN.SEARCH&ppt=sp&ppn=sp&ssid=ug23y7igqo0000001753088209917&qH=a81ad6e72f7a2fd1,https://rukminim2.flixcart.com/image/312/312/xif0q/mobile/f/m/x/-original-imahdf3tnnf33xvt.jpeg?q=70,Mobiles,Flipkart
"OPPO A5 5G (Mist White, 128 GB)",16999.0,4.0,0.0,https://www.flipkart.com/oppo-a5-5g-mist-white-128-gb/p/itmb152c18969f6d?pid=MOBHDYAYTJ9B6DFW&lid=LSTMOBHDYAYTJ9B6DFWPOQQRO&marketplace=FLIPKART&q=mobile+phones&store=tyy%2F4io&srno=s_34_808&otracker=search&otracker1=search&fm=Search&iid=ba77a6f1-752e-40bd-8968-b5c655b8a3c1.MOBHDYAYTJ9B6DFW.SEARCH&ppt=sp&ppn=sp&ssid=ug23y7igqo0000001753088209917&qH=a81ad6e72f7a2fd1,https://rukminim2.flixcart.com/image/312/312/xif0q/mobile/j/1/m/-original-imahdf3tggf9rv8g.jpeg?q=70,Mobiles,Flipkart
"Samsung Galaxy S23 FE (Graphite, 128 GB)",37670.0,4.4,4419.0,https://www.flipkart.com/samsung-galaxy-s23-fe-graphite-128-gb/p/itme751066521899?pid=MOBGVTA2836DQWTT&lid=LSTMOBGVTA2836DQWTTUWZF2Z&marketplace=FLIPKART&q=mobile+phones&store=tyy%2F4io&srno=s_34_809&otracker=search&otracker1=search&fm=Search&iid=ba77a6f1-752e-40bd-8968-b5c655b8a3c1.MOBGVTA2836DQWTT.SEARCH&ppt=sp&ppn=sp&ssid=ug23y7igqo0000001753088209917&qH=a81ad6e72f7a2fd1,https://rukminim2.flixcart.com/image/312/312/xif0q/mobile/x/k/h/-original-imah5ywff9rr76zh.jpeg?q=70,Mobiles,Flipkart
Kechaoda K28,1330.0,4.0,356.0,https://www.flipkart.com/kechaoda-k28/p/itmf3pnaabkfegeg?pid=MOBF3MH8XSZNUUZC&lid=LSTMOBF3MH8XSZNUUZCKWWMYU&marketplace=FLIPKART&q=mobile+phones&store=tyy%2F4io&srno=s_34_810&otracker=search&otracker1=search&fm=Search&iid=ba77a6f1-752e-40bd-8968-b5c655b8a3c1.MOBF3MH8XSZNUUZC.SEARCH&ppt=sp&ppn=sp&ssid=ug23y7igqo0000001753088209917&qH=a81ad6e72f7a2fd1,https://rukminim2.flixcart.com/image/312/312/xif0q/mobile/8/4/o/k28-k28-kechaoda-original-imahyc3mz7fwgcht.jpeg?q=70,Mobiles,Flipkart
itel it5027 Slim Keypad Mobile | 2.4 inch Display| Type C Charging,1069.0,4.1,5.0,https://www.flipkart.com/itel-it5027-slim-keypad-mobile-2-4-inch-display-type-c-charging/p/itmd22299743ee2c?pid=MOBH8GF62JHMBPW2&lid=LSTMOBH8GF62JHMBPW2SWG63K&marketplace=FLIPKART&q=mobile+phones&store=tyy%2F4io&srno=s_34_811&otracker=search&otracker1=search&fm=Search&iid=ba77a6f1-752e-40bd-8968-b5c655b8a3c1.MOBH8GF62JHMBPW2.SEARCH&ppt=sp&ppn=sp&ssid=ug23y7igqo0000001753088209917&qH=a81ad6e72f7a2fd1,https://rukminim2.flixcart.com/image/312/312/xif0q/mobile/l/k/u/it5027-slim-it5032-itel-original-imah8s87fgvcfwkc.jpeg?q=70,Mobiles,Flipkart
"realme 13 Pro+ 5G (Emerald Green, 256 GB)",25999.0,4.4,1506.0,https://www.flipkart.com/realme-13-pro-5g-emerald-green-256-gb/p/itm1e3e0852d520a?pid=MOBH2YYDGMVXZDHK&lid=LSTMOBH2YYDGMVXZDHKVRI3QK&marketplace=FLIPKART&q=mobile+phones&store=tyy%2F4io&srno=s_34_812&otracker=search&otracker1=search&fm=Search&iid=ba77a6f1-752e-40bd-8968-b5c655b8a3c1.MOBH2YYDGMVXZDHK.SEARCH&ppt=sp&ppn=sp&ssid=ug23y7igqo0000001753088209917&qH=a81ad6e72f7a2fd1,https://rukminim2.flixcart.com/image/312/312/xif0q/mobile/2/s/y/-original-imah38dbntayzhpk.jpeg?q=70,Mobiles,Flipkart
"realme 13 Pro+ 5G (Monet Gold, 256 GB)",25999.0,4.4,1506.0,https://www.flipkart.com/realme-13-pro-5g-monet-gold-256-gb/p/itm1e3e0852d520a?pid=MOBH2YYDKPR78SNJ&lid=LSTMOBH2YYDKPR78SNJ5ERNB7&marketplace=FLIPKART&q=mobile+phones&store=tyy%2F4io&srno=s_34_813&otracker=search&otracker1=search&fm=Search&iid=ba77a6f1-752e-40bd-8968-b5c655b8a3c1.MOBH2YYDKPR78SNJ.SEARCH&ppt=sp&ppn=sp&ssid=ug23y7igqo0000001753088209917&qH=a81ad6e72f7a2fd1,https://rukminim2.flixcart.com/image/312/312/xif0q/mobile/r/u/k/-original-imah38dbzpraunnj.jpeg?q=70,Mobiles,Flipkart
"Samsung M06 5G (Blazing Black, 128 GB)",10990.0,4.0,27.0,https://www.flipkart.com/samsung-m06-5g-blazing-black-128-gb/p/itmcafa42dadc15c?pid=MOBH9UYF4GZXGWW6&lid=LSTMOBH9UYF4GZXGWW6U81MFR&marketplace=FLIPKART&q=mobile+phones&store=tyy%2F4io&srno=s_34_814&otracker=search&otracker1=search&fm=Search&iid=ba77a6f1-752e-40bd-8968-b5c655b8a3c1.MOBH9UYF4GZXGWW6.SEARCH&ppt=sp&ppn=sp&ssid=ug23y7igqo0000001753088209917&qH=a81ad6e72f7a2fd1,https://rukminim2.flixcart.com/image/312/312/xif0q/mobile/h/y/x/-original-imaha58mehzvmk9w.jpeg?q=70,Mobiles,Flipkart
"Tecno Pop 9 5G (Azure Sky, 128 GB)",9499.0,3.9,5.0,https://www.flipkart.com/tecno-pop-9-5g-azure-sky-128-gb/p/itm76579098435d9?pid=MOBHC4B8QGAAPQHZ&lid=LSTMOBHC4B8QGAAPQHZMAESHH&marketplace=FLIPKART&q=mobile+phones&store=tyy%2F4io&srno=s_34_815&otracker=search&otracker1=search&fm=Search&iid=ba77a6f1-752e-40bd-8968-b5c655b8a3c1.MOBHC4B8QGAAPQHZ.SEARCH&ppt=sp&ppn=sp&ssid=ug23y7igqo0000001753088209917&qH=a81ad6e72f7a2fd1,https://rukminim2.flixcart.com/image/312/312/xif0q/mobile/y/o/m/-original-imahe3emhkgfdvje.jpeg?q=70,Mobiles,Flipkart
Kechaoda A27,912.0,4.0,823.0,https://www.flipkart.com/kechaoda-a27/p/itme06ab2098b858?pid=MOBGH6CYYFZDH5HF&lid=LSTMOBGH6CYYFZDH5HFKN4NKW&marketplace=FLIPKART&q=mobile+phones&store=tyy%2F4io&srno=s_34_816&otracker=search&otracker1=search&fm=Search&iid=ba77a6f1-752e-40bd-8968-b5c655b8a3c1.MOBGH6CYYFZDH5HF.SEARCH&ppt=sp&ppn=sp&ssid=ug23y7igqo0000001753088209917&qH=a81ad6e72f7a2fd1,https://rukminim2.flixcart.com/image/312/312/xif0q/mobile/m/o/5/keypad-dual-sim-mini-mobile-phone-with-external-memory-slot-1-original-imaggk2etc32p2zq.jpeg?q=70,Mobiles,Flipkart
"vivo V50 5G Elite Edition (Rose Red, 512 GB)",41999.0,4.5,15.0,https://www.flipkart.com/vivo-v50-5g-elite-rose-red-512-gb/p/itm6b29fd507b97f?pid=MOBHBA4GD7WH6ANU&lid=LSTMOBHBA4GD7WH6ANU8RFY4P&marketplace=FLIPKART&q=mobile+phones&store=tyy%2F4io&srno=s_35_817&otracker=search&otracker1=search&fm=Search&iid=3ea126a0-1596-409a-b489-44f13364511c.MOBHBA4GD7WH6ANU.SEARCH&ppt=sp&ppn=sp&ssid=mdgeu4tfg00000001753088245180&qH=a81ad6e72f7a2fd1,https://rukminim2.flixcart.com/image/312/312/xif0q/mobile/v/z/r/-original-imahc6hdfzgzczzj.jpeg?q=70,Mobiles,Flipkart
"itel Color Pro 5G (River Blue, 128 GB)",9490.0,4.3,17.0,https://www.flipkart.com/itel-color-pro-5g-river-blue-128-gb/p/itmbd0918bbdf1e6?pid=MOBH3FXKZMJSGDSG&lid=LSTMOBH3FXKZMJSGDSGKDY3CH&marketplace=FLIPKART&q=mobile+phones&store=tyy%2F4io&srno=s_35_818&otracker=search&otracker1=search&fm=Search&iid=3ea126a0-1596-409a-b489-44f13364511c.MOBH3FXKZMJSGDSG.SEARCH&ppt=sp&ppn=sp&ssid=mdgeu4tfg00000001753088245180&qH=a81ad6e72f7a2fd1,https://rukminim2.flixcart.com/image/312/312/xif0q/mobile/z/r/x/color-pro-5g-p661n-itel-original-imahd45prfvcczgp.jpeg?q=70,Mobiles,Flipkart
KARBONN K121i Dual Sim Keypad Mobile Phone,878.0,3.7,1.0,https://www.flipkart.com/karbonn-k121i-dual-sim-keypad-mobile-phone/p/itm7cf8179552b68?pid=MOBH34NZFK9DTGBS&lid=LSTMOBH34NZFK9DTGBSOEFNAI&marketplace=FLIPKART&q=mobile+phones&store=tyy%2F4io&srno=s_35_819&otracker=search&otracker1=search&fm=Search&iid=3ea126a0-1596-409a-b489-44f13364511c.MOBH34NZFK9DTGBS.SEARCH&ppt=sp&ppn=sp&ssid=mdgeu4tfg00000001753088245180&qH=a81ad6e72f7a2fd1,https://rukminim2.flixcart.com/image/312/312/xif0q/mobile/m/t/h/k121i-dual-sim-keypad-mobile-phone-k121i-karbonn-original-imahcwfju69jf2ty.jpeg?q=70,Mobiles,Flipkart
"I Kall K444 Keypad Mobile Phone with 2.4inch Display, 2500mAh Battery",854.0,3.8,1.0,https://www.flipkart.com/kall-k444-keypad-mobile-phone-2-4inch-display-2500mah-battery/p/itm5d672c9a5507d?pid=MOBH6PHDUYHFHKB2&lid=LSTMOBH6PHDUYHFHKB2HCBLJT&marketplace=FLIPKART&q=mobile+phones&store=tyy%2F4io&srno=s_35_820&otracker=search&otracker1=search&fm=Search&iid=3ea126a0-1596-409a-b489-44f13364511c.MOBH6PHDUYHFHKB2.SEARCH&ppt=sp&ppn=sp&ssid=mdgeu4tfg00000001753088245180&qH=a81ad6e72f7a2fd1,https://rukminim2.flixcart.com/image/312/312/xif0q/mobile/8/d/y/k444-plus-k444-plus-i-kall-original-imah3sggxpr8qhha.jpeg?q=70,Mobiles,Flipkart
"POCO X6 Neo 5G (Horizon Blue, 128 GB)",13990.0,4.2,3057.0,https://www.flipkart.com/poco-x6-neo-5g-horizon-blue-128-gb/p/itm89dd4e9b5f3b2?pid=MOBH92ADTYRMYYDK&lid=LSTMOBH92ADTYRMYYDKFF9OXJ&marketplace=FLIPKART&q=mobile+phones&store=tyy%2F4io&srno=s_35_821&otracker=search&otracker1=search&fm=Search&iid=3ea126a0-1596-409a-b489-44f13364511c.MOBH92ADTYRMYYDK.SEARCH&ppt=sp&ppn=sp&ssid=mdgeu4tfg00000001753088245180&qH=a81ad6e72f7a2fd1,https://rukminim2.flixcart.com/image/312/312/xif0q/mobile/i/r/c/-original-imah4ncbwvzjggfw.jpeg?q=70,Mobiles,Flipkart
Nokia 3210 4G,4199.0,3.9,111.0,https://www.flipkart.com/nokia-3210-4g/p/itm4a1f9abb93fbd?pid=MOBH2G45RGNESSF8&lid=LSTMOBH2G45RGNESSF8JXMU7H&marketplace=FLIPKART&q=mobile+phones&store=tyy%2F4io&srno=s_35_822&otracker=search&otracker1=search&fm=Search&iid=3ea126a0-1596-409a-b489-44f13364511c.MOBH2G45RGNESSF8.SEARCH&ppt=sp&ppn=sp&ssid=mdgeu4tfg00000001753088245180&qH=a81ad6e72f7a2fd1,https://rukminim2.flixcart.com/image/312/312/xif0q/mobile/o/l/a/3210-4g-ta-1619-ds-nokia-original-imah53fts43q76ab.jpeg?q=70,Mobiles,Flipkart
"Samsung Galaxy M16 5G (Blush Pink, 128 GB)",14998.0,4.3,7.0,https://www.flipkart.com/samsung-galaxy-m16-5g-blush-pink-128-gb/p/itmf46b23a1eccd9?pid=MOBH9UYUZUZ75DEU&lid=LSTMOBH9UYUZUZ75DEUOWTW8L&marketplace=FLIPKART&q=mobile+phones&store=tyy%2F4io&srno=s_35_823&otracker=search&otracker1=search&fm=Search&iid=3ea126a0-1596-409a-b489-44f13364511c.MOBH9UYUZUZ75DEU.SEARCH&ppt=sp&ppn=sp&ssid=mdgeu4tfg00000001753088245180&qH=a81ad6e72f7a2fd1,https://rukminim2.flixcart.com/image/312/312/xif0q/mobile/f/3/q/-original-imahayqwe2fqeztp.jpeg?q=70,Mobiles,Flipkart
"realme 14 Pro Lite 5G (Glass Purple, 128 GB)",20999.0,4.4,23.0,https://www.flipkart.com/realme-14-pro-lite-5g-glass-purple-128-gb/p/itmb2dfdbb4bb23b?pid=MOBH9K2MCPEFFZAW&lid=LSTMOBH9K2MCPEFFZAWMGVIY4&marketplace=FLIPKART&q=mobile+phones&store=tyy%2F4io&srno=s_35_824&otracker=search&otracker1=search&fm=Search&iid=3ea126a0-1596-409a-b489-44f13364511c.MOBH9K2MCPEFFZAW.SEARCH&ppt=sp&ppn=sp&ssid=mdgeu4tfg00000001753088245180&qH=a81ad6e72f7a2fd1,https://rukminim2.flixcart.com/image/312/312/xif0q/mobile/5/1/a/-original-imah9pjvyh5cthtd.jpeg?q=70,Mobiles,Flipkart
"Infinix Note 40 Pro 5G (Vintage Green, 256 GB)",18999.0,4.2,2651.0,https://www.flipkart.com/infinix-note-40-pro-5g-vintage-green-256-gb/p/itmabf2f4763835d?pid=MOBGZCBWUBBPE6PG&lid=LSTMOBGZCBWUBBPE6PG3WPGPH&marketplace=FLIPKART&q=mobile+phones&store=tyy%2F4io&srno=s_35_825&otracker=search&otracker1=search&fm=Search&iid=3ea126a0-1596-409a-b489-44f13364511c.MOBGZCBWUBBPE6PG.SEARCH&ppt=sp&ppn=sp&ssid=mdgeu4tfg00000001753088245180&qH=a81ad6e72f7a2fd1,https://rukminim2.flixcart.com/image/312/312/xif0q/mobile/b/p/0/-original-imahfsy3hwrqavwf.jpeg?q=70,Mobiles,Flipkart
"Infinix Note 40 Pro 5G (Racing Grey, 256 GB)",18999.0,4.2,2651.0,https://www.flipkart.com/infinix-note-40-pro-5g-racing-grey-256-gb/p/itmabf2f4763835d?pid=MOBH3JZHXHVQRKRZ&lid=LSTMOBH3JZHXHVQRKRZ0XB2NF&marketplace=FLIPKART&q=mobile+phones&store=tyy%2F4io&srno=s_35_826&otracker=search&otracker1=search&fm=Search&iid=3ea126a0-1596-409a-b489-44f13364511c.MOBH3JZHXHVQRKRZ.SEARCH&ppt=sp&ppn=sp&ssid=mdgeu4tfg00000001753088245180&qH=a81ad6e72f7a2fd1,https://rukminim2.flixcart.com/image/312/312/xif0q/mobile/9/q/v/-original-imah42m4r4akzhyn.jpeg?q=70,Mobiles,Flipkart
hmd 130 MUSIC Dual Sim,1659.0,3.5,6.0,https://www.flipkart.com/hmd-130-music-dual-sim/p/itmd6b2bf3e03d2a?pid=MOBHB282ZF2HZ4QG&lid=LSTMOBHB282ZF2HZ4QGWTHVXS&marketplace=FLIPKART&q=mobile+phones&store=tyy%2F4io&srno=s_35_827&otracker=search&otracker1=search&fm=Search&iid=3ea126a0-1596-409a-b489-44f13364511c.MOBHB282ZF2HZ4QG.SEARCH&ppt=sp&ppn=sp&ssid=mdgeu4tfg00000001753088245180&qH=a81ad6e72f7a2fd1,https://rukminim2.flixcart.com/image/312/312/xif0q/mobile/c/4/i/130-music-dual-sim-130-music-ds-hmd-original-imahefyyjwjvh3ca.jpeg?q=70,Mobiles,Flipkart
"Samsung M55s (Coral Green, 128 GB)",16233.0,4.1,11.0,https://www.flipkart.com/samsung-m55s-coral-green-128-gb/p/itm5aa7656c5162d?pid=MOBH53VWJYJTGXN4&lid=LSTMOBH53VWJYJTGXN4JCD17S&marketplace=FLIPKART&q=mobile+phones&store=tyy%2F4io&srno=s_35_828&otracker=search&otracker1=search&fm=Search&iid=3ea126a0-1596-409a-b489-44f13364511c.MOBH53VWJYJTGXN4.SEARCH&ppt=sp&ppn=sp&ssid=mdgeu4tfg00000001753088245180&qH=a81ad6e72f7a2fd1,https://rukminim2.flixcart.com/image/312/312/xif0q/mobile/r/e/q/m55s-sm-m558b-samsung-original-imah62g5jntat5mc.jpeg?q=70,Mobiles,Flipkart
"OnePlus Nord 4 5G (Mercurial Silver, 256 GB)",27499.0,4.5,226.0,https://www.flipkart.com/oneplus-nord-4-5g-mercurial-silver-256-gb/p/itmed83e7926e3e5?pid=MOBH3YA8UXSNRSXW&lid=LSTMOBH3YA8UXSNRSXWBBGAGD&marketplace=FLIPKART&q=mobile+phones&store=tyy%2F4io&srno=s_35_829&otracker=search&otracker1=search&fm=Search&iid=3ea126a0-1596-409a-b489-44f13364511c.MOBH3YA8UXSNRSXW.SEARCH&ppt=sp&ppn=sp&ssid=mdgeu4tfg00000001753088245180&qH=a81ad6e72f7a2fd1,https://rukminim2.flixcart.com/image/312/312/xif0q/mobile/t/l/z/nord-4-5g-nord-4-5g-oneplus-original-imah3ya8ewmpbxcx.jpeg?q=70,Mobiles,Flipkart
Micromax X818,1766.0,3.9,400.0,https://www.flipkart.com/micromax-x818/p/itmf4ecd9e0919ca?pid=MOBG6XZBBGUEFGH5&lid=LSTMOBG6XZBBGUEFGH5KYDW5C&marketplace=FLIPKART&q=mobile+phones&store=tyy%2F4io&srno=s_35_830&otracker=search&otracker1=search&fm=Search&iid=3ea126a0-1596-409a-b489-44f13364511c.MOBG6XZBBGUEFGH5.SEARCH&ppt=sp&ppn=sp&ssid=mdgeu4tfg00000001753088245180&qH=a81ad6e72f7a2fd1,https://rukminim2.flixcart.com/image/312/312/ktn9pjk0/mobile/3/f/y/x818-maroon-x818-micromax-original-imag6xzadzbgrjaz.jpeg?q=70,Mobiles,Flipkart
"KARBONN K2Stylo,Dual SIM Keypad Mobile 2.4''LCD 1750mAh Battery Type C Memory Card 32GB",1294.0,4.2,4.0,https://www.flipkart.com/karbonn-k2stylo-dual-sim-keypad-mobile-2-4-lcd-1750mah-battery-type-c-memory-card-32gb/p/itme8ab394cd2b3d?pid=MOBH9NF9T4ZWYG8U&lid=LSTMOBH9NF9T4ZWYG8UAYOOM9&marketplace=FLIPKART&q=mobile+phones&store=tyy%2F4io&srno=s_35_831&otracker=search&otracker1=search&fm=Search&iid=3ea126a0-1596-409a-b489-44f13364511c.MOBH9NF9T4ZWYG8U.SEARCH&ppt=sp&ppn=sp&ssid=mdgeu4tfg00000001753088245180&qH=a81ad6e72f7a2fd1,https://rukminim2.flixcart.com/image/312/312/xif0q/mobile/q/c/g/k2stylo-dual-sim-keypad-mobile-2-4-lcd-1750mah-battery-type-c-original-imahcmz8yee6bfgz.jpeg?q=70,Mobiles,Flipkart
"OPPO A5 Pro 5G (Mocha Brown, 256 GB)",19999.0,4.2,6.0,https://www.flipkart.com/oppo-a5-pro-5g-mocha-brown-256-gb/p/itm00394ea2980ad?pid=MOBHBH2TEUXZZZJG&lid=LSTMOBHBH2TEUXZZZJGLPE06V&marketplace=FLIPKART&q=mobile+phones&store=tyy%2F4io&srno=s_35_832&otracker=search&otracker1=search&fm=Search&iid=3ea126a0-1596-409a-b489-44f13364511c.MOBHBH2TEUXZZZJG.SEARCH&ppt=sp&ppn=sp&ssid=mdgeu4tfg00000001753088245180&qH=a81ad6e72f7a2fd1,https://rukminim2.flixcart.com/image/312/312/xif0q/mobile/j/c/x/-original-imahbkuhhfatpps7.jpeg?q=70,Mobiles,Flipkart
"Samsung Galaxy A36 5G (Awesome White, 256 GB)",33999.0,4.3,65.0,https://www.flipkart.com/samsung-galaxy-a36-5g-awesome-white-256-gb/p/itm2f14454f7dc29?pid=MOBH9RNGWSX2XDZX&lid=LSTMOBH9RNGWSX2XDZXXJ2EWK&marketplace=FLIPKART&q=mobile+phones&store=tyy%2F4io&srno=s_35_833&otracker=search&otracker1=search&fm=Search&iid=3ea126a0-1596-409a-b489-44f13364511c.MOBH9RNGWSX2XDZX.SEARCH&ppt=sp&ppn=sp&ssid=mdgeu4tfg00000001753088245180&qH=a81ad6e72f7a2fd1,https://rukminim2.flixcart.com/image/312/312/xif0q/mobile/m/t/g/-original-imahb3hqn8en4qfu.jpeg?q=70,Mobiles,Flipkart
Nokia 110 4G,2999.0,3.9,68.0,https://www.flipkart.com/nokia-110-4g/p/itmfa7733b15285a?pid=MOBGRH6YZ6YTRV4D&lid=LSTMOBGRH6YZ6YTRV4D13KDJM&marketplace=FLIPKART&q=mobile+phones&store=tyy%2F4io&srno=s_35_834&otracker=search&otracker1=search&fm=Search&iid=3ea126a0-1596-409a-b489-44f13364511c.MOBGRH6YZ6YTRV4D.SEARCH&ppt=sp&ppn=sp&ssid=mdgeu4tfg00000001753088245180&qH=a81ad6e72f7a2fd1,https://rukminim2.flixcart.com/image/312/312/xif0q/mobile/u/w/r/110-4g-ta-1556-ds-nokia-original-imah53ftepzdrg3v.jpeg?q=70,Mobiles,Flipkart
"realme Narzo N65 5G (Deep Green, 128 GB)",11499.0,4.3,92.0,https://www.flipkart.com/realme-narzo-n65-5g-deep-green-128-gb/p/itm6378f5785d47b?pid=MOBHFFNQAMDHZZF7&lid=LSTMOBHFFNQAMDHZZF7R8AKRM&marketplace=FLIPKART&q=mobile+phones&store=tyy%2F4io&srno=s_35_835&otracker=search&otracker1=search&fm=Search&iid=3ea126a0-1596-409a-b489-44f13364511c.MOBHFFNQAMDHZZF7.SEARCH&ppt=sp&ppn=sp&ssid=mdgeu4tfg00000001753088245180&qH=a81ad6e72f7a2fd1,https://rukminim2.flixcart.com/image/312/312/xif0q/mobile/7/i/h/n65-5g-rmx3997-realme-original-imahfh59zfdgad3g.jpeg?q=70,Mobiles,Flipkart
Motorola a10,1399.0,4.1,867.0,https://www.flipkart.com/motorola-a10/p/itm9b5cd668de133?pid=MOBG7ZG9MZZN4EZE&lid=LSTMOBG7ZG9MZZN4EZEIAEZ3D&marketplace=FLIPKART&q=mobile+phones&store=tyy%2F4io&srno=s_35_836&otracker=search&otracker1=search&fm=Search&iid=3ea126a0-1596-409a-b489-44f13364511c.MOBG7ZG9MZZN4EZE.SEARCH&ppt=sp&ppn=sp&ssid=mdgeu4tfg00000001753088245180&qH=a81ad6e72f7a2fd1,https://rukminim2.flixcart.com/image/312/312/xif0q/mobile/b/d/r/moto-a10-a10-motorola-original-imah3y6ggngycb4j.jpeg?q=70,Mobiles,Flipkart
"realme NARZO N65 5G (AMBER GOLD, 128 GB)",10533.0,4.3,92.0,https://www.flipkart.com/realme-narzo-n65-5g-amber-gold-128-gb/p/itm6378f5785d47b?pid=MOBHFFTHZMRHFMDF&lid=LSTMOBHFFTHZMRHFMDF0SKANY&marketplace=FLIPKART&q=mobile+phones&store=tyy%2F4io&srno=s_35_837&otracker=search&otracker1=search&fm=Search&iid=3ea126a0-1596-409a-b489-44f13364511c.MOBHFFTHZMRHFMDF.SEARCH&ppt=sp&ppn=sp&ssid=mdgeu4tfg00000001753088245180&qH=a81ad6e72f7a2fd1,https://rukminim2.flixcart.com/image/312/312/xif0q/mobile/t/a/i/narzo-n65-5g-rmx3997-realme-original-imahffthyffydhyh.jpeg?q=70,Mobiles,Flipkart
ringme R1+ JUMBO,1499.0,4.2,16.0,https://www.flipkart.com/ringme-r1-jumbo/p/itmb064fd38b134e?pid=MOBH6AGBJFRYFDDU&lid=LSTMOBH6AGBJFRYFDDUNIW9ZJ&marketplace=FLIPKART&q=mobile+phones&store=tyy%2F4io&srno=s_35_838&otracker=search&otracker1=search&fm=Search&iid=3ea126a0-1596-409a-b489-44f13364511c.MOBH6AGBJFRYFDDU.SEARCH&ppt=sp&ppn=sp&ssid=mdgeu4tfg00000001753088245180&qH=a81ad6e72f7a2fd1,https://rukminim2.flixcart.com/image/312/312/xif0q/mobile/x/e/b/r1-jumbo-r1-jumbo-ringme-original-imah6wh5dhhdqksw.jpeg?q=70,Mobiles,Flipkart
"realme 14 Pro Lite 5G (Glass Purple, 256 GB)",23999.0,4.4,23.0,https://www.flipkart.com/realme-14-pro-lite-5g-glass-purple-256-gb/p/itmb2dfdbb4bb23b?pid=MOBH9K2MVJ6ZAM3Y&lid=LSTMOBH9K2MVJ6ZAM3YSVBE3R&marketplace=FLIPKART&q=mobile+phones&store=tyy%2F4io&srno=s_35_839&otracker=search&otracker1=search&fm=Search&iid=3ea126a0-1596-409a-b489-44f13364511c.MOBH9K2MVJ6ZAM3Y.SEARCH&ppt=sp&ppn=sp&ssid=mdgeu4tfg00000001753088245180&qH=a81ad6e72f7a2fd1,https://rukminim2.flixcart.com/image/312/312/xif0q/mobile/5/1/a/-original-imah9pjvyh5cthtd.jpeg?q=70,Mobiles,Flipkart
"Samsung Galaxy A15 5G (Blue Black, 128 GB)",16999.0,4.3,239.0,https://www.flipkart.com/samsung-galaxy-a15-5g-blue-black-128-gb/p/itmef383f04d3bf0?pid=MOBGWD85ZUA8BMDZ&lid=LSTMOBGWD85ZUA8BMDZ8BERR3&marketplace=FLIPKART&q=mobile+phones&store=tyy%2F4io&srno=s_35_840&otracker=search&otracker1=search&fm=Search&iid=3ea126a0-1596-409a-b489-44f13364511c.MOBGWD85ZUA8BMDZ.SEARCH&ppt=sp&ppn=sp&ssid=mdgeu4tfg00000001753088245180&qH=a81ad6e72f7a2fd1,https://rukminim2.flixcart.com/image/312/312/xif0q/mobile/k/c/b/galaxy-a15-5g-sm-a156ezkpins-samsung-original-imah3r43gdexw4ne.jpeg?q=70,Mobiles,Flipkart
"LAVA Yuva Star (GLOSSY LAVENDER, 64 GB)",6240.0,4.0,54.0,https://www.flipkart.com/lava-yuva-star-glossy-lavender-64-gb/p/itmba8080f7b3bb8?pid=MOBH6KCNDSTKX6VY&lid=LSTMOBH6KCNDSTKX6VYO3WSA8&marketplace=FLIPKART&q=mobile+phones&store=tyy%2F4io&srno=s_36_841&otracker=search&otracker1=search&fm=Search&iid=cb80cd78-aa8b-47d5-bcd1-5ee62f38f951.MOBH6KCNDSTKX6VY.SEARCH&ppt=sp&ppn=sp&ssid=nu5401e1800000001753088265358&qH=a81ad6e72f7a2fd1,https://rukminim2.flixcart.com/image/312/312/xif0q/mobile/x/y/0/yuva-star-yuva-star-lava-original-imah7kz7bw2dchzh.jpeg?q=70,Mobiles,Flipkart
"Tecno Camon 20 Pro (Serenity Blue, 128 GB)",15399.0,4.1,95.0,https://www.flipkart.com/tecno-camon-20-pro-serenity-blue-128-gb/p/itm569a43e359a57?pid=MOBGQEYTGYXCGYHW&lid=LSTMOBGQEYTGYXCGYHWQ7SKTS&marketplace=FLIPKART&q=mobile+phones&store=tyy%2F4io&srno=s_36_842&otracker=search&otracker1=search&fm=Search&iid=cb80cd78-aa8b-47d5-bcd1-5ee62f38f951.MOBGQEYTGYXCGYHW.SEARCH&ppt=sp&ppn=sp&ssid=nu5401e1800000001753088265358&qH=a81ad6e72f7a2fd1,https://rukminim2.flixcart.com/image/312/312/xif0q/mobile/g/i/r/camon-20-pro-ck8n-tecno-original-imahccwmvspwk95f.jpeg?q=70,Mobiles,Flipkart
"Samsung Galaxy A55 5G (Awesome Navy, 256 GB)",35422.0,4.3,40.0,https://www.flipkart.com/samsung-galaxy-a55-5g-awesome-navy-256-gb/p/itmfb3db0f07b36b?pid=MOBGYT2HY8JZCSPW&lid=LSTMOBGYT2HY8JZCSPW8KZGEI&marketplace=FLIPKART&q=mobile+phones&store=tyy%2F4io&srno=s_36_843&otracker=search&otracker1=search&fm=Search&iid=cb80cd78-aa8b-47d5-bcd1-5ee62f38f951.MOBGYT2HY8JZCSPW.SEARCH&ppt=sp&ppn=sp&ssid=nu5401e1800000001753088265358&qH=a81ad6e72f7a2fd1,https://rukminim2.flixcart.com/image/312/312/xif0q/mobile/q/q/t/-original-imahbzpzhcptykzf.jpeg?q=70,Mobiles,Flipkart
"Samsung Galaxy A36 5G (Awesome Lavender, 256 GB)",36999.0,4.3,9.0,https://www.flipkart.com/samsung-galaxy-a36-5g-awesome-lavender-256-gb/p/itm7cd1681f527cb?pid=MOBH9RNGJZSYWDKR&lid=LSTMOBH9RNGJZSYWDKRVWWYVF&marketplace=FLIPKART&q=mobile+phones&store=tyy%2F4io&srno=s_36_844&otracker=search&otracker1=search&fm=Search&iid=cb80cd78-aa8b-47d5-bcd1-5ee62f38f951.MOBH9RNGJZSYWDKR.SEARCH&ppt=sp&ppn=sp&ssid=nu5401e1800000001753088265358&qH=a81ad6e72f7a2fd1,https://rukminim2.flixcart.com/image/312/312/xif0q/mobile/o/i/t/-original-imahb3hpzjp4dkb4.jpeg?q=70,Mobiles,Flipkart
Jmax Touch,999.0,3.9,2.0,https://www.flipkart.com/jmax-touch/p/itm1afd82dabe68b?pid=MOBH2BYHVPYGSMYS&lid=LSTMOBH2BYHVPYGSMYSZSOQRX&marketplace=FLIPKART&q=mobile+phones&store=tyy%2F4io&srno=s_36_845&otracker=search&otracker1=search&fm=Search&iid=cb80cd78-aa8b-47d5-bcd1-5ee62f38f951.MOBH2BYHVPYGSMYS.SEARCH&ppt=sp&ppn=sp&ssid=nu5401e1800000001753088265358&qH=a81ad6e72f7a2fd1,https://rukminim2.flixcart.com/image/312/312/xif0q/mobile/o/2/h/touch-touch-jmax-original-imah8fstkwzzwwmz.jpeg?q=70,Mobiles,Flipkart
LAVA A1 Vibe DS Keypad Phone|1000 mAh Battery|0.3MP Rear Camera|Expandable Upto 32 GB,1209.0,4.1,11.0,https://www.flipkart.com/lava-a1-vibe-ds-keypad-phone-1000-mah-battery-0-3mp-rear-camera-expandable-upto-32-gb/p/itmb28c09a75fe4b?pid=MOBGSQCYTGV6XFKQ&lid=LSTMOBGSQCYTGV6XFKQ3HYZ2D&marketplace=FLIPKART&q=mobile+phones&store=tyy%2F4io&srno=s_36_846&otracker=search&otracker1=search&fm=Search&iid=cb80cd78-aa8b-47d5-bcd1-5ee62f38f951.MOBGSQCYTGV6XFKQ.SEARCH&ppt=sp&ppn=sp&ssid=nu5401e1800000001753088265358&qH=a81ad6e72f7a2fd1,https://rukminim2.flixcart.com/image/312/312/xif0q/mobile/o/x/j/a1-vibe-lf1008-a1-vibe-lava-original-imagsqcy7jcdbdvh.jpeg?q=70,Mobiles,Flipkart
"realme 70 TURBO 5G (Turbo Yellow, 256 GB)",21591.0,4.4,22.0,https://www.flipkart.com/realme-70-turbo-5g-turbo-yellow-256-gb/p/itm7ebb13c5b0bcb?pid=MOBH4RZFQ7SJQXRY&lid=LSTMOBH4RZFQ7SJQXRYP8C9UQ&marketplace=FLIPKART&q=mobile+phones&store=tyy%2F4io&srno=s_36_847&otracker=search&otracker1=search&fm=Search&iid=cb80cd78-aa8b-47d5-bcd1-5ee62f38f951.MOBH4RZFQ7SJQXRY.SEARCH&ppt=sp&ppn=sp&ssid=nu5401e1800000001753088265358&qH=a81ad6e72f7a2fd1,https://rukminim2.flixcart.com/image/312/312/xif0q/mobile/d/f/i/-original-imah4yj9eengydz4.jpeg?q=70,Mobiles,Flipkart
"Samsung Galaxy S25 5G (Navy, 256 GB)",80999.0,4.6,264.0,https://www.flipkart.com/samsung-galaxy-s25-5g-navy-256-gb/p/itm277a7d1824e44?pid=MOBH8K8U4ZPHSNKK&lid=LSTMOBH8K8U4ZPHSNKKGKHZNG&marketplace=FLIPKART&q=mobile+phones&store=tyy%2F4io&srno=s_36_848&otracker=search&otracker1=search&fm=Search&iid=cb80cd78-aa8b-47d5-bcd1-5ee62f38f951.MOBH8K8U4ZPHSNKK.SEARCH&ppt=sp&ppn=sp&ssid=nu5401e1800000001753088265358&qH=a81ad6e72f7a2fd1,https://rukminim2.flixcart.com/image/312/312/xif0q/mobile/1/s/a/-original-imahch2h6ucehmgs.jpeg?q=70,Mobiles,Flipkart
"POCO C71 - Locked with Airtel Prepaid (Cool Blue, 64 GB)",5899.0,3.9,970.0,https://www.flipkart.com/poco-c71-locked-airtel-prepaid-cool-blue-64-gb/p/itmdec407554268b?pid=MOBHAFVJBSV3VH9N&lid=LSTMOBHAFVJBSV3VH9NPL87HP&marketplace=FLIPKART&q=mobile+phones&store=tyy%2F4io&srno=s_36_849&otracker=search&otracker1=search&fm=Search&iid=cb80cd78-aa8b-47d5-bcd1-5ee62f38f951.MOBHAFVJBSV3VH9N.SEARCH&ppt=sp&ppn=sp&ssid=nu5401e1800000001753088265358&qH=a81ad6e72f7a2fd1,https://rukminim2.flixcart.com/image/312/312/xif0q/mobile/b/s/1/-original-imahawgahg2jgzzh.jpeg?q=70,Mobiles,Flipkart
"Motorola Edge 50 Neo (PANTONE Nautical Blue, 256 GB)",19999.0,4.4,2791.0,https://www.flipkart.com/motorola-edge-50-neo-pantone-nautical-blue-256-gb/p/itm94d3bb79258e9?pid=MOBHFHDRDDW9MKVG&lid=LSTMOBHFHDRDDW9MKVGZPCGUE&marketplace=FLIPKART&q=mobile+phones&store=tyy%2F4io&srno=s_36_850&otracker=search&otracker1=search&fm=Search&iid=cb80cd78-aa8b-47d5-bcd1-5ee62f38f951.MOBHFHDRDDW9MKVG.SEARCH&ppt=sp&ppn=sp&ssid=nu5401e1800000001753088265358&qH=a81ad6e72f7a2fd1,https://rukminim2.flixcart.com/image/312/312/xif0q/mobile/c/q/s/edge-50-neo-pb330006in-motorola-original-imah4pxa4szzfgsv.jpeg?q=70,Mobiles,Flipkart
Jmax Ultra,699.0,4.0,28.0,https://www.flipkart.com/jmax-ultra/p/itmc1156f490bf18?pid=MOBGUF5Y8PGFWVYB&lid=LSTMOBGUF5Y8PGFWVYB0CN4FY&marketplace=FLIPKART&q=mobile+phones&store=tyy%2F4io&srno=s_36_851&otracker=search&otracker1=search&fm=Search&iid=cb80cd78-aa8b-47d5-bcd1-5ee62f38f951.MOBGUF5Y8PGFWVYB.SEARCH&ppt=sp&ppn=sp&ssid=nu5401e1800000001753088265358&qH=a81ad6e72f7a2fd1,https://rukminim2.flixcart.com/image/312/312/xif0q/mobile/6/d/4/ultra-ultra-jmax-original-imaguf5ykqzc4rng.jpeg?q=70,Mobiles,Flipkart
"Samsung Galaxy S23 5G (Cream, 128 GB)",44999.0,4.6,5401.0,https://www.flipkart.com/samsung-galaxy-s23-5g-cream-128-gb/p/itmc77ff94cdf044?pid=MOBGMFFX5XYE8MZN&lid=LSTMOBGMFFX5XYE8MZNRGKCA5&marketplace=FLIPKART&q=mobile+phones&store=tyy%2F4io&srno=s_36_852&otracker=search&otracker1=search&fm=Search&iid=cb80cd78-aa8b-47d5-bcd1-5ee62f38f951.MOBGMFFX5XYE8MZN.SEARCH&ppt=sp&ppn=sp&ssid=nu5401e1800000001753088265358&qH=a81ad6e72f7a2fd1,https://rukminim2.flixcart.com/image/312/312/xif0q/mobile/y/8/i/-original-imah4zp7fgtezhsz.jpeg?q=70,Mobiles,Flipkart
"itel A80 (Sandstone Black, 128 GB)",6899.0,4.2,15.0,https://www.flipkart.com/itel-a80-sandstone-black-128-gb/p/itm7c178f92f5d64?pid=MOBH7RJZNAUWUHGS&lid=LSTMOBH7RJZNAUWUHGS4JMFML&marketplace=FLIPKART&q=mobile+phones&store=tyy%2F4io&srno=s_36_853&otracker=search&otracker1=search&fm=Search&iid=cb80cd78-aa8b-47d5-bcd1-5ee62f38f951.MOBH7RJZNAUWUHGS.SEARCH&ppt=sp&ppn=sp&ssid=nu5401e1800000001753088265358&qH=a81ad6e72f7a2fd1,https://rukminim2.flixcart.com/image/312/312/xif0q/mobile/v/u/w/a80-a671lc-itel-original-imahbffj4euzcd3y.jpeg?q=70,Mobiles,Flipkart
"POCO C71 (Desert Gold, 64 GB)",6399.0,3.9,970.0,https://www.flipkart.com/poco-c71-desert-gold-64-gb/p/itme3dc58af6a04b?pid=MOBHAFVJZ5CHWMH8&lid=LSTMOBHAFVJZ5CHWMH8MZ5M5D&marketplace=FLIPKART&q=mobile+phones&store=tyy%2F4io&srno=s_36_855&otracker=search&otracker1=search&fm=Search&iid=cb80cd78-aa8b-47d5-bcd1-5ee62f38f951.MOBHAFVJZ5CHWMH8.SEARCH&ppt=sp&ppn=sp&ssid=nu5401e1800000001753088265358&qH=a81ad6e72f7a2fd1,https://rukminim2.flixcart.com/image/312/312/xif0q/mobile/u/c/i/-original-imahawgayvnqkzaz.jpeg?q=70,Mobiles,Flipkart
"Samsung Galaxy M16 5G (Thunder Black, 128 GB)",18490.0,4.3,7.0,https://www.flipkart.com/samsung-galaxy-m16-5g-thunder-black-128-gb/p/itmf46b23a1eccd9?pid=MOBH9UYU79KEPVAA&lid=LSTMOBH9UYU79KEPVAAEJA3QN&marketplace=FLIPKART&q=mobile+phones&store=tyy%2F4io&srno=s_36_856&otracker=search&otracker1=search&fm=Search&iid=cb80cd78-aa8b-47d5-bcd1-5ee62f38f951.MOBH9UYU79KEPVAA.SEARCH&ppt=sp&ppn=sp&ssid=nu5401e1800000001753088265358&qH=a81ad6e72f7a2fd1,https://rukminim2.flixcart.com/image/312/312/xif0q/mobile/x/x/o/-original-imahayqwpsfa7kpp.jpeg?q=70,Mobiles,Flipkart
"OnePlus Nord 4 5G (Obsidian Midnight, 128 GB)",27999.0,4.5,226.0,https://www.flipkart.com/oneplus-nord-4-5g-obsidian-midnight-128-gb/p/itmed83e7926e3e5?pid=MOBH4QTR9UTYMWGD&lid=LSTMOBH4QTR9UTYMWGDFIZ7TD&marketplace=FLIPKART&q=mobile+phones&store=tyy%2F4io&srno=s_36_857&otracker=search&otracker1=search&fm=Search&iid=cb80cd78-aa8b-47d5-bcd1-5ee62f38f951.MOBH4QTR9UTYMWGD.SEARCH&ppt=sp&ppn=sp&ssid=nu5401e1800000001753088265358&qH=a81ad6e72f7a2fd1,https://rukminim2.flixcart.com/image/312/312/xif0q/mobile/h/h/t/nord-4-5g-ch2661-oneplus-original-imah32k5ku6judrg.jpeg?q=70,Mobiles,Flipkart
GFive U229 (Gold),875.0,3.4,0.0,https://www.flipkart.com/gfive-u229-gold/p/itm25e9f44631524?pid=MOBHC4B9HYAKXFCZ&lid=LSTMOBHC4B9HYAKXFCZNFMSDZ&marketplace=FLIPKART&q=mobile+phones&store=tyy%2F4io&srno=s_36_858&otracker=search&otracker1=search&fm=Search&iid=cb80cd78-aa8b-47d5-bcd1-5ee62f38f951.MOBHC4B9HYAKXFCZ.SEARCH&ppt=sp&ppn=sp&ssid=nu5401e1800000001753088265358&qH=a81ad6e72f7a2fd1,https://rukminim2.flixcart.com/image/312/312/xif0q/mobile/a/k/i/u229-gold-u229-gfive-original-imahctqfdrjgcf7z.jpeg?q=70,Mobiles,Flipkart
"REDMI Note 12 5G (Frosted Green, 256 GB)",15885.0,4.1,442.0,https://www.flipkart.com/redmi-note-12-5g-frosted-green-256-gb/p/itm938718cc5cef4?pid=MOBGPGBZYESEZDEW&lid=LSTMOBGPGBZYESEZDEWNEWYM7&marketplace=FLIPKART&q=mobile+phones&store=tyy%2F4io&srno=s_36_859&otracker=search&otracker1=search&fm=Search&iid=cb80cd78-aa8b-47d5-bcd1-5ee62f38f951.MOBGPGBZYESEZDEW.SEARCH&ppt=sp&ppn=sp&ssid=nu5401e1800000001753088265358&qH=a81ad6e72f7a2fd1,https://rukminim2.flixcart.com/image/312/312/xif0q/mobile/m/r/i/note-12-5g-mzb0ei8in-redmi-original-imagpgr9gpmjjnwa.jpeg?q=70,Mobiles,Flipkart
"Samsung Galaxy S24 5G (Amber Yellow, 256 GB)",79999.0,4.6,369.0,https://www.flipkart.com/samsung-galaxy-s24-5g-amber-yellow-256-gb/p/itmebc700bb8d159?pid=MOBGX2F3TYAVSQJC&lid=LSTMOBGX2F3TYAVSQJCZEHPSQ&marketplace=FLIPKART&q=mobile+phones&store=tyy%2F4io&srno=s_36_860&otracker=search&otracker1=search&fm=Search&iid=cb80cd78-aa8b-47d5-bcd1-5ee62f38f951.MOBGX2F3TYAVSQJC.SEARCH&ppt=sp&ppn=sp&ssid=nu5401e1800000001753088265358&qH=a81ad6e72f7a2fd1,https://rukminim2.flixcart.com/image/312/312/xif0q/mobile/j/y/j/-original-imahcfwmfka3xgsu.jpeg?q=70,Mobiles,Flipkart
"REDMI Note 14 Pro 5G (Ivy Green, 256 GB)",24999.0,4.3,292.0,https://www.flipkart.com/redmi-note-14-pro-5g-ivy-green-256-gb/p/itm260f3edcb0cde?pid=MOBH753HFQZSJZYJ&lid=LSTMOBH753HFQZSJZYJHQHJMU&marketplace=FLIPKART&q=mobile+phones&store=tyy%2F4io&srno=s_36_861&otracker=search&otracker1=search&fm=Search&iid=cb80cd78-aa8b-47d5-bcd1-5ee62f38f951.MOBH753HFQZSJZYJ.SEARCH&ppt=sp&ppn=sp&ssid=nu5401e1800000001753088265358&qH=a81ad6e72f7a2fd1,https://rukminim2.flixcart.com/image/312/312/xif0q/mobile/p/x/i/-original-imahdxq5dab5euhj.jpeg?q=70,Mobiles,Flipkart
"Nokia 150 Dual Sim Keypad Phone, Rear Camera, Long Lasting Battery Life and FM Radio",1551.0,3.3,369.0,https://www.flipkart.com/nokia-150-dual-sim-keypad-phone-rear-camera-long-lasting-battery-life-fm-radio/p/itmd9ed5b3168799?pid=MOBGSFECUGBKYSYN&lid=LSTMOBGSFECUGBKYSYNNQS8KD&marketplace=FLIPKART&q=mobile+phones&store=tyy%2F4io&srno=s_36_862&otracker=search&otracker1=search&fm=Search&iid=cb80cd78-aa8b-47d5-bcd1-5ee62f38f951.MOBGSFECUGBKYSYN.SEARCH&ppt=sp&ppn=sp&ssid=nu5401e1800000001753088265358&qH=a81ad6e72f7a2fd1,https://rukminim2.flixcart.com/image/312/312/xif0q/mobile/k/p/p/150-dual-sim-keypad-phone-rear-camera-long-lasting-battery-life-original-imah53fsgj8d3hvf.jpeg?q=70,Mobiles,Flipkart
"itel P 55 5G (Mint Green, 128 GB)",9595.0,4.1,48.0,https://www.flipkart.com/itel-p-55-5g-mint-green-128-gb/p/itm1cfe5f9aff103?pid=MOBGUFHSVQGGJKHS&lid=LSTMOBGUFHSVQGGJKHSPUGOME&marketplace=FLIPKART&q=mobile+phones&store=tyy%2F4io&srno=s_37_866&otracker=search&otracker1=search&fm=Search&iid=97e7c1d8-6d4f-44ac-bb66-a510842b7e28.MOBGUFHSVQGGJKHS.SEARCH&ppt=sp&ppn=sp&ssid=xuauh4za0g0000001753088274734&qH=a81ad6e72f7a2fd1,https://rukminim2.flixcart.com/image/312/312/xif0q/mobile/u/q/a/p-55-5g-p555g-itel-original-imah2ysrcsjbkdqx.jpeg?q=70,Mobiles,Flipkart
"OPPO A3x 5G (Starry Purple, 128 GB)",12499.0,4.2,142.0,https://www.flipkart.com/oppo-a3x-5g-starry-purple-128-gb/p/itmb2b7c683d72a8?pid=MOBH3YHWSRFTNFVW&lid=LSTMOBH3YHWSRFTNFVW2PK8RP&marketplace=FLIPKART&q=mobile+phones&store=tyy%2F4io&srno=s_37_868&otracker=search&otracker1=search&fm=Search&iid=97e7c1d8-6d4f-44ac-bb66-a510842b7e28.MOBH3YHWSRFTNFVW.SEARCH&ppt=sp&ppn=sp&ssid=xuauh4za0g0000001753088274734&qH=a81ad6e72f7a2fd1,https://rukminim2.flixcart.com/image/312/312/xif0q/mobile/s/p/d/-original-imah4d9fxk3dbhgz.jpeg?q=70,Mobiles,Flipkart
"Samsung Galaxy M56 5G (Light Green, 128 GB)",24599.0,4.4,1.0,https://www.flipkart.com/samsung-galaxy-m56-5g-light-green-128-gb/p/itma212775a49b1d?pid=MOBHBH86FM9VUCGU&lid=LSTMOBHBH86FM9VUCGUPMPOQC&marketplace=FLIPKART&q=mobile+phones&store=tyy%2F4io&srno=s_37_869&otracker=search&otracker1=search&fm=Search&iid=97e7c1d8-6d4f-44ac-bb66-a510842b7e28.MOBHBH86FM9VUCGU.SEARCH&ppt=sp&ppn=sp&ssid=xuauh4za0g0000001753088274734&qH=a81ad6e72f7a2fd1,https://rukminim2.flixcart.com/image/312/312/xif0q/mobile/u/7/e/galaxy-m56-5g-sm-m566blga-samsung-original-imahbh83dntgxzvr.jpeg?q=70,Mobiles,Flipkart
"REDMI Note 8 Pro (Gamma Green, 64 GB)",10499.0,4.5,7005.0,https://www.flipkart.com/redmi-note-8-pro-gamma-green-64-gb/p/itmb5a411e20719e?pid=MOBFHHRQDRRMKU94&lid=LSTMOBFHHRQDRRMKU94JNQFYM&marketplace=FLIPKART&q=mobile+phones&store=tyy%2F4io&srno=s_37_870&otracker=search&otracker1=search&fm=Search&iid=97e7c1d8-6d4f-44ac-bb66-a510842b7e28.MOBFHHRQDRRMKU94.SEARCH&ppt=sp&ppn=sp&ssid=xuauh4za0g0000001753088274734&qH=a81ad6e72f7a2fd1,https://rukminim2.flixcart.com/image/312/312/k87nxjk0/mobile/g/z/h/redmi-note-8-pro-mzb8309in-original-imafqaf3fp6tmwg3.jpeg?q=70,Mobiles,Flipkart
"Samsung Galaxy M16 5G (Blush Pink, 128 GB)",13998.0,4.3,21.0,https://www.flipkart.com/samsung-galaxy-m16-5g-blush-pink-128-gb/p/itmf46b23a1eccd9?pid=MOBH9UYUUHJNEYSG&lid=LSTMOBH9UYUUHJNEYSGSNGH65&marketplace=FLIPKART&q=mobile+phones&store=tyy%2F4io&srno=s_37_871&otracker=search&otracker1=search&fm=Search&iid=97e7c1d8-6d4f-44ac-bb66-a510842b7e28.MOBH9UYUUHJNEYSG.SEARCH&ppt=sp&ppn=sp&ssid=xuauh4za0g0000001753088274734&qH=a81ad6e72f7a2fd1,https://rukminim2.flixcart.com/image/312/312/xif0q/mobile/f/3/q/-original-imahayqwe2fqeztp.jpeg?q=70,Mobiles,Flipkart
Kechaoda K28 PRO,1249.0,4.0,10.0,https://www.flipkart.com/kechaoda-k28-pro/p/itm5fc43ad877c68?pid=MOBH98FT6GPKXYDG&lid=LSTMOBH98FT6GPKXYDG6JV2DO&marketplace=FLIPKART&q=mobile+phones&store=tyy%2F4io&srno=s_37_872&otracker=search&otracker1=search&fm=Search&iid=97e7c1d8-6d4f-44ac-bb66-a510842b7e28.MOBH98FT6GPKXYDG.SEARCH&ppt=sp&ppn=sp&ssid=xuauh4za0g0000001753088274734&qH=a81ad6e72f7a2fd1,https://rukminim2.flixcart.com/image/312/312/xif0q/mobile/d/x/w/k28-pro-k28-pro-kechaoda-original-imah98ftuq4k9ept.jpeg?q=70,Mobiles,Flipkart
"REDMI Note 14 5G (Phantom Purple, 128 GB)",16578.0,4.3,94.0,https://www.flipkart.com/redmi-note-14-5g-phantom-purple-128-gb/p/itm11a447d125328?pid=MOBH78KTCGW6YZKF&lid=LSTMOBH78KTCGW6YZKFCFRJB2&marketplace=FLIPKART&q=mobile+phones&store=tyy%2F4io&srno=s_37_873&otracker=search&otracker1=search&fm=Search&iid=97e7c1d8-6d4f-44ac-bb66-a510842b7e28.MOBH78KTCGW6YZKF.SEARCH&ppt=sp&ppn=sp&ssid=xuauh4za0g0000001753088274734&qH=a81ad6e72f7a2fd1,https://rukminim2.flixcart.com/image/312/312/xif0q/mobile/o/j/j/-original-imah7gbgybkx2hz3.jpeg?q=70,Mobiles,Flipkart
"Samsung Galaxy S25 Ultra 5G (Titanium Whitesilver, 256 GB)",117999.0,4.7,214.0,https://www.flipkart.com/samsung-galaxy-s25-ultra-5g-titanium-whitesilver-256-gb/p/itm9beb2f2beaa5e?pid=MOBH8K8U56WRFZFR&lid=LSTMOBH8K8U56WRFZFRNVXGVH&marketplace=FLIPKART&q=mobile+phones&store=tyy%2F4io&srno=s_37_874&otracker=search&otracker1=search&fm=Search&iid=97e7c1d8-6d4f-44ac-bb66-a510842b7e28.MOBH8K8U56WRFZFR.SEARCH&ppt=sp&ppn=sp&ssid=xuauh4za0g0000001753088274734&qH=a81ad6e72f7a2fd1,https://rukminim2.flixcart.com/image/312/312/xif0q/mobile/z/c/n/-original-imahch2huanfywjg.jpeg?q=70,Mobiles,Flipkart
"vivo V40e 5G (Royal Bronze, 256 GB)",26999.0,4.4,652.0,https://www.flipkart.com/vivo-v40e-5g-royal-bronze-256-gb/p/itm710974d0d3986?pid=MOBH4K7QB5XUH4Q2&lid=LSTMOBH4K7QB5XUH4Q2GVXDAN&marketplace=FLIPKART&q=mobile+phones&store=tyy%2F4io&srno=s_37_875&otracker=search&otracker1=search&fm=Search&iid=97e7c1d8-6d4f-44ac-bb66-a510842b7e28.MOBH4K7QB5XUH4Q2.SEARCH&ppt=sp&ppn=sp&ssid=xuauh4za0g0000001753088274734&qH=a81ad6e72f7a2fd1,https://rukminim2.flixcart.com/image/312/312/xif0q/mobile/7/v/f/v40e-5g-v2403-vivo-original-imah6yshxyvnyfnt.jpeg?q=70,Mobiles,Flipkart
"REDMI A4 (Sparkle Purple, 128 GB)",9534.0,4.3,322.0,https://www.flipkart.com/redmi-a4-sparkle-purple-128-gb/p/itm195b57bdc2f83?pid=MOBH6YHDGD57AVHX&lid=LSTMOBH6YHDGD57AVHXYLGRQY&marketplace=FLIPKART&q=mobile+phones&store=tyy%2F4io&srno=s_37_876&otracker=search&otracker1=search&fm=Search&iid=97e7c1d8-6d4f-44ac-bb66-a510842b7e28.MOBH6YHDGD57AVHX.SEARCH&ppt=sp&ppn=sp&ssid=xuauh4za0g0000001753088274734&qH=a81ad6e72f7a2fd1,https://rukminim2.flixcart.com/image/312/312/xif0q/mobile/x/c/z/a4-5g-a4-5g-redmi-original-imah6yhdqpgfw36t.jpeg?q=70,Mobiles,Flipkart
"REDMI Note-14 Pro+ 5G (Spectre Blue, 256 GB)",29980.0,4.1,7.0,https://www.flipkart.com/redmi-note-14-pro-5g-spectre-blue-256-gb/p/itmf69d377f9a8fb?pid=MOBH8BW3VWEPGQ7A&lid=LSTMOBH8BW3VWEPGQ7ALPXPOV&marketplace=FLIPKART&q=mobile+phones&store=tyy%2F4io&srno=s_37_877&otracker=search&otracker1=search&fm=Search&iid=97e7c1d8-6d4f-44ac-bb66-a510842b7e28.MOBH8BW3VWEPGQ7A.SEARCH&ppt=sp&ppn=sp&ssid=xuauh4za0g0000001753088274734&qH=a81ad6e72f7a2fd1,https://rukminim2.flixcart.com/image/312/312/xif0q/mobile/k/g/r/-original-imah7z8pbfmgjc4t.jpeg?q=70,Mobiles,Flipkart
"Samsung Galaxy S25 5G (Silver Shadow, 256 GB)",80999.0,4.6,264.0,https://www.flipkart.com/samsung-galaxy-s25-5g-silver-shadow-256-gb/p/itm70d1f331ebbac?pid=MOBH8K8UH9XHPVGQ&lid=LSTMOBH8K8UH9XHPVGQEUE4JY&marketplace=FLIPKART&q=mobile+phones&store=tyy%2F4io&srno=s_37_878&otracker=search&otracker1=search&fm=Search&iid=97e7c1d8-6d4f-44ac-bb66-a510842b7e28.MOBH8K8UH9XHPVGQ.SEARCH&ppt=sp&ppn=sp&ssid=xuauh4za0g0000001753088274734&qH=a81ad6e72f7a2fd1,https://rukminim2.flixcart.com/image/312/312/xif0q/mobile/d/m/k/-original-imahch2h4yjyygy2.jpeg?q=70,Mobiles,Flipkart
Kechaoda K120,1199.0,3.9,19.0,https://www.flipkart.com/kechaoda-k120/p/itmd949232687150?pid=MOBG4NPAPPN8R3Z5&lid=LSTMOBG4NPAPPN8R3Z5UKGHG0&marketplace=FLIPKART&q=mobile+phones&store=tyy%2F4io&srno=s_37_879&otracker=search&otracker1=search&fm=Search&iid=97e7c1d8-6d4f-44ac-bb66-a510842b7e28.MOBG4NPAPPN8R3Z5.SEARCH&ppt=sp&ppn=sp&ssid=xuauh4za0g0000001753088274734&qH=a81ad6e72f7a2fd1,https://rukminim2.flixcart.com/image/312/312/kqpj4i80/mobile/e/2/m/k120-k120-kechaoda-original-imag4np7zeqanxhf.jpeg?q=70,Mobiles,Flipkart
"realme 70 TURBO 5G (Turbo Purple, 128 GB)",19990.0,4.4,286.0,https://www.flipkart.com/realme-70-turbo-5g-turbo-purple-128-gb/p/itm7ebb13c5b0bcb?pid=MOBH4RZFGA8HQTBP&lid=LSTMOBH4RZFGA8HQTBPRFA7XO&marketplace=FLIPKART&q=mobile+phones&store=tyy%2F4io&srno=s_37_880&otracker=search&otracker1=search&fm=Search&iid=97e7c1d8-6d4f-44ac-bb66-a510842b7e28.MOBH4RZFGA8HQTBP.SEARCH&ppt=sp&ppn=sp&ssid=xuauh4za0g0000001753088274734&qH=a81ad6e72f7a2fd1,https://rukminim2.flixcart.com/image/312/312/xif0q/mobile/i/y/g/-original-imah4yj9f8twjgzh.jpeg?q=70,Mobiles,Flipkart
"REDMI 13c 5G (Startrail Silver, 128 GB)",11498.0,4.3,1739.0,https://www.flipkart.com/redmi-13c-5g-startrail-silver-128-gb/p/itm996fbc603ec3c?pid=MOBGW6S7H6ZGKDWJ&lid=LSTMOBGW6S7H6ZGKDWJAILHYS&marketplace=FLIPKART&q=mobile+phones&store=tyy%2F4io&srno=s_37_881&otracker=search&otracker1=search&fm=Search&iid=97e7c1d8-6d4f-44ac-bb66-a510842b7e28.MOBGW6S7H6ZGKDWJ.SEARCH&ppt=sp&ppn=sp&ssid=xuauh4za0g0000001753088274734&qH=a81ad6e72f7a2fd1,https://rukminim2.flixcart.com/image/312/312/xif0q/mobile/b/n/1/13c-5g-23124rn87i-redmi-original-imahbncqgqcfsbyp.jpeg?q=70,Mobiles,Flipkart
"POCO C71 - Locked with Airtel Prepaid (Desert Gold, 64 GB)",5899.0,3.9,970.0,https://www.flipkart.com/poco-c71-locked-airtel-prepaid-desert-gold-64-gb/p/itmb0bb5af15d090?pid=MOBHAFVJ5QYQMBRV&lid=LSTMOBHAFVJ5QYQMBRVX1X4P4&marketplace=FLIPKART&q=mobile+phones&store=tyy%2F4io&srno=s_37_882&otracker=search&otracker1=search&fm=Search&iid=97e7c1d8-6d4f-44ac-bb66-a510842b7e28.MOBHAFVJ5QYQMBRV.SEARCH&ppt=sp&ppn=sp&ssid=xuauh4za0g0000001753088274734&qH=a81ad6e72f7a2fd1,https://rukminim2.flixcart.com/image/312/312/xif0q/mobile/e/l/l/-original-imahawgach4z7yrp.jpeg?q=70,Mobiles,Flipkart
"IQOO Neo 10 (Inferno Red, 512 GB)",42580.0,4.3,0.0,https://www.flipkart.com/iqoo-neo-10-inferno-red-512-gb/p/itm71d7f640ed666?pid=MOBHCJZ2ZWNT3ZYH&lid=LSTMOBHCJZ2ZWNT3ZYHLPG1ET&marketplace=FLIPKART&q=mobile+phones&store=tyy%2F4io&srno=s_37_883&otracker=search&otracker1=search&fm=Search&iid=97e7c1d8-6d4f-44ac-bb66-a510842b7e28.MOBHCJZ2ZWNT3ZYH.SEARCH&ppt=sp&ppn=sp&ssid=xuauh4za0g0000001753088274734&qH=a81ad6e72f7a2fd1,https://rukminim2.flixcart.com/image/312/312/xif0q/mobile/c/s/r/neo-10-i2405-iqoo-original-imahcgtx6xwxzydz.jpeg?q=70,Mobiles,Flipkart
LAVA A1 josh Bol,1133.0,4.1,735.0,https://www.flipkart.com/lava-a1-josh-bol/p/itm35b50decd618d?pid=MOBG5JYQUHGSHHSA&lid=LSTMOBG5JYQUHGSHHSA8O3VQY&marketplace=FLIPKART&q=mobile+phones&store=tyy%2F4io&srno=s_37_884&otracker=search&otracker1=search&fm=Search&iid=97e7c1d8-6d4f-44ac-bb66-a510842b7e28.MOBG5JYQUHGSHHSA.SEARCH&ppt=sp&ppn=sp&ssid=xuauh4za0g0000001753088274734&qH=a81ad6e72f7a2fd1,https://rukminim2.flixcart.com/image/312/312/xif0q/mobile/m/d/f/a1-josh-bol-lf1008-lava-original-imah45xzg4qgqxsh.jpeg?q=70,Mobiles,Flipkart
"realme Narzo 80 Pro 5G (Speed Silver, 256 GB)",22882.0,4.6,5.0,https://www.flipkart.com/realme-narzo-80-pro-5g-speed-silver-256-gb/p/itmfe3cb63d4f727?pid=MOBHB4U6CJ9AA5JE&lid=LSTMOBHB4U6CJ9AA5JEUNURK5&marketplace=FLIPKART&q=mobile+phones&store=tyy%2F4io&srno=s_37_885&otracker=search&otracker1=search&fm=Search&iid=97e7c1d8-6d4f-44ac-bb66-a510842b7e28.MOBHB4U6CJ9AA5JE.SEARCH&ppt=sp&ppn=sp&ssid=xuauh4za0g0000001753088274734&qH=a81ad6e72f7a2fd1,https://rukminim2.flixcart.com/image/312/312/xif0q/mobile/w/k/r/narzo-80-pro-5g-rmx5033-realme-original-imahb4u6pvavzuv6.jpeg?q=70,Mobiles,Flipkart
Jio BHARAT K1 4G,850.0,3.8,0.0,https://www.flipkart.com/jio-bharat-k1-4g/p/itm94e051980eb37?pid=MOBHD3NJNFTAWNPP&lid=LSTMOBHD3NJNFTAWNPPGBSC53&marketplace=FLIPKART&q=mobile+phones&store=tyy%2F4io&srno=s_37_886&otracker=search&otracker1=search&fm=Search&iid=97e7c1d8-6d4f-44ac-bb66-a510842b7e28.MOBHD3NJNFTAWNPP.SEARCH&ppt=sp&ppn=sp&ssid=xuauh4za0g0000001753088274734&qH=a81ad6e72f7a2fd1,https://rukminim2.flixcart.com/image/312/312/xif0q/mobile/u/r/j/bharat-a1-4g-kw301-karbonn-original-imahy9ze38gb8n4s.jpeg?q=70,Mobiles,Flipkart
"Samsung Galaxy A26 5G (Awesome Black, 128 GB)",22999.0,4.0,22.0,https://www.flipkart.com/samsung-galaxy-a26-5g-awesome-black-128-gb/p/itm3869766b00b78?pid=MOBH9RNGY9JXHKKH&lid=LSTMOBH9RNGY9JXHKKHHDNJ2M&marketplace=FLIPKART&q=mobile+phones&store=tyy%2F4io&srno=s_37_887&otracker=search&otracker1=search&fm=Search&iid=97e7c1d8-6d4f-44ac-bb66-a510842b7e28.MOBH9RNGY9JXHKKH.SEARCH&ppt=sp&ppn=sp&ssid=xuauh4za0g0000001753088274734&qH=a81ad6e72f7a2fd1,https://rukminim2.flixcart.com/image/312/312/xif0q/mobile/e/n/7/-original-imahaggjrvgwhgg6.jpeg?q=70,Mobiles,Flipkart
"vivo V40e 5G (Mint Green, 128 GB)",24999.0,4.4,652.0,https://www.flipkart.com/vivo-v40e-5g-mint-green-128-gb/p/itm710974d0d3986?pid=MOBH4K7QTGYZUX6E&lid=LSTMOBH4K7QTGYZUX6EVCTYSE&marketplace=FLIPKART&q=mobile+phones&store=tyy%2F4io&srno=s_37_888&otracker=search&otracker1=search&fm=Search&iid=97e7c1d8-6d4f-44ac-bb66-a510842b7e28.MOBH4K7QTGYZUX6E.SEARCH&ppt=sp&ppn=sp&ssid=xuauh4za0g0000001753088274734&qH=a81ad6e72f7a2fd1,https://rukminim2.flixcart.com/image/312/312/xif0q/mobile/r/h/b/v40e-5g-v2403-vivo-original-imah5y74xj3fpgv5.jpeg?q=70,Mobiles,Flipkart
"OPPO A5x 5G (Midnight Blue, 128 GB)",12999.0,4.2,2.0,https://www.flipkart.com/oppo-a5x-5g-midnight-blue-128-gb/p/itm3835ee81e6b24?pid=MOBHCBRN3RB3JHEJ&lid=LSTMOBHCBRN3RB3JHEJ6Y8KMQ&marketplace=FLIPKART&q=mobile+phones&store=tyy%2F4io&srno=s_38_889&otracker=search&otracker1=search&fm=Search&iid=d11d793d-1b32-419f-a92b-850ad8de1222.MOBHCBRN3RB3JHEJ.SEARCH&ppt=sp&ppn=sp&ssid=t6vdtqbrj40000001753088284086&qH=a81ad6e72f7a2fd1,https://rukminim2.flixcart.com/image/312/312/xif0q/mobile/c/u/o/-original-imahchfjvcuyqfqy.jpeg?q=70,Mobiles,Flipkart
"OPPO F29 5G (Glacier Blue, 256 GB)",25999.0,4.3,102.0,https://www.flipkart.com/oppo-f29-5g-glacier-blue-256-gb/p/itm9dc24554582c3?pid=MOBHAFRZ6VEQ76PN&lid=LSTMOBHAFRZ6VEQ76PNKDDSI8&marketplace=FLIPKART&q=mobile+phones&store=tyy%2F4io&srno=s_38_890&otracker=search&otracker1=search&fm=Search&iid=d11d793d-1b32-419f-a92b-850ad8de1222.MOBHAFRZ6VEQ76PN.SEARCH&ppt=sp&ppn=sp&ssid=t6vdtqbrj40000001753088284086&qH=a81ad6e72f7a2fd1,https://rukminim2.flixcart.com/image/312/312/xif0q/mobile/b/h/v/-original-imahafraehpnawrf.jpeg?q=70,Mobiles,Flipkart
"Samsung Galaxy A36 5G (Awesome Black, 128 GB)",30999.0,4.3,65.0,https://www.flipkart.com/samsung-galaxy-a36-5g-awesome-black-128-gb/p/itmcf7765e46c231?pid=MOBH9RNG8NGYKDEQ&lid=LSTMOBH9RNG8NGYKDEQR9EVAJ&marketplace=FLIPKART&q=mobile+phones&store=tyy%2F4io&srno=s_38_891&otracker=search&otracker1=search&fm=Search&iid=d11d793d-1b32-419f-a92b-850ad8de1222.MOBH9RNG8NGYKDEQ.SEARCH&ppt=sp&ppn=sp&ssid=t6vdtqbrj40000001753088284086&qH=a81ad6e72f7a2fd1,https://rukminim2.flixcart.com/image/312/312/xif0q/mobile/c/c/s/-original-imahb3hpedvsngwy.jpeg?q=70,Mobiles,Flipkart
Kechaoda K200,999.0,3.9,14.0,https://www.flipkart.com/kechaoda-k200/p/itm8e0944d01d087?pid=MOBFYECFJ84CHHPZ&lid=LSTMOBFYECFJ84CHHPZVFGWAL&marketplace=FLIPKART&q=mobile+phones&store=tyy%2F4io&srno=s_38_892&otracker=search&otracker1=search&fm=Search&iid=d11d793d-1b32-419f-a92b-850ad8de1222.MOBFYECFJ84CHHPZ.SEARCH&ppt=sp&ppn=sp&ssid=t6vdtqbrj40000001753088284086&qH=a81ad6e72f7a2fd1,https://rukminim2.flixcart.com/image/312/312/kgzg8sw0pkrrdj-0/mobile/t/k/w/k200-k200-kechaoda-original-imafx87r6hpz6fvy.jpeg?q=70,Mobiles,Flipkart
"Tecno Spark 30C 5G (Azure Sky, 128 GB)",12999.0,4.3,7.0,https://www.flipkart.com/tecno-spark-30c-5g-azure-sky-128-gb/p/itmb902b43315dae?pid=MOBH9HYGZYHGGBWJ&lid=LSTMOBH9HYGZYHGGBWJZMTHKS&marketplace=FLIPKART&q=mobile+phones&store=tyy%2F4io&srno=s_38_894&otracker=search&otracker1=search&fm=Search&iid=d11d793d-1b32-419f-a92b-850ad8de1222.MOBH9HYGZYHGGBWJ.SEARCH&ppt=sp&ppn=sp&ssid=t6vdtqbrj40000001753088284086&qH=a81ad6e72f7a2fd1,https://rukminim2.flixcart.com/image/312/312/xif0q/mobile/5/g/6/-original-imahb8yhkundbbhr.jpeg?q=70,Mobiles,Flipkart
"Tecno Spark 30C 5G (Midnight Shadow, 64 GB)",9999.0,4.1,39.0,https://www.flipkart.com/tecno-spark-30c-5g-midnight-shadow-64-gb/p/itmb902b43315dae?pid=MOBH9HYGPGBYMZCQ&lid=LSTMOBH9HYGPGBYMZCQXJTWJK&marketplace=FLIPKART&q=mobile+phones&store=tyy%2F4io&srno=s_38_895&otracker=search&otracker1=search&fm=Search&iid=d11d793d-1b32-419f-a92b-850ad8de1222.MOBH9HYGPGBYMZCQ.SEARCH&ppt=sp&ppn=sp&ssid=t6vdtqbrj40000001753088284086&qH=a81ad6e72f7a2fd1,https://rukminim2.flixcart.com/image/312/312/xif0q/mobile/i/u/t/-original-imahb8yhzk7upyuq.jpeg?q=70,Mobiles,Flipkart
GFive SHARK NEW,749.0,3.7,3.0,https://www.flipkart.com/gfive-shark-new/p/itmec6104c1ea59c?pid=MOBHBK83RGQC5YYA&lid=LSTMOBHBK83RGQC5YYAPEZYFN&marketplace=FLIPKART&q=mobile+phones&store=tyy%2F4io&srno=s_38_896&otracker=search&otracker1=search&fm=Search&iid=d11d793d-1b32-419f-a92b-850ad8de1222.MOBHBK83RGQC5YYA.SEARCH&ppt=sp&ppn=sp&ssid=t6vdtqbrj40000001753088284086&qH=a81ad6e72f7a2fd1,https://rukminim2.flixcart.com/image/312/312/xif0q/mobile/j/a/4/shark-new-shark-new-gfive-original-imahbk83trsbsur2.jpeg?q=70,Mobiles,Flipkart
"OPPO A3x 5G (Sparkle Black, 128 GB)",12499.0,4.2,142.0,https://www.flipkart.com/oppo-a3x-5g-sparkle-black-128-gb/p/itmb2b7c683d72a8?pid=MOBH3YHWPTGX2YH8&lid=LSTMOBH3YHWPTGX2YH8VK3TYA&marketplace=FLIPKART&q=mobile+phones&store=tyy%2F4io&srno=s_38_897&otracker=search&otracker1=search&fm=Search&iid=d11d793d-1b32-419f-a92b-850ad8de1222.MOBH3YHWPTGX2YH8.SEARCH&ppt=sp&ppn=sp&ssid=t6vdtqbrj40000001753088284086&qH=a81ad6e72f7a2fd1,https://rukminim2.flixcart.com/image/312/312/xif0q/mobile/h/s/q/a3x-5g-cph2681-oppo-original-imah4j8hbwuqtyqq.jpeg?q=70,Mobiles,Flipkart
Kechaoda A26,898.0,4.0,1577.0,https://www.flipkart.com/kechaoda-a26/p/itmfcvuscszh9sjb?pid=MOBFCVSQZZBCY9BF&lid=LSTMOBFCVSQZZBCY9BF5JQSEF&marketplace=FLIPKART&q=mobile+phones&store=tyy%2F4io&srno=s_38_898&otracker=search&otracker1=search&fm=Search&iid=d11d793d-1b32-419f-a92b-850ad8de1222.MOBFCVSQZZBCY9BF.SEARCH&ppt=sp&ppn=sp&ssid=t6vdtqbrj40000001753088284086&qH=a81ad6e72f7a2fd1,https://rukminim2.flixcart.com/image/312/312/jyxaw7k0/mobile/u/t/t/kechaoda-a26-a26-original-imafhyqgzxkzcmzm.jpeg?q=70,Mobiles,Flipkart
"Motorola e13 (Cosmic Black, 64 GB)",6999.0,4.1,7791.0,https://www.flipkart.com/motorola-e13-cosmic-black-64-gb/p/itm2cd6a5ea435eb?pid=MOBGKHNBBMSUE94W&lid=LSTMOBGKHNBBMSUE94WLKIEFB&marketplace=FLIPKART&q=mobile+phones&store=tyy%2F4io&srno=s_38_899&otracker=search&otracker1=search&fm=Search&iid=d11d793d-1b32-419f-a92b-850ad8de1222.MOBGKHNBBMSUE94W.SEARCH&ppt=sp&ppn=sp&ssid=t6vdtqbrj40000001753088284086&qH=a81ad6e72f7a2fd1,https://rukminim2.flixcart.com/image/312/312/xif0q/mobile/p/o/z/-original-imagmmmhjsjru7c2.jpeg?q=70,Mobiles,Flipkart
Kechaoda A26,909.0,4.0,1577.0,https://www.flipkart.com/kechaoda-a26/p/itmfcvuscszh9sjb?pid=MOBFM53SCXM6QEBN&lid=LSTMOBFM53SCXM6QEBNJJZVRG&marketplace=FLIPKART&q=mobile+phones&store=tyy%2F4io&srno=s_38_900&otracker=search&otracker1=search&fm=Search&iid=d11d793d-1b32-419f-a92b-850ad8de1222.MOBFM53SCXM6QEBN.SEARCH&ppt=sp&ppn=sp&ssid=t6vdtqbrj40000001753088284086&qH=a81ad6e72f7a2fd1,https://rukminim2.flixcart.com/image/312/312/k2w6xe80/mobile/e/b/n/kechaoda-a26-a26-original-imafm57vj5spyz2s.jpeg?q=70,Mobiles,Flipkart
"realme Gt 7 (Icesense Blue, 256 GB)",39999.0,4.7,1.0,https://www.flipkart.com/realme-gt-7-icesense-blue-256-gb/p/itm6cc8f84d92e2f?pid=MOBHCHWNFTFYCQWQ&lid=LSTMOBHCHWNFTFYCQWQ8HOP8L&marketplace=FLIPKART&q=mobile+phones&store=tyy%2F4io&srno=s_38_901&otracker=search&otracker1=search&fm=Search&iid=d11d793d-1b32-419f-a92b-850ad8de1222.MOBHCHWNFTFYCQWQ.SEARCH&ppt=sp&ppn=sp&ssid=t6vdtqbrj40000001753088284086&qH=a81ad6e72f7a2fd1,https://rukminim2.flixcart.com/image/312/312/xif0q/mobile/r/p/m/gt-7-rmx5061-realme-original-imahchvrer2vapy2.jpeg?q=70,Mobiles,Flipkart
Kechaoda K9,1210.0,4.1,298.0,https://www.flipkart.com/kechaoda-k9/p/itmf3pw89weqvqu8?pid=MOBF3HCDFGM2HZ83&lid=LSTMOBF3HCDFGM2HZ83WVDBGD&marketplace=FLIPKART&q=mobile+phones&store=tyy%2F4io&srno=s_38_902&otracker=search&otracker1=search&fm=Search&iid=d11d793d-1b32-419f-a92b-850ad8de1222.MOBF3HCDFGM2HZ83.SEARCH&ppt=sp&ppn=sp&ssid=t6vdtqbrj40000001753088284086&qH=a81ad6e72f7a2fd1,https://rukminim2.flixcart.com/image/312/312/jyxaw7k0/mobile/g/r/f/kechaoda-k9-k9-original-imafgrt5cthkqths.jpeg?q=70,Mobiles,Flipkart
"Tecno Spark 30C 5G (Aurora Cloud, 64 GB)",9999.0,4.1,39.0,https://www.flipkart.com/tecno-spark-30c-5g-aurora-cloud-64-gb/p/itmb902b43315dae?pid=MOBH9HYGKPHP6UAB&lid=LSTMOBH9HYGKPHP6UABN58IJM&marketplace=FLIPKART&q=mobile+phones&store=tyy%2F4io&srno=s_38_903&otracker=search&otracker1=search&fm=Search&iid=d11d793d-1b32-419f-a92b-850ad8de1222.MOBH9HYGKPHP6UAB.SEARCH&ppt=sp&ppn=sp&ssid=t6vdtqbrj40000001753088284086&qH=a81ad6e72f7a2fd1,https://rukminim2.flixcart.com/image/312/312/xif0q/mobile/h/5/q/-original-imahb8yght9xhw4s.jpeg?q=70,Mobiles,Flipkart
"Tecno Spark 30C 5G (Azure Sky, 64 GB)",9999.0,4.1,39.0,https://www.flipkart.com/tecno-spark-30c-5g-azure-sky-64-gb/p/itmb902b43315dae?pid=MOBH9HYGSKETXVFC&lid=LSTMOBH9HYGSKETXVFCQZAV0T&marketplace=FLIPKART&q=mobile+phones&store=tyy%2F4io&srno=s_38_904&otracker=search&otracker1=search&fm=Search&iid=d11d793d-1b32-419f-a92b-850ad8de1222.MOBH9HYGSKETXVFC.SEARCH&ppt=sp&ppn=sp&ssid=t6vdtqbrj40000001753088284086&qH=a81ad6e72f7a2fd1,https://rukminim2.flixcart.com/image/312/312/xif0q/mobile/5/g/6/-original-imahb8yhkundbbhr.jpeg?q=70,Mobiles,Flipkart
Snexian ROCK FOLD MINI,2190.0,4.1,0.0,https://www.flipkart.com/snexian-rock-fold-mini/p/itm03a46c84e3d32?pid=MOBHC4FJ6JPDRZSZ&lid=LSTMOBHC4FJ6JPDRZSZ0CMO0G&marketplace=FLIPKART&q=mobile+phones&store=tyy%2F4io&srno=s_38_905&otracker=search&otracker1=search&fm=Search&iid=d11d793d-1b32-419f-a92b-850ad8de1222.MOBHC4FJ6JPDRZSZ.SEARCH&ppt=sp&ppn=sp&ssid=t6vdtqbrj40000001753088284086&qH=a81ad6e72f7a2fd1,https://rukminim2.flixcart.com/image/312/312/xif0q/mobile/a/m/5/rock-fold-mini-rock-fold-mini-snexian-original-imahc4fjajujagcc.jpeg?q=70,Mobiles,Flipkart
"Samsung Galaxy S23 5G (Phantom Black, 128 GB)",44999.0,4.6,5401.0,https://www.flipkart.com/samsung-galaxy-s23-5g-phantom-black-128-gb/p/itm1f3efe01d1c61?pid=MOBGNPGZVX4PCTTF&lid=LSTMOBGNPGZVX4PCTTFYWYWBL&marketplace=FLIPKART&q=mobile+phones&store=tyy%2F4io&srno=s_38_906&otracker=search&otracker1=search&fm=Search&iid=d11d793d-1b32-419f-a92b-850ad8de1222.MOBGNPGZVX4PCTTF.SEARCH&ppt=sp&ppn=sp&ssid=t6vdtqbrj40000001753088284086&qH=a81ad6e72f7a2fd1,https://rukminim2.flixcart.com/image/312/312/xif0q/mobile/t/0/g/-original-imah4zp7fvqp8wev.jpeg?q=70,Mobiles,Flipkart
"REDMI 13 5G (Black Diamond, 128 GB)",15998.0,4.3,586.0,https://www.flipkart.com/redmi-13-5g-black-diamond-128-gb/p/itmbf96c9b15ce5e?pid=MOBH2SU8G4RW85RG&lid=LSTMOBH2SU8G4RW85RGCINGXG&marketplace=FLIPKART&q=mobile+phones&store=tyy%2F4io&srno=s_38_907&otracker=search&otracker1=search&fm=Search&iid=d11d793d-1b32-419f-a92b-850ad8de1222.MOBH2SU8G4RW85RG.SEARCH&ppt=sp&ppn=sp&ssid=t6vdtqbrj40000001753088284086&qH=a81ad6e72f7a2fd1,https://rukminim2.flixcart.com/image/312/312/xif0q/mobile/j/d/8/13-5g-2406ern9ci-redmi-original-imah3ppqjufen2j7.jpeg?q=70,Mobiles,Flipkart
"Tecno Spark Go 1 (Magic Skin Green, 64 GB)",7299.0,4.3,282.0,https://www.flipkart.com/tecno-spark-go-1-magic-skin-green-64-gb/p/itma978101d8bf15?pid=MOBH9HYGTSNMX8XE&lid=LSTMOBH9HYGTSNMX8XERQ9MDO&marketplace=FLIPKART&q=mobile+phones&store=tyy%2F4io&srno=s_38_908&otracker=search&otracker1=search&fm=Search&iid=d11d793d-1b32-419f-a92b-850ad8de1222.MOBH9HYGTSNMX8XE.SEARCH&ppt=sp&ppn=sp&ssid=t6vdtqbrj40000001753088284086&qH=a81ad6e72f7a2fd1,https://rukminim2.flixcart.com/image/312/312/xif0q/mobile/x/b/g/-original-imah43f27gxaqhhy.jpeg?q=70,Mobiles,Flipkart
GFive SHARK,749.0,3.6,68.0,https://www.flipkart.com/gfive-shark/p/itm2b26f716cbd4f?pid=MOBH8ZR3YSZZTDKQ&lid=LSTMOBH8ZR3YSZZTDKQB29FN9&marketplace=FLIPKART&q=mobile+phones&store=tyy%2F4io&srno=s_38_909&otracker=search&otracker1=search&fm=Search&iid=d11d793d-1b32-419f-a92b-850ad8de1222.MOBH8ZR3YSZZTDKQ.SEARCH&ppt=sp&ppn=sp&ssid=t6vdtqbrj40000001753088284086&qH=a81ad6e72f7a2fd1,https://rukminim2.flixcart.com/image/312/312/xif0q/mobile/k/q/g/shark-shark-gfive-original-imahdseatqxjxrbx.jpeg?q=70,Mobiles,Flipkart
"vivo Y58 5G (Sundarbans Green, 128 GB)",17499.0,4.4,57.0,https://www.flipkart.com/vivo-y58-5g-sundarbans-green-128-gb/p/itm372e844f047dd?pid=MOBHFRKY2G93X2HM&lid=LSTMOBHFRKY2G93X2HMETAWQY&marketplace=FLIPKART&q=mobile+phones&store=tyy%2F4io&srno=s_38_910&otracker=search&otracker1=search&fm=Search&iid=d11d793d-1b32-419f-a92b-850ad8de1222.MOBHFRKY2G93X2HM.SEARCH&ppt=sp&ppn=sp&ssid=t6vdtqbrj40000001753088284086&qH=a81ad6e72f7a2fd1,https://rukminim2.flixcart.com/image/312/312/xif0q/mobile/a/u/l/-original-imah2y7hwk6bf6b6.jpeg?q=70,Mobiles,Flipkart
"Google Pixel 9 Pro XL (Hazel, 256 GB)",104999.0,4.6,70.0,https://www.flipkart.com/google-pixel-9-pro-xl-hazel-256-gb/p/itm68e9d85f9d9b2?pid=MOBH2HJGH9PKHRNF&lid=LSTMOBH2HJGH9PKHRNFUHLTE4&marketplace=FLIPKART&q=mobile+phones&store=tyy%2F4io&srno=s_38_911&otracker=search&otracker1=search&fm=Search&iid=d11d793d-1b32-419f-a92b-850ad8de1222.MOBH2HJGH9PKHRNF.SEARCH&ppt=sp&ppn=sp&ssid=t6vdtqbrj40000001753088284086&qH=a81ad6e72f7a2fd1,https://rukminim2.flixcart.com/image/312/312/xif0q/mobile/9/9/5/pixel-9-pro-xl-ga05985-in-google-original-imah3pffmvyyjcdn.jpeg?q=70,Mobiles,Flipkart
"realme Narzo 80 Pro 5G (Racing Green, 256 GB)",21480.0,4.4,12.0,https://www.flipkart.com/realme-narzo-80-pro-5g-racing-green-256-gb/p/itmfe3cb63d4f727?pid=MOBHB4U67U2AVJAY&lid=LSTMOBHB4U67U2AVJAYD95D3X&marketplace=FLIPKART&q=mobile+phones&store=tyy%2F4io&srno=s_38_912&otracker=search&otracker1=search&fm=Search&iid=d11d793d-1b32-419f-a92b-850ad8de1222.MOBHB4U67U2AVJAY.SEARCH&ppt=sp&ppn=sp&ssid=t6vdtqbrj40000001753088284086&qH=a81ad6e72f7a2fd1,https://rukminim2.flixcart.com/image/312/312/xif0q/mobile/b/v/z/narzo-80-pro-5g-rmx5033-realme-original-imahb4u6kztxtcrd.jpeg?q=70,Mobiles,Flipkart
"itel A50C (Misty Aqua, 32 GB)",5969.0,4.1,13.0,https://www.flipkart.com/itel-a50c-misty-aqua-32-gb/p/itm2032e2f53466f?pid=MOBH4HFHPP9FMYZS&lid=LSTMOBH4HFHPP9FMYZSXW56V6&marketplace=FLIPKART&q=mobile+phones&store=tyy%2F4io&srno=s_39_913&otracker=search&otracker1=search&fm=Search&iid=40f4dab7-eac6-4ce6-b4fe-080a8636f6c1.MOBH4HFHPP9FMYZS.SEARCH&ppt=sp&ppn=sp&ssid=8l02y364y80000001753088293371&qH=a81ad6e72f7a2fd1,https://rukminim2.flixcart.com/image/312/312/xif0q/mobile/j/p/k/a50c-a669l-itel-original-imah53vykeynbuhn.jpeg?q=70,Mobiles,Flipkart
"Motorola e13 (Aurora Green, 64 GB)",6999.0,4.1,7791.0,https://www.flipkart.com/motorola-e13-aurora-green-64-gb/p/itmb52d8f826cd9a?pid=MOBGKHNBA55HDSZR&lid=LSTMOBGKHNBA55HDSZRHOAFME&marketplace=FLIPKART&q=mobile+phones&store=tyy%2F4io&srno=s_39_914&otracker=search&otracker1=search&fm=Search&iid=40f4dab7-eac6-4ce6-b4fe-080a8636f6c1.MOBGKHNBA55HDSZR.SEARCH&ppt=sp&ppn=sp&ssid=8l02y364y80000001753088293371&qH=a81ad6e72f7a2fd1,https://rukminim2.flixcart.com/image/312/312/xif0q/mobile/i/8/5/-original-imagmmmhmjpfvbry.jpeg?q=70,Mobiles,Flipkart
"Tecno Pop 9 5G (Azure Sky, 128 GB)",9999.0,3.9,1.0,https://www.flipkart.com/tecno-pop-9-5g-azure-sky-128-gb/p/itm76579098435d9?pid=MOBHC4CVNTCHW8WB&lid=LSTMOBHC4CVNTCHW8WBJNUTNO&marketplace=FLIPKART&q=mobile+phones&store=tyy%2F4io&srno=s_39_915&otracker=search&otracker1=search&fm=Search&iid=40f4dab7-eac6-4ce6-b4fe-080a8636f6c1.MOBHC4CVNTCHW8WB.SEARCH&ppt=sp&ppn=sp&ssid=8l02y364y80000001753088293371&qH=a81ad6e72f7a2fd1,https://rukminim2.flixcart.com/image/312/312/xif0q/mobile/y/o/m/-original-imahe3emhkgfdvje.jpeg?q=70,Mobiles,Flipkart
"Snectian Rock Z Flip Dual Sim |Keypad Mobile| with 2.4"" Display Call & SMS Indicator",2161.0,3.9,8.0,https://www.flipkart.com/snectian-rock-z-flip-dual-sim-keypad-mobile-2-4-display-call-sms-indicator/p/itmab0be74895723?pid=MOBH398FK2AMZEFT&lid=LSTMOBH398FK2AMZEFTGOWV4F&marketplace=FLIPKART&q=mobile+phones&store=tyy%2F4io&srno=s_39_916&otracker=search&otracker1=search&fm=Search&iid=40f4dab7-eac6-4ce6-b4fe-080a8636f6c1.MOBH398FK2AMZEFT.SEARCH&ppt=sp&ppn=sp&ssid=8l02y364y80000001753088293371&qH=a81ad6e72f7a2fd1,https://rukminim2.flixcart.com/image/312/312/xif0q/mobile/n/p/v/rock-z-flip-dual-sim-keypad-mobile-with-2-4-display-call-sms-original-imah9s6gye4z74dn.jpeg?q=70,Mobiles,Flipkart
"Tecno Pop 9 5G (Midnight Shadow, 128 GB)",9999.0,3.9,1.0,https://www.flipkart.com/tecno-pop-9-5g-midnight-shadow-128-gb/p/itm76579098435d9?pid=MOBHCGHWWWHZZZYG&lid=LSTMOBHCGHWWWHZZZYGHZKY4F&marketplace=FLIPKART&q=mobile+phones&store=tyy%2F4io&srno=s_39_917&otracker=search&otracker1=search&fm=Search&iid=40f4dab7-eac6-4ce6-b4fe-080a8636f6c1.MOBHCGHWWWHZZZYG.SEARCH&ppt=sp&ppn=sp&ssid=8l02y364y80000001753088293371&qH=a81ad6e72f7a2fd1,https://rukminim2.flixcart.com/image/312/312/xif0q/mobile/q/s/l/-original-imahe3emgs5wrghc.jpeg?q=70,Mobiles,Flipkart
"Tecno Pop 9 5G (Aurora Cloud, 128 GB)",9999.0,3.9,1.0,https://www.flipkart.com/tecno-pop-9-5g-aurora-cloud-128-gb/p/itm76579098435d9?pid=MOBHC4DFBZPUSV7U&lid=LSTMOBHC4DFBZPUSV7URD7ZMF&marketplace=FLIPKART&q=mobile+phones&store=tyy%2F4io&srno=s_39_918&otracker=search&otracker1=search&fm=Search&iid=40f4dab7-eac6-4ce6-b4fe-080a8636f6c1.MOBHC4DFBZPUSV7U.SEARCH&ppt=sp&ppn=sp&ssid=8l02y364y80000001753088293371&qH=a81ad6e72f7a2fd1,https://rukminim2.flixcart.com/image/312/312/xif0q/mobile/c/1/e/-original-imahe3embeaf5tjj.jpeg?q=70,Mobiles,Flipkart
"REDMI Note 14 Pro 5G (Champagne Gold, 256 GB)",24999.0,4.3,292.0,https://www.flipkart.com/redmi-note-14-pro-5g-champagne-gold-256-gb/p/itmedd69c194a9dc?pid=MOBHDDQKFPCHQV9B&lid=LSTMOBHDDQKFPCHQV9BFJ3M8W&marketplace=FLIPKART&q=mobile+phones&store=tyy%2F4io&srno=s_39_919&otracker=search&otracker1=search&fm=Search&iid=40f4dab7-eac6-4ce6-b4fe-080a8636f6c1.MOBHDDQKFPCHQV9B.SEARCH&ppt=sp&ppn=sp&ssid=8l02y364y80000001753088293371&qH=a81ad6e72f7a2fd1,https://rukminim2.flixcart.com/image/312/312/xif0q/mobile/f/y/x/-original-imahdxq5ryrghm49.jpeg?q=70,Mobiles,Flipkart
"Google Pixel 9 Pro (Hazel, 256 GB)",89999.0,4.5,65.0,https://www.flipkart.com/google-pixel-9-pro-hazel-256-gb/p/itm794fb1e1c325c?pid=MOBH2HJGYPMF9EH3&lid=LSTMOBH2HJGYPMF9EH3SIVNWD&marketplace=FLIPKART&q=mobile+phones&store=tyy%2F4io&srno=s_39_920&otracker=search&otracker1=search&fm=Search&iid=40f4dab7-eac6-4ce6-b4fe-080a8636f6c1.MOBH2HJGYPMF9EH3.SEARCH&ppt=sp&ppn=sp&ssid=8l02y364y80000001753088293371&qH=a81ad6e72f7a2fd1,https://rukminim2.flixcart.com/image/312/312/xif0q/mobile/2/4/q/-original-imah5mtmgaahtr78.jpeg?q=70,Mobiles,Flipkart
"Tecno Spark 30C 5G (Midnight Shadow, 128 GB)",12999.0,4.3,7.0,https://www.flipkart.com/tecno-spark-30c-5g-midnight-shadow-128-gb/p/itmb902b43315dae?pid=MOBH9HYGCR3ZUKMV&lid=LSTMOBH9HYGCR3ZUKMVT2TGUN&marketplace=FLIPKART&q=mobile+phones&store=tyy%2F4io&srno=s_39_921&otracker=search&otracker1=search&fm=Search&iid=40f4dab7-eac6-4ce6-b4fe-080a8636f6c1.MOBH9HYGCR3ZUKMV.SEARCH&ppt=sp&ppn=sp&ssid=8l02y364y80000001753088293371&qH=a81ad6e72f7a2fd1,https://rukminim2.flixcart.com/image/312/312/xif0q/mobile/i/u/t/-original-imahb8yhzk7upyuq.jpeg?q=70,Mobiles,Flipkart
"Tecno Spark 30C 5G (Aurora Cloud, 128 GB)",12999.0,4.3,7.0,https://www.flipkart.com/tecno-spark-30c-5g-aurora-cloud-128-gb/p/itmb902b43315dae?pid=MOBH9HYGTGYRBY4K&lid=LSTMOBH9HYGTGYRBY4K2561JM&marketplace=FLIPKART&q=mobile+phones&store=tyy%2F4io&srno=s_39_922&otracker=search&otracker1=search&fm=Search&iid=40f4dab7-eac6-4ce6-b4fe-080a8636f6c1.MOBH9HYGTGYRBY4K.SEARCH&ppt=sp&ppn=sp&ssid=8l02y364y80000001753088293371&qH=a81ad6e72f7a2fd1,https://rukminim2.flixcart.com/image/312/312/xif0q/mobile/h/5/q/-original-imahb8yght9xhw4s.jpeg?q=70,Mobiles,Flipkart
"Samsung Galaxy A06 5G (Light Green, 64 GB)",9999.0,3.9,57.0,https://www.flipkart.com/samsung-galaxy-a06-5g-light-green-64-gb/p/itm8ad99221e2f36?pid=MOBH9GQKNQBVH9U7&lid=LSTMOBH9GQKNQBVH9U7JNROJ9&marketplace=FLIPKART&q=mobile+phones&store=tyy%2F4io&srno=s_39_923&otracker=search&otracker1=search&fm=Search&iid=40f4dab7-eac6-4ce6-b4fe-080a8636f6c1.MOBH9GQKNQBVH9U7.SEARCH&ppt=sp&ppn=sp&ssid=8l02y364y80000001753088293371&qH=a81ad6e72f7a2fd1,https://rukminim2.flixcart.com/image/312/312/xif0q/mobile/c/f/2/galaxy-a06-5g-sm-a066blgdins-samsung-original-imaha5am89gn8y6z.jpeg?q=70,Mobiles,Flipkart
Kechaoda K9,1200.0,4.1,298.0,https://www.flipkart.com/kechaoda-k9/p/itmf3pw89weqvqu8?pid=MOBF3NGUAPUSMJHK&lid=LSTMOBF3NGUAPUSMJHKRJONDK&marketplace=FLIPKART&q=mobile+phones&store=tyy%2F4io&srno=s_39_924&otracker=search&otracker1=search&fm=Search&iid=40f4dab7-eac6-4ce6-b4fe-080a8636f6c1.MOBF3NGUAPUSMJHK.SEARCH&ppt=sp&ppn=sp&ssid=8l02y364y80000001753088293371&qH=a81ad6e72f7a2fd1,https://rukminim2.flixcart.com/image/312/312/jyq5oy80/mobile/q/g/4/kechaoda-k9-k9-original-imafgrt5rgngr97h.jpeg?q=70,Mobiles,Flipkart
"Samsung Galaxy A16 5G (Light Green, 128 GB)",17449.0,4.2,181.0,https://www.flipkart.com/samsung-galaxy-a16-5g-light-green-128-gb/p/itmeb3b07d3eff44?pid=MOBH5JJ4SFXCBTN7&lid=LSTMOBH5JJ4SFXCBTN7DSJFDY&marketplace=FLIPKART&q=mobile+phones&store=tyy%2F4io&srno=s_39_925&otracker=search&otracker1=search&fm=Search&iid=40f4dab7-eac6-4ce6-b4fe-080a8636f6c1.MOBH5JJ4SFXCBTN7.SEARCH&ppt=sp&ppn=sp&ssid=8l02y364y80000001753088293371&qH=a81ad6e72f7a2fd1,https://rukminim2.flixcart.com/image/312/312/xif0q/mobile/h/t/q/-original-imahcshuzpekeyap.jpeg?q=70,Mobiles,Flipkart
BlackZone ECO X,1565.0,4.0,540.0,https://www.flipkart.com/blackzone-eco-x/p/itm1d6de6859ba89?pid=MOBFPY9HK4YW6JHV&lid=LSTMOBFPY9HK4YW6JHVL7DXXU&marketplace=FLIPKART&q=mobile+phones&store=tyy%2F4io&srno=s_39_926&otracker=search&otracker1=search&fm=Search&iid=40f4dab7-eac6-4ce6-b4fe-080a8636f6c1.MOBFPY9HK4YW6JHV.SEARCH&ppt=sp&ppn=sp&ssid=8l02y364y80000001753088293371&qH=a81ad6e72f7a2fd1,https://rukminim2.flixcart.com/image/312/312/xif0q/mobile/z/t/q/eco-x-eco-x-blackzone-original-imah8xyqfh5ups68.jpeg?q=70,Mobiles,Flipkart
"REDMI 9i Sport (Coral Green, 64 GB)",3500.0,4.3,14932.0,https://www.flipkart.com/redmi-9i-sport-coral-green-64-gb/p/itmb5e8d8186b602?pid=MOBG6WQWJRFZ5WDG&lid=LSTMOBG6WQWJRFZ5WDGJDTSKF&marketplace=FLIPKART&q=mobile+phones&store=tyy%2F4io&srno=s_39_927&otracker=search&otracker1=search&fm=Search&iid=40f4dab7-eac6-4ce6-b4fe-080a8636f6c1.MOBG6WQWJRFZ5WDG.SEARCH&ppt=sp&ppn=sp&ssid=8l02y364y80000001753088293371&qH=a81ad6e72f7a2fd1,https://rukminim2.flixcart.com/image/312/312/ku04o7k0/mobile/m/w/p/9i-sport-mzb0a0yin-redmi-original-imag785ryfspqg3a.jpeg?q=70,Mobiles,Flipkart
"REDMI Note 14 5G (Ivy Green, 128 GB)",16741.0,4.3,94.0,https://www.flipkart.com/redmi-note-14-5g-ivy-green-128-gb/p/itm11a447d125328?pid=MOBH9FKEH63EQE6Y&lid=LSTMOBH9FKEH63EQE6YNDU0A4&marketplace=FLIPKART&q=mobile+phones&store=tyy%2F4io&srno=s_39_928&otracker=search&otracker1=search&fm=Search&iid=40f4dab7-eac6-4ce6-b4fe-080a8636f6c1.MOBH9FKEH63EQE6Y.SEARCH&ppt=sp&ppn=sp&ssid=8l02y364y80000001753088293371&qH=a81ad6e72f7a2fd1,https://rukminim2.flixcart.com/image/312/312/xif0q/mobile/z/t/5/note-14-5g-24094rad4i-mzb0i1pin-redmi-original-imah9kyu9nf5pxrd.jpeg?q=70,Mobiles,Flipkart
"I Kall I5 Keypad Mobile Phone, 2.4"" Screen with 2500mAh Battery, Type-C Charging",959.0,4.4,1.0,https://www.flipkart.com/kall-i5-keypad-mobile-phone-2-4-screen-2500mah-battery-type-c-charging/p/itm2ad56fa4d3759?pid=MOBH9FGA3BRFMPPT&lid=LSTMOBH9FGA3BRFMPPTPZWSBU&marketplace=FLIPKART&q=mobile+phones&store=tyy%2F4io&srno=s_39_929&otracker=search&otracker1=search&fm=Search&iid=40f4dab7-eac6-4ce6-b4fe-080a8636f6c1.MOBH9FGA3BRFMPPT.SEARCH&ppt=sp&ppn=sp&ssid=8l02y364y80000001753088293371&qH=a81ad6e72f7a2fd1,https://rukminim2.flixcart.com/image/312/312/xif0q/mobile/f/z/e/i5-keypad-mobile-phone-2-4-screen-with-2500mah-battery-type-c-original-imah9srnvasq2yjg.jpeg?q=70,Mobiles,Flipkart
"Samsung M55s (Thunder Black, 128 GB)",16268.0,4.1,11.0,https://www.flipkart.com/samsung-m55s-thunder-black-128-gb/p/itm8f413dae3cfac?pid=MOBH549ARXFXDBHG&lid=LSTMOBH549ARXFXDBHG4BDNWG&marketplace=FLIPKART&q=mobile+phones&store=tyy%2F4io&srno=s_39_930&otracker=search&otracker1=search&fm=Search&iid=40f4dab7-eac6-4ce6-b4fe-080a8636f6c1.MOBH549ARXFXDBHG.SEARCH&ppt=sp&ppn=sp&ssid=8l02y364y80000001753088293371&qH=a81ad6e72f7a2fd1,https://rukminim2.flixcart.com/image/312/312/xif0q/mobile/a/i/k/m55s-sm-m558b-samsung-original-imah5wyg6jqmh3uv.jpeg?q=70,Mobiles,Flipkart
itel Ace2 Heera | King Talker | Auto Call Recording | Expendable Storage32GB,985.0,3.9,17.0,https://www.flipkart.com/itel-ace2-heera-king-talker-auto-call-recording-expendable-storage32gb/p/itm21458da53d7e1?pid=MOBGX7E7KSZTAPPH&lid=LSTMOBGX7E7KSZTAPPHI5IZVE&marketplace=FLIPKART&q=mobile+phones&store=tyy%2F4io&srno=s_39_931&otracker=search&otracker1=search&fm=Search&iid=40f4dab7-eac6-4ce6-b4fe-080a8636f6c1.MOBGX7E7KSZTAPPH.SEARCH&ppt=sp&ppn=sp&ssid=8l02y364y80000001753088293371&qH=a81ad6e72f7a2fd1,https://rukminim2.flixcart.com/image/312/312/xif0q/mobile/r/c/v/ace2-heera-king-talker-auto-call-recording-expendable-original-imahfs2pbyfbgahd.jpeg?q=70,Mobiles,Flipkart
"Apple iPhone 15 Plus (Pink, 128 GB)",74900.0,4.6,2570.0,https://www.flipkart.com/apple-iphone-15-plus-pink-128-gb/p/itmecb6209a78172?pid=MOBGTAGPXUWEXXWY&lid=LSTMOBGTAGPXUWEXXWYSEAZVW&marketplace=FLIPKART&q=mobile+phones&store=tyy%2F4io&srno=s_39_932&otracker=search&otracker1=search&fm=Search&iid=40f4dab7-eac6-4ce6-b4fe-080a8636f6c1.MOBGTAGPXUWEXXWY.SEARCH&ppt=sp&ppn=sp&ssid=8l02y364y80000001753088293371&qH=a81ad6e72f7a2fd1,https://rukminim2.flixcart.com/image/312/312/xif0q/mobile/a/c/k/-original-imagtc5fuzkvczr7.jpeg?q=70,Mobiles,Flipkart
"Nokia 106-SS-1578,32 MB,1000 mAh Battery.",999.0,3.9,92.0,https://www.flipkart.com/nokia-106-ss-1578-32-mb-1000-mah-battery/p/itma07953d9abad3?pid=MOBGRH6YFTYBPT7G&lid=LSTMOBGRH6YFTYBPT7GLSNUYG&marketplace=FLIPKART&q=mobile+phones&store=tyy%2F4io&srno=s_39_933&otracker=search&otracker1=search&fm=Search&iid=40f4dab7-eac6-4ce6-b4fe-080a8636f6c1.MOBGRH6YFTYBPT7G.SEARCH&ppt=sp&ppn=sp&ssid=8l02y364y80000001753088293371&qH=a81ad6e72f7a2fd1,https://rukminim2.flixcart.com/image/312/312/xif0q/mobile/0/3/f/106-ta-1578-ss-nokia-original-imah35z5qfhvgzhz.jpeg?q=70,Mobiles,Flipkart
"vivo Y19 5G (Majestic Green, 128 GB)",11499.0,4.3,42.0,https://www.flipkart.com/vivo-y19-5g-majestic-green-128-gb/p/itmb678fd80e7095?pid=MOBHAX75ZEGUZFQT&lid=LSTMOBHAX75ZEGUZFQTUNOI6U&marketplace=FLIPKART&q=mobile+phones&store=tyy%2F4io&srno=s_39_934&otracker=search&otracker1=search&fm=Search&iid=40f4dab7-eac6-4ce6-b4fe-080a8636f6c1.MOBHAX75ZEGUZFQT.SEARCH&ppt=sp&ppn=sp&ssid=8l02y364y80000001753088293371&qH=a81ad6e72f7a2fd1,https://rukminim2.flixcart.com/image/312/312/xif0q/mobile/v/z/z/-original-imahbxpfagg54gcw.jpeg?q=70,Mobiles,Flipkart
"OnePlus 13 (Black Eclipse, 256 GB)",63999.0,4.5,15.0,https://www.flipkart.com/oneplus-13-black-eclipse-256-gb/p/itmb4659fd2a037f?pid=MOBH8CHRK3WUWSDX&lid=LSTMOBH8CHRK3WUWSDXVILALU&marketplace=FLIPKART&q=mobile+phones&store=tyy%2F4io&srno=s_39_935&otracker=search&otracker1=search&fm=Search&iid=40f4dab7-eac6-4ce6-b4fe-080a8636f6c1.MOBH8CHRK3WUWSDX.SEARCH&ppt=sp&ppn=sp&ssid=8l02y364y80000001753088293371&qH=a81ad6e72f7a2fd1,https://rukminim2.flixcart.com/image/312/312/xif0q/mobile/v/k/z/13-smarter-ai-cph2649-oneplus-original-imah8chrqrvkw7kt.jpeg?q=70,Mobiles,Flipkart
"LAVA Yuva 2 5G (Marble Black, 128 GB)",9290.0,4.3,0.0,https://www.flipkart.com/lava-yuva-2-5g-marble-black-128-gb/p/itm7d6641846c664?pid=MOBHAAGTG2NTQVX4&lid=LSTMOBHAAGTG2NTQVX4DIDKTB&marketplace=FLIPKART&q=mobile+phones&store=tyy%2F4io&srno=s_39_936&otracker=search&otracker1=search&fm=Search&iid=40f4dab7-eac6-4ce6-b4fe-080a8636f6c1.MOBHAAGTG2NTQVX4.SEARCH&ppt=sp&ppn=sp&ssid=8l02y364y80000001753088293371&qH=a81ad6e72f7a2fd1,https://rukminim2.flixcart.com/image/312/312/xif0q/mobile/r/x/8/yuva-2-5g-yuva-2-lava-original-imahavq5xjfuqwfs.jpeg?q=70,Mobiles,Flipkart
"OnePlus 13 (Midnight Ocean, 256 GB)",63999.0,4.5,15.0,https://www.flipkart.com/oneplus-13-midnight-ocean-256-gb/p/itmb4659fd2a037f?pid=MOBH8CHTJ7RGBHAF&lid=LSTMOBH8CHTJ7RGBHAFUFB4PR&marketplace=FLIPKART&q=mobile+phones&store=tyy%2F4io&srno=s_40_937&otracker=search&otracker1=search&fm=Search&iid=c79b484f-fc28-42b6-86b9-0d04a11a0634.MOBH8CHTJ7RGBHAF.SEARCH&ppt=sp&ppn=sp&ssid=qfsfhc545s0000001753088302629&qH=a81ad6e72f7a2fd1,https://rukminim2.flixcart.com/image/312/312/xif0q/mobile/q/x/o/13-cph2649-oneplus-original-imah9by2nrzscpyh.jpeg?q=70,Mobiles,Flipkart
"IQOO 13 5G (Nardo Grey, 256 GB)",58880.0,4.8,7.0,https://www.flipkart.com/iqoo-13-5g-nardo-grey-256-gb/p/itmd2b145cd40998?pid=MOBH78R7KRMNFBHC&lid=LSTMOBH78R7KRMNFBHC409ZN8&marketplace=FLIPKART&q=mobile+phones&store=tyy%2F4io&srno=s_40_938&otracker=search&otracker1=search&fm=Search&iid=c79b484f-fc28-42b6-86b9-0d04a11a0634.MOBH78R7KRMNFBHC.SEARCH&ppt=sp&ppn=sp&ssid=qfsfhc545s0000001753088302629&qH=a81ad6e72f7a2fd1,https://rukminim2.flixcart.com/image/312/312/xif0q/mobile/o/z/y/13-5g-i2401-iqoo-original-imah78r7z47gy9na.jpeg?q=70,Mobiles,Flipkart
"realme Gt 7 (Icesense Black, 256 GB)",37999.0,4.4,3.0,https://www.flipkart.com/realme-gt-7-icesense-black-256-gb/p/itm6cc8f84d92e2f?pid=MOBHCZYNY6PCGGHS&lid=LSTMOBHCZYNY6PCGGHSZVGIMH&marketplace=FLIPKART&q=mobile+phones&store=tyy%2F4io&srno=s_40_939&otracker=search&otracker1=search&fm=Search&iid=c79b484f-fc28-42b6-86b9-0d04a11a0634.MOBHCZYNY6PCGGHS.SEARCH&ppt=sp&ppn=sp&ssid=qfsfhc545s0000001753088302629&qH=a81ad6e72f7a2fd1,https://rukminim2.flixcart.com/image/312/312/xif0q/mobile/c/n/x/gt-7-rmx5061-realme-original-imahczynyhrspysr.jpeg?q=70,Mobiles,Flipkart
LAVA A1 Vibe,899.0,4.2,7519.0,https://www.flipkart.com/lava-a1-vibe/p/itm9abd80c5ffb5f?pid=MOBFA79EFZACHT6S&lid=LSTMOBFA79EFZACHT6SDFEHR9&marketplace=FLIPKART&q=mobile+phones&store=tyy%2F4io&srno=s_40_942&otracker=search&otracker1=search&fm=Search&iid=c79b484f-fc28-42b6-86b9-0d04a11a0634.MOBFA79EFZACHT6S.SEARCH&ppt=sp&ppn=sp&ssid=qfsfhc545s0000001753088302629&qH=a81ad6e72f7a2fd1,https://rukminim2.flixcart.com/image/312/312/xif0q/mobile/6/a/u/-original-imagxy82zgyrreyr.jpeg?q=70,Mobiles,Flipkart
LAVA A1 vibe,1279.0,4.1,232.0,https://www.flipkart.com/lava-a1-vibe/p/itm9abd80c5ffb5f?pid=MOBG6GZSY59VG4HZ&lid=LSTMOBG6GZSY59VG4HZCNDZCC&marketplace=FLIPKART&q=mobile+phones&store=tyy%2F4io&srno=s_40_943&otracker=search&otracker1=search&fm=Search&iid=c79b484f-fc28-42b6-86b9-0d04a11a0634.MOBG6GZSY59VG4HZ.SEARCH&ppt=sp&ppn=sp&ssid=qfsfhc545s0000001753088302629&qH=a81ad6e72f7a2fd1,https://rukminim2.flixcart.com/image/312/312/xif0q/mobile/w/z/s/a1-vibe-lf1008-lava-original-imah4y7xzpphfpdn.jpeg?q=70,Mobiles,Flipkart
LAVA A1 josh Bol,999.0,4.2,2009.0,https://www.flipkart.com/lava-a1-josh-bol/p/itm35b50decd618d?pid=MOBFGQRZTZ3KHQYK&lid=LSTMOBFGQRZTZ3KHQYKAWGAAH&marketplace=FLIPKART&q=mobile+phones&store=tyy%2F4io&srno=s_40_945&otracker=search&otracker1=search&fm=Search&iid=c79b484f-fc28-42b6-86b9-0d04a11a0634.MOBFGQRZTZ3KHQYK.SEARCH&ppt=sp&ppn=sp&ssid=qfsfhc545s0000001753088302629&qH=a81ad6e72f7a2fd1,https://rukminim2.flixcart.com/image/312/312/xif0q/mobile/7/s/r/a1-josh-bol-lf1008-lava-original-imah83schgnh8gqh.jpeg?q=70,Mobiles,Flipkart
"REDMI Note 14 Pro 5G (Ivy Green, 128 GB)",22999.0,4.3,292.0,https://www.flipkart.com/redmi-note-14-pro-5g-ivy-green-128-gb/p/itm260f3edcb0cde?pid=MOBH753H97H7SHQN&lid=LSTMOBH753H97H7SHQN0L6IW6&marketplace=FLIPKART&q=mobile+phones&store=tyy%2F4io&srno=s_40_946&otracker=search&otracker1=search&fm=Search&iid=c79b484f-fc28-42b6-86b9-0d04a11a0634.MOBH753H97H7SHQN.SEARCH&ppt=sp&ppn=sp&ssid=qfsfhc545s0000001753088302629&qH=a81ad6e72f7a2fd1,https://rukminim2.flixcart.com/image/312/312/xif0q/mobile/p/x/i/-original-imahdxq5dab5euhj.jpeg?q=70,Mobiles,Flipkart
"REDMI Note 14 Pro 5G (Black, 128 GB)",22999.0,4.3,292.0,https://www.flipkart.com/redmi-note-14-pro-5g-black-128-gb/p/itm260f3edcb0cde?pid=MOBH753HQUW6KGH7&lid=LSTMOBH753HQUW6KGH79FONOZ&marketplace=FLIPKART&q=mobile+phones&store=tyy%2F4io&srno=s_40_947&otracker=search&otracker1=search&fm=Search&iid=c79b484f-fc28-42b6-86b9-0d04a11a0634.MOBH753HQUW6KGH7.SEARCH&ppt=sp&ppn=sp&ssid=qfsfhc545s0000001753088302629&qH=a81ad6e72f7a2fd1,https://rukminim2.flixcart.com/image/312/312/xif0q/mobile/t/d/e/-original-imahdxq5zafezxvq.jpeg?q=70,Mobiles,Flipkart
"REDMI Note 14 Pro 5G (Titan Black, 256 GB)",24999.0,4.3,292.0,https://www.flipkart.com/redmi-note-14-pro-5g-titan-black-256-gb/p/itm260f3edcb0cde?pid=MOBH753HGHXUSKGC&lid=LSTMOBH753HGHXUSKGCWNTYOP&marketplace=FLIPKART&q=mobile+phones&store=tyy%2F4io&srno=s_40_948&otracker=search&otracker1=search&fm=Search&iid=c79b484f-fc28-42b6-86b9-0d04a11a0634.MOBH753HGHXUSKGC.SEARCH&ppt=sp&ppn=sp&ssid=qfsfhc545s0000001753088302629&qH=a81ad6e72f7a2fd1,https://rukminim2.flixcart.com/image/312/312/xif0q/mobile/f/b/j/-original-imahdxq54srvkv92.jpeg?q=70,Mobiles,Flipkart
"realme Gt 7 (Icesense Black, 256 GB)",39999.0,4.7,1.0,https://www.flipkart.com/realme-gt-7-icesense-black-256-gb/p/itm6cc8f84d92e2f?pid=MOBHCZYZJZ9VYSQ2&lid=LSTMOBHCZYZJZ9VYSQ2GBBR0A&marketplace=FLIPKART&q=mobile+phones&store=tyy%2F4io&srno=s_40_949&otracker=search&otracker1=search&fm=Search&iid=c79b484f-fc28-42b6-86b9-0d04a11a0634.MOBHCZYZJZ9VYSQ2.SEARCH&ppt=sp&ppn=sp&ssid=qfsfhc545s0000001753088302629&qH=a81ad6e72f7a2fd1,https://rukminim2.flixcart.com/image/312/312/xif0q/mobile/c/n/x/gt-7-rmx5061-realme-original-imahczynyhrspysr.jpeg?q=70,Mobiles,Flipkart
"OnePlus Nord 4 5G (Oasis Green, 256 GB)",27999.0,4.5,226.0,https://www.flipkart.com/oneplus-nord-4-5g-oasis-green-256-gb/p/itmed83e7926e3e5?pid=MOBH3YA8ZFTVSREP&lid=LSTMOBH3YA8ZFTVSREPVW4ORZ&marketplace=FLIPKART&q=mobile+phones&store=tyy%2F4io&srno=s_40_950&otracker=search&otracker1=search&fm=Search&iid=c79b484f-fc28-42b6-86b9-0d04a11a0634.MOBH3YA8ZFTVSREP.SEARCH&ppt=sp&ppn=sp&ssid=qfsfhc545s0000001753088302629&qH=a81ad6e72f7a2fd1,https://rukminim2.flixcart.com/image/312/312/xif0q/mobile/0/n/q/nord-4-5g-nord-4-5g-oneplus-original-imah3ya8zutbafma.jpeg?q=70,Mobiles,Flipkart
"OPPO A3 Pro 5G (Moonlight Purple, 128 GB)",16740.0,4.3,108.0,https://www.flipkart.com/oppo-a3-pro-5g-moonlight-purple-128-gb/p/itm296e480f459a5?pid=MOBH4NJBKCM5WYSC&lid=LSTMOBH4NJBKCM5WYSCD36UOQ&marketplace=FLIPKART&q=mobile+phones&store=tyy%2F4io&srno=s_40_951&otracker=search&otracker1=search&fm=Search&iid=c79b484f-fc28-42b6-86b9-0d04a11a0634.MOBH4NJBKCM5WYSC.SEARCH&ppt=sp&ppn=sp&ssid=qfsfhc545s0000001753088302629&qH=a81ad6e72f7a2fd1,https://rukminim2.flixcart.com/image/312/312/xif0q/mobile/h/0/y/a3-pro-5g-cph2665-oppo-original-imah64zstfxhc67t.jpeg?q=70,Mobiles,Flipkart
"Honor 200 5G (Moonlight White, 512 GB)",28999.0,4.4,2.0,https://www.flipkart.com/honor-200-5g-moonlight-white-512-gb/p/itm6c73c53970f43?pid=MOBH32HGXDBGQNBT&lid=LSTMOBH32HGXDBGQNBTLU7OIM&marketplace=FLIPKART&q=mobile+phones&store=tyy%2F4io&srno=s_40_952&otracker=search&otracker1=search&fm=Search&iid=c79b484f-fc28-42b6-86b9-0d04a11a0634.MOBH32HGXDBGQNBT.SEARCH&ppt=sp&ppn=sp&ssid=qfsfhc545s0000001753088302629&qH=a81ad6e72f7a2fd1,https://rukminim2.flixcart.com/image/312/312/xif0q/mobile/t/d/q/200-5g-eli-nx9-honor-original-imah3cgq6ekfzxgu.jpeg?q=70,Mobiles,Flipkart
"realme Gt 7T (Icesense Black, 256 GB)",31999.0,4.2,3.0,https://www.flipkart.com/realme-gt-7t-icesense-black-256-gb/p/itm4008141822d8a?pid=MOBHCKZ6FP3Y6DYD&lid=LSTMOBHCKZ6FP3Y6DYDNM0VCS&marketplace=FLIPKART&q=mobile+phones&store=tyy%2F4io&srno=s_40_953&otracker=search&otracker1=search&fm=Search&iid=c79b484f-fc28-42b6-86b9-0d04a11a0634.MOBHCKZ6FP3Y6DYD.SEARCH&ppt=sp&ppn=sp&ssid=qfsfhc545s0000001753088302629&qH=a81ad6e72f7a2fd1,https://rukminim2.flixcart.com/image/312/312/xif0q/mobile/7/e/q/gt-7t-rmx5085-realme-original-imahckyxfqgpznwz.jpeg?q=70,Mobiles,Flipkart
"realme Gt 7T (Icesense Black, 256 GB)",33999.0,4.3,4.0,https://www.flipkart.com/realme-gt-7t-icesense-black-256-gb/p/itm4008141822d8a?pid=MOBHCKZMZCGZMNA7&lid=LSTMOBHCKZMZCGZMNA7UGG6N7&marketplace=FLIPKART&q=mobile+phones&store=tyy%2F4io&srno=s_40_954&otracker=search&otracker1=search&fm=Search&iid=c79b484f-fc28-42b6-86b9-0d04a11a0634.MOBHCKZMZCGZMNA7.SEARCH&ppt=sp&ppn=sp&ssid=qfsfhc545s0000001753088302629&qH=a81ad6e72f7a2fd1,https://rukminim2.flixcart.com/image/312/312/xif0q/mobile/7/e/q/gt-7t-rmx5085-realme-original-imahckyxfqgpznwz.jpeg?q=70,Mobiles,Flipkart
"vivo V40 Pro 5G (Titanium Grey, 512 GB)",47999.0,4.5,102.0,https://www.flipkart.com/vivo-v40-pro-5g-titanium-grey-512-gb/p/itm8edd196b3ffde?pid=MOBH33ZXGSMDPUES&lid=LSTMOBH33ZXGSMDPUESVYWYUP&marketplace=FLIPKART&q=mobile+phones&store=tyy%2F4io&srno=s_40_955&otracker=search&otracker1=search&fm=Search&iid=c79b484f-fc28-42b6-86b9-0d04a11a0634.MOBH33ZXGSMDPUES.SEARCH&ppt=sp&ppn=sp&ssid=qfsfhc545s0000001753088302629&qH=a81ad6e72f7a2fd1,https://rukminim2.flixcart.com/image/312/312/xif0q/mobile/h/s/b/-original-imah3hvbysfwxydc.jpeg?q=70,Mobiles,Flipkart
itel it5262,1379.0,4.0,91.0,https://www.flipkart.com/itel-it5262/p/itm63f6528630ca6?pid=MOBGZF3X5NT5BMS9&lid=LSTMOBGZF3X5NT5BMS99JA1C3&marketplace=FLIPKART&q=mobile+phones&store=tyy%2F4io&srno=s_40_957&otracker=search&otracker1=search&fm=Search&iid=c79b484f-fc28-42b6-86b9-0d04a11a0634.MOBGZF3X5NT5BMS9.SEARCH&ppt=sp&ppn=sp&ssid=qfsfhc545s0000001753088302629&qH=a81ad6e72f7a2fd1,https://rukminim2.flixcart.com/image/312/312/xif0q/mobile/0/u/a/it5262-it5262-itel-original-imahfs2qesuuhayr.jpeg?q=70,Mobiles,Flipkart
"realme Narzo 80 Pro 5G (Speed Silver, 256 GB)",20699.0,4.4,12.0,https://www.flipkart.com/realme-narzo-80-pro-5g-speed-silver-256-gb/p/itmfe3cb63d4f727?pid=MOBHB4U6AX3CPHBX&lid=LSTMOBHB4U6AX3CPHBXICTXLN&marketplace=FLIPKART&q=mobile+phones&store=tyy%2F4io&srno=s_40_958&otracker=search&otracker1=search&fm=Search&iid=c79b484f-fc28-42b6-86b9-0d04a11a0634.MOBHB4U6AX3CPHBX.SEARCH&ppt=sp&ppn=sp&ssid=qfsfhc545s0000001753088302629&qH=a81ad6e72f7a2fd1,https://rukminim2.flixcart.com/image/312/312/xif0q/mobile/w/k/r/narzo-80-pro-5g-rmx5033-realme-original-imahb4u6pvavzuv6.jpeg?q=70,Mobiles,Flipkart
"Google Pixel 9 Pro XL (Obsidian, 256 GB)",104999.0,4.6,70.0,https://www.flipkart.com/google-pixel-9-pro-xl-obsidian-256-gb/p/itm5583d8ff28427?pid=MOBH2HJG8JEYKFZK&lid=LSTMOBH2HJG8JEYKFZKAPRGUS&marketplace=FLIPKART&q=mobile+phones&store=tyy%2F4io&srno=s_40_959&otracker=search&otracker1=search&fm=Search&iid=c79b484f-fc28-42b6-86b9-0d04a11a0634.MOBH2HJG8JEYKFZK.SEARCH&ppt=sp&ppn=sp&ssid=qfsfhc545s0000001753088302629&qH=a81ad6e72f7a2fd1,https://rukminim2.flixcart.com/image/312/312/xif0q/mobile/t/s/1/pixel-9-pro-xl-ga05983-in-google-original-imah3pfhxgd3qtqd.jpeg?q=70,Mobiles,Flipkart
"REDMI Note 13 Pro+ 5G (Fusion Black, 256 GB)",30999.0,4.2,1009.0,https://www.flipkart.com/redmi-note-13-pro-5g-fusion-black-256-gb/p/itm10416e1529521?pid=MOBGZF9PH7BVJFVM&lid=LSTMOBGZF9PH7BVJFVMK9ICCC&marketplace=FLIPKART&q=mobile+phones&store=tyy%2F4io&srno=s_40_960&otracker=search&otracker1=search&fm=Search&iid=c79b484f-fc28-42b6-86b9-0d04a11a0634.MOBGZF9PH7BVJFVM.SEARCH&ppt=sp&ppn=sp&ssid=qfsfhc545s0000001753088302629&qH=a81ad6e72f7a2fd1,https://rukminim2.flixcart.com/image/312/312/xif0q/mobile/x/j/m/-original-imagwubk2ky9v2gz.jpeg?q=70,Mobiles,Flipkart
