amazon_index,flipkart_index,amazon_product,flipkart_product,amazon_price,flipkart_price,amazon_rating,flipkart_rating,amazon_url,flipkart_url,amazon_image,flipkart_image,category,similarity_score,brand,price_difference,cheaper_platform,savings,price_difference_percentage
2037,739,"OPPO K13x 5G 6000mAh and 45W SUPERVOOC Charger & AI (Sunset Peach, 128 GB) (6 GB RAM)","OPPO K13x 5G 6000mAh and 45W SUPERVOOC Charger & AI (Sunset Peach, 128 GB)",12047.0,12999.0,4.2,4.6,https://www.amazon.in/OPPO-6000mAh-SUPERVOOC-Charger-Sunset/dp/B0FG7F6C1C/ref=sr_1_2073?dib=eyJ2IjoiMSJ9.5khCNvH3g8gHufXWLovnlNiaEONevdm-pSRIATut3-dyXF-Cfp7W72HmKSHzUWdOhwsMYHW5PQ0Dr5gQZVxO-ZBAqUeYrRjneur8jwHPre-LlKFdc9Sw8gk8AwamNaeOkYb0RBHczZj-_o0lm2fzgKP7fWm4boAYKBRA4ndjB4TnYWsAdbvswhjbNSfE0fxcYoWK0I8CfwTKXJrd4dVtWotRCpPvgTVP1UHMOhAHdj6ig_xpLCCrXaSjhhKfJQNuHoScirmkgtbB9Bc5QELWLhB9Qx_vi5PnZi4b0lzVC90.0mhVWQj7D2TZQV_TM5tY-UCubz7apNx6pYRx9zYcHKM&dib_tag=se&qid=1759737271&s=electronics&sr=1-2073&xpid=UZHjCDxPt3DrQ,https://www.flipkart.com/oppo-k13x-5g-6000mah-45w-supervooc-charger-ai-sunset-peach-128-gb/p/itm62b2e62fbb43e?pid=MOBHDY9PVAHGDHWG&lid=LSTMOBHDY9PVAHGDHWGBSHGNL&marketplace=FLIPKART&q=mobile+phones&store=tyy%2F4io&srno=s_2_32&otracker=search&otracker1=search&fm=Search&iid=8d7c571b-51b2-486f-84fa-7a4b81c5b634.MOBHDY9PVAHGDHWG.SEARCH&ppt=sp&ppn=sp&ssid=bcitpmhteo0000001753087794733&qH=a81ad6e72f7a2fd1,,https://rukminim2.flixcart.com/image/312/312/xif0q/mobile/w/k/3/-original-imahdde7vaxvntcs.jpeg?q=70,Mobiles,0.9546,oppo,-952.0,Amazon,952.0,7.9
8096,739,"OPPO K13x 5G 6000mAh and 45W SUPERVOOC Charger & AI (Sunset Peach, 128 GB) (4 GB RAM)","OPPO K13x 5G 6000mAh and 45W SUPERVOOC Charger & AI (Sunset Peach, 128 GB)",10550.0,12999.0,3.8,4.6,https://www.amazon.in/OPPO-K13x-5G-6000mAh-SUPERVOOC/dp/B0FH7G47KX/ref=sr_1_8729?dib=eyJ2IjoiMSJ9.kZBoirOjKHLJC4rrwZihBbAn-kahM37OgJdccq7JfGf5w-X0ZFxmZrX0tfLEw7fw1kfhwFSCtU7JcckXIPLf1CtbfqyppBUHLTHUUCal-RHH_S_5L8VzGT4ZNavNcAfvlrXYomXmZN0i3HPsGOEC34epJTa0ObM3W_318McBZeD7UcdCojVR1OQy4jYz30yiEo_yIZUnmzq_P0pVOascG8Nie4JBiUavs7dPImFeZxy-238PTHkCsXUX78LaHPiZJlD5HC2vgYf4fIoD1P_VxKfmpjYPMkp5yL_Znv4ueC0.irTSbuisQGoSJNS186pZyLAu-4uyqrYN6rprEHikDPA&dib_tag=se&qid=1759745055&s=electronics&sr=1-8729&xpid=UZHjCDxPt3DrQ,https://www.flipkart.com/oppo-k13x-5g-6000mah-45w-supervooc-charger-ai-sunset-peach-128-gb/p/itm62b2e62fbb43e?pid=MOBHDY9PVAHGDHWG&lid=LSTMOBHDY9PVAHGDHWGBSHGNL&marketplace=FLIPKART&q=mobile+phones&store=tyy%2F4io&srno=s_2_32&otracker=search&otracker1=search&fm=Search&iid=8d7c571b-51b2-486f-84fa-7a4b81c5b634.MOBHDY9PVAHGDHWG.SEARCH&ppt=sp&ppn=sp&ssid=bcitpmhteo0000001753087794733&qH=a81ad6e72f7a2fd1,,https://rukminim2.flixcart.com/image/312/312/xif0q/mobile/w/k/3/-original-imahdde7vaxvntcs.jpeg?q=70,Mobiles,0.9546,oppo,-2449.0,Amazon,2449.0,23.21
617,794,"OPPO K13x 5G 6000mAh and 45W SUPERVOOC Charger & AI (Midnight Violet, 128 GB) (6 GB RAM)","OPPO K13x 5G 6000mAh and 45W SUPERVOOC Charger & AI (Midnight Violet, 128 GB)",12299.0,12999.0,4.1,4.6,https://www.amazon.in/OPPO-K13x-6000mAh-SUPERVOOC-Midnight/dp/B0FG775NX9/ref=sr_1_619?dib=eyJ2IjoiMSJ9.MwFb8rAFKxXE3DC2k_spA4ho6mzWqIQL3mW8Ep6Q8Q6VTRxYoNqHxeZfZEjkf-quhRGQfgKJNE8-eM7oJITziFXcpMzzKOr4J0iC2-ui_zO11jOCm6V3eFGD7-RUPZyNr9-INxnDddvkEb0yGYNht3EOSTG7J_dDYME86geQln8wOtH8AO0VvZaosNkLqmlXgBHwxrE5gnK1CuO1HhgQvZP4ZX4b-l84p98zXbqVJlOnRr7tlI50p8fo3AG6BBfvUC9d7A9JkFWyLtygbcAw1WEyu51pXX9kqcDkEZXSZF0.1yxK1TsNW2dFiNl_wWclRcOYzO1NjhaKXe4xiEcXKkA&dib_tag=se&qid=1759735878&s=electronics&sr=1-619&xpid=UZHjCDxPt3DrQ,https://www.flipkart.com/oppo-k13x-5g-6000mah-45w-supervooc-charger-ai-midnight-violet-128-gb/p/itm62b2e62fbb43e?pid=MOBHDY9PPU2NRCZH&lid=LSTMOBHDY9PPU2NRCZHVD1YM4&marketplace=FLIPKART&q=mobile+phones&store=tyy%2F4io&spotlightTagId=default_BestsellerId_tyy%2F4io&srno=s_4_88&otracker=search&otracker1=search&fm=Search&iid=4bdf492a-549d-4735-91d3-2d10536e45ed.MOBHDY9PPU2NRCZH.SEARCH&ppt=sp&ppn=sp&ssid=scs8nge6b40000001753087817678&qH=a81ad6e72f7a2fd1,,https://rukminim2.flixcart.com/image/312/312/xif0q/mobile/d/o/q/-original-imahdde7qcfymps9.jpeg?q=70,Mobiles,0.9518,oppo,-700.0,Amazon,700.0,5.69
5958,794,"OPPO K13x 5G 6000mAh and 45W SUPERVOOC Charger & AI (Midnight Violet, 128 GB) (8 GB RAM)","OPPO K13x 5G 6000mAh and 45W SUPERVOOC Charger & AI (Midnight Violet, 128 GB)",12973.0,12999.0,4.4,4.6,https://www.amazon.in/OPPO-5G-6000mAh-SUPERVOOC-Midnight/dp/B0FG7G4TCN/ref=sr_1_6408?dib=eyJ2IjoiMSJ9.12CVKc6UJzs8hPs1O3aVikICOFdjKAHUbPBWatpLGZTEsjSrGPd1_z48n2zG8R1c4K4YLaY0IOIQhDD6zsZ00B2DURCChkGVYJC9lZ7dr7WV0f8iW7Q5G_SIbjaX6M4G1Bxdb7pIhbOWr_hyHpGEHNQipQLNklaAuCZvD2weiuPhHLDTe4Bk99PDYjKmzX1PX9vp07bFmN0y9CUHkWCeEuvOtK4PPQzbLjtUx5mB-ik5FCmW6_dSKyEd7lusoUgdrCjzEE0o5I8B1MP_u6m7TIUYa4E2T4pryPFd4DCaWz0.-JM3_ZOxr_oT7Fx0ii_MG5-HOViBU8nIsKlZu_5cTRM&dib_tag=se&qid=1759742163&s=electronics&sr=1-6408&xpid=UZHjCDxPt3DrQ,https://www.flipkart.com/oppo-k13x-5g-6000mah-45w-supervooc-charger-ai-midnight-violet-128-gb/p/itm62b2e62fbb43e?pid=MOBHDY9PPU2NRCZH&lid=LSTMOBHDY9PPU2NRCZHVD1YM4&marketplace=FLIPKART&q=mobile+phones&store=tyy%2F4io&spotlightTagId=default_BestsellerId_tyy%2F4io&srno=s_4_88&otracker=search&otracker1=search&fm=Search&iid=4bdf492a-549d-4735-91d3-2d10536e45ed.MOBHDY9PPU2NRCZH.SEARCH&ppt=sp&ppn=sp&ssid=scs8nge6b40000001753087817678&qH=a81ad6e72f7a2fd1,,https://rukminim2.flixcart.com/image/312/312/xif0q/mobile/d/o/q/-original-imahdde7qcfymps9.jpeg?q=70,Mobiles,0.9518,oppo,-26.0,Amazon,26.0,0.2
4177,794,"OPPO K13x 5G 6000mAh and 45W SUPERVOOC Charger & AI (Midnight Violet, 128 GB) (4 GB RAM)","OPPO K13x 5G 6000mAh and 45W SUPERVOOC Charger & AI (Midnight Violet, 128 GB)",10649.0,12999.0,4.8,4.6,https://www.amazon.in/OPPO-K13x-5G-SUPERVOOC-Midnight/dp/B0FH7JGNF6/ref=sr_1_4467?dib=eyJ2IjoiMSJ9.oRamGC__xSVWxpg6ntnc0hq3Nbm35wJnG5v8e35b4QFq7Q6WEFqptNhv71PEGMaDAMrUp58IOo72WnaGodCTTEGV5m-NDBxHyhU1Tb9K0aBB3OCEio8zPOVDVKQ2lpHThijXxenHlbm2Zmy8VKcU9b2px7s2jYnEBVFrIaip0GdXB4IllwHDXpnb62wzDsfKA2_4rukI3f_QgDSKaLXcfzCn9YHHxzO6d5HIszcudQYl7VsfyOhm16JpYKrnSclBLsNI0WeJdu1QXBG19SnqqMQ_WLHzyX9131BepN9VLjk.hspqTZnhhqxaEJ_VL9VLRTxXCpAhVtEqpS4CZzx_DgU&dib_tag=se&qid=1759739808&s=electronics&sr=1-4467&xpid=UZHjCDxPt3DrQ,https://www.flipkart.com/oppo-k13x-5g-6000mah-45w-supervooc-charger-ai-midnight-violet-128-gb/p/itm62b2e62fbb43e?pid=MOBHDY9PPU2NRCZH&lid=LSTMOBHDY9PPU2NRCZHVD1YM4&marketplace=FLIPKART&q=mobile+phones&store=tyy%2F4io&spotlightTagId=default_BestsellerId_tyy%2F4io&srno=s_4_88&otracker=search&otracker1=search&fm=Search&iid=4bdf492a-549d-4735-91d3-2d10536e45ed.MOBHDY9PPU2NRCZH.SEARCH&ppt=sp&ppn=sp&ssid=scs8nge6b40000001753087817678&qH=a81ad6e72f7a2fd1,,https://rukminim2.flixcart.com/image/312/312/xif0q/mobile/d/o/q/-original-imahdde7qcfymps9.jpeg?q=70,Mobiles,0.9518,oppo,-2350.0,Amazon,2350.0,22.07
904,708,"Samsung Galaxy F05 (Twilight Blue, 64 GB) (4 GB RAM)","Samsung Galaxy F05 (Twilight Blue, 64 GB)",6495.0,6499.0,4.1,4.2,https://www.amazon.in/Samsung-Galaxy-Twilight-Blue-64/dp/B0DJC2L66N/ref=sr_1_912?dib=eyJ2IjoiMSJ9.sBfi9cxkoUGR1ZW8xOP3bUBIhTrycTK_k3e-W92ge2gp0Tr65cJ9tGTOA7R5feZOQl3QeKgPvNef9DPOnWwvXPGKb0-PHwfb_wARnBZTbh5m89nDMdf0fpeTG-x6Awjp0rHHcY7VnnUNdKevR1aEdg6rpwvvtTX0UBr1llHLQ0v4NXQwCl_6xDdW33uItqnygfFmeN4_N_cNv6wkPy3rbfCadDmbWmLl2jSxGFxJrHxwwwslZZ__dPL-G6dJrprl6xLoGNXHn6mq-Fel-_xws4PTfKYbir33KIQtLswDNgs.4XqimYQZsih1WylZDrKVmx94DKWi8Gl5UQAfaoJzDeY&dib_tag=se&qid=1759736118&s=electronics&sr=1-912&xpid=UZHjCDxPt3DrQ,https://www.flipkart.com/samsung-galaxy-f05-twilight-blue-64-gb/p/itm84a914081ab93?pid=MOBH4GTXZ9ZRQ3SU&lid=LSTMOBH4GTXZ9ZRQ3SUXCBGGE&marketplace=FLIPKART&q=mobile+phones&store=tyy%2F4io&srno=s_1_1&otracker=search&otracker1=search&fm=organic&iid=9db23609-337f-4a77-94c6-9857bded9775.MOBH4GTXZ9ZRQ3SU.SEARCH&ppt=sp&ppn=sp&ssid=d93jfmema80000001753087781253&qH=a81ad6e72f7a2fd1,,https://rukminim2.flixcart.com/image/312/312/xif0q/mobile/e/r/f/-original-imah56hkgehywn5b.jpeg?q=70,Mobiles,0.9147,samsung,-4.0,Amazon,4.0,0.06
5853,871,"Samsung Galaxy F06 5G (Bahama Blue, 128 GB) (6 GB RAM)","Samsung Galaxy F06 5G (Bahama Blue, 128 GB)",10958.0,9999.0,4.2,4.1,https://www.amazon.in/Samsung-Galaxy-Bahama-Blue-128GB/dp/B0DYKC512N/ref=sr_1_6300?dib=eyJ2IjoiMSJ9.YxdK0gQfu7tEbTWEwrtxcmD3jWOPzbWuI3uHZmS3nY42XTDBT5eeMnc8aDXyrRFNAhZ1w9hj83-gYwrT_PcX2EU7vObKAaqwIgK7OOq8UbRZyu9auZYqPPweCfXOrPHokwvF2E3mzKnysUjutFCx7fXl41hd4n_ZT68sxhGsBKLwXecODE3ob3wgAxfNCoXlKWrQonYmvHlxdIXfUAwJq4dBRcoQbNp4pSQgVr1D0ypGd6-0GdD-hyZMr_jmpw1WBGTn86kQXahjaapbxse7Ectys-1MR-yeWFROc3zv1sU.cuu9dqPgY2hX593q4-MH6LXbPimV8xk53p3jyw5dLJY&dib_tag=se&qid=1759742043&s=electronics&sr=1-6300&xpid=UZHjCDxPt3DrQ,https://www.flipkart.com/samsung-galaxy-f06-5g-bahama-blue-128-gb/p/itm58189fada62cb?pid=MOBH9AS47XHFRMJY&lid=LSTMOBH9AS47XHFRMJYWI8CRI&marketplace=FLIPKART&q=mobile+phones&store=tyy%2F4io&srno=s_8_176&otracker=search&otracker1=search&fm=Search&iid=91086f9e-4b75-4f9a-bc38-7ebc66242788.MOBH9AS47XHFRMJY.SEARCH&ppt=sp&ppn=sp&ssid=wfjgvjgjtc0000001753087859851&qH=a81ad6e72f7a2fd1,,https://rukminim2.flixcart.com/image/312/312/xif0q/mobile/w/h/f/-original-imahbk7pzzgc58gw.jpeg?q=70,Mobiles,0.9074,samsung,959.0,Flipkart,959.0,9.59
353,765,"OPPO K13 5G with 7000mAh and 80W SUPERVOOC Charger in-The-Box, ICY Purple (8GB, 128GB)","OPPO K13 5G with 7000mAh and 80W SUPERVOOC Charger In-The-Box (Icy Purple, 128 GB)",16567.0,17999.0,4.2,4.5,https://www.amazon.in/OPPO-K13-5G-7000mAh-SUPERVOOC/dp/B0F7XDDT9D/ref=sr_1_355?dib=eyJ2IjoiMSJ9.WTi0uHKhoh0yGGBfZBfIHpEsiIoIMsE2yxbmx4KwofBmRL9ekTZ6db7ei1Z73H75NivSa0cAVZfFQNKy37mnSoZN6HPBiYaZ173HtbTj1_IQqudS8cjr-iHLp8sSlf96bR44EgIwwy5jUM_ELtTWc-j2Bd_pU7NVdbmSa0Viqlo8J-iVYoK4WQusQfib87zvBf_kgFHoEUiUFHQA3dPJBFPQG7I1xROcJbRNL7k7Px7lfR-73DoKhm9ZoCOUYRh78Ca56i1UyDgOJ_4BOUnilrFDk-QHsJtW97NH8vD3q0c.Gq_tTnzHdE6goXJ5xEBLlz6MTOPP6jyJW9lu-KRCw2U&dib_tag=se&qid=1759735664&s=electronics&sr=1-355&xpid=UZHjCDxPt3DrQ,https://www.flipkart.com/oppo-k13-5g-7000mah-80w-supervooc-charger-in-the-box-icy-purple-128-gb/p/itm6f2ebf6d205cf?pid=MOBHB392H7TZ4ZKJ&lid=LSTMOBHB392H7TZ4ZKJT3QIAI&marketplace=FLIPKART&q=mobile+phones&store=tyy%2F4io&srno=s_3_59&otracker=search&otracker1=search&fm=Search&iid=5e6f9ac8-4212-4e3a-9649-3114714e76ca.MOBHB392H7TZ4ZKJ.SEARCH&ppt=sp&ppn=sp&ssid=jyzjxrisao0000001753087806754&qH=a81ad6e72f7a2fd1,,https://rukminim2.flixcart.com/image/312/312/xif0q/mobile/f/k/e/-original-imahbfd4zqn9zazz.jpeg?q=70,Mobiles,0.9073,oppo,-1432.0,Amazon,1432.0,8.64
505,743,"Vivo T4x 5G (Marine Blue, 128 GB) (6 GB RAM)","vivo T4x 5G (Marine Blue, 128 GB)",13499.0,13999.0,4.4,4.4,https://www.amazon.in/VIVO-T4x-Marine-Blue-128GB/dp/B0F196CQSQ/ref=sr_1_507?dib=eyJ2IjoiMSJ9.-d52f5rZyh4TMIteyQhqcCVD3MxCHH235p1SPQtA0GLM4tYOswXeANcdDVCp1vzQo5DUyCzlFmF7NEYRASdDKOUvv47pZTcpaDuqyXbHBtlKVXkToazQiJ7tPrQ2bTIKhXjaHxsyabF_q5apudnAHWB8SemGxv6wVlhi28WaZGaAayXAEbh_5umOARbJb5XMDJ6lIPW6KRczSP6ww49p97n3nYnJbdD4woxKvu7-ioUP43LBKbQTUPa9PaFclNkAZ4tm0uqmbQth0YoES_EBVjYp0FfMCunFApqrx5zSEf4.m7Al2EumA5TjrchUpd-pN4tzgqbnT0cpRyFk5bR5weE&dib_tag=se&qid=1759735806&s=electronics&sr=1-507&xpid=UZHjCDxPt3DrQ,https://www.flipkart.com/vivo-t4x-5g-marine-blue-128-gb/p/itm017656bdd097b?pid=MOBH9JUSTWEMVADU&lid=LSTMOBH9JUSTWEMVADU5W2ENU&marketplace=FLIPKART&q=mobile+phones&store=tyy%2F4io&spotlightTagId=default_BestsellerId_tyy%2F4io&srno=s_2_36&otracker=search&otracker1=search&fm=Search&iid=8d7c571b-51b2-486f-84fa-7a4b81c5b634.MOBH9JUSTWEMVADU.SEARCH&ppt=sp&ppn=sp&ssid=bcitpmhteo0000001753087794733&qH=a81ad6e72f7a2fd1,,https://rukminim2.flixcart.com/image/312/312/xif0q/mobile/m/n/v/-original-imahavdveeghweea.jpeg?q=70,Mobiles,0.9067,vivo,-500.0,Amazon,500.0,3.7
2897,765,"Oppo K13 5G with 7000mAh and 80W SUPERVOOC Charger in-The-Box, ICY Purple (8GB, 256GB)","OPPO K13 5G with 7000mAh and 80W SUPERVOOC Charger In-The-Box (Icy Purple, 128 GB)",19790.0,17999.0,4.5,4.5,https://www.amazon.in/7000mAh-SUPERVOOC-Charger-Purple-256GB/dp/B0F8W6K8T7/ref=sr_1_3025?dib=eyJ2IjoiMSJ9.VcbWdwllQEsu_8R_qYuUbULyLj_cMmzchqUfluL2D79_vlnmz2-i5gus2nzbL9ZESeCZbIwKyAAkQDgjTsaYeB3x0GE6R6CfzFCMwrUEdJlHZlkB8EiZtr0hPA1a_hImkXe0dMswOZ-LfNNJoMqYbDmW6z6Mbq531sUqz5zMSfZswG-JMKNW9Zwiju-9XdzAn9rk0nBs0ue_nmvMZ5hZvSv3OqYk5qtlGF2yS8HPrrbOVI6xRm44zL1Zg7lGJids_calBl22VMTEkC0X1-CMYcPaUG4fhFY7epcymk9OVcM.P1glFbQooiLr_Gfg-gWf6Je8VcEk7F9L9EBKnPmCAJI&dib_tag=se&qid=1759738283&s=electronics&sr=1-3025&xpid=UZHjCDxPt3DrQ,https://www.flipkart.com/oppo-k13-5g-7000mah-80w-supervooc-charger-in-the-box-icy-purple-128-gb/p/itm6f2ebf6d205cf?pid=MOBHB392H7TZ4ZKJ&lid=LSTMOBHB392H7TZ4ZKJT3QIAI&marketplace=FLIPKART&q=mobile+phones&store=tyy%2F4io&srno=s_3_59&otracker=search&otracker1=search&fm=Search&iid=5e6f9ac8-4212-4e3a-9649-3114714e76ca.MOBHB392H7TZ4ZKJ.SEARCH&ppt=sp&ppn=sp&ssid=jyzjxrisao0000001753087806754&qH=a81ad6e72f7a2fd1,,https://rukminim2.flixcart.com/image/312/312/xif0q/mobile/f/k/e/-original-imahbfd4zqn9zazz.jpeg?q=70,Mobiles,0.9065,oppo,1791.0,Flipkart,1791.0,9.95
5069,1001,"Google Pixel 9A (Porcelain, 256 GB) (8 GB RAM)","Google Pixel 9A (Porcelain, 256 GB)",44149.0,49999.0,3.9,4.5,https://www.amazon.in/Google-Pixel-9A-Porcelain-256/dp/B0FGY7C13L/ref=sr_1_5433?dib=eyJ2IjoiMSJ9.akVZycYHlKmcJZR59OlLq-SrzWXKk5jWvUING_Y1pC3eOeTTW7xnl54Mld5zdQO-hpAZASJ80D4w86qtWuPrcgmmPEccELvm5ep3lpYNfKXk0PlO6Weap2cuRdnEmrWzgfejsceO2pkkLIDUeFc_t0lnux-NGGJ6eXGXmDk5AUz4fheKM2-CoLGHp0t8auZjYN8pyICAdCW6zklPRSHFx3pbhWtCdHSyaV_AQyrzcynNLR4pbx34xv8F9kLKNqAFIz6EeHTcZPw1XkPpaZ7PSi-egJ3hfuxSEWwxRmOsPgQ.zYYiL27h0bj6rUCHbVuk3ma0t4kuBVAn713ye_8F7oM&dib_tag=se&qid=1759740957&s=electronics&sr=1-5433&xpid=UZHjCDxPt3DrQ,https://www.flipkart.com/google-pixel-9a-porcelain-256-gb/p/itmfe749ceddac9a?pid=MOBH9YME35EYPV4K&lid=LSTMOBH9YME35EYPV4K5K7UZW&marketplace=FLIPKART&q=mobile+phones&store=tyy%2F4io&srno=s_15_347&otracker=search&otracker1=search&fm=Search&iid=2a6d8db9-bd66-4ab7-8a46-565c7e309085.MOBH9YME35EYPV4K.SEARCH&ppt=sp&ppn=sp&ssid=wset0fgrps0000001753087933323&qH=a81ad6e72f7a2fd1,,https://rukminim2.flixcart.com/image/312/312/xif0q/mobile/0/q/f/-original-imahadxg8mgjzrfh.jpeg?q=70,Mobiles,0.9028,google,-5850.0,Amazon,5850.0,13.25
4442,1080,"Google Pixel 9A (Obsidian, 256 GB) (8 GB RAM)","Google Pixel 9A (Obsidian, 256 GB)",44349.0,49999.0,4.0,4.5,https://www.amazon.in/Google-Pixel-Obsidian-256-RAM/dp/B0F6CY1S9Z/ref=sr_1_4748?dib=eyJ2IjoiMSJ9.LeeY9aG478cCEi5j59rwuYTvThe-Irv2_Floj63N54HkmoYXELDZG4C0st972_XNd8llPTKhyfFpWQirsyeV_NREb7I4J_02A-zjg_QHoG0dEd0Tlh_OVFUmWDvJfU33YrsAiZvV7eBLd2Dhv4WMtm9eeEjcF3CR4ku5s6GoMeqJTOcyEJ4314FPWNn6kSNV6sHq5_n7EM_MlhviHj-m68PrI-RnOX_P0ay_9Zcv-cUvrbI_FIbSHPyDeEP2QlGbrxW0fTe3CQXjFt2Rmz1hOL3tX-9xUz9Pe7GbE8HbI3Q.0k7RGiFq_l73SOnNhkthe3_IQfNC3D6g8-dkM3N11_E&dib_tag=se&qid=1759740076&s=electronics&sr=1-4748&xpid=UZHjCDxPt3DrQ,https://www.flipkart.com/google-pixel-9a-obsidian-256-gb/p/itmf9d1fcfa566cf?pid=MOBH9YMEQUGCHPHN&lid=LSTMOBH9YMEQUGCHPHNSFHZNA&marketplace=FLIPKART&q=mobile+phones&store=tyy%2F4io&srno=s_19_441&otracker=search&otracker1=search&fm=Search&iid=bb7c8792-f9b7-483b-bcf0-eba4ca01acc1.MOBH9YMEQUGCHPHN.SEARCH&ppt=sp&ppn=sp&ssid=x5p3473w800000001753087983579&qH=a81ad6e72f7a2fd1,,https://rukminim2.flixcart.com/image/312/312/xif0q/mobile/x/b/u/-original-imahadxg2fazkzub.jpeg?q=70,Mobiles,0.8973,google,-5650.0,Amazon,5650.0,12.74
4140,842,"Motorola Edge 60 Fusion 5G (Pantone Mykonos Blue, 256 GB) (12 GB RAM)","MOTOROLA Edge 60 Fusion 5G (PANTONE Mykonos Blue, 256 GB)",22799.0,22999.0,3.9,4.5,https://www.amazon.in/Motorola-Edge-Fusion-Pantone-Mykonos/dp/B0FFTFL9H1/ref=sr_1_4428?dib=eyJ2IjoiMSJ9.yWWN7coisf7m0IYjGmsQ16qKgbJ7YK0L5Mj2s2LHxdgdSRYczPKclV7085HPZ03P83mJXRX4587is0AkRQuzIfkvaJSvMXSJ_dQz6pm2MF7PggMFv2hR1VxtJcf0moPRu832gRDxArad3xO6eTyJRmICAUmskcWNElhoXly0M2HCjS5ZbmRSRIpkYFarBBlzTfMemjcce84Bx415-zfJDFhxi5aTTrHeH85V28OSm0-9XggweIaOVgnF6wxPC1YhIp_74na7IkKaCc2_yC3m3tckk9Oq19ZFSFXVNSf3x98.OlhS9jq_5Dy31-p3-qmd3WLNhkK6hKBLXeHfYvdnDqo&dib_tag=se&qid=1759739766&s=electronics&sr=1-4428&xpid=UZHjCDxPt3DrQ,https://www.flipkart.com/motorola-edge-60-fusion-5g-pantone-mykonos-blue-256-gb/p/itmdbb95e3f12ab6?pid=MOBH9ARFZXNHC7VZ&lid=LSTMOBH9ARFZXNHC7VZD9IAPG&marketplace=FLIPKART&q=mobile+phones&store=tyy%2F4io&srno=s_6_139&otracker=search&otracker1=search&fm=Search&iid=94d27974-1611-4942-bd78-7364d4d8c8a7.MOBH9ARFZXNHC7VZ.SEARCH&ppt=sp&ppn=sp&ssid=i6vfru46jk0000001753087838766&qH=a81ad6e72f7a2fd1,,https://rukminim2.flixcart.com/image/312/312/xif0q/mobile/6/b/c/-original-imahcjrax7j8fyuf.jpeg?q=70,Mobiles,0.878,motorola,-200.0,Amazon,200.0,0.88
3392,775,"Motorola Edge 60 Fusion 5G, Pantone Mykonos Blue (8GB, 256GB)","MOTOROLA Edge 60 Fusion 5G (PANTONE Mykonos Blue, 256 GB)",20299.0,24999.0,4.0,4.5,https://www.amazon.in/Motorola-Fusion-Pantone-Mykonos-256GB/dp/B0FG86CZSC/ref=sr_1_3573?dib=eyJ2IjoiMSJ9.a2bVZzaL8CMDEUEePZVoGuTJ3BsTPbYni-YkpUKFOOTYACEBc8sWRWgdUZx2euo2rUxDQ69Dy1oTc3ZgZNj-wjD4y6fE6cXaprZrVbcckWogXdpP90ypa8-mHadHbXVF73RtKZwICUdfjo4qHgMyXFeHL6rUJ7Wx3PxPE-gL4jkwlGjDTfXF_2dXMOTmKgRAQ5R3SPsc4EYzw0ucT9sM_xh37hf8IVuuz5hFl19qDYuCjewk619TzwvvTsWkQM8PdLriyozylg3YFxLcn42oFv2tiZVlY9Awxp5odj2oCTY.vRgxFmpCtzGGX78GyvBONIWUAztzXWU9L7Us4BnFWlo&dib_tag=se&qid=1759738849&s=electronics&sr=1-3573&xpid=UZHjCDxPt3DrQ,https://www.flipkart.com/motorola-edge-60-fusion-5g-pantone-mykonos-blue-256-gb/p/itmed0508d75f2e5?pid=MOBH9AQZBGJGQSTG&lid=LSTMOBH9AQZBGJGQSTG2M316H&marketplace=FLIPKART&q=mobile+phones&store=tyy%2F4io&srno=s_3_69&otracker=search&otracker1=search&fm=Search&iid=5e6f9ac8-4212-4e3a-9649-3114714e76ca.MOBH9AQZBGJGQSTG.SEARCH&ppt=sp&ppn=sp&ssid=jyzjxrisao0000001753087806754&qH=a81ad6e72f7a2fd1,,https://rukminim2.flixcart.com/image/312/312/xif0q/mobile/6/b/c/-original-imahcjrax7j8fyuf.jpeg?q=70,Mobiles,0.8344,motorola,-4700.0,Amazon,4700.0,23.15
5424,1277,"Google Pixel 9 (Porcelain, 256 GB) (12 GB RAM)","Google Pixel 9 (Porcelain, 256 GB)",55800.0,74999.0,3.4,4.5,https://www.amazon.in/Google-Pixel-Porcelain-256-RAM/dp/B0DZXZTPN8/ref=sr_1_5825?dib=eyJ2IjoiMSJ9.yIDx7ImtCxkqfACtlel5wrQcecc7r0bgDIzN9NPZ8N1lMeyAUERu4eLDlMyGPhyJpgY7x1A_vzh78WZKjfRfIno_J-n6Za_7zRp8xf_owBqZOr6LMRdZv2Jgs5e7XGdvqP9RwBPI5s_EoUCM-QuW6tvNG9WAkVZui-uHU0_mpMIxrRPtGyJ0U-tfXfCA8ICPjQrqJkHUkNL4giAUak5RGT8YLU1n4qZnepLqqhNL6y0COmDvQxBqUtyN8c6eToHvd9CbM1jaiAH80DtnsHK-qKTyK_XZxPX0WJBKN_Ddn60.e0FdxWVdmhGMsS4zvpUxAJwN1WW-JeRcDswVGiCEKYc&dib_tag=se&qid=1759741437&s=electronics&sr=1-5825&xpid=UZHjCDxPt3DrQ,https://www.flipkart.com/google-pixel-9-porcelain-256-gb/p/itm5364256d5efe2?pid=MOBH2HJG3HNTSRYT&lid=LSTMOBH2HJG3HNTSRYTVPUWYB&marketplace=FLIPKART&q=mobile+phones&store=tyy%2F4io&srno=s_28_654&otracker=search&otracker1=search&fm=Search&iid=327fbcb5-c1a7-4e48-8ec6-af7bcdece1a5.MOBH2HJG3HNTSRYT.SEARCH&ppt=sp&ppn=sp&ssid=3hikl51w340000001753088076470&qH=a81ad6e72f7a2fd1,,https://rukminim2.flixcart.com/image/312/312/xif0q/mobile/d/y/m/pixel-9-ga05843-in-google-original-imah3pfgd9zadkyx.jpeg?q=70,Mobiles,0.8035,google,-19199.0,Amazon,19199.0,34.41
7549,1126,"Google Pixel 9 (Obsidian, 256 GB) (12 GB RAM)","Google Pixel 9 (Obsidian, 256 GB)",56480.0,74999.0,4.1,4.5,https://www.amazon.in/Google-Pixel-Obsidian-256-RAM/dp/B0DZXTW6PP/ref=sr_1_8148?dib=eyJ2IjoiMSJ9.IUa80Kf2oX1s1nIiP4h7de4SI5w2AmqEtv5T0cAb81oQdI_yr0bmIYmsm_7J1y93U_szG2y-CnAs_fbuS7prRyU64UTKUNlegsvxhrSm_6AGzX3oYiMsKVhObW-c3kXjTjkocrwRi0CdehNF7WW_jUy8B3nSqyFoAi8aiiT7K9EgjYeSpYdf8Est52xQh4dmo2q2PhXanCms6w8hrwvU1UXbJk0qAjqcFiVtIq8_w7iV-C6Wot9gd1h5EFPB2YvCbqeBZ_uoaIT5kUpacY9TxlLo6p4esuVJmFBP3MGyksY.YQMl-9kaH0LmHjBm0oJHxFFWXh-OYvnVBMSFNh-LkGw&dib_tag=se&qid=1759744339&s=electronics&sr=1-8148&xpid=UZHjCDxPt3DrQ,https://www.flipkart.com/google-pixel-9-obsidian-256-gb/p/itm330ed8ebeefe1?pid=MOBH2HJGP3FGTECW&lid=LSTMOBH2HJGP3FGTECWZSSJ2D&marketplace=FLIPKART&q=mobile+phones&store=tyy%2F4io&srno=s_21_493&otracker=search&otracker1=search&fm=Search&iid=1d0c5df2-b81a-4c57-875f-cae9f11dc60f.MOBH2HJGP3FGTECW.SEARCH&ppt=sp&ppn=sp&ssid=njz74we9fk0000001753088003759&qH=a81ad6e72f7a2fd1,,https://rukminim2.flixcart.com/image/312/312/xif0q/mobile/r/r/w/pixel-9-ga05842-in-google-original-imah3pfhxtjf5t8q.jpeg?q=70,Mobiles,0.7915,google,-18519.0,Amazon,18519.0,32.79
145,793,"OnePlus Nord CE4 Lite 5G (Mega Blue, 8GB RAM, 128GB Storage)","OnePlus Nord CE4 lite 5G (MEGA BLUE, 128 GB)",15999.0,16829.0,4.2,4.4,https://www.amazon.in/OnePlus-Nord-Lite-128GB-Storage/dp/B0D5YFZ946/ref=sr_1_147?dib=eyJ2IjoiMSJ9.0SRjyDuPyka0YHhrnuKxxwY1GD-bZkN1bQPpffuRQa9jwUYILPkLtlttgxP7wZp5Ff21Hv_izflaTtMgrFoK-7lrOA7Hra83s0Wo6LHUC6aDjZa6N52A32oGGXXQH8mzpWAfd8wglSvT_GeRSp1BMaSE7q-RUEyfNz9cN29M5E78jEULOdsDMW_xjhPKQBC-1MneQCACyGUEpubnZ3K8DvLo6HqODEUuiFPZB8AA7qjgcHhFyWO_rZE-I8IF4JNmraNmigEvxwx-NExBi2EU-AOGZ0NBjNFOP0fulXwV94k.NQ2GY73tKuKgTnHrt7V8jC_Y5ptlxPiz1oXBVV-HaQs&dib_tag=se&qid=1759735523&s=electronics&sr=1-147&xpid=UZHjCDxPt3DrQ,https://www.flipkart.com/oneplus-nord-ce4-lite-5g-mega-blue-128-gb/p/itm8fd5fdf300955?pid=MOBH25Z9CCTDDN3J&lid=LSTMOBH25Z9CCTDDN3JBPPDEE&marketplace=FLIPKART&q=mobile+phones&store=tyy%2F4io&srno=s_4_87&otracker=search&otracker1=search&fm=Search&iid=4bdf492a-549d-4735-91d3-2d10536e45ed.MOBH25Z9CCTDDN3J.SEARCH&ppt=sp&ppn=sp&ssid=scs8nge6b40000001753087817678&qH=a81ad6e72f7a2fd1,,https://rukminim2.flixcart.com/image/312/312/xif0q/mobile/p/m/o/-original-imah5wxz4y4qfgdq.jpeg?q=70,Mobiles,0.7879,oneplus,-830.0,Amazon,830.0,5.19
876,827,"POCO M7 5G, Ocean Blue (8GB, 128GB)","POCO M7 5G (Ocean Blue, 128 GB)",9498.0,10499.0,4.2,4.2,https://www.amazon.in/POCO-Ocean-Blue-8GB-128GB/dp/B0F1CPCTCX/ref=sr_1_883?dib=eyJ2IjoiMSJ9.UlWgjiHcUGAHp0kqbaBgpJcp88KwPSOpKnR4IdUvAUT6q6c-h26q2KcwtHae14CU7JdgH-N3S1M8EOqZMCXdFf3C68Ilkp8aLvxm2L9lTbRJbrSGKU5_WmarFmJR2aLvgD06M2tK-vIhtyWYXSN33nMsLgV9hJlykyk8kk-4eFT3bFAIdl0mQ9HwKY0xC1gnP_UgUYXEDyKufjrUXsLPREYyYpQi7QNLkkPPa9mGSjyETwkeh3RgfaLAlu_QTGCZMqRQIRsMbqvyNBoI7BKIPZCzRAdFo9mnZj8zHkNg_0Q.TCE1j77Jnvy_Hn_4sggreaDp5X9nffWy9cE8Y62288U&dib_tag=se&qid=1759736098&s=electronics&sr=1-883&xpid=UZHjCDxPt3DrQ,https://www.flipkart.com/poco-m7-5g-ocean-blue-128-gb/p/itm7c4a352930fde?pid=MOBH9HFJTH8SZWMZ&lid=LSTMOBH9HFJTH8SZWMZ6OVNR6&marketplace=FLIPKART&q=mobile+phones&store=tyy%2F4io&srno=s_6_123&otracker=search&otracker1=search&fm=Search&iid=94d27974-1611-4942-bd78-7364d4d8c8a7.MOBH9HFJTH8SZWMZ.SEARCH&ppt=sp&ppn=sp&ssid=i6vfru46jk0000001753087838766&qH=a81ad6e72f7a2fd1,,https://rukminim2.flixcart.com/image/312/312/xif0q/mobile/o/s/t/-original-imah9wydbymh7gv2.jpeg?q=70,Mobiles,0.7777,poco,-1001.0,Amazon,1001.0,10.54
7008,881,"Motorola Edge 60 Stylus (Pantone Gibraltar Sea, 8GB RAM, 256GB Storage)","MOTOROLA Edge 60 Stylus (PANTONE Gibraltar Sea, 256 GB)",20953.0,22999.0,4.0,4.3,https://www.amazon.in/Motorola-Edge-Stylus-Pantone-Gibraltar/dp/B0F5YDL9WT/ref=sr_1_7550?dib=eyJ2IjoiMSJ9.GwisRK6D887zwpV0xOsXsXYP-qapg3HHHerNxB57QEa6r_EGvnq0To0UdZgtSBRCdMECYl8cvjggHEAz14ZhSmHEruPEfx-ZKOygxTndjlnGeYpYRDml161-TdPpkn5c6EPuU_ceU4TsaNddqO4kWyqNFPXPl0b6azRZ8scaC9w1a_Kg1onCVWOjBixKFmqvPvW35oIoGVbiLCWgGlqd_dwgbUn-yGiaMBvA3VutnfFOfzwQjsMbIYMi0f7UsKfUZ6RfNRdJsEsLAkkWy_-kBZoRIMvYzhYBdwVdpOy2iAM.eA96eI0BkH6LAuyGwechUyv325CbtQw-GTbVSuyF6h0&dib_tag=se&qid=1759743591&s=electronics&sr=1-7550&xpid=UZHjCDxPt3DrQ,https://www.flipkart.com/motorola-edge-60-stylus-pantone-gibraltar-sea-256-gb/p/itm9e562c122f9ee?pid=MOBH9AEUQKVZZYNH&lid=LSTMOBH9AEUQKVZZYNHEJ305D&marketplace=FLIPKART&q=mobile+phones&store=tyy%2F4io&srno=s_8_191&otracker=search&otracker1=search&fm=Search&iid=91086f9e-4b75-4f9a-bc38-7ebc66242788.MOBH9AEUQKVZZYNH.SEARCH&ppt=sp&ppn=sp&ssid=wfjgvjgjtc0000001753087859851&qH=a81ad6e72f7a2fd1,,https://rukminim2.flixcart.com/image/312/312/xif0q/mobile/q/9/c/-original-imahb6qhqenzhrzq.jpeg?q=70,Mobiles,0.7759,motorola,-2046.0,Amazon,2046.0,9.76
1239,907,CMF BY NOTHING Phone 2 Pro 5G (Black 128 GB 8 GB RAM),"CMF by Nothing Phone 2 Pro (Black, 128 GB)",16330.0,18999.0,4.3,4.4,https://www.amazon.in/CMF-Phone-Black-128GB-8GBRAM/dp/B0F77P8Q6V/ref=sr_1_1254?dib=eyJ2IjoiMSJ9.3D66oSoGhtWaoJ4utFxdk08YoHhmGblZzI6zTXUjSZCqbCsd7wuyo_6LKfVGJH0fQluvu_mlEpgxOF7YWe_BbcUmKksyVHiAvTpvHRvNH8fOpDg_TasgmlxZHsEGlU89meWEk7dhqHUOVDTj1E4rZdu520TETN8mkY3RNfcjPZ4Fa43vn02aei_tNcA8pyg-f6yscqYDatYBhw4YPt4jTZFyNdnOn4zPhCjseu9GzR8nNZnf5rBAq2-wxQvtGXjXC2k7IXQCIVXOUYjmZ39Oi5ctUXhdrnsMsb1yTFmLh4A.IxBMHgFDuRWRnJ1PqbVMd5IYV7zcpy3xYckXtUoXS_Q&dib_tag=se&qid=1759736421&s=electronics&sr=1-1254&xpid=UZHjCDxPt3DrQ,https://www.flipkart.com/cmf-nothing-phone-2-pro-black-128-gb/p/itm46a119f176627?pid=MOBHAUHA5GRW9FS2&lid=LSTMOBHAUHA5GRW9FS2TVI8FR&marketplace=FLIPKART&q=mobile+phones&store=tyy%2F4io&srno=s_10_225&otracker=search&otracker1=search&fm=Search&iid=10892e57-4fcf-427c-95ef-b718a66c42e5.MOBHAUHA5GRW9FS2.SEARCH&ppt=sp&ppn=sp&ssid=v1qp6688jk0000001753087880600&qH=a81ad6e72f7a2fd1,,https://rukminim2.flixcart.com/image/312/312/xif0q/mobile/w/y/d/-original-imahc7ezmtmajyye.jpeg?q=70,Mobiles,0.774,nothing,-2669.0,Amazon,2669.0,16.34
5675,815,"Samsung Galaxy F16 5G, Vibing Blue (4GB, 128GB)","Samsung Galaxy F16 5G (Vibing Blue, 128 GB)",11999.0,15499.0,5.0,4.2,https://www.amazon.in/Samsung-Galaxy-Vibing-Blue-128GB/dp/B0FF2SR5YC/ref=sr_1_6104?dib=eyJ2IjoiMSJ9.hGwGwvVvYxKCURgsYbklc_QyC-7vTj4dAIB_MK1haHP2GQN79JEum8710cuGBPIn-ShWMOKAPI74_bKIBBGC71YsUh7NIKZRlddWaWHEx6uBrQaexCxoz4PWoU5DB_-5g-BCr3MUTpKIHeHFOlvZLxXOEQzYUGYyJwcbU91h6zFKqFlwWaBpGet0HCZ6avaBwPMRq_5t8z7D5I-dtd8naun9TnqK4KTdEacrcY9bLVcayZ18saa-t9H1WERxEkFtVd9TjiK_mjjBKTNzUr9gpTTrCEv1yzQRICy6DlpMZR4.w386la1ParC7zjhca0pK2JSqOZyEXIMxr-Yz6ZFO1TQ&dib_tag=se&qid=1759741800&s=electronics&sr=1-6104&xpid=UZHjCDxPt3DrQ,https://www.flipkart.com/samsung-galaxy-f16-5g-vibing-blue-128-gb/p/itma31262afa7505?pid=MOBH9ASGCZNFQGDG&lid=LSTMOBH9ASGCZNFQGDGYXWIQD&marketplace=FLIPKART&q=mobile+phones&store=tyy%2F4io&srno=s_5_110&otracker=search&otracker1=search&fm=Search&iid=ffa6b7c3-8bc6-4310-b193-0ebddb2d509b.MOBH9ASGCZNFQGDG.SEARCH&ppt=sp&ppn=sp&ssid=1c79mzld9c0000001753087828112&qH=a81ad6e72f7a2fd1,,https://rukminim2.flixcart.com/image/312/312/xif0q/mobile/g/d/p/-original-imahcre2gqhfqgd8.jpeg?q=70,Mobiles,0.7713,samsung,-3500.0,Amazon,3500.0,29.17
280,805,"POCO M7 5G, Satin Black (6GB, 128GB)","POCO M7 5G (Satin Black, 128 GB)",8489.0,9499.0,4.2,4.1,https://www.amazon.in/POCO-Satin-Black-6GB-128GB/dp/B0F134C6R6/ref=sr_1_282?dib=eyJ2IjoiMSJ9.tcTvpFBIW8wLOY1LEryDlwwEiCZ1OrYb0cqrkwUc1psMCxbhJmwP7zochVHLE4mLsAwsGCA2pjOKpXrhw2gHM3SZXRDsZ9JC8AJPacc_ML_Mk69JBCKvzSWhHjB4cKFZ0OHIMxeG2km-wU55DR9LEkjdyzZjG7Ed6y8TXTPUzcRjL6Ie660grsy2qbGAOnfwj1H5yq5EPNUzDIfOl3XLGVeaDA_zaZWjH7STInflaYFLnXjCRDS-iTnPFERchOmA2rQI0A8aUnf2XvHqkbdfyreNDgtktUgb6gMr90KTzd8.auM2UoHW140ioob6Htpybxiwf1je9FwYPTNzxyEkSaY&dib_tag=se&qid=1759735616&s=electronics&sr=1-282&xpid=UZHjCDxPt3DrQ,https://www.flipkart.com/poco-m7-5g-satin-black-128-gb/p/itmf030852464eef?pid=MOBH9HFJYHYGC9DB&lid=LSTMOBH9HFJYHYGC9DBQY6QGG&marketplace=FLIPKART&q=mobile+phones&store=tyy%2F4io&srno=s_5_99&otracker=search&otracker1=search&fm=Search&iid=ffa6b7c3-8bc6-4310-b193-0ebddb2d509b.MOBH9HFJYHYGC9DB.SEARCH&ppt=sp&ppn=sp&ssid=1c79mzld9c0000001753087828112&qH=a81ad6e72f7a2fd1,,https://rukminim2.flixcart.com/image/312/312/xif0q/mobile/b/i/3/-original-imah9wydpxgkjtgw.jpeg?q=70,Mobiles,0.7696,poco,-1010.0,Amazon,1010.0,11.9
1387,871,"Samsung Galaxy F06 5G, Bahama Blue (4GB, 128GB)","Samsung Galaxy F06 5G (Bahama Blue, 128 GB)",8445.0,9999.0,3.9,4.1,https://www.amazon.in/Samsung-Galaxy-Bahama-Blue-128GB/dp/B0DYP4NYYJ/ref=sr_1_1402?dib=eyJ2IjoiMSJ9.EMK9YD0AUeco4m3Mj2jKQytI2q5qvj-fG0dFfHiJQ3CQbqINfzF6K6XpZhgfrl3IVlaZsX75ZWifrBK8-aveJkx3PmfI-MkcemlZFKRPzHuEzmOJlXCgRKjbz83jQC9Kqdwqgi2kY0yWEkNbST2vwHKvGRcb7E08Vd39Rq6UIT82BuDSAK10RQkWxscff_vNHJhegGF6ENQJtcAYGJVT7c3abzwQS8Gx3QQkZcJ9aJ0Mk05kP2sRKtGohryA9qowzQaJ-zRobluodkb3XPxU8tQtf3HLEkI-YyMPAu8OM14.a5U-1D80EvGfyhB0b64s2PO14zF3pwtwaeMIDe9H2EY&dib_tag=se&qid=1759736558&s=electronics&sr=1-1402&xpid=UZHjCDxPt3DrQ,https://www.flipkart.com/samsung-galaxy-f06-5g-bahama-blue-128-gb/p/itm58189fada62cb?pid=MOBH9AS47XHFRMJY&lid=LSTMOBH9AS47XHFRMJYWI8CRI&marketplace=FLIPKART&q=mobile+phones&store=tyy%2F4io&srno=s_8_176&otracker=search&otracker1=search&fm=Search&iid=91086f9e-4b75-4f9a-bc38-7ebc66242788.MOBH9AS47XHFRMJY.SEARCH&ppt=sp&ppn=sp&ssid=wfjgvjgjtc0000001753087859851&qH=a81ad6e72f7a2fd1,,https://rukminim2.flixcart.com/image/312/312/xif0q/mobile/w/h/f/-original-imahbk7pzzgc58gw.jpeg?q=70,Mobiles,0.765,samsung,-1554.0,Amazon,1554.0,18.4
2010,745,"POCO M7 5G, Mint Green (8GB, 128GB)","POCO M7 5G (Mint Green, 128 GB)",9479.0,9499.0,4.2,4.1,https://www.amazon.in/POCO-Mint-Green-8GB-128GB/dp/B0F1CP5Q5D/ref=sr_1_2045?dib=eyJ2IjoiMSJ9.lMdanrP831LkPXpLis9w22kIvh18YuYJALd1iLWLu1m9dY-Z__k1UtXgdaoM35FTeDgbVY2LFNzE_CbgLdd-jpWiB-cfWrNzeR-n8u-TrLeqm7XR1FsGeJFvQp-sISMoi3P333O4e3VpN47JrhQQTNH1-TuBDOHkvAyWjbljZx-SJdpTixdAvpx4jxy9FJyR4ARSANyMp3sVt8v-a6KvQjF62vH_Mid_6t6ozycTAv_NGe_AqCYJqjYcJxDWZmA3JB8nvZVIyX_bvCae8enmJ3QOq34NNVcSNJHh30RPVHY.JcfzG0A7j1nZIghPxhRO345Dk1ulAbrsEt_DsGP03Bg&dib_tag=se&qid=1759737252&s=electronics&sr=1-2045&xpid=UZHjCDxPt3DrQ,https://www.flipkart.com/poco-m7-5g-mint-green-128-gb/p/itm55887907a1c02?pid=MOBH9HFJFR4FYHNJ&lid=LSTMOBH9HFJFR4FYHNJVOMMEX&marketplace=FLIPKART&q=mobile+phones&store=tyy%2F4io&srno=s_2_38&otracker=search&otracker1=search&fm=Search&iid=8d7c571b-51b2-486f-84fa-7a4b81c5b634.MOBH9HFJFR4FYHNJ.SEARCH&ppt=sp&ppn=sp&ssid=bcitpmhteo0000001753087794733&qH=a81ad6e72f7a2fd1,,https://rukminim2.flixcart.com/image/312/312/xif0q/mobile/r/w/0/-original-imah9wydggh9mtxt.jpeg?q=70,Mobiles,0.761,poco,-20.0,Amazon,20.0,0.21
575,1164,"POCO C75 5G, Enchanted Green (4GB, 64GB)","POCO C75 5G (Enchanted Green, 128 GB)",7299.0,8499.0,4.2,4.3,https://www.amazon.in/POCO-C75-5G-Enchanted-Green/dp/B0DRKM9R41/ref=sr_1_577?dib=eyJ2IjoiMSJ9.vTe5OfU7XiIU-yKRYgR92PhSzOL3fTWLzBHXXRIg2j-h3xW0ZG58P53Fe4fOno7jMYeMK1x-W42CAO31eqZOgO2Nlv0_6Z9iiGUL_wBzwc3R7IicQ_NJuGvsg73oLRVWDyG4_vY_SHZ0kX-HGR7g02CSD79NLGX5AEc_d3sA5caMtsbI7RXYI4VteV4_s0q7GdA53ZR7VMtHQBI4IfXasfhTgO_zjg-jFGPTlIY-lZqop3wLPeyBRTpbcPLLd12doYM8zO9vNoCQ86LHeJkwHjHFWytlRcdvoGSygi5wAFc.FUjG4Cta3E7Y32ZCSWRxVic8zqFpBtQfUyf-Kq1EzKs&dib_tag=se&qid=1759735862&s=electronics&sr=1-577&xpid=UZHjCDxPt3DrQ,https://www.flipkart.com/poco-c75-5g-enchanted-green-128-gb/p/itm39bf2169e7f3e?pid=MOBHBC3WQFWJX29G&lid=LSTMOBHBC3WQFWJX29GXEY98P&marketplace=FLIPKART&q=mobile+phones&store=tyy%2F4io&srno=s_23_534&otracker=search&otracker1=search&fm=Search&iid=e5d86ed0-9f7c-4784-be93-3d994f5cc97e.MOBHBC3WQFWJX29G.SEARCH&ppt=sp&ppn=sp&ssid=yrswd515wg0000001753088023963&qH=a81ad6e72f7a2fd1,,https://rukminim2.flixcart.com/image/312/312/xif0q/mobile/y/v/f/-original-imahbr2cmpwexghw.jpeg?q=70,Mobiles,0.7585,poco,-1200.0,Amazon,1200.0,16.44
4449,889,CMF BY NOTHING Phone 2 Pro 5G (Orange 128 GB 8 GB RAM),"CMF by Nothing Phone 2 Pro (Orange, 128 GB)",16928.0,18999.0,4.1,4.4,https://www.amazon.in/CMF-Phone-Orange-128GB-8GBRAM/dp/B0F7835FKS/ref=sr_1_4755?dib=eyJ2IjoiMSJ9.cXqDa1EfCvK30Gxf8Cfil6UVSSFvqivlqyZ5lDxQBk50vjQicrfuABhZC5lJaGjVCGkBZjOmaqNKFYAdoEMVDF_itACrABpaBzrcS3YLib1oCYRL5x_F33Q86yvPBh99hiKBQA7Q7pnRlFQt2f65vBE1g6a-L_6Fc3rv1h7wPZ6ZT-VpdfVQUWilqjPeFwVigwKZmssZ7V9t0wBnsP-WmGc_MLf6c5NLqHOvRAVgQFdC5VHuCZuMAFKve4gatUtN_NUoxv2zN7mVFgfwg91Zk1ikQ8BkHykXvu5xeXDrNgc.izI5iUmS5zljHFS25y3ZpACKS-9iGwD68zfcjlY_t58&dib_tag=se&qid=1759740104&s=electronics&sr=1-4755&xpid=UZHjCDxPt3DrQ,https://www.flipkart.com/cmf-nothing-phone-2-pro-orange-128-gb/p/itm46a119f176627?pid=MOBHAUHAHD3TRJ7X&lid=LSTMOBHAUHAHD3TRJ7XRKZ0X4&marketplace=FLIPKART&q=mobile+phones&store=tyy%2F4io&srno=s_9_201&otracker=search&otracker1=search&fm=Search&iid=542988a7-d9c6-4e1e-b1cc-fb1e0bc2dafa.MOBHAUHAHD3TRJ7X.SEARCH&ppt=sp&ppn=sp&ssid=afkuhooum80000001753087870382&qH=a81ad6e72f7a2fd1,,https://rukminim2.flixcart.com/image/312/312/xif0q/mobile/x/g/r/-original-imahc7ez8cq55mah.jpeg?q=70,Mobiles,0.7576,nothing,-2071.0,Amazon,2071.0,12.23
163,827,"POCO M7 5G, Ocean Blue (6GB, 128GB)","POCO M7 5G (Ocean Blue, 128 GB)",8498.0,10499.0,4.2,4.2,https://www.amazon.in/POCO-Ocean-Blue-6GB-128GB/dp/B0F135PGDX/ref=sr_1_165?dib=eyJ2IjoiMSJ9.0SRjyDuPyka0YHhrnuKxxwY1GD-bZkN1bQPpffuRQa9jwUYILPkLtlttgxP7wZp5Ff21Hv_izflaTtMgrFoK-7lrOA7Hra83s0Wo6LHUC6aDjZa6N52A32oGGXXQH8mzpWAfd8wglSvT_GeRSp1BMaSE7q-RUEyfNz9cN29M5E78jEULOdsDMW_xjhPKQBC-1MneQCACyGUEpubnZ3K8DvLo6HqODEUuiFPZB8AA7qjgcHhFyWO_rZE-I8IF4JNmraNmigEvxwx-NExBi2EU-AOGZ0NBjNFOP0fulXwV94k.NQ2GY73tKuKgTnHrt7V8jC_Y5ptlxPiz1oXBVV-HaQs&dib_tag=se&qid=1759735523&s=electronics&sr=1-165&xpid=UZHjCDxPt3DrQ,https://www.flipkart.com/poco-m7-5g-ocean-blue-128-gb/p/itm7c4a352930fde?pid=MOBH9HFJTH8SZWMZ&lid=LSTMOBH9HFJTH8SZWMZ6OVNR6&marketplace=FLIPKART&q=mobile+phones&store=tyy%2F4io&srno=s_6_123&otracker=search&otracker1=search&fm=Search&iid=94d27974-1611-4942-bd78-7364d4d8c8a7.MOBH9HFJTH8SZWMZ.SEARCH&ppt=sp&ppn=sp&ssid=i6vfru46jk0000001753087838766&qH=a81ad6e72f7a2fd1,,https://rukminim2.flixcart.com/image/312/312/xif0q/mobile/o/s/t/-original-imah9wydbymh7gv2.jpeg?q=70,Mobiles,0.7564,poco,-2001.0,Amazon,2001.0,23.55
8313,1002,"Motorola Edge 60 Pro (Pantone Sparkling Grape, 8GB RAM, 256GB Storage)","MOTOROLA Edge 60 Pro (Pantone Sparkling Grape, 256 GB)",27418.0,33999.0,4.1,4.4,https://www.amazon.in/Motorola-Pantone-Sparkling-Grape-Storage/dp/B0F83GQV1T/ref=sr_1_8967?dib=eyJ2IjoiMSJ9.0cyRa1Vl7wBQIe8U5_mp-A8LqjK_DydzGbPyscLWu8r7SgBGTLKCh_MJfYbIasq0wG62WHhjMPchUnWGiEJWszVGt51HbXbbSND1r6fB8IUH0VIWNA01rpW9duCsotElTtOAXSxL2mofzc6KRRvULxJQ8A1FT5jgZPCDQ8QYybMIKrP9WbK8FcFq05LItlsgYZI2nxGy9H514gej9NeJuVTnlFR0fgdUsOXewZiXCqzwLrXv2cStk8ikgAFPlBKoQ6-RXWHU3enIzq-eGGNnOQsvHn-lbrzUkwm68f7N5Jw.snkxgNIKUXOEoUjRbZVGVYHigOXJwoV7JpjgxJLTEmo&dib_tag=se&qid=1759745339&s=electronics&sr=1-8967&xpid=UZHjCDxPt3DrQ,https://www.flipkart.com/motorola-edge-60-pro-pantone-sparkling-grape-256-gb/p/itm26341e4d28553?pid=MOBH9C9JFZTVJP87&lid=LSTMOBH9C9JFZTVJP87EGKIZI&marketplace=FLIPKART&q=mobile+phones&store=tyy%2F4io&srno=s_15_349&otracker=search&otracker1=search&fm=Search&iid=2a6d8db9-bd66-4ab7-8a46-565c7e309085.MOBH9C9JFZTVJP87.SEARCH&ppt=sp&ppn=sp&ssid=wset0fgrps0000001753087933323&qH=a81ad6e72f7a2fd1,,https://rukminim2.flixcart.com/image/312/312/xif0q/mobile/x/a/x/-original-imahcrpwkdh2gbbs.jpeg?q=70,Mobiles,0.7558,motorola,-6581.0,Amazon,6581.0,24.0
2372,746,"Motorola G35 5G (Leaf Green, 4GB RAM, 128GB Storage)","MOTOROLA g35 5G (Leaf Green, 128 GB)",9899.0,9999.0,4.0,4.2,https://www.amazon.in/Motorola-Storage-Ultra-Fast-Smartphone-5000mAh/dp/B0DPW2M4JR/ref=sr_1_2418?dib=eyJ2IjoiMSJ9.VXOVkXNReyOP0Ybms7p4t2oDRwfsJtL1KBoNrhwycyH4cuGIlKC0u7Ehm-pHFFdcqfCeKSa8-88T9Xb0k0VZHck9ZYEPawxPOxp-bjELYkQhJotU6XyNKFD4Rzm3pxLqifdum2I3ZUSGxhX4SGEWuqpqL0IureTqWCoRjGOJmgcAF9K_exjNrRgqKE52FqOzjvxLh0Ee24PeO2d_WAZIiiz3hTHc-pwI8fYTltj8Kib1Bd5AWkXcPijphvlO-C2D3_RR8tUSCKbCSpj_h9X43QRlook56Rj4DG1_xg7TiWs.84PcQ7Agi7xMR1nP5AeVlcXw6X9VvWzCcgIx-_reM1c&dib_tag=se&qid=1759737623&s=electronics&sr=1-2418&xpid=UZHjCDxPt3DrQ,https://www.flipkart.com/motorola-g35-5g-leaf-green-128-gb/p/itma3ca32cc93927?pid=MOBH3YGPQHRSNQED&lid=LSTMOBH3YGPQHRSNQEDLDGOMQ&marketplace=FLIPKART&q=mobile+phones&store=tyy%2F4io&srno=s_2_39&otracker=search&otracker1=search&fm=Search&iid=8d7c571b-51b2-486f-84fa-7a4b81c5b634.MOBH3YGPQHRSNQED.SEARCH&ppt=sp&ppn=sp&ssid=bcitpmhteo0000001753087794733&qH=a81ad6e72f7a2fd1,,https://rukminim2.flixcart.com/image/312/312/xif0q/mobile/o/v/c/g35-5g-pb3h0001in-motorola-original-imah7c6xqfsptyzx.jpeg?q=70,Mobiles,0.748,motorola,-100.0,Amazon,100.0,1.01
520,735,"Motorola G45 5G (Brilliant Blue, 8GB RAM, 128GB Storage)","Motorola g45 5G (Brilliant Blue, 128 GB)",12270.0,10999.0,4.0,4.3,https://www.amazon.in/Motorola-Brilliant-Blue-128GB-Storage/dp/B0DDY9HMJG/ref=sr_1_522?dib=eyJ2IjoiMSJ9.-d52f5rZyh4TMIteyQhqcCVD3MxCHH235p1SPQtA0GLM4tYOswXeANcdDVCp1vzQo5DUyCzlFmF7NEYRASdDKOUvv47pZTcpaDuqyXbHBtlKVXkToazQiJ7tPrQ2bTIKhXjaHxsyabF_q5apudnAHWB8SemGxv6wVlhi28WaZGaAayXAEbh_5umOARbJb5XMDJ6lIPW6KRczSP6ww49p97n3nYnJbdD4woxKvu7-ioUP43LBKbQTUPa9PaFclNkAZ4tm0uqmbQth0YoES_EBVjYp0FfMCunFApqrx5zSEf4.m7Al2EumA5TjrchUpd-pN4tzgqbnT0cpRyFk5bR5weE&dib_tag=se&qid=1759735806&s=electronics&sr=1-522&xpid=UZHjCDxPt3DrQ,https://www.flipkart.com/motorola-g45-5g-brilliant-blue-128-gb/p/itm83cc1cca54e32?pid=MOBH3YKQQDZZ2WZH&lid=LSTMOBH3YKQQDZZ2WZHGOH35A&marketplace=FLIPKART&q=mobile+phones&store=tyy%2F4io&srno=s_2_28&otracker=search&otracker1=search&fm=Search&iid=8d7c571b-51b2-486f-84fa-7a4b81c5b634.MOBH3YKQQDZZ2WZH.SEARCH&ppt=sp&ppn=sp&ssid=bcitpmhteo0000001753087794733&qH=a81ad6e72f7a2fd1,,https://rukminim2.flixcart.com/image/312/312/xif0q/mobile/r/l/c/-original-imah3xk892aj9gck.jpeg?q=70,Mobiles,0.7471,motorola,1271.0,Flipkart,1271.0,11.56
529,724,"POCO C71, Cool Blue (6GB, 128GB)","POCO C71 (Cool Blue, 128 GB)",6799.0,6999.0,4.0,4.1,https://www.amazon.in/POCO-C71-Cool-Blue-128GB/dp/B0F53SH9LJ/ref=sr_1_531?dib=eyJ2IjoiMSJ9.oTMctPrKkdpaEdfm_p0mFvdYVNWU4DBj1OA4NRzlmS-PU8wHM0GKWimURvuXmNFhz6YBrQK63H9-EHzLHq5ZLfhID7D5tG5t9jEYrma-YUQx5B_AoHLwzP2TpgPPsHmRCR7mEW9X4oiDY6gJHNk77OIhf5X54ESwPKRPAB7MWBvE0jC9i2m9GxzYcQUlKancGX7coawoAwf7F2aMjFNeIAAGGl_SmSC2zwm1PEcdyhuLjHd2KsEk9Yt6MCyyqDn7lYMoEQNemjupKNvCF_PS8tMxn65f0rsl3FV8JyJG6KM.NPvOYHtKbwySThN6bj2vLl4UDaxj4Ex6BHgWwt1CX2k&dib_tag=se&qid=1759735822&s=electronics&sr=1-531&xpid=UZHjCDxPt3DrQ,https://www.flipkart.com/poco-c71-cool-blue-128-gb/p/itmfb10bdbf02c6e?pid=MOBHAFVJURDB9QYR&lid=LSTMOBHAFVJURDB9QYRYNBHTJ&marketplace=FLIPKART&q=mobile+phones&store=tyy%2F4io&srno=s_1_17&otracker=search&otracker1=search&fm=organic&iid=9db23609-337f-4a77-94c6-9857bded9775.MOBHAFVJURDB9QYR.SEARCH&ppt=sp&ppn=sp&ssid=d93jfmema80000001753087781253&qH=a81ad6e72f7a2fd1,,https://rukminim2.flixcart.com/image/312/312/xif0q/mobile/r/5/z/-original-imahawgarmg5f8ff.jpeg?q=70,Mobiles,0.7361,poco,-200.0,Amazon,200.0,2.94
4043,758,"Motorola G35 5G (Guava Red, 4GB RAM, 128GB Storage)","MOTOROLA g35 5G (Guava Red, 128 GB)",10194.0,9999.0,4.0,4.2,https://www.amazon.in/Motorola-G35-5G-Storage-5000mAh/dp/B0DPW1HMYT/ref=sr_1_4307?dib=eyJ2IjoiMSJ9.jEqj3aQrbbCCkeC9JvZ0Tav364v-Q3PlUw2B2uVFRFHY49Nt6o6WpyOndk0_rVOGdcHdvvhIyV5OI7D0fSqpQlOpd0lFPYEkiaJfAWhGAbNQKBBuJ5u_EmX51l4y3EwIFXmKpZC-M_shfct18HCmWebfXCrN-qHnT8QOfXfXJwKYoUCicl8M3HGIhOTE1C5rXts9_RkSVDKKSaRi2Uh3knESg4n56XWSYqgsurSNjWwurt5SONy1RQjPfdH3FCHdhsZrprPHtKRtf6Ivi8lzskMixULs3bGi4wXIJVWLIcQ.wCSZDviHjdzXcnSOz_j27Ok94g3sHMy9RDKR9clky78&dib_tag=se&qid=1759739639&s=electronics&sr=1-4307&xpid=UZHjCDxPt3DrQ,https://www.flipkart.com/motorola-g35-5g-guava-red-128-gb/p/itm39bba58f6cdfc?pid=MOBH3YGPWZZB9ZZK&lid=LSTMOBH3YGPWZZB9ZZKFWIZWR&marketplace=FLIPKART&q=mobile+phones&store=tyy%2F4io&srno=s_3_51&otracker=search&otracker1=search&fm=Search&iid=5e6f9ac8-4212-4e3a-9649-3114714e76ca.MOBH3YGPWZZB9ZZK.SEARCH&ppt=sp&ppn=sp&ssid=jyzjxrisao0000001753087806754&qH=a81ad6e72f7a2fd1,,https://rukminim2.flixcart.com/image/312/312/xif0q/mobile/e/6/4/g35-5g-pb3h0002in-motorola-original-imah7c6wzezymef7.jpeg?q=70,Mobiles,0.7335,motorola,195.0,Flipkart,195.0,1.95
545,1019,POCO M6 Plus 5G Misty Lavender 8GB RAM 128GB ROM,"POCO M6 Plus 5G (Misty Lavender, 128 GB)",10199.0,11499.0,4.0,4.2,https://www.amazon.in/POCO-Plus-Misty-Lavender-128GB/dp/B0D9KJXN82/ref=sr_1_547?dib=eyJ2IjoiMSJ9.oTMctPrKkdpaEdfm_p0mFvdYVNWU4DBj1OA4NRzlmS-PU8wHM0GKWimURvuXmNFhz6YBrQK63H9-EHzLHq5ZLfhID7D5tG5t9jEYrma-YUQx5B_AoHLwzP2TpgPPsHmRCR7mEW9X4oiDY6gJHNk77OIhf5X54ESwPKRPAB7MWBvE0jC9i2m9GxzYcQUlKancGX7coawoAwf7F2aMjFNeIAAGGl_SmSC2zwm1PEcdyhuLjHd2KsEk9Yt6MCyyqDn7lYMoEQNemjupKNvCF_PS8tMxn65f0rsl3FV8JyJG6KM.NPvOYHtKbwySThN6bj2vLl4UDaxj4Ex6BHgWwt1CX2k&dib_tag=se&qid=1759735822&s=electronics&sr=1-547&xpid=UZHjCDxPt3DrQ,https://www.flipkart.com/poco-m6-plus-5g-misty-lavender-128-gb/p/itm2497fcb50d435?pid=MOBH2M2DHHW3SGGP&lid=LSTMOBH2M2DHHW3SGGPLBTU5T&marketplace=FLIPKART&q=mobile+phones&store=tyy%2F4io&srno=s_16_370&otracker=search&otracker1=search&fm=Search&iid=063ca73b-034f-49ce-abbd-42b43c4da71d.MOBH2M2DHHW3SGGP.SEARCH&ppt=sp&ppn=sp&ssid=j3ipelsou80000001753087943915&qH=a81ad6e72f7a2fd1,,https://rukminim2.flixcart.com/image/312/312/xif0q/mobile/9/b/n/-original-imah3afnqj84usyy.jpeg?q=70,Mobiles,0.7318,poco,-1300.0,Amazon,1300.0,12.75
472,709,"POCO C71, Desert Gold (6GB, 128GB)","POCO C71 (Desert Gold, 128 GB)",6799.0,6999.0,4.0,4.1,https://www.amazon.in/POCO-C71-Desert-Gold-128GB/dp/B0F53RRM5B/ref=sr_1_474?dib=eyJ2IjoiMSJ9.sWI1xGx8jUQs88AkQzwZAGUhDRA6sIQBYyWYRkAzCYJIS_2TSXmsqxXeYIVG8OJ1BK69oJBRMsCxX78UpZGnRRWqHuFeRkRJ-gGo58OVQU_eXjZAlE8wdKt1rCvzjmMfh0J1f2TLXX6UmqFRWCVMEXmIvIShsGFAw7icWkIPDXfDuxZeEPUv1adtExe6YOem1GjzLsSrXiKTdBjMxjReKEKPcPQTe8e6WW7xAFs8nt0-Mk06d6ZxqgGwioa4joCWkd1DFJiLwSAB3tZ6erN1aabRSV6W8AW5ZNrcOW_LiQ0.msFkjOAgdNSja5QoaH6qupCZXcnNqw_emvmIv55w5BI&dib_tag=se&qid=1759735759&s=electronics&sr=1-474&xpid=UZHjCDxPt3DrQ,https://www.flipkart.com/poco-c71-desert-gold-128-gb/p/itm2a2ad903f91f4?pid=MOBHAFVJ8WXHR5FT&lid=LSTMOBHAFVJ8WXHR5FTKIOCQ2&marketplace=FLIPKART&q=mobile+phones&store=tyy%2F4io&srno=s_1_2&otracker=search&otracker1=search&fm=organic&iid=9db23609-337f-4a77-94c6-9857bded9775.MOBHAFVJ8WXHR5FT.SEARCH&ppt=sp&ppn=sp&ssid=d93jfmema80000001753087781253&qH=a81ad6e72f7a2fd1,,https://rukminim2.flixcart.com/image/312/312/xif0q/mobile/u/c/i/-original-imahawgayvnqkzaz.jpeg?q=70,Mobiles,0.7307,poco,-200.0,Amazon,200.0,2.94
862,941,POCO M6 Plus 5G Ice Silver 8GB RAM 128GB ROM,"POCO M6 Plus 5G (Ice Silver, 128 GB)",10199.0,11499.0,4.0,4.2,https://www.amazon.in/POCO-Plus-Ice-Silver-128GB/dp/B0D9KKXJSY/ref=sr_1_869?dib=eyJ2IjoiMSJ9.UlWgjiHcUGAHp0kqbaBgpJcp88KwPSOpKnR4IdUvAUT6q6c-h26q2KcwtHae14CU7JdgH-N3S1M8EOqZMCXdFf3C68Ilkp8aLvxm2L9lTbRJbrSGKU5_WmarFmJR2aLvgD06M2tK-vIhtyWYXSN33nMsLgV9hJlykyk8kk-4eFT3bFAIdl0mQ9HwKY0xC1gnP_UgUYXEDyKufjrUXsLPREYyYpQi7QNLkkPPa9mGSjyETwkeh3RgfaLAlu_QTGCZMqRQIRsMbqvyNBoI7BKIPZCzRAdFo9mnZj8zHkNg_0Q.TCE1j77Jnvy_Hn_4sggreaDp5X9nffWy9cE8Y62288U&dib_tag=se&qid=1759736098&s=electronics&sr=1-869&xpid=UZHjCDxPt3DrQ,https://www.flipkart.com/poco-m6-plus-5g-ice-silver-128-gb/p/itmc28efc9e90d07?pid=MOBH2M2DHZWDKYFE&lid=LSTMOBH2M2DHZWDKYFEJAQ2HD&marketplace=FLIPKART&q=mobile+phones&store=tyy%2F4io&srno=s_12_272&otracker=search&otracker1=search&fm=Search&iid=f7937241-fb59-427d-9eb7-75586bfef788.MOBH2M2DHZWDKYFE.SEARCH&ppt=sp&ppn=sp&ssid=p65rsa2g0g0000001753087901914&qH=a81ad6e72f7a2fd1,,https://rukminim2.flixcart.com/image/312/312/xif0q/mobile/c/u/c/-original-imah3afneszgnrt6.jpeg?q=70,Mobiles,0.7303,poco,-1300.0,Amazon,1300.0,12.75
737,756,POCO M6 Plus 5G Graphite Black 8GB RAM 128GB ROM,"POCO M6 Plus 5G (Graphite Black, 128 GB)",10199.0,10080.0,4.0,4.2,https://www.amazon.in/POCO-Plus-Graphite-Black-128GB/dp/B0D9KHQ4M1/ref=sr_1_742?dib=eyJ2IjoiMSJ9.ine4ibbMVjaKPilZbd7L6tuTPPAi04njx-85zM9xnaT1YOaCHyznibsu0rZLVo2MdoDyGxV99cJFkuaVLtupZVdyu0WlnDOwZGddvV6hHlUsQRYmTfL3q4gcWOljHz_uu4dlZm48D6kWpA-iQwu290YWFWiSBPZbdIRQWjfwvX7ufSzpgd6GvX17ibceFZwg-fYkYFl0Lby6lEnBuvA0iZCQTGIkzKJCH0-nUdVGjyq8dUGTauREvtVJDIg_bR2mZC7UCb9ROkPS6IJ9lvRSi7Mma53p3xK6wZQK0xBfVKo.v38iBtzo-jrZ05uhnFoLI-itVpn0F7BVzT_kDErXWhA&dib_tag=se&qid=1759735979&s=electronics&sr=1-742&xpid=UZHjCDxPt3DrQ,https://www.flipkart.com/poco-m6-plus-5g-graphite-black-128-gb/p/itm82a1353906425?pid=MOBH2M2DN8ZFH7XK&lid=LSTMOBH2M2DN8ZFH7XKSXYCSZ&marketplace=FLIPKART&q=mobile+phones&store=tyy%2F4io&srno=s_3_49&otracker=search&otracker1=search&fm=Search&iid=5e6f9ac8-4212-4e3a-9649-3114714e76ca.MOBH2M2DN8ZFH7XK.SEARCH&ppt=sp&ppn=sp&ssid=jyzjxrisao0000001753087806754&qH=a81ad6e72f7a2fd1,,https://rukminim2.flixcart.com/image/312/312/xif0q/mobile/i/w/k/-original-imah3afnzmgfjnrf.jpeg?q=70,Mobiles,0.7291,poco,119.0,Flipkart,119.0,1.18
259,797,"POCO C75 5G, Aqua Bliss (4GB, 64GB)","POCO C75 5G (Aqua Bliss, 128 GB)",7299.0,8499.0,4.2,4.3,https://www.amazon.in/POCO-C75-Aqua-Bliss-64GB/dp/B0DRKNZFT2/ref=sr_1_261?dib=eyJ2IjoiMSJ9.gNOghet7pYzvbp4CYHuotsf0bxr62Wo_sx7kJwaSxTDbuJz7T1SVGJYQdUgGhl-Liewacz2rLVy-TzzX8vewiOvEdcYQieOhPL8h6NKnwAUs5Gu0RW-ifxfEyLazOVWaIGqOA7D2fjK_Z43HfLJDr9KdENQv8Yv6U8F4aXqaHJKdULPzXGl4Q7D2aT9jmTWXykZVCl3b9CBsuOm29z-mUR_RVeyo9q-KI23x38ucQ81PLKk5lRljMD1w3Mgl-S-SwK-Kx5LYDfUSXm80QautL-l5ODSEX1hc_Xwi30AxTLg.0Zj_6dbfHcA1N6IPXkvX2rMcUEPq5OfC6QYBOveuRIM&dib_tag=se&qid=1759735594&s=electronics&sr=1-261&xpid=UZHjCDxPt3DrQ,https://www.flipkart.com/poco-c75-5g-aqua-bliss-128-gb/p/itmc8ac71aacc115?pid=MOBHBC3WFGTCNDD7&lid=LSTMOBHBC3WFGTCNDD7MLABCF&marketplace=FLIPKART&q=mobile+phones&store=tyy%2F4io&srno=s_4_91&otracker=search&otracker1=search&fm=Search&iid=4bdf492a-549d-4735-91d3-2d10536e45ed.MOBHBC3WFGTCNDD7.SEARCH&ppt=sp&ppn=sp&ssid=scs8nge6b40000001753087817678&qH=a81ad6e72f7a2fd1,,https://rukminim2.flixcart.com/image/312/312/xif0q/mobile/o/2/g/-original-imahbr2cz5apcwze.jpeg?q=70,Mobiles,0.7269,poco,-1200.0,Amazon,1200.0,16.44
6574,779,"Motorola G85 5G (Viva Magenta, 8GB RAM + 128GB Storage)","Motorola G85 5G (Viva Magenta, 128 GB)",16799.0,16999.0,4.1,4.4,https://www.amazon.in/Motorola-G85-5G-Magenta-Storage/dp/B0DJ7XL7SW/ref=sr_1_7049?dib=eyJ2IjoiMSJ9.APi_GujbV8IfKD689vpppzoeW4Nf9IM1RQW5TeMtB99buNNVsJUtD2FWnnAd27IBFgfYHWy-lxODg3TmxjWeFqt3vvrZyoACKRxfx7z0LiJIZO4EMkDefGGh_UlQCXtmUmr324qVV4cH_6lOdFCr8w-0oKCRu05HSW5Xbi5zMq9r-4W6E0w74PT4mMUzTbc-uWjZvkVHIuYYVlaHBXnaYdEc-8j6LwVgSwUy6KVFjRua0DwEoi33wGF2UmTj6_tWDKPVxqiCuZjR7c1ge9Rog9c1C5G3GCaKQaVKV9V1KP8.BeHEfAhZsnkE9WAqR_rIaIIaWSLiKQ5uyV2Fwu1S4ds&dib_tag=se&qid=1759742974&s=electronics&sr=1-7049&xpid=UZHjCDxPt3DrQ,https://www.flipkart.com/motorola-g85-5g-viva-magenta-128-gb/p/itmcde2d6941a6ce?pid=MOBH35ZQFGVJFJ3W&lid=LSTMOBH35ZQFGVJFJ3WA8SV9M&marketplace=FLIPKART&q=mobile+phones&store=tyy%2F4io&srno=s_4_73&otracker=search&otracker1=search&fm=Search&iid=4bdf492a-549d-4735-91d3-2d10536e45ed.MOBH35ZQFGVJFJ3W.SEARCH&ppt=sp&ppn=sp&ssid=scs8nge6b40000001753087817678&qH=a81ad6e72f7a2fd1,,https://rukminim2.flixcart.com/image/312/312/xif0q/mobile/b/y/g/-original-imah4qtgjtzprg3g.jpeg?q=70,Mobiles,0.7261,motorola,-200.0,Amazon,200.0,1.19
893,728,"POCO C71, Power Black (6GB, 128GB)","POCO C71 (Power Black, 128 GB)",6799.0,6999.0,4.0,4.1,https://www.amazon.in/POCO-C71-Power-Black-128GB/dp/B0F53YXN58/ref=sr_1_901?dib=eyJ2IjoiMSJ9.sBfi9cxkoUGR1ZW8xOP3bUBIhTrycTK_k3e-W92ge2gp0Tr65cJ9tGTOA7R5feZOQl3QeKgPvNef9DPOnWwvXPGKb0-PHwfb_wARnBZTbh5m89nDMdf0fpeTG-x6Awjp0rHHcY7VnnUNdKevR1aEdg6rpwvvtTX0UBr1llHLQ0v4NXQwCl_6xDdW33uItqnygfFmeN4_N_cNv6wkPy3rbfCadDmbWmLl2jSxGFxJrHxwwwslZZ__dPL-G6dJrprl6xLoGNXHn6mq-Fel-_xws4PTfKYbir33KIQtLswDNgs.4XqimYQZsih1WylZDrKVmx94DKWi8Gl5UQAfaoJzDeY&dib_tag=se&qid=1759736118&s=electronics&sr=1-901&xpid=UZHjCDxPt3DrQ,https://www.flipkart.com/poco-c71-power-black-128-gb/p/itm8096ee52d7013?pid=MOBHAFVJJM8BWNKC&lid=LSTMOBHAFVJJM8BWNKCJY0MRA&marketplace=FLIPKART&q=mobile+phones&store=tyy%2F4io&srno=s_1_21&otracker=search&otracker1=search&fm=organic&iid=9db23609-337f-4a77-94c6-9857bded9775.MOBHAFVJJM8BWNKC.SEARCH&ppt=sp&ppn=sp&ssid=d93jfmema80000001753087781253&qH=a81ad6e72f7a2fd1,,https://rukminim2.flixcart.com/image/312/312/xif0q/mobile/7/z/w/-original-imahawgahmkbjxyj.jpeg?q=70,Mobiles,0.7226,poco,-200.0,Amazon,200.0,2.94
1181,807,"Motorola G45 5G (Viva Magenta, 8GB RAM, 128GB Storage)","Motorola g45 5G (Viva Magenta, 128 GB)",12350.0,10999.0,4.2,4.3,https://www.amazon.in/Motorola-Viva-Magenta-128GB-Storage/dp/B0DDY9XDJS/ref=sr_1_1195?dib=eyJ2IjoiMSJ9.y5Jgs4QX7L1NqKVOtEsOyw1kEBHREUVoYAeaL6F4ymiCprUCtnIlVsc4wslj63XMXeYj9QW_cd_LY1q_ydN_KCgy9rTD0c3sdxfll8gGE0gp78hoXAtuJHHZAoAmYdn3D0Yrm_Lf_DnVwMZCfmg_W7VV8ILTqjoDzOm6aXWq93KxF43KnGPQtqbTtiP78IAAMwig4SWGufUcy1n7f8NwJFBUTj3vKFc9YS1fDx-XrHgbUmItfC1AKp51jSorCQBI_wFRIT-OdyHxEIiY-OAqrZz6yWYy1d0ldiXuMfEEQrs.UXrBilOGKmeevZ57LeoZ4VadOe_T7H1mykh8RHGlyTs&dib_tag=se&qid=1759736352&s=electronics&sr=1-1195&xpid=UZHjCDxPt3DrQ,https://www.flipkart.com/motorola-g45-5g-viva-magenta-128-gb/p/itm4c602982d7ec7?pid=MOBH3YKQJZF9NJZN&lid=LSTMOBH3YKQJZF9NJZNQE7FVA&marketplace=FLIPKART&q=mobile+phones&store=tyy%2F4io&srno=s_5_102&otracker=search&otracker1=search&fm=Search&iid=ffa6b7c3-8bc6-4310-b193-0ebddb2d509b.MOBH3YKQJZF9NJZN.SEARCH&ppt=sp&ppn=sp&ssid=1c79mzld9c0000001753087828112&qH=a81ad6e72f7a2fd1,,https://rukminim2.flixcart.com/image/312/312/xif0q/mobile/9/3/6/-original-imah3xk8u8dgteq3.jpeg?q=70,Mobiles,0.7214,motorola,1351.0,Flipkart,1351.0,12.28
1705,724,"POCO C71, Cool Blue (4GB, 64GB)","POCO C71 (Cool Blue, 128 GB)",6199.0,6999.0,4.0,4.1,https://www.amazon.in/POCO-C71-Cool-Blue-64GB/dp/B0F3XB7T5Q/ref=sr_1_1735?dib=eyJ2IjoiMSJ9.HCSlrJICRftu3h7vIuWot66OxyPGkAbb82o07T7I6gwGfP17-Vythc4e1po6jZtjkxQEvXnJ9nC7nDxQTn9Hyys2JaeIm_yQQTuUjz0Pg1sGWU2ZMfwf4deFmj7J_zhDu8ViiIIqAUEA-qH8fihup_fqu1qQDiVqCqPEl1mewf7LGrI6HBFHogVICiVoOXJ0DR55eoWQwkUyuPcYlolY0SpH8Xn5dGugPtQ6Ci6ILDg_cdgtBp3nncjMBUexsp9PvxmSQ7KAlg3QontEysqAfwVt_hX1O1Sgw3kq5qZT6U4.vw6oRTT0l7eoOfS5QnWhWIO44LIB3q5sY_bAbSYrbfc&dib_tag=se&qid=1759736937&s=electronics&sr=1-1735&xpid=UZHjCDxPt3DrQ,https://www.flipkart.com/poco-c71-cool-blue-128-gb/p/itmfb10bdbf02c6e?pid=MOBHAFVJURDB9QYR&lid=LSTMOBHAFVJURDB9QYRYNBHTJ&marketplace=FLIPKART&q=mobile+phones&store=tyy%2F4io&srno=s_1_17&otracker=search&otracker1=search&fm=organic&iid=9db23609-337f-4a77-94c6-9857bded9775.MOBHAFVJURDB9QYR.SEARCH&ppt=sp&ppn=sp&ssid=d93jfmema80000001753087781253&qH=a81ad6e72f7a2fd1,,https://rukminim2.flixcart.com/image/312/312/xif0q/mobile/r/5/z/-original-imahawgarmg5f8ff.jpeg?q=70,Mobiles,0.721,poco,-800.0,Amazon,800.0,12.91
1487,783,"Motorola G35 5G (Midnight Black, 4GB RAM, 128GB Storage)","MOTOROLA g35 5G (Midnight Black, 128 GB)",9980.0,9999.0,4.0,4.2,https://www.amazon.in/Motorola-Midnight-Storage-Powerful-Performance/dp/B0DPW21322/ref=sr_1_1509?dib=eyJ2IjoiMSJ9.TG4uv7N4KiSX4-5lKN_1BGK0ZLL9ckep22NMUgQU3OSK5hC7gE05rhWtCYrbc2Lh5Y_FWRYKi3xZuKwE_nIYgNQDqM_K2F9O89Wa51Y0nrJtYtcECqU4ZFlNTZ82X8uPS54V0CIWaJg4gKtLV79dhv4V_2OQYTI7hm0zH2YW9SCgyPAUlsLSwlq2qsJ8y8agY2LDUaNqobDg68ow8S5ra2Omg_APOmr7OHgmweTJkCpIJaSaeRMg_ziawkA7PMm0A3hPBbJTR7RKoo91dDUO2g0d_dvL8rVyFC_j3ohg2gQ.26Crl97-BFxBR2JbLPYD5TIdth5uQ_oXSxQgij1xEcw&dib_tag=se&qid=1759736661&s=electronics&sr=1-1509&xpid=UZHjCDxPt3DrQ,https://www.flipkart.com/motorola-g35-5g-midnight-black-128-gb/p/itm015cbd184b0eb?pid=MOBH3YGPTSA4SZQF&lid=LSTMOBH3YGPTSA4SZQF0KIKVP&marketplace=FLIPKART&q=mobile+phones&store=tyy%2F4io&srno=s_4_77&otracker=search&otracker1=search&fm=Search&iid=4bdf492a-549d-4735-91d3-2d10536e45ed.MOBH3YGPTSA4SZQF.SEARCH&ppt=sp&ppn=sp&ssid=scs8nge6b40000001753087817678&qH=a81ad6e72f7a2fd1,,https://rukminim2.flixcart.com/image/312/312/xif0q/mobile/z/q/m/g35-5g-pb3h0000in-motorola-original-imah7c6ykgz5rtgv.jpeg?q=70,Mobiles,0.705,motorola,-19.0,Amazon,19.0,0.19
2543,375,"HP 255 G10 AMD Athlon Dual Core 7120U - (8 GB/256 GB SSD/Windows 11 Home) Thin and Light Laptop (15.6 inch, Ash Silver, 1.35 kg)",HP 255 G10 AMD Athlon Dual Core 7120U - (8 GB/256 GB SSD/Windows 11 Home) 255 G10 Thin and Light Lapto...,22385.0,24700.0,3.8,4.1,https://www.amazon.in/HP-%E2%80%8E%E2%80%8ELaptop-Athlon-Silver-Windows/dp/B0DV984J97/ref=sr_1_2598?dib=eyJ2IjoiMSJ9.8cMJ0qLIODsyW3kUASQUve0oytsoNZ3CLMfvTTBPW9ZkqNyF0htsJ9wKAExnba1moEB-CZhEPpj-NS2C0oLSrK7gJ_Q8QrmaULltS2F_VwIH_TtvVlZMyN1sWKOCWqn3cbX6EJHkJg2--1nBUo8VnoEra_o_JVaetg-qIr_nMeLB9zBhnjw7yh04YKH0P7Q6SbqZ8Xe0YGav5GQvoEUH7jIwn9rFuXcso8Pt0Wt-NVqpj29thEjvC9ut82hRqVEbK1jf4D6hNpz137ovRVphswlUfQYu6I7CLEb1guk_N4o.fttMNEF8Odgk0LDr2IwHsKWw3oDj0e6f9aFUQ05-p74&dib_tag=se&qid=1759737829&s=electronics&sr=1-2598&xpid=UZHjCDxPt3DrQ,https://www.flipkart.com/hp-255-g10-amd-athlon-dual-core-7120u-8-gb-256-gb-ssd-windows-11-home-thin-light-laptop/p/itm0994d96e22416?pid=COMHBCNY8DX2T7HY&lid=LSTCOMHBCNY8DX2T7HYWUKEYT&marketplace=FLIPKART&q=laptop+hp&store=6bo%2Fb5g&srno=s_1_5&otracker=search&fm=organic&iid=77ef25a1-c1d1-4252-9701-31cee9a2f144.COMHBCNY8DX2T7HY.SEARCH&ppt=sp&ppn=sp&ssid=49xrydndqo0000001753105162195&qH=afa4496eec6c609d,,https://rukminim2.flixcart.com/image/312/312/xif0q/computer/h/j/x/255-g10-thin-and-light-laptop-hp-original-imahbcnytdxhgmgu.jpeg?q=70,Laptops,0.7006,hp,-2315.0,Amazon,2315.0,10.34
5420,794,"OPPO K13x 5G 6000mAh and 45W SUPERVOOC Charger & AI (Breeze Blue, 128 GB) (6 GB RAM)","OPPO K13x 5G 6000mAh and 45W SUPERVOOC Charger & AI (Midnight Violet, 128 GB)",11929.0,12999.0,,4.6,https://www.amazon.in/dp/B0FTFCD25N/ref=sr_1_5821?dib=eyJ2IjoiMSJ9.yIDx7ImtCxkqfACtlel5wrQcecc7r0bgDIzN9NPZ8N1lMeyAUERu4eLDlMyGPhyJpgY7x1A_vzh78WZKjfRfIno_J-n6Za_7zRp8xf_owBqZOr6LMRdZv2Jgs5e7XGdvqP9RwBPI5s_EoUCM-QuW6tvNG9WAkVZui-uHU0_mpMIxrRPtGyJ0U-tfXfCA8ICPjQrqJkHUkNL4giAUak5RGT8YLU1n4qZnepLqqhNL6y0COmDvQxBqUtyN8c6eToHvd9CbM1jaiAH80DtnsHK-qKTyK_XZxPX0WJBKN_Ddn60.e0FdxWVdmhGMsS4zvpUxAJwN1WW-JeRcDswVGiCEKYc&dib_tag=se&qid=1759741437&s=electronics&sr=1-5821&xpid=UZHjCDxPt3DrQ,https://www.flipkart.com/oppo-k13x-5g-6000mah-45w-supervooc-charger-ai-midnight-violet-128-gb/p/itm62b2e62fbb43e?pid=MOBHDY9PPU2NRCZH&lid=LSTMOBHDY9PPU2NRCZHVD1YM4&marketplace=FLIPKART&q=mobile+phones&store=tyy%2F4io&spotlightTagId=default_BestsellerId_tyy%2F4io&srno=s_4_88&otracker=search&otracker1=search&fm=Search&iid=4bdf492a-549d-4735-91d3-2d10536e45ed.MOBHDY9PPU2NRCZH.SEARCH&ppt=sp&ppn=sp&ssid=scs8nge6b40000001753087817678&qH=a81ad6e72f7a2fd1,,https://rukminim2.flixcart.com/image/312/312/xif0q/mobile/d/o/q/-original-imahdde7qcfymps9.jpeg?q=70,Mobiles,0.6968,oppo,-1070.0,Amazon,1070.0,8.97
864,781,"POCO C75 5G, Silver Stardust (4GB, 64GB)","POCO C75 5G (Silver Stardust, 64 GB)",7299.0,7699.0,4.2,4.3,https://www.amazon.in/POCO-C75-Silver-Stardust-64GB/dp/B0DRKL9FQH/ref=sr_1_871?dib=eyJ2IjoiMSJ9.UlWgjiHcUGAHp0kqbaBgpJcp88KwPSOpKnR4IdUvAUT6q6c-h26q2KcwtHae14CU7JdgH-N3S1M8EOqZMCXdFf3C68Ilkp8aLvxm2L9lTbRJbrSGKU5_WmarFmJR2aLvgD06M2tK-vIhtyWYXSN33nMsLgV9hJlykyk8kk-4eFT3bFAIdl0mQ9HwKY0xC1gnP_UgUYXEDyKufjrUXsLPREYyYpQi7QNLkkPPa9mGSjyETwkeh3RgfaLAlu_QTGCZMqRQIRsMbqvyNBoI7BKIPZCzRAdFo9mnZj8zHkNg_0Q.TCE1j77Jnvy_Hn_4sggreaDp5X9nffWy9cE8Y62288U&dib_tag=se&qid=1759736098&s=electronics&sr=1-871&xpid=UZHjCDxPt3DrQ,https://www.flipkart.com/poco-c75-5g-silver-stardust-64-gb/p/itm8e3f17ac2e724?pid=MOBH74433ZER9U4P&lid=LSTMOBH74433ZER9U4PIUMZCQ&marketplace=FLIPKART&q=mobile+phones&store=tyy%2F4io&srno=s_4_75&otracker=search&otracker1=search&fm=Search&iid=4bdf492a-549d-4735-91d3-2d10536e45ed.MOBH74433ZER9U4P.SEARCH&ppt=sp&ppn=sp&ssid=scs8nge6b40000001753087817678&qH=a81ad6e72f7a2fd1,,https://rukminim2.flixcart.com/image/312/312/xif0q/mobile/i/b/b/-original-imahbr2czzcrgfx7.jpeg?q=70,Mobiles,0.6953,poco,-400.0,Amazon,400.0,5.48
2728,751,Redmi A3X Ocean Green 4GB RAM 128GB ROM,"REDMI A3X (Ocean Green, 128 GB)",6758.0,6999.0,4.0,4.1,https://www.amazon.in/Redmi-Storage-Premium-Powerful-Processor/dp/B0D78VJQ93/ref=sr_1_2829?dib=eyJ2IjoiMSJ9.29vqUXciUBuRJ0NxZwCfR_Id7hDU0PEs2uCsbU2Ydng0Q9GYD4zS3izbJuN9U82FB6csQpDl_uZ6LEPuGjICAIBxHQJtjZ1SrutXaj6_GJYslv0CNfan57mxYpCW4hzVZe1W8mP7fsnT4LcjduxMUianDB9ToFrBUbQIP6y472QttqLJWpmB40AykOjKlJBlcnS9PFtdFqAkHyu2vRGbhyAT-1ZvnjHBUutMN-lvi3R98r7nFr5de6f7PFiUVr-lJ0v6dq5iIZenCfAZWms5DBpj8nRjvgc7_cSj8QF159k.ImZr84enZDPDPqcveFlZ4Pk38kpFIVYM3D_TPGrfsyA&dib_tag=se&qid=1759738058&s=electronics&sr=1-2829&xpid=UZHjCDxPt3DrQ,https://www.flipkart.com/redmi-a3x-ocean-green-128-gb/p/itmae02f9f3f765a?pid=MOBH22XZ94F6P6QV&lid=LSTMOBH22XZ94F6P6QVR3JTOK&marketplace=FLIPKART&q=mobile+phones&store=tyy%2F4io&srno=s_2_44&otracker=search&otracker1=search&fm=Search&iid=8d7c571b-51b2-486f-84fa-7a4b81c5b634.MOBH22XZ94F6P6QV.SEARCH&ppt=sp&ppn=sp&ssid=bcitpmhteo0000001753087794733&qH=a81ad6e72f7a2fd1,,https://rukminim2.flixcart.com/image/312/312/xif0q/mobile/y/s/d/a3x-24048rn6cl-redmi-original-imah8zszncah24z8.jpeg?q=70,Mobiles,0.655,redmi,-241.0,Amazon,241.0,3.57
8492,274,"HOPPUP Predator Xo3 Gaming Earbuds with 35MS Low Latency, 13MM Drivers & 50H Playtime Bluetooth (White, True Wireless)",HOPPUP Predator Xo3 Gaming Earbuds with 35MS Low Latenc...,797.0,799.0,3.8,4.0,https://www.amazon.in/HOPPUP-Predator-Playtime-Bluetooth-Wireless/dp/B0DHL7LZL1/ref=sr_1_9167?dib=eyJ2IjoiMSJ9.u5mOXmYW21DF7NGhsAkkzi_LiinYApzBvRBR0NZN6ArJAJZxa8UTs2ouE8DOWz-NY3Pytq1KqftgURZPkrWzCllISbialJ03RyjfWFvAS7TXX8j5aMYA8GoZWehHovIUoHMs-9GPtPaocEQ83-xkoVTA7xGAjf_ZtBvrdRJ08T5peLxTBEk8U-jkLZ-h6VG4PqhSs2opqDIrnWSnwZFF26jtFhPLXnEM8-W9lY3WYzZ5Qqcf1nlycHxso4BnfnX7Le4FGnWrzEz0DBRRxedBuA7OtjNMTwvbvBJSPouKmSI.YLI6OuuJGX3fZbAknwBLUG0MC5VFB5gFWUZZITH4MCA&dib_tag=se&qid=1759745577&s=electronics&sr=1-9167&xpid=UZHjCDxPt3DrQ,https://www.flipkart.com/hoppup-predator-xo3-gaming-earbuds-35ms-low-latency-13mm-drivers-50h-playtime-bluetooth/p/itm5c79343528d83?pid=ACCGX7GBAHQ5YEMB&lid=LSTACCGX7GBAHQ5YEMBHL72GF&marketplace=FLIPKART&q=earphones&store=0pm%2Ffcn%2F821&srno=s_20_773&otracker=search&otracker1=search&fm=Search&iid=8c808220-bc8d-41a8-8d6f-0d67c74d4b4e.ACCGX7GBAHQ5YEMB.SEARCH&ppt=sp&ppn=sp&ssid=9b0pahkye80000001753106480437&qH=54597ea1f2fc7f2e,,https://rukminim2.flixcart.com/image/612/612/xif0q/headphone/e/5/9/predator-xo3-gaming-earbuds-with-35ms-low-latency-13mm-drivers-original-imagx7gazw6f2cbd.jpeg?q=70,Earphones,0.6538,,-2.0,Amazon,2.0,0.25
4546,712,Redmi A3X Olive Green 4GB RAM 128GB ROM,"REDMI A3X (Olive Green, 128 GB)",6710.0,6999.0,3.8,4.1,https://www.amazon.in/Redmi-Storage-Premium-Powerful-Processor/dp/B0D78V5YFR/ref=sr_1_4863?dib=eyJ2IjoiMSJ9.0UPXSHtvOiTt0veXMvn_5-MkoGf_KlvQ_fzOMipEgT7K2olhO2JinM-iKjJ54WU7g50m270DXJea1a72H4H9RMbqtcvnwDoSqTPSt51lvAXhg-yTWVBn-G7pnNMlZs-wosotnBy6PYRlEr5cQiWrP_20a5tzdgpUXNuyIpVjDY8ypv2w8Jg5YacgIdnzwW6lxvQY2zunH7myQ4A_t_7fx4OFCEH8v03Oy9cVyDOl4lZfaPXahsnv5htvGE5HiNS-ui2CC0i6VobvehcdMcdIBLcL5Ao2il0ZHADsA2En61c.vdL9ambvUg-l9JbxkkOqAwFmoW8ffeHnxxh2jca2j-k&dib_tag=se&qid=1759740231&s=electronics&sr=1-4863&xpid=UZHjCDxPt3DrQ,https://www.flipkart.com/redmi-a3x-olive-green-128-gb/p/itmae02f9f3f765a?pid=MOBH22XZNAYUF44R&lid=LSTMOBH22XZNAYUF44REAHYV9&marketplace=FLIPKART&q=mobile+phones&store=tyy%2F4io&srno=s_1_5&otracker=search&otracker1=search&fm=organic&iid=9db23609-337f-4a77-94c6-9857bded9775.MOBH22XZNAYUF44R.SEARCH&ppt=sp&ppn=sp&ssid=d93jfmema80000001753087781253&qH=a81ad6e72f7a2fd1,,https://rukminim2.flixcart.com/image/312/312/xif0q/mobile/r/b/s/-original-imah2hfpqxjnkvts.jpeg?q=70,Mobiles,0.6507,redmi,-289.0,Amazon,289.0,4.31
5171,811,"Motorola Edge 60 Pro Pantone Shadow, 12GB RAM, 256GB Storage, Grey","MOTOROLA Edge 60 Pro (Pantone Shadow, 256 GB)",30959.0,29999.0,3.7,4.4,https://www.amazon.in/Motorola-Pantone-Shadow-256GB-Storage/dp/B0F83DDCVW/ref=sr_1_5544?dib=eyJ2IjoiMSJ9.rLxUTBTMdndAHmMeQPWgTpatoCEcrt2tpiL8iviE2ZWV6s21pwkYP4yoRWoM9X-WWi6enfG3YqSHNDQhsxhklB7l-93IYG9VuPUsBryONbVBjwlEb1qeduo_CCzhnoesNcZAkPmY10S3KFuDKx6n41n-jnDMoDEoMWxS733fZwOTtwMvrpehIjx7rF2ZOjGCT3jEBXlCud9hOjK8sUMd-qTTBpM0WDod2uyrnFVwSx04tNJQnncSdUBW6_8Y3e32cnphexpS7C5XPa0Td6KfknRTpzqg7eCcqYtMMsarHdY.rFCVShXEnlcNmhwETuQv6tyIPg6-M6N3SSNGTHH9MTc&dib_tag=se&qid=1759741076&s=electronics&sr=1-5544&xpid=UZHjCDxPt3DrQ,https://www.flipkart.com/motorola-edge-60-pro-pantone-shadow-256-gb/p/itm3823c3f8f3cc9?pid=MOBH9C9JEHCZYHF2&lid=LSTMOBH9C9JEHCZYHF20RHZ41&marketplace=FLIPKART&q=mobile+phones&store=tyy%2F4io&spotlightTagId=default_FkPickId_tyy%2F4io&srno=s_5_106&otracker=search&otracker1=search&fm=Search&iid=ffa6b7c3-8bc6-4310-b193-0ebddb2d509b.MOBH9C9JEHCZYHF2.SEARCH&ppt=sp&ppn=sp&ssid=1c79mzld9c0000001753087828112&qH=a81ad6e72f7a2fd1,,https://rukminim2.flixcart.com/image/312/312/xif0q/mobile/1/4/h/-original-imahcrpwaxrsfjzd.jpeg?q=70,Mobiles,0.6422,motorola,960.0,Flipkart,960.0,3.2
2488,336,"Samsung AKG-Tuned IC100 Type-C Earphone, Black",Samsung -tuned IC100 Type-C Earphone Wired,1741.0,1849.0,4.0,4.1,https://www.amazon.in/Samsung-AKG-Tuned-IC100-Type-C-Earphone/dp/B0B51SSJQG/ref=sr_1_2539?dib=eyJ2IjoiMSJ9.ATRDsuEcDHJc8MvD4M3i8yiZbI_TW9DPsPAl4lSzDE4lAjyO-rucVrMBRr7n07lw3KQ0eb9wGWAIXHKnsLLM-dfWc9H-hwJeEwj8mVbj1qca2UvTjMzMemMa4CZOHKIq0e7f7xLCFnuhW4AzwqGa1ybQR29nx_mJL3nrXLHXNpVqlXK0slfsUqo7VtB2CoejhIT6aShK8_zJ1v7I1qFwrwwhquV8kVTBt-K3pp8pCDrvu8Vnq7F_A2MGbIkwx9A7uXk4m8iicRp3KmidLElrkw6vJkCJ49kRHB9RCwG3WTk.Af2MdnEDqKI46S8N8w240yTDHH4myl2k5cDYH0wG818&dib_tag=se&qid=1759737748&s=electronics&sr=1-2539&xpid=UZHjCDxPt3DrQ,https://www.flipkart.com/samsung-tuned-ic100-type-c-earphone-wired/p/itmbed7658fb4f2f?pid=ACCGFZH22FRY7DHN&lid=LSTACCGFZH22FRY7DHNRQEQPZ&marketplace=FLIPKART&q=earphones&store=0pm%2Ffcn%2F821&srno=s_23_920&otracker=search&otracker1=search&fm=Search&iid=1af41a8c-3b1e-46e9-899a-40b63b6e694f.ACCGFZH22FRY7DHN.SEARCH&ppt=sp&ppn=sp&ssid=3fou8h7ik00000001753106572311&qH=54597ea1f2fc7f2e,,https://rukminim2.flixcart.com/image/612/612/xif0q/headphone/b/m/j/akg-tuned-ic100-type-c-earphone-samsung-original-imah4kyjwvrypgpz.jpeg?q=70,Earphones,0.6232,samsung,-108.0,Amazon,108.0,6.2
7862,72,"HOPPUP Xo6 Gaming Earbuds with 35MS Low Latency, RGB LED, 13MM Drivers & 50H Playtime Bluetooth (Coal Black, True Wireless)","HOPPUP Xo6 Gaming Earbuds with 35MS Low Latency, RGB LE...",798.0,799.0,4.0,4.0,https://www.amazon.in/HOPPUP-Earbuds-Playtime-Bluetooth-Wireless/dp/B0DHVTD1QZ/ref=sr_1_8487?dib=eyJ2IjoiMSJ9.IoE_MWpkrouGqtnoWOUi3cIloZzsqVCLdp0XNfcZztucuszoNcMrSHxDL-C8ZEkdvEdkqAkfdn8GSBLQ44V9ZiM8WC0n-bYsS8HZ36I5mP_otcxbR_sjr9myZgZYJ7ehSkb_u3Jjw8lgpw4q9FDiS-XaUr2RDcUoAKNjgi7FnScd28wNIQ3YsU5cn9Z4TWLLIQet30LDWx1Cc0BI2LXRHi_CBK-e83ugN1NGCrIW4BxutxAIMxYQVMqXDJKEKtlwI9NXyUOQqEXxdNo5pDAksagIXZBj8SjVPkL-HHDJvcE.P8HScTLZqeiaUqnFAEgyXluNME8jWaHLmkjCPr-1mlE&dib_tag=se&qid=1759744753&s=electronics&sr=1-8487&xpid=UZHjCDxPt3DrQ,https://www.flipkart.com/hoppup-xo6-gaming-earbuds-35ms-low-latency-rgb-led-13mm-drivers-50h-playtime-bluetooth/p/itma7accf9fb3ec3?pid=ACCHYKHV8BJHYBZU&lid=LSTACCHYKHV8BJHYBZU5HSVAW&marketplace=FLIPKART&q=earphones&store=0pm%2Ffcn%2F821&srno=s_3_101&otracker=search&otracker1=search&fm=Search&iid=en_vUcqzM2-MxSr_6w1vPWGG69i-jnqM485P-Th373HlLzgepPnpFfBc6PYXyd28NXAZ29gF9tn9HdeNhvdB48OFQ%3D%3D&ppt=sp&ppn=sp&ssid=glmjuqed6o0000001753106012468&qH=54597ea1f2fc7f2e,,https://rukminim2.flixcart.com/image/612/612/xif0q/headphone/r/k/p/xo6-gaming-earbuds-with-35ms-low-latency-rgb-led-13mm-drivers-original-imahfayb8x85j7kv.jpeg?q=70,Earphones,0.6189,,-1.0,Amazon,1.0,0.13
3195,336,"Samsung AKG-Tuned IC100 Type-C Earphone, White",Samsung -tuned IC100 Type-C Earphone Wired,1759.0,1849.0,4.0,4.1,https://www.amazon.in/Samsung-AKG-Tuned-IC100-Type-C-Earphone/dp/B0B52HX4FN/ref=sr_1_3360?dib=eyJ2IjoiMSJ9.ViSthCtpmvuiL2LOzoSfmBpfK5KrQRzXW6SfZhw9N7tKS5qsjTozHdXIBxpdoUyWPPn1vdJwu18hdXpOTfWv-2iGAskpFJrqevh_Ll9qSScNTlN6NUU2vb1fi09XQ-n_L2CuXa0JqzRto2FCkgfvG0R7IStD_jIbcY-P1o3SDU_XgNnWzUHHq_wDoq2jKiTliPY-Q2HWTWjQoW7TmfG6K0noKlLWWZ_a13GOyIH6zvhGua0pZm3jeG5YZJRJk6G6wRQPhgo3lxMbF4x7vXnV__nX5e2AXAD8n-vAmmh3OiE.vcJhLM75U3AYUDY0kWp24pTVlvKDqN1U4rTqwQk2QQ4&dib_tag=se&qid=1759738618&s=electronics&sr=1-3360&xpid=UZHjCDxPt3DrQ,https://www.flipkart.com/samsung-tuned-ic100-type-c-earphone-wired/p/itmbed7658fb4f2f?pid=ACCGFZH22FRY7DHN&lid=LSTACCGFZH22FRY7DHNRQEQPZ&marketplace=FLIPKART&q=earphones&store=0pm%2Ffcn%2F821&srno=s_23_920&otracker=search&otracker1=search&fm=Search&iid=1af41a8c-3b1e-46e9-899a-40b63b6e694f.ACCGFZH22FRY7DHN.SEARCH&ppt=sp&ppn=sp&ssid=3fou8h7ik00000001753106572311&qH=54597ea1f2fc7f2e,,https://rukminim2.flixcart.com/image/612/612/xif0q/headphone/b/m/j/akg-tuned-ic100-type-c-earphone-samsung-original-imah4kyjwvrypgpz.jpeg?q=70,Earphones,0.6159,samsung,-90.0,Amazon,90.0,5.12
5143,789,"Motorola Edge 50 Fusion 5G (Marshmallow Blue, 8GB RAM, 128GB Storage)","Motorola Edge 50 Fusion (Marshmallow Blue, 128 GB)",19844.0,18999.0,4.2,4.4,https://www.amazon.in/Motorola-Edge-50-Fusion-Marshmallow/dp/B0D4JLR5ZN/ref=sr_1_5515?dib=eyJ2IjoiMSJ9.d1Y8hKB2ZO6AkN70bhX-KHMDJjHTYANnT1-OZiRWcpXag_ZtEFppPwde__g9lP-8dv9xf4JJ8sz_UlLvvnt1kuTsAvycr-28SzBHCvNYzYs4fP9pVdq2f1ctf4AjylukaZ41qiYFzuoQY9iXsCxBP5xOb-wo43DHAya4aV_VUiqzgDY2tBU_-FEeEeKIBum01k66FYPancWNyQta1_6GC3D9acZ_UycRLfsBL6i8pUPcz0O-2Lkvf-P2-MCVHMAiRbAXtMoK7icH8cjSGAs_h6pJVnRSiXhGwTcc2qtR5_0.hXkJd5o2Qxw8IRW3RV7a7cCBhDmZr0R_NPpslprm_Go&dib_tag=se&qid=1759741045&s=electronics&sr=1-5515&xpid=UZHjCDxPt3DrQ,https://www.flipkart.com/motorola-edge-50-fusion-marshmallow-blue-128-gb/p/itmf88eea5799a27?pid=MOBGXTYZEZSZQE7W&lid=LSTMOBGXTYZEZSZQE7WIBXLBI&marketplace=FLIPKART&q=mobile+phones&store=tyy%2F4io&srno=s_4_83&otracker=search&otracker1=search&fm=Search&iid=4bdf492a-549d-4735-91d3-2d10536e45ed.MOBGXTYZEZSZQE7W.SEARCH&ppt=sp&ppn=sp&ssid=scs8nge6b40000001753087817678&qH=a81ad6e72f7a2fd1,,https://rukminim2.flixcart.com/image/312/312/xif0q/mobile/5/t/j/edge-50-fusion-pb300002in-motorola-original-imahywzrfagkuyxx.jpeg?q=70,Mobiles,0.6088,motorola,845.0,Flipkart,845.0,4.45
1944,1185,"Redmi Note 14 SE 5G, Mystique White (6GB, 128GB)","REDMI Note 14 5G (Mystique White, 128 GB)",13499.0,16480.0,,4.3,https://www.amazon.in/dp/B0FPYQ7JC1/ref=sr_1_1978?dib=eyJ2IjoiMSJ9.Ehna4mbBnyIPt75Vxbc3YuaWxsgB9A3S9rh4TgSdzyVP5c4vZF6PwdZIBZ5bT4lO-BFuju8q5GL-1wSmHMfMB7ry37VVAS9QtZUeqBMLKIGvYdTPTzOBmw8pWUGvfhoqqevBdWij7_2wBYlRtQYLwoYbc4PddPN3eIa_EQa7STtwyWRZMmSKOCVdxB4IVCQfoSSWJA0QFVfqvsFUGANixLkIoc5PRJm3XkmS7aLRpbtg8kpwx6iaSH2-nWKyrAX-VeUcw2L-kNG8UIMKYvE8QGkjTEY51GG9XdydKBhl_Ok.IcN8zyoXB2Cp2RYTnyDfmVAjreRVoR2yO25srYtbTxc&dib_tag=se&qid=1759737179&s=electronics&sr=1-1978&xpid=UZHjCDxPt3DrQ,https://www.flipkart.com/redmi-note-14-5g-mystique-white-128-gb/p/itm11a447d125328?pid=MOBH78KTCNCEZZ8F&lid=LSTMOBH78KTCNCEZZ8FQTDCJ7&marketplace=FLIPKART&q=mobile+phones&store=tyy%2F4io&srno=s_24_557&otracker=search&otracker1=search&fm=Search&iid=7c282218-56cb-4791-b6a9-28749e105f16.MOBH78KTCNCEZZ8F.SEARCH&ppt=sp&ppn=sp&ssid=vjk90mjakw0000001753088033951&qH=a81ad6e72f7a2fd1,,https://rukminim2.flixcart.com/image/312/312/xif0q/mobile/3/d/b/-original-imah7gbg7ghbgxbn.jpeg?q=70,Mobiles,0.6027,redmi,-2981.0,Amazon,2981.0,22.08
622,849,Nothing Phone (3a) Black 128GB 8GB RAM,"Nothing Phone (3a) (Black, 128 GB)",21725.0,24999.0,4.4,4.5,https://www.amazon.in/Nothing-Phone-3a-Black-128GB/dp/B0DZTNWWDH/ref=sr_1_624?dib=eyJ2IjoiMSJ9.MwFb8rAFKxXE3DC2k_spA4ho6mzWqIQL3mW8Ep6Q8Q6VTRxYoNqHxeZfZEjkf-quhRGQfgKJNE8-eM7oJITziFXcpMzzKOr4J0iC2-ui_zO11jOCm6V3eFGD7-RUPZyNr9-INxnDddvkEb0yGYNht3EOSTG7J_dDYME86geQln8wOtH8AO0VvZaosNkLqmlXgBHwxrE5gnK1CuO1HhgQvZP4ZX4b-l84p98zXbqVJlOnRr7tlI50p8fo3AG6BBfvUC9d7A9JkFWyLtygbcAw1WEyu51pXX9kqcDkEZXSZF0.1yxK1TsNW2dFiNl_wWclRcOYzO1NjhaKXe4xiEcXKkA&dib_tag=se&qid=1759735878&s=electronics&sr=1-624&xpid=UZHjCDxPt3DrQ,https://www.flipkart.com/nothing-phone-3a-black-128-gb/p/itm49557c5a65f9c?pid=MOBH8G3P6UXPEFSZ&lid=LSTMOBH8G3P6UXPEFSZTYXBHZ&marketplace=FLIPKART&q=mobile+phones&store=tyy%2F4io&srno=s_7_146&otracker=search&otracker1=search&fm=Search&iid=39c7c77d-e7f5-4d55-8ac8-971bf7f3649c.MOBH8G3P6UXPEFSZ.SEARCH&ppt=sp&ppn=sp&ssid=oybmyd8sao0000001753087849426&qH=a81ad6e72f7a2fd1,,https://rukminim2.flixcart.com/image/312/312/xif0q/mobile/1/o/x/-original-imahcfcf2hdeqea5.jpeg?q=70,Mobiles,0.5925,nothing,-3274.0,Amazon,3274.0,15.07
801,32,"Xiaomi Wired in-Ear Earphones with Mic, Ultra Deep Bass & Metal Sound Chamber (Black)","Mi Earphones with Mic, Ultra Deep Bass & Metal Sound Ch...",449.0,449.0,4.1,4.3,https://www.amazon.in/Mi-Earphones-Basic-Mic-Black/dp/B07CD2BN46/ref=sr_1_808?dib=eyJ2IjoiMSJ9.7Dg6zwcM1uiIj8l6JGIbzxx1Hhbfv7BdXsPIFDgfR9ZY5dVV9OBu89j_G0IUI7tZ0Hhe-huNZ7aghmg5plqMGpP-mxY_zY3Y7xvdfFMigHJJHdoOG9SxyUvZnAiuH-TLVvue4pNVslImCLvzUyALvbMn89eyQ_QCMi0DDd7E9SAAhyZp__AxkPR73hZy7ypCp-D1EGDn4cUyFDqyPcao4HPdIheLBJTCIoyygOdHdLbHyx54_REMRzPRduNOf933YJNKRNzl5wpv3s5gw4lFjI-22XAkHHu-VsFKof8J5FM.pzVd_6rZlt5Tf2jacHk18lmSeznjWOI5Aw2e3C_8d3s&dib_tag=se&qid=1759736035&s=electronics&sr=1-808&xpid=UZHjCDxPt3DrQ,https://www.flipkart.com/mi-earphones-mic-ultra-deep-bass-metal-sound-chamber-wired/p/itm7f83460725fc7?pid=ACCFSEGG4ZNHTHFG&lid=LSTACCFSEGG4ZNHTHFGYQAPOX&marketplace=FLIPKART&q=earphones&store=0pm%2Ffcn%2F821&srno=s_1_35&otracker=search&otracker1=search&fm=Search&iid=d8eda83d-c160-45b0-9bae-1ca6cdba734a.ACCFSEGG4ZNHTHFG.SEARCH&ppt=sp&ppn=sp&ssid=0fz6yk2yc00000001753105988574&qH=54597ea1f2fc7f2e,,https://rukminim2.flixcart.com/image/612/612/kbzergw0/headphone/q/j/f/ydjc01jy-mi-original-imaft7gypyfhhpjr.jpeg?q=70,Earphones,0.5902,xiaomi,0.0,Same Price,0.0,0.0
1300,32,"Xiaomi Wired in-Ear Earphones with Mic, Ultra Deep Bass & Metal Sound Chamber (Blue)","Mi Earphones with Mic, Ultra Deep Bass & Metal Sound Ch...",449.0,449.0,4.1,4.3,https://www.amazon.in/Mi-Earphone-Basic-Ultra-deep/dp/B07QJYB8BC/ref=sr_1_1316?dib=eyJ2IjoiMSJ9.cXG5YfahNWgQAS-yzH4Ymk5YsrJfOCxvlGayeyNF_ZjzKMkt9qdnc9I8PMNjdZ7aM2Ov-cSkJWJ63RwwUGbBcFA9Rp3qabZIKNimPTtK71d3kO4KxCmeztrqM6DPfS-0a5bf7jrArGzy0RfXIQFgu8grb-NRSGYUicoNMyTsun-h1H6nJS3stTMST5VMjtjix6cJz07EmFbqAc_4-8szCFrA2XNuEUrbn6-_R0w4cfFGi6GvAQECCa5vkhiS9pqgD72mbDUxZl7Zw0yQJbHFYkM7tKMPm-ncDlB3rCzxv78.03zmX6sfRTvR-vE2qAYZIxPfvl0fa1mA2msCGiWu9uc&dib_tag=se&qid=1759736468&s=electronics&sr=1-1316&xpid=UZHjCDxPt3DrQ,https://www.flipkart.com/mi-earphones-mic-ultra-deep-bass-metal-sound-chamber-wired/p/itm7f83460725fc7?pid=ACCFSEGG4ZNHTHFG&lid=LSTACCFSEGG4ZNHTHFGYQAPOX&marketplace=FLIPKART&q=earphones&store=0pm%2Ffcn%2F821&srno=s_1_35&otracker=search&otracker1=search&fm=Search&iid=d8eda83d-c160-45b0-9bae-1ca6cdba734a.ACCFSEGG4ZNHTHFG.SEARCH&ppt=sp&ppn=sp&ssid=0fz6yk2yc00000001753105988574&qH=54597ea1f2fc7f2e,,https://rukminim2.flixcart.com/image/612/612/kbzergw0/headphone/q/j/f/ydjc01jy-mi-original-imaft7gypyfhhpjr.jpeg?q=70,Earphones,0.5882,xiaomi,0.0,Same Price,0.0,0.0
2677,1418,"Redmi Note 14 SE 5G, Titan Black (6GB, 128GB)","REDMI Note 14 5G (Titan Black, 128 GB)",13499.0,16925.0,4.6,4.3,https://www.amazon.in/dp/B0FPYNN62H/ref=sr_1_2758?dib=eyJ2IjoiMSJ9.4ExqwKhbJdvWOiwII0hcFF62WpMAoxlHucYhcS5wVNavTTZltSwnmCZ-cQqGRfaR6c2NKOPS5OrK7MD218YuojWDB4j5HBWHte1cv6kuFxfataSnjjct90PeceMNNDr-s520ZaoiSojQZTmXPXwILephmdiaXE4vqsZu1DVm0GjLdDrUWNw5lxTaTOSObkKlWMZncpK9ziikzhRIOHPK42k8N4j9zOdQZw7DX404GSyP5bvKlAQ15-mch1JAeEyKrgSb3dmsSdYFBENBBRrLP7Bt9rEx3J7baYUZ2_bksb8.dkxtKm3Z06QVMjhAuxkLtMhcg5XPnFEugQ6Hy-6QmVE&dib_tag=se&qid=1759737977&s=electronics&sr=1-2758&xpid=UZHjCDxPt3DrQ,https://www.flipkart.com/redmi-note-14-5g-titan-black-128-gb/p/itm11a447d125328?pid=MOBH78KTASEGS2CU&lid=LSTMOBH78KTASEGS2CUBPSWWS&marketplace=FLIPKART&q=mobile+phones&store=tyy%2F4io&srno=s_34_801&otracker=search&otracker1=search&fm=Search&iid=ba77a6f1-752e-40bd-8968-b5c655b8a3c1.MOBH78KTASEGS2CU.SEARCH&ppt=sp&ppn=sp&ssid=ug23y7igqo0000001753088209917&qH=a81ad6e72f7a2fd1,,https://rukminim2.flixcart.com/image/312/312/xif0q/mobile/r/v/y/-original-imah7gbgghbsdezk.jpeg?q=70,Mobiles,0.588,redmi,-3426.0,Amazon,3426.0,25.38
2784,754,"Motorola Edge 50 Fusion 5G (Marshmallow Blue, 12GB RAM, 256GB Storage)","Motorola Edge 50 Fusion (Marshmallow Blue, 256 GB)",21699.0,20999.0,4.1,4.4,https://www.amazon.in/Motorola-Fusion-Marshmallow-256GB-Storage/dp/B0D4JLSGBB/ref=sr_1_2897?dib=eyJ2IjoiMSJ9.YumOcrj_LtwCFdllwg8rkyoCpDBM99gZHphrlqLXZSX2-1ECd42i7uc74WU5tIcTpQKBDWBy6W-MBzRwfI0CdAghNYKKJ24HEcbAigRJd3FbBAii0B0p94l2SJ02PNtAgeO-N-k_4Olsnsx-lmZC5yuW_DM2yjqIqQtWzrvd8HAbP_5UqHXM5SVGIm9tioU7nYE0pmxjFLoR1pPPv-cM_x7SzAjwauWh490oq0HgL1aZtG_F3wRggHMi8-xj1_2u9gR3YDSJvqOUaxN9_MnrkQOOHex5v3YubiaPQcouXV8.nOhXtaqPP5fLyQVDLEjaqiAI_2UWtsJ16rHA3D0LLXU&dib_tag=se&qid=1759738135&s=electronics&sr=1-2897&xpid=UZHjCDxPt3DrQ,https://www.flipkart.com/motorola-edge-50-fusion-marshmallow-blue-256-gb/p/itmdcb7e2baaaa91?pid=MOBGXTYZBAS4VM8K&lid=LSTMOBGXTYZBAS4VM8KYYUZ0I&marketplace=FLIPKART&q=mobile+phones&store=tyy%2F4io&srno=s_2_47&otracker=search&otracker1=search&fm=Search&iid=8d7c571b-51b2-486f-84fa-7a4b81c5b634.MOBGXTYZBAS4VM8K.SEARCH&ppt=sp&ppn=sp&ssid=bcitpmhteo0000001753087794733&qH=a81ad6e72f7a2fd1,,https://rukminim2.flixcart.com/image/312/312/xif0q/mobile/5/t/j/edge-50-fusion-pb300002in-motorola-original-imahywzrfagkuyxx.jpeg?q=70,Mobiles,0.587,motorola,700.0,Flipkart,700.0,3.33
3751,813,"Motorola Edge 50 Fusion 5G (Forest Blue, 12GB RAM, 256GB Storage)","Motorola Edge 50 Fusion (Forest Blue, 256 GB)",21296.0,20999.0,4.1,4.4,https://www.amazon.in/Motorola-Fusion-Forest-256GB-Storage/dp/B0D4JM8B2Q/ref=sr_1_3988?dib=eyJ2IjoiMSJ9.oX6vTB0sq5XJH_BDotZfApE42zLlqsraaY7izfdBk09Xz1RzhwoYC_U0VVbIm2PIc1ELsJwU8nGyXD6HLQ3kfFlpZmfUpSUPo2fenFd30V_LaKdcgKT8IOik4Cav07LqH7skzu-uxZruwX32Jyd3ZemtsChsS2jSzEYdi31Nhf-JTuNquL6sjCBwfsZoxgJj9gSQwlEG_k89drznJbMU_N4jKearSNaI5dC490ImUGclaJjhPmpnDxts00WI0Q4vU6A_34TDqciOPQCnMJW_RuFrRpeFtcFtSWfuAFNxxxw.mjk9hGq2ONOaZWPKEblu7LnPLzeiABzzKpgSioJTEww&dib_tag=se&qid=1759739297&s=electronics&sr=1-3988&xpid=UZHjCDxPt3DrQ,https://www.flipkart.com/motorola-edge-50-fusion-forest-blue-256-gb/p/itme13bbe694468e?pid=MOBGXTYZZEW8GZE6&lid=LSTMOBGXTYZZEW8GZE6HFCXI9&marketplace=FLIPKART&q=mobile+phones&store=tyy%2F4io&srno=s_5_108&otracker=search&otracker1=search&fm=Search&iid=ffa6b7c3-8bc6-4310-b193-0ebddb2d509b.MOBGXTYZZEW8GZE6.SEARCH&ppt=sp&ppn=sp&ssid=1c79mzld9c0000001753087828112&qH=a81ad6e72f7a2fd1,,https://rukminim2.flixcart.com/image/312/312/xif0q/mobile/g/w/r/edge-50-fusion-pb300000in-motorola-original-imahywzztyktktpp.jpeg?q=70,Mobiles,0.5841,motorola,297.0,Flipkart,297.0,1.41
2930,811,"Motorola Edge 60 Pro 5G (Pantone Shadow, 8GB RAM, 256GB Storage)","MOTOROLA Edge 60 Pro (Pantone Shadow, 256 GB)",27350.0,29999.0,3.8,4.4,https://www.amazon.in/Motorola-Pantone-Shadow-256GB-Storage/dp/B0F83HD8SQ/ref=sr_1_3058?dib=eyJ2IjoiMSJ9.Dt5NVAdTZc7HbBf5r-TOIICc4Mh2LnXDrLRSxbAdrvRDsKBiCIC28VV0ZF_uquBpay63wMEJDBxkYI1ISBd9aN2oruLh4fJuZLA8dW2EXk8DfmRBst5XXwLkfqgjnDVOjHwLlnyBFLqsZfzEoYcVhnIggvzHXvAF6c_ZffJpoq44W0pLVCRoeMtGnsofXrmDjOLQW97ET3wAki5Pd_VXBx8s20sGTILrv7ukOQQAvl1RxGFxSInj3u3VquqieZmpFv3Rur79k3P2oPLMMkOeAEJpQy71HfKUuh7xRqcilcQ.gzHSuSKgAChqM2V6XJhBaYyhuTpO6hdaLtqqyq4-kEg&dib_tag=se&qid=1759738304&s=electronics&sr=1-3058&xpid=UZHjCDxPt3DrQ,https://www.flipkart.com/motorola-edge-60-pro-pantone-shadow-256-gb/p/itm3823c3f8f3cc9?pid=MOBH9C9JEHCZYHF2&lid=LSTMOBH9C9JEHCZYHF20RHZ41&marketplace=FLIPKART&q=mobile+phones&store=tyy%2F4io&spotlightTagId=default_FkPickId_tyy%2F4io&srno=s_5_106&otracker=search&otracker1=search&fm=Search&iid=ffa6b7c3-8bc6-4310-b193-0ebddb2d509b.MOBH9C9JEHCZYHF2.SEARCH&ppt=sp&ppn=sp&ssid=1c79mzld9c0000001753087828112&qH=a81ad6e72f7a2fd1,,https://rukminim2.flixcart.com/image/312/312/xif0q/mobile/1/4/h/-original-imahcrpwaxrsfjzd.jpeg?q=70,Mobiles,0.5798,motorola,-2649.0,Amazon,2649.0,9.69
5000,740,"Motorola Edge 60 Fusion (Pantone Zephyr, 12GB RAM, 256GB Storage)","MOTOROLA Edge 60 Fusion 5G (PANTONE Zephyr, 256 GB)",23298.0,22999.0,4.2,4.5,https://www.amazon.in/Motorola-Fusion-Pantone-Zephyr-Storage/dp/B0F46BTPPY/ref=sr_1_5354?dib=eyJ2IjoiMSJ9.UpmgR-AOTbhWkgBxCk1zK-IIXgo_ftgBjhs7-Ls9IS9_LYHjnIJZ8_Bik4rF4dDgzJb2NaoA_98Dz9IRR7yHUpkPWLUrqzv1bPsPqeyEBtFwqDS8mDqZLEYq8O0CA-KGJvmEIiKTPV4sA-g2X1t2QzSiT10Fjzhy7CKTQIddc8SI44OW-cNCcXS-8t6-mH8J5th2a2spkrzLEwrtK989CEW6-i8Fyb2mcTE7qoCPrNSB7Ho-wJCZlcDAUkPz5TGskDtxYFmY1xCwNG5oS4mPpHZ1OtYOO54qYip5bt4fGjY.hcAcek5Fa3Ru9yyc4s-GEyAT0ah0zBTejKQG1ImzvEE&dib_tag=se&qid=1759740859&s=electronics&sr=1-5354&xpid=UZHjCDxPt3DrQ,https://www.flipkart.com/motorola-edge-60-fusion-5g-pantone-zephyr-256-gb/p/itmc9dbbd784b6bc?pid=MOBH9ARFURQ8U2ZF&lid=LSTMOBH9ARFURQ8U2ZF2HUBRS&marketplace=FLIPKART&q=mobile+phones&store=tyy%2F4io&srno=s_2_33&otracker=search&otracker1=search&fm=Search&iid=8d7c571b-51b2-486f-84fa-7a4b81c5b634.MOBH9ARFURQ8U2ZF.SEARCH&ppt=sp&ppn=sp&ssid=bcitpmhteo0000001753087794733&qH=a81ad6e72f7a2fd1,,https://rukminim2.flixcart.com/image/312/312/xif0q/mobile/q/b/p/-original-imahbfmd2fapmg5r.jpeg?q=70,Mobiles,0.5789,motorola,299.0,Flipkart,299.0,1.3
8028,1072,"Lava A3 Torch Dual Sim Keypad Mobile Phone | 1750mAh Big Battery | Quad Strip Torch & Slide Button | 1.8"" Large Display | Vibration Alert | 7 Language Support (Blue Silver)","LAVA A3 Torch DS Keypad Phone|1750mAh Big Battery|1.8"" Large Display|Quad Strip Torch",1209.0,1339.0,3.9,4.1,https://www.amazon.in/Lava-A3-1750mAh-Vibration-Language/dp/B0DJ32QTZT/ref=sr_1_8657?dib=eyJ2IjoiMSJ9.x4N5X6sPuVnUMtXktaG1B5-hbzvmZN5agcYm6KgXplLZ8imCvkVakCa3vXRSpnQVkK1TK_2oCughewjnQj9jQfcB9y1ZpH4G81Qb5u_qEs6KAlteMaGTfHLQv9nkBbwkGwWVfYhbnLd3PvFhD3yArsejD6dluau-1Csdh80Q5ZheZRbzMULM_Y-d3jgCguMY7Iva-gn6fk84Qcjfl_KfKc21rqz8eB3AKXyyxMMQS4yhYOl23RrospNC4lwrFCJBley1g8gC08WfbCxDrfGdMUBiAiWfW_zYGxxsEoT7hdQ.gthIE-xkFa_IsehbgmqD8R8auiT7Y7JMrigy39FWaPw&dib_tag=se&qid=1759744962&s=electronics&sr=1-8657&xpid=UZHjCDxPt3DrQ,https://www.flipkart.com/lava-a3-torch-ds-keypad-phone-1750mah-big-battery-1-8-large-display-quad-strip/p/itmccd30fe8101cc?pid=MOBH5ZYHAC5EUXHH&lid=LSTMOBH5ZYHAC5EUXHHHPG2XB&marketplace=FLIPKART&q=mobile+phones&store=tyy%2F4io&srno=s_18_432&otracker=search&otracker1=search&fm=Search&iid=38771e3d-2496-4c05-851c-2d4863bf0bbe.MOBH5ZYHAC5EUXHH.SEARCH&ppt=sp&ppn=sp&ssid=hjgkixqce80000001753087965010&qH=a81ad6e72f7a2fd1,,https://rukminim2.flixcart.com/image/312/312/xif0q/mobile/9/w/1/a3-torch-lf3003-lava-original-imah5ujszxv3wzaz.jpeg?q=70,Mobiles,0.5767,,-130.0,Amazon,130.0,10.75
5648,1545,"VIVO Y19 5G (Majestic Green, 6GB RAM, 128GB Storage) with No Cost EMI/Additional Exchange Offers","vivo Y19 5G (Majestic Green, 128 GB)",12999.0,11499.0,4.3,4.3,https://www.amazon.in/VIVO-Y19-Majestic-Additional-Exchange/dp/B0F3N3T23B/ref=sr_1_6077?dib=eyJ2IjoiMSJ9.s-xT6hRfuhzWDhCanbTXmvMHYEYLrRd3yeK--lQcRaOIkwgm0ieKxzxwB8FHUblLK9TicRGiUYFFpGON1q-KvwHpUQ9uwcPz2f1WF3fSF1xYpLhlK93FNGUCmqrlxRFSb6EWW9a5kKd0BaRF9xX1_LYFgwGoxXMyLtkbpZtH-Pj_TDhAbmO8prt5vcX8cTIPOi9s462Prb4LJnDZ_DXovtuBKNDWh0ZjXi6rnFiAE39BfItLbHbNnB6U_cVCiO19AKeL7kxAMxdzmkOHHdfgfX46wft5tOykJ77BQCjdxxE.P28I37rsSJ52Hq854JdzHV9ne1ePiMz3GAJDloN968o&dib_tag=se&qid=1759741769&s=electronics&sr=1-6077&xpid=UZHjCDxPt3DrQ,https://www.flipkart.com/vivo-y19-5g-majestic-green-128-gb/p/itmb678fd80e7095?pid=MOBHAX75ZEGUZFQT&lid=LSTMOBHAX75ZEGUZFQTUNOI6U&marketplace=FLIPKART&q=mobile+phones&store=tyy%2F4io&srno=s_39_934&otracker=search&otracker1=search&fm=Search&iid=40f4dab7-eac6-4ce6-b4fe-080a8636f6c1.MOBHAX75ZEGUZFQT.SEARCH&ppt=sp&ppn=sp&ssid=8l02y364y80000001753088293371&qH=a81ad6e72f7a2fd1,,https://rukminim2.flixcart.com/image/312/312/xif0q/mobile/v/z/z/-original-imahbxpfagg54gcw.jpeg?q=70,Mobiles,0.5758,vivo,1500.0,Flipkart,1500.0,13.04
1381,826,"Samsung Galaxy A35 5G (Awesome Iceblue, 8GB RAM, 128GB Storage) Without Offer","Samsung Galaxy A35 5G (Awesome Iceblue, 128 GB)",19292.0,21999.0,4.1,4.3,https://www.amazon.in/samsung-Awesome-Iceblue-Storage-Without/dp/B0CXMCX9MD/ref=sr_1_1396?dib=eyJ2IjoiMSJ9.EMK9YD0AUeco4m3Mj2jKQytI2q5qvj-fG0dFfHiJQ3CQbqINfzF6K6XpZhgfrl3IVlaZsX75ZWifrBK8-aveJkx3PmfI-MkcemlZFKRPzHuEzmOJlXCgRKjbz83jQC9Kqdwqgi2kY0yWEkNbST2vwHKvGRcb7E08Vd39Rq6UIT82BuDSAK10RQkWxscff_vNHJhegGF6ENQJtcAYGJVT7c3abzwQS8Gx3QQkZcJ9aJ0Mk05kP2sRKtGohryA9qowzQaJ-zRobluodkb3XPxU8tQtf3HLEkI-YyMPAu8OM14.a5U-1D80EvGfyhB0b64s2PO14zF3pwtwaeMIDe9H2EY&dib_tag=se&qid=1759736558&s=electronics&sr=1-1396&xpid=UZHjCDxPt3DrQ,https://www.flipkart.com/samsung-galaxy-a35-5g-awesome-iceblue-128-gb/p/itm9684d2fe9201e?pid=MOBGYT2HEYWFCG8Q&lid=LSTMOBGYT2HEYWFCG8QSW6D6Y&marketplace=FLIPKART&q=mobile+phones&store=tyy%2F4io&srno=s_6_122&otracker=search&otracker1=search&fm=Search&iid=94d27974-1611-4942-bd78-7364d4d8c8a7.MOBGYT2HEYWFCG8Q.SEARCH&ppt=sp&ppn=sp&ssid=i6vfru46jk0000001753087838766&qH=a81ad6e72f7a2fd1,,https://rukminim2.flixcart.com/image/312/312/xif0q/mobile/p/k/k/-original-imahbzkn4mpfkyg9.jpeg?q=70,Mobiles,0.5718,samsung,-2707.0,Amazon,2707.0,14.03
2043,103,"realme Earbuds T110 with Ai Enc for Calls, Upto 38 Hours of Playback and Fast Charging Bluetooth in Ear Headset (Country Green, True Wireless)","realme Buds T110 with AI ENC for calls, upto 38 hours o...",1299.0,1499.0,4.0,4.1,https://www.amazon.in/realme-Playback-Charging-Bluetooth-Wireless/dp/B0D21545SS/ref=sr_1_2079?dib=eyJ2IjoiMSJ9.5khCNvH3g8gHufXWLovnlNiaEONevdm-pSRIATut3-dyXF-Cfp7W72HmKSHzUWdOhwsMYHW5PQ0Dr5gQZVxO-ZBAqUeYrRjneur8jwHPre-LlKFdc9Sw8gk8AwamNaeOkYb0RBHczZj-_o0lm2fzgKP7fWm4boAYKBRA4ndjB4TnYWsAdbvswhjbNSfE0fxcYoWK0I8CfwTKXJrd4dVtWotRCpPvgTVP1UHMOhAHdj6ig_xpLCCrXaSjhhKfJQNuHoScirmkgtbB9Bc5QELWLhB9Qx_vi5PnZi4b0lzVC90.0mhVWQj7D2TZQV_TM5tY-UCubz7apNx6pYRx9zYcHKM&dib_tag=se&qid=1759737271&s=electronics&sr=1-2079&xpid=UZHjCDxPt3DrQ,https://www.flipkart.com/realme-buds-t110-ai-enc-calls-upto-38-hours-playback-fast-charging-bluetooth/p/itm2c2214d0fe64c?pid=ACCGZN9AG6YP38EG&lid=LSTACCGZN9AG6YP38EGQAQFYJ&marketplace=FLIPKART&q=earphones&store=0pm%2Ffcn%2F821&srno=s_4_156&otracker=search&otracker1=search&fm=Search&iid=49a8060f-042a-4645-b8e0-18f65e7316c8.ACCGZN9AG6YP38EG.SEARCH&ppt=sp&ppn=sp&ssid=tnpiiuizbk0000001753106043084&qH=54597ea1f2fc7f2e,,https://rukminim2.flixcart.com/image/612/612/xif0q/headphone/a/5/0/-original-imahy3uqdmgx6qey.jpeg?q=70,Earphones,0.5716,realme,-200.0,Amazon,200.0,15.4
6759,1384,"Vivo Y400 Pro 5G (Nebula Purple, 8GB RAM, 256GB Storage) with No Cost EMI/Additional Exchange Offers","vivo Y400 Pro 5G (Nebula Purple, 128 GB)",26998.0,24999.0,4.4,4.4,https://www.amazon.in/Y400-Pro-Storage-Additional-Exchange/dp/B0F9X6997B/ref=sr_1_7247?dib=eyJ2IjoiMSJ9.rS9Qvri-LVlXt6jwBvXkH--nCOOOg6naYnUpdVyYAYWDu6-IgcBh_t2wSnqsdNS3XabU_K3ji57Nmun3aVXQ0mJl_Dj_IvOouH9dlRaEdW-uMt2iRp1ssRFe8nAmimZDt1fLzi0TkLQyC8P6XRsFcwhrT0j6vJE_HrytbY21ymM3taO0y4Ln713PYoJUD2lg-uFwvxDPD-eun0d5M8G59NltFXoDIyPLIz7Dh1btJhljdQJ_sBQa2IglVspXlArE3apkoHBjiw_p7LF_kV-wsj6_OMQDQM3Wei2f9bcbPlA.YYc9NP0_DNOvxhEvnQeME8Prt5RNSQjjQ_f0CpuEI6g&dib_tag=se&qid=1759743212&s=electronics&sr=1-7247&xpid=UZHjCDxPt3DrQ,https://www.flipkart.com/vivo-y400-pro-5g-nebula-purple-128-gb/p/itme20aaec2a68e9?pid=MOBHCN9UFZDEHEMZ&lid=LSTMOBHCN9UFZDEHEMZBI1NFD&marketplace=FLIPKART&q=mobile+phones&store=tyy%2F4io&srno=s_32_765&otracker=search&otracker1=search&fm=Search&iid=3cacfd79-8633-4a80-b1cc-276cda0b7eb9.MOBHCN9UFZDEHEMZ.SEARCH&ppt=sp&ppn=sp&ssid=z6ngiebjnk0000001753088141263&qH=a81ad6e72f7a2fd1,,https://rukminim2.flixcart.com/image/312/312/xif0q/mobile/i/l/a/-original-imahda7jzrm4tqnv.jpeg?q=70,Mobiles,0.5707,vivo,1999.0,Flipkart,1999.0,8.0
8502,1251,"Vivo V50e 5G (Sapphire Blue, 8GB RAM, 256GB Storage) with No Cost EMI/Additional Exchange Offers","vivo V50e 5G (Sapphire Blue, 128 GB)",28999.0,28999.0,4.1,4.4,https://www.amazon.in/V50e-Sapphire-Storage-Additional-Exchange/dp/B0F219X5FJ/ref=sr_1_9177?dib=eyJ2IjoiMSJ9.__Mw6GMeWg73oiKRHiKHfA8bsJIdgdD6_520uDlopI5rSpjahIGmurMXK1nqVDnVhr5qUHj5gFLFvcoh3B1nRGsifNfogMA43V6mj091XtaeE-YYKGSMG7hPb8gd45Pp1Y-KeiRlT7YFrG1p6Kbz-SfXOwPIQQnJVal_ng73sdqjK__H6SfclF_0Ebek85Ld2XyigpodyyQzp6s_iX4bu_nBAjxe67850bcpebUb9OwORGFT475SDC8vMbzpGutGR25D7GItIKsMh4wEkm1gEyf6FxVPPmb4Ee4QkEVqnCA.By0ItbRnAMPf3rNR-GSdq76Pu6kuh5diiAaZP5qs-j8&dib_tag=se&qid=1759745610&s=electronics&sr=1-9177&xpid=UZHjCDxPt3DrQ,https://www.flipkart.com/vivo-v50e-5g-sapphire-blue-128-gb/p/itm7e430faf9bba8?pid=MOBHATXZFNBMBRFT&lid=LSTMOBHATXZFNBMBRFTTA3PAD&marketplace=FLIPKART&q=mobile+phones&store=tyy%2F4io&srno=s_26_624&otracker=search&otracker1=search&fm=Search&iid=c37f4d80-18fe-4302-bba0-eba28092c839.MOBHATXZFNBMBRFT.SEARCH&ppt=sp&ppn=sp&ssid=zdqqbsyd8w0000001753088055712&qH=a81ad6e72f7a2fd1,,https://rukminim2.flixcart.com/image/312/312/xif0q/mobile/t/p/k/-original-imahax9rzku8rgqe.jpeg?q=70,Mobiles,0.565,vivo,0.0,Same Price,0.0,0.0
1198,760,"VIVO T4x (Pronto Purple, 8GB, 128GB)","vivo T4x 5G (Pronto Purple, 128 GB)",14499.0,13999.0,4.4,4.4,https://www.amazon.in/VIVO-T4x-Pronto-Purple-128GB/dp/B0F193CRS5/ref=sr_1_1212?dib=eyJ2IjoiMSJ9.oui4W-ZRxTCQiice_2wjqHoFLOpu9ileQojUYqz0-wRh0Xyo0TcKhuEG1iKnUrI-n7RnwvYNW4mZHKyEt-2zvmfA4ZaPTggBtbSVrD6mf0HmipEXNENF3QPwUcnX0EzRtmM23sLTX7kuXK9W42-6UOzFwph0In0mSDv2CIPRpgY20DkH0i0EFBsxAByKNhXdbEVULPYhFG3Q2Gk9ZgY7FzHCjk8cMTItpi1Tcsu5zJBDxLGXGVGF16e8fLyhyBdzAiOpOeiXxVkxlCLYFuPcPky4iBYQ5jFyeG0yTu4TVxw.QLsOBn8SwIeHATV8ZvzY8nTT-LhgRzb_R2IagoHXDec&dib_tag=se&qid=1759736372&s=electronics&sr=1-1212&xpid=UZHjCDxPt3DrQ,https://www.flipkart.com/vivo-t4x-5g-pronto-purple-128-gb/p/itm017656bdd097b?pid=MOBH9JUSZFBNVDXM&lid=LSTMOBH9JUSZFBNVDXMQY4SVC&marketplace=FLIPKART&q=mobile+phones&store=tyy%2F4io&spotlightTagId=default_BestsellerId_tyy%2F4io&srno=s_3_53&otracker=search&otracker1=search&fm=Search&iid=5e6f9ac8-4212-4e3a-9649-3114714e76ca.MOBH9JUSZFBNVDXM.SEARCH&ppt=sp&ppn=sp&ssid=jyzjxrisao0000001753087806754&qH=a81ad6e72f7a2fd1,,https://rukminim2.flixcart.com/image/312/312/xif0q/mobile/j/t/v/-original-imahavdv28z4nrkn.jpeg?q=70,Mobiles,0.5649,vivo,500.0,Flipkart,500.0,3.57
2980,260,"Leaf Buds X121 True Wireless Earbuds AI Sound App, 30H Playtime, Quad Mic with ENC, 50ms Low Latency, Fast Charging(10min=200min), 10mm Driver, IPX5, Bluetooth v5.4 TWS (Carbon Black)","Leaf Buds X121 True Wireless, AI SOUND App,30H Playtime...",599.0,699.0,4.2,4.0,https://www.amazon.in/Leaf-Wireless-Playtime-Charging-Bluetooth/dp/B0D7JJDC9M/ref=sr_1_3109?dib=eyJ2IjoiMSJ9.NgOXNH-tITI4YVeMXFnq9qezXUVKtVk5YLx9k8HWgvKS_S7O7quZ1u1PBcnWG-wTs-KPHghna-V8pxNBI1nKOZ09K9R8O2nnn8PlMwSdcFtO-_IngGx7_NUuNftlmBCcUb1HjZAKiK2DNIxT8xKheOSv2B5DpMTGbz4HP9YfTj_37btOdJr7Av3drp-DxHU1nGhFkhbrFESfiOeR3B7sV6OUq5jRLuGg3rVkAMFe-Q2o1OLmD2okoL0UL3EhGfKdWSSXcErtBLoV4h_TBOMNH2PS1XMY_8OW-gkVTO32Ap0.EGrQbNM5bWvmeDQxKozwwa-cLo7ydLX_HZUxOMuYnoA&dib_tag=se&qid=1759738350&s=electronics&sr=1-3109&xpid=UZHjCDxPt3DrQ,https://www.flipkart.com/leaf-buds-x121-true-wireless-ai-sound-app-30h-playtime-fast-charge-10mm-driver-bluetooth/p/itmfc28de3b26da5?pid=ACCH4DZPSPUZYHPD&lid=LSTACCH4DZPSPUZYHPDVMZULJ&marketplace=FLIPKART&q=earphones&store=0pm%2Ffcn%2F821&srno=s_19_740&otracker=search&otracker1=search&fm=Search&iid=14c282b3-32a2-41b0-9448-b04ca2385768.ACCH4DZPSPUZYHPD.SEARCH&ppt=sp&ppn=sp&ssid=y0sx684obk0000001753106447898&qH=54597ea1f2fc7f2e,,https://rukminim2.flixcart.com/image/612/612/xif0q/headphone/m/r/n/-original-imah83snssgegzms.jpeg?q=70,Earphones,0.559,,-100.0,Amazon,100.0,16.69
4026,302,"boAt Nirvana Ion ANC Pro, Hi-Res Audio LDAC,ANC(~32dB), 120Hrs Battery, App Support, Fast Charge, v5.3 Bluetooth TWS in Ear Earbuds Wireless Earphones with mic (Rose Quartz)","boAt Nirvana ION ANC Pro w/ Hi-Res Audio with LDAC, ANC...",2299.0,2299.0,4.0,4.2,https://www.amazon.in/boAt-Nirvana-Ion-ANC-Pro/dp/B0DN18NKV7/ref=sr_1_4290?dib=eyJ2IjoiMSJ9.UPXAR6wh2-5l_QpGSCm5yaG1XeoZKK2iDUEBQ7RMr-GHCRZA7it7e56Vfe9VC5e2eIQbU1kd4TO0ObJZ_pQtms7Oqh0bSi-Td5J6d156kpn5YmnFD0HL-TIwpNoE63JzOxjyFiKsdlUyqylEuaSSoJ3jMz8YrfDi0f97IW2vwAZ67WuYK0sEk0fVsQFlZn2BoS5b4x2UXWBnPgz_YRr3aO5yNSo-hEf0rcDNV6LY3pTa1O_EVGnxm02IkbSzaOSX46mHPNJs1rMQEKUK4BxsU6tsFR_PuupJBpntIsSTGTo.MoGFTZkJqHm-ygix2ZAYotk0DO0t-GODUPeL-FHz5JQ&dib_tag=se&qid=1759739611&s=electronics&sr=1-4290&xpid=UZHjCDxPt3DrQ,https://www.flipkart.com/boat-nirvana-ion-anc-pro-w-hi-res-audio-ldac-anc-120-hrs-playback-multipoint-bluetooth/p/itma68b0b05ad459?pid=ACCH3Y28RVDZEZGX&lid=LSTACCH3Y28RVDZEZGXBU9JZD&marketplace=FLIPKART&q=earphones&store=0pm%2Ffcn%2F821&srno=s_22_845&otracker=search&otracker1=search&fm=Search&iid=a8627832-8bec-4740-ae05-7de909d564fb.ACCH3Y28RVDZEZGX.SEARCH&ppt=sp&ppn=sp&ssid=coj3kqtezk0000001753106546893&qH=54597ea1f2fc7f2e,,https://rukminim2.flixcart.com/image/612/612/xif0q/headphone/m/w/a/-original-imah5vq5hy4wzch9.jpeg?q=70,Earphones,0.5586,boat,0.0,Same Price,0.0,0.0
818,855,"Samsung Galaxy A35 5G (Awesome Navy, 8GB RAM, 128GB Storage) Without Offer","Samsung Galaxy A35 5G (Awesome Navy, 256 GB)",19370.0,23999.0,4.2,4.3,https://www.amazon.in/samsung-Galaxy-Awesome-Storage-Without/dp/B0CXMD9YX5/ref=sr_1_825?dib=eyJ2IjoiMSJ9.fSNj-FxQSfI8ZaNovIvJ6wNRtruoS96LDWHwa6xbMEp1NbUp9OqI98Mzs3yeOJxc_F59BmWs--PvVxp15_kN3Rg60z9NFpbRLXf1gMvUffurXLbdqqb68XjLNAz4Y5AVK2l1pLF2ERG3pfWZjJzi-9hbqCfiSsXFhmvBY_OmEoi8OMrUHeml65ACv7gbTxatLnkZu1Y6P0c3ojafdXJpjAQtdzi1GLTsmOVRTWrLt6Hz9ieoQ0gK0lQZIYLIhxbhuCjkK07WHxkSI7mre0J6U62tQ2cQcFk7uVGqItXGEAw.BX4H7jLYKyKmBe86stQZXJS73nIFNuo0_Q3-vx05QDc&dib_tag=se&qid=1759736056&s=electronics&sr=1-825&xpid=UZHjCDxPt3DrQ,https://www.flipkart.com/samsung-galaxy-a35-5g-awesome-navy-256-gb/p/itm2d2e398127998?pid=MOBGYT2HEEYGMZFH&lid=LSTMOBGYT2HEEYGMZFH3U1TOF&marketplace=FLIPKART&q=mobile+phones&store=tyy%2F4io&srno=s_7_153&otracker=search&otracker1=search&fm=Search&iid=39c7c77d-e7f5-4d55-8ac8-971bf7f3649c.MOBGYT2HEEYGMZFH.SEARCH&ppt=sp&ppn=sp&ssid=oybmyd8sao0000001753087849426&qH=a81ad6e72f7a2fd1,,https://rukminim2.flixcart.com/image/312/312/xif0q/mobile/w/g/h/-original-imahbzknzpd3zwrv.jpeg?q=70,Mobiles,0.5583,samsung,-4629.0,Amazon,4629.0,23.9
290,760,"VIVO T4x (Pronto Purple, 6GB + 128GB)","vivo T4x 5G (Pronto Purple, 128 GB)",13499.0,13999.0,4.4,4.4,https://www.amazon.in/VIVO-T4x-Pronto-Purple-128GB/dp/B0F191HC5V/ref=sr_1_292?dib=eyJ2IjoiMSJ9.DpD4IIzbk_i8geIdfc7TPbhmviavgp0ZR-M94L576vg4egTKrzDAHe0sNlavEgEuj7wtDIcHt0-9SpPu1xBTfwpeaaiy0hg7Jd5IaBgRtcjMfus7sO1wR8DROSdQpJ2ZKTwNaFnwvmH4BchiIO1HVFMHB67j9Apr5EuRfIPweR4DP4zX4XNmQPzYTnLpBtLQRjcud3pAkxYpLd0mfXa99v1-ePAyiPU35TqSwO428JNyyFa782p-6SNJViPf0VtVoglar0cmzscRruHV4ddgkwBOJ5T8Z-uNwWJbiImaopw.H_L9vy7qBJ6a-UwMsJi7HsI_Le7JUA175in52FDuJ0c&dib_tag=se&qid=1759735634&s=electronics&sr=1-292&xpid=UZHjCDxPt3DrQ,https://www.flipkart.com/vivo-t4x-5g-pronto-purple-128-gb/p/itm017656bdd097b?pid=MOBH9JUSZFBNVDXM&lid=LSTMOBH9JUSZFBNVDXMQY4SVC&marketplace=FLIPKART&q=mobile+phones&store=tyy%2F4io&spotlightTagId=default_BestsellerId_tyy%2F4io&srno=s_3_53&otracker=search&otracker1=search&fm=Search&iid=5e6f9ac8-4212-4e3a-9649-3114714e76ca.MOBH9JUSZFBNVDXM.SEARCH&ppt=sp&ppn=sp&ssid=jyzjxrisao0000001753087806754&qH=a81ad6e72f7a2fd1,,https://rukminim2.flixcart.com/image/312/312/xif0q/mobile/j/t/v/-original-imahavdv28z4nrkn.jpeg?q=70,Mobiles,0.5565,vivo,-500.0,Amazon,500.0,3.7
12,995,Apple iPhone 15 (128 GB) - Green,"Apple iPhone 15 (Green, 128 GB)",48499.0,64900.0,4.5,4.6,https://www.amazon.in/Apple-iPhone-15-128-GB/dp/B0CHX6NQMD/ref=sr_1_13?dib=eyJ2IjoiMSJ9.8-aKrERwPzdGyJWfWOa56BDYB1mnBqGBvnzq6l53HItCsQsxbIFLm21v9R_6FmoTBpJ600hwiR0xOHvF_xx6hMwuEFgEDCYS9iGPnysMOr1BWijktkdu3ikYyaKbiI1q6gDckmDjnylxNO7h1uRbVl7x9fl6TPDK1qp0lGKkRE5gA_wftZX3ERHLcmlkaYn3JAuOQvpxTESxFK3S1ePna3mBomQ_OcwMoivmua83h6CZUcigr3iU7jURLZAo9N2uU6GL2oUlta2OjQEkKGjrvkamiEG_33JUxUeZFvBui50.uZI1p62DqPjx-nuhqdw4L2Wnx43Peyq1jL9BkLtfCSk&dib_tag=se&qid=1759735404&s=electronics&sr=1-13&xpid=UZHjCDxPt3DrQ,https://www.flipkart.com/apple-iphone-15-green-128-gb/p/itm235cd318bde73?pid=MOBGTAGPYYWZRUJX&lid=LSTMOBGTAGPYYWZRUJXRK8B5V&marketplace=FLIPKART&q=mobile+phones&store=tyy%2F4io&srno=s_15_341&otracker=search&otracker1=search&fm=Search&iid=2a6d8db9-bd66-4ab7-8a46-565c7e309085.MOBGTAGPYYWZRUJX.SEARCH&ppt=sp&ppn=sp&ssid=wset0fgrps0000001753087933323&qH=a81ad6e72f7a2fd1,,https://rukminim2.flixcart.com/image/312/312/xif0q/mobile/j/z/3/-original-imagtc5fqyz8tu4c.jpeg?q=70,Mobiles,0.5545,apple,-16401.0,Amazon,16401.0,33.82
4205,795,"Motorola Edge 50 Fusion 5G (Hot Pink, 12GB RAM, 256GB Storage)","Motorola Edge 50 Fusion (Hot Pink, 256 GB)",20830.0,20999.0,4.1,4.4,https://www.amazon.in/Motorola-Edge-Fusion-256GB-Storage/dp/B0D4JNVVHH/ref=sr_1_4501?dib=eyJ2IjoiMSJ9.Ku1eOhrLr30OuUrGLtXAHUHPvsK0LRANAwlSLTlHe7sUnxBrQLWyHiVCwlZQLftww1o5PVs9g3StdBllng5YWEcW5Z5io1dU9y3v1WurzlAI_ffR3m0jG6IbE9ffTJ96FvztVl1X33N0hdtMH_myqZlhU5Q5bcN4HMY1ifE8T94HJ1U_s5zO4cwhwW-eBYeSLYLMyxKb2mduhEhG8w9mD6TrfR0jbkUGLqbcZE4Xznqjs77aBaTiZNJba8VDS8G5aMrkvVkaVr48qU6bLxj2KAT4Zhf5vNfixQ_UvJl38ng.bbTfNUq7J8w0s66n4TI-uUhE4sPX4FMBhmdZ3zGNquc&dib_tag=se&qid=1759739836&s=electronics&sr=1-4501&xpid=UZHjCDxPt3DrQ,https://www.flipkart.com/motorola-edge-50-fusion-hot-pink-256-gb/p/itm93d002e8a2eb1?pid=MOBGXTYZZBUPYFEC&lid=LSTMOBGXTYZZBUPYFECU3Q95H&marketplace=FLIPKART&q=mobile+phones&store=tyy%2F4io&srno=s_4_89&otracker=search&otracker1=search&fm=Search&iid=4bdf492a-549d-4735-91d3-2d10536e45ed.MOBGXTYZZBUPYFEC.SEARCH&ppt=sp&ppn=sp&ssid=scs8nge6b40000001753087817678&qH=a81ad6e72f7a2fd1,,https://rukminim2.flixcart.com/image/312/312/xif0q/mobile/i/k/l/edge-50-fusion-pb300001in-motorola-original-imahywzpfd2jh9ep.jpeg?q=70,Mobiles,0.55,motorola,-169.0,Amazon,169.0,0.81
2237,107,"Portronics Harmonics Twins S3 Smart TWS Bluetooth 5.2 Earbuds with 20 Hrs Playtime, 8mm Drivers, Lightweight Design(Black)","Portronics Harmonics Twins S3 Smart TWS Earbuds,20 Hour...",599.0,699.0,3.9,4.0,https://www.amazon.in/Portronics-Harmonics-Bluetooth-Playtime-Lightweight/dp/B0B9RHNNWC/ref=sr_1_2276?dib=eyJ2IjoiMSJ9.Fc3vdMGcuxn7g_tLpFpCrHZSUtktrk7El7QBYb97glEj-jkQwz5I7eBJNvkZ2B_XCkHSkjGzoCQAgHe82WICw7oLbMaE0DdDxjmTmhTptY_TxP3I3DBYhgLQJsH9gp7xsnxX7Sp4quHaWto0bS4u1JMSMFCMvoes9JWXlyIF550IzxNt1-sHtP_dGBUMEEogtjpW9mOzFkmiav_Rbp_dq0pYhVlFbLA_ONhO52x2Bx2U3pkdT4TdqTHv71tv9Of1tdZL-GFhywXQ_VNX_cWqfNGwmcNkQiPgFhH-215f51M.wCEO1Ol2uTbEa5lriP-j7GV0MVwsRpOCIxitj8NHiDc&dib_tag=se&qid=1759737471&s=electronics&sr=1-2276&xpid=UZHjCDxPt3DrQ,https://www.flipkart.com/portronics-harmonics-twins-s3-smart-tws-earbuds-20-hours-playtime-booming-bass-bluetooth/p/itm6251eac2ef48f?pid=ACCGHYF4NZYNGMB5&lid=LSTACCGHYF4NZYNGMB5UK9BXG&marketplace=FLIPKART&q=earphones&store=0pm%2Ffcn%2F821&srno=s_5_163&otracker=search&otracker1=search&fm=Search&iid=4c1a6ec1-d5c8-46fa-8a4d-adad5b8aeae2.ACCGHYF4NZYNGMB5.SEARCH&ppt=sp&ppn=sp&ssid=8s85a15s5c0000001753106078787&qH=54597ea1f2fc7f2e,,https://rukminim2.flixcart.com/image/612/612/xif0q/headphone/w/a/h/harmonics-twins-s3-portronics-original-imagnyqyr67eqzyw.jpeg?q=70,Earphones,0.548,portronics,-100.0,Amazon,100.0,16.69
170,857,Apple iPhone 15 (256 GB) - Black,"Apple iPhone 15 (Black, 256 GB)",58499.0,74900.0,4.5,4.6,https://www.amazon.in/Apple-iPhone-15-256-GB/dp/B0CHX2WQLX/ref=sr_1_172?dib=eyJ2IjoiMSJ9.Fpc_Q0pLEd7N-muX-cdgtDZuy86ZyzYJsWiJRaoIsTdeqEeXKUXgzGJvAUroYOqbqlgL0jV4AZYceOwQLgcCVflwBB8jHY6TAwJcrqbdqi_2JiO0hRJ7G2rLJsDukzqegJZeQ4uTJsyxPUD_ie3Fr0nwEbmY8mlYFxtxXMadED2lHVa8PhvZtTLs944RK781E2MVmnt_toS11xZzl2Qk-2p242B7j7JsMAGrVwKJ4Vm2D9YpWLJM-V6A7h-jUnt8EkPyFb7QftmgzfHf-eaJ8al6US7BMSb2VV0V2AvAWNg.hRQBq9tBHc04eya1uCbQ6zCu8uTbNYiULxo2G28spzo&dib_tag=se&qid=1759735540&s=electronics&sr=1-172&xpid=UZHjCDxPt3DrQ,https://www.flipkart.com/apple-iphone-15-black-256-gb/p/itm6f0727e3e3b52?pid=MOBGTAGPSMHFKHT5&lid=LSTMOBGTAGPSMHFKHT5QSQH4U&marketplace=FLIPKART&q=mobile+phones&store=tyy%2F4io&srno=s_7_156&otracker=search&otracker1=search&fm=Search&iid=39c7c77d-e7f5-4d55-8ac8-971bf7f3649c.MOBGTAGPSMHFKHT5.SEARCH&ppt=sp&ppn=sp&ssid=oybmyd8sao0000001753087849426&qH=a81ad6e72f7a2fd1,,https://rukminim2.flixcart.com/image/312/312/xif0q/mobile/h/d/9/-original-imagtc2qzgnnuhxh.jpeg?q=70,Mobiles,0.5467,apple,-16401.0,Amazon,16401.0,28.04
7760,260,"Leaf Buds X121 True Wireless in Ear Earbuds Ai Sound App, 30H Playtime, Quad Mic with Enc, 50Ms Low Latency, Fast Charging(10Min=200Min), 10Mm Driver, Ipx5, Bluetooth V5.4 TWS (Pure White)","Leaf Buds X121 True Wireless, AI SOUND App,30H Playtime...",599.0,699.0,4.2,4.0,https://www.amazon.in/Leaf-Wireless-Playtime-Charging-Bluetooth/dp/B0D7JRM738/ref=sr_1_8374?dib=eyJ2IjoiMSJ9.N0QLjXumtVCxr5-XE1xD6sHHIuV2QlhSY79vPGJg-jTTiJ9aTZOMnYQWBVqPU3VaE69Kuv19jvvJ73qkjSDX3KtEZzVGmWkA724K_GKhRAHmuVMTAljaHhLygElDly3OEOvOTC4QdaQQGq3CLHMYDll5w6R8TKXJgOwgOKs7b8jEytdDsqH0kcpcStvuCcq9KfEOv4DPs1wYadW9xGkocP5zCYrOsHzbQcjO_qyoYkvJjYBxpZelMBF_zq_C171AVU_fOmd_I6JGGxD3T18rDLysCaJrl-uFkVdnQoxy4is.vVY0EhbKTwba-qOrU8ooh782brstYmSKLjD0sAc-OIo&dib_tag=se&qid=1759744612&s=electronics&sr=1-8374&xpid=UZHjCDxPt3DrQ,https://www.flipkart.com/leaf-buds-x121-true-wireless-ai-sound-app-30h-playtime-fast-charge-10mm-driver-bluetooth/p/itmfc28de3b26da5?pid=ACCH4DZPSPUZYHPD&lid=LSTACCH4DZPSPUZYHPDVMZULJ&marketplace=FLIPKART&q=earphones&store=0pm%2Ffcn%2F821&srno=s_19_740&otracker=search&otracker1=search&fm=Search&iid=14c282b3-32a2-41b0-9448-b04ca2385768.ACCH4DZPSPUZYHPD.SEARCH&ppt=sp&ppn=sp&ssid=y0sx684obk0000001753106447898&qH=54597ea1f2fc7f2e,,https://rukminim2.flixcart.com/image/612/612/xif0q/headphone/m/r/n/-original-imah83snssgegzms.jpeg?q=70,Earphones,0.5464,,-100.0,Amazon,100.0,16.69
139,1049,Apple iPhone 15 (256 GB) - Blue,"Apple iPhone 15 (Blue, 256 GB)",58999.0,74900.0,4.5,4.6,https://www.amazon.in/Apple-iPhone-15-256-GB/dp/B0CHX6N27Y/ref=sr_1_141?dib=eyJ2IjoiMSJ9.ld7yu4yrJwiGIk1H2ET_u95d__ISShesKabQ7H1rX5JrkduGNNH6B5Ojks_MWl-TcHF6mtZqAu97UTF_kHC6U11o-57S2otsCjjXoic-YbYjH4fOrMkXbphlYjQwGhph3qtJyUBCGlbP3LGJo2m2z-I6sn8TBOsVhSrXWfkgD3d21_vdef24LbiuiEu5LpKbteXrMOGfF8r_KVRLDsoV3MxgUws4K_ekhKBBag0Mq7niNjjRVK05xoozkKwsBCS20-0AX6osvncPG96t_jQhhK_NZ9qMthfQi9iX23exIV8.61NHm06AM9S_Q_txLho_F4Pj88xqfWSJbZ8PHMpMnqg&dib_tag=se&qid=1759735505&s=electronics&sr=1-141&xpid=UZHjCDxPt3DrQ,https://www.flipkart.com/apple-iphone-15-blue-256-gb/p/itm986f66c53cae4?pid=MOBGTAGPNEZZY2YR&lid=LSTMOBGTAGPNEZZY2YR3VRTJK&marketplace=FLIPKART&q=mobile+phones&store=tyy%2F4io&srno=s_17_403&otracker=search&otracker1=search&fm=Search&iid=29acadd6-675d-4fbd-b6d4-17adbf815adc.MOBGTAGPNEZZY2YR.SEARCH&ppt=sp&ppn=sp&ssid=i1kz7bblo00000001753087954629&qH=a81ad6e72f7a2fd1,,https://rukminim2.flixcart.com/image/312/312/xif0q/mobile/k/l/l/-original-imagtc5fz9spysyk.jpeg?q=70,Mobiles,0.5448,apple,-15901.0,Amazon,15901.0,26.95
2362,22,"Portronics Conch Gama in-Ear Wired Earphone, 1.2m Tangle Free Cable, in-Line Mic, Noise Isolation 3.5mm Aux Port and High Bass(Black)","Portronics Conch Gama Earphone,1.2m Tangle Free Cable, ...",248.0,276.0,3.9,4.1,https://www.amazon.in/Portronics-Conch-Gama-Earphone-Isolation/dp/B07ZH7X1P1/ref=sr_1_2408?dib=eyJ2IjoiMSJ9.VXOVkXNReyOP0Ybms7p4t2oDRwfsJtL1KBoNrhwycyH4cuGIlKC0u7Ehm-pHFFdcqfCeKSa8-88T9Xb0k0VZHck9ZYEPawxPOxp-bjELYkQhJotU6XyNKFD4Rzm3pxLqifdum2I3ZUSGxhX4SGEWuqpqL0IureTqWCoRjGOJmgcAF9K_exjNrRgqKE52FqOzjvxLh0Ee24PeO2d_WAZIiiz3hTHc-pwI8fYTltj8Kib1Bd5AWkXcPijphvlO-C2D3_RR8tUSCKbCSpj_h9X43QRlook56Rj4DG1_xg7TiWs.84PcQ7Agi7xMR1nP5AeVlcXw6X9VvWzCcgIx-_reM1c&dib_tag=se&qid=1759737623&s=electronics&sr=1-2408&xpid=UZHjCDxPt3DrQ,https://www.flipkart.com/portronics-conch-gama-earphone-1-2m-tangle-free-cable-mic-3-5mm-aux-port-wired-gaming/p/itm3aab1acc9da41?pid=ACCFHHR4G5DWDWZU&lid=LSTACCFHHR4G5DWDWZUIIEETQ&marketplace=FLIPKART&q=earphones&store=0pm%2Ffcn%2F821&srno=s_1_23&otracker=search&otracker1=search&fm=Search&iid=d8eda83d-c160-45b0-9bae-1ca6cdba734a.ACCFHHR4G5DWDWZU.SEARCH&ppt=sp&ppn=sp&ssid=0fz6yk2yc00000001753105988574&qH=54597ea1f2fc7f2e,,https://rukminim2.flixcart.com/image/612/612/xif0q/headphone/o/v/u/por-1025-gama-portronics-original-imahbnhya6fkhrsy.jpeg?q=70,Earphones,0.5445,portronics,-28.0,Amazon,28.0,11.29
4933,1224,"Vivo V50 5G (Rose Red, 8GB RAM, 128GB Storage) with No Cost EMI/Additional Exchange Offers","vivo V50 5G (Rose Red, 128 GB)",29999.0,34999.0,4.4,4.5,https://www.amazon.in/V50-Storage-Additional-Exchange-Offers/dp/B0DTHT72W2/ref=sr_1_5285?dib=eyJ2IjoiMSJ9.pIzB819XIlOlKt7FqbDK80-Rtsk8Ll2a1gosAdIt596CesEzBJ2C5BjCa3_X5B7dAPh6Q_MbtWtLK5lBvxk6WnK2lJlBwNBeH0l3R0r4LLfWXbQJL5hcWBNjBm8_8--nM4NQu8Rqtm4zBXOxYGZ8I7mwznM5VwpivZ94rt1B4HpXAohBK99T7y-58UH5l5lqLBqPky1Hg25YSP9Pp6KSUB2AAHNWuUTZblYHIwy5QokVMnK66Nt4pMaqE1mw4cBxNnjqYxNI9o_YlexpLPAsfVueaHMbOW6xornlY0F8DEM.RIHpNzf-o54qYGJTL7gT57Cv_Vx2Ds9QXCM_Lf-u4V4&dib_tag=se&qid=1759740777&s=electronics&sr=1-5285&xpid=UZHjCDxPt3DrQ,https://www.flipkart.com/vivo-v50-5g-rose-red-128-gb/p/itm12bbdca230795?pid=MOBH8Z32B8YBGQHN&lid=LSTMOBH8Z32B8YBGQHN3Y4DAM&marketplace=FLIPKART&q=mobile+phones&store=tyy%2F4io&srno=s_25_596&otracker=search&otracker1=search&fm=Search&iid=c3a61a3e-41ea-4acb-a985-ecb61487797c.MOBH8Z32B8YBGQHN.SEARCH&ppt=sp&ppn=sp&ssid=l4l7ylc4mo0000001753088045003&qH=a81ad6e72f7a2fd1,,https://rukminim2.flixcart.com/image/312/312/xif0q/mobile/v/z/r/-original-imahc6hdfzgzczzj.jpeg?q=70,Mobiles,0.5337,vivo,-5000.0,Amazon,5000.0,16.67
2193,741,Vivo T4 Lite 5G Prism Blue_128GB+4GB,"vivo T4 Lite 5G Charger in the Box (Prism Blue, 128 GB)",9999.0,10999.0,4.3,4.5,https://www.amazon.in/VIVO-Storage-Dimensity-Fingerprint-Charging/dp/B0FFDZZ8CS/ref=sr_1_2232?dib=eyJ2IjoiMSJ9.7D8_iFbgvSVrsaP_JKytAcfS1mH2vOmwtIs2H4NgJM4HGhdnimW71rk3DoWsJZ59eTThSRmivJefb4KOJI3Iqh9LcWSATmukCxx7lnu3AbFhy6aDJUu3lLqbR2BZOgIt4koRek0sa1GMRJVnEnc3D7UtAettHk9oNHWqLXgDqI-epKacxXR07rAMVx5JeOFY7VDVznpE_lFnuchTs0HQ6iDFDhMmNBMdMTkP5XgRWGJPhzJVwLJ1LJVS1l8gWnvoJacbzTicyMuW1sf_OGi7NpOuYZpAJ2lvfllCXdyKnTs.sYWAnwHQgC21iUPN86585hcikRJSRuobWgnJNc8070k&dib_tag=se&qid=1759737419&s=electronics&sr=1-2232&xpid=UZHjCDxPt3DrQ,https://www.flipkart.com/vivo-t4-lite-5g-charger-box-prism-blue-128-gb/p/itm9886d6e522c4b?pid=MOBHDY9FP7WFPCEE&lid=LSTMOBHDY9FP7WFPCEE9J8DVQ&marketplace=FLIPKART&q=mobile+phones&store=tyy%2F4io&srno=s_2_34&otracker=search&otracker1=search&fm=Search&iid=8d7c571b-51b2-486f-84fa-7a4b81c5b634.MOBHDY9FP7WFPCEE.SEARCH&ppt=sp&ppn=sp&ssid=bcitpmhteo0000001753087794733&qH=a81ad6e72f7a2fd1,,https://rukminim2.flixcart.com/image/312/312/xif0q/mobile/h/v/z/-original-imahd8725zchkgmn.jpeg?q=70,Mobiles,0.527,vivo,-1000.0,Amazon,1000.0,10.0
2393,1018,"OPPO Reno14 5G (Forest Green, 8GB RAM, 256GB Storage) with No Cost EMI/Additional Exchange Offers","OPPO Reno14 5G (Forest Green, 256 GB)",37998.0,37999.0,4.3,4.4,https://www.amazon.in/OPPO-Reno14-Storage-Additional-Exchange/dp/B0FCV2D79G/ref=sr_1_2440?dib=eyJ2IjoiMSJ9.HDGRx7787WuY2LjKGRRSKdhxMo9MS8JhGU7okg8jnbWMMgn-LHHcdTt_0Df8NQlDLpY7Geg111DvXxa6LkxdXpBse86jxyTbiN-8sjPgGW-CjRnxai2UGG3hhUFAXOAfYTG3LLqngzmZev-N2UUQbK2BfFeT_R30m5eTT4LfmZhddK4PV-2qumODEXy7uvr6JLNtUUwfDNVQFCGW7lUTEMUBq8bZDSHHH_RSYpikK2TzwR5S40qihxjc_badrnhINhbGxicdXKZCjXRhRTnoKqPbOhNNImfeB4y5gB2yQp8.EWB3IBS8e1L7KFEOL_IBKbjHwIlyR8yyvbyyl4au2sE&dib_tag=se&qid=1759737646&s=electronics&sr=1-2440&xpid=UZHjCDxPt3DrQ,https://www.flipkart.com/oppo-reno14-5g-forest-green-256-gb/p/itm4d9e853eee6cf?pid=MOBHDDQ95MNGEZSJ&lid=LSTMOBHDDQ95MNGEZSJGGWO5W&marketplace=FLIPKART&q=mobile+phones&store=tyy%2F4io&srno=s_16_369&otracker=search&otracker1=search&fm=Search&iid=063ca73b-034f-49ce-abbd-42b43c4da71d.MOBHDDQ95MNGEZSJ.SEARCH&ppt=sp&ppn=sp&ssid=j3ipelsou80000001753087943915&qH=a81ad6e72f7a2fd1,,https://rukminim2.flixcart.com/image/312/312/xif0q/mobile/k/w/c/-original-imahdzg7rrpztry8.jpeg?q=70,Mobiles,0.5249,oppo,-1.0,Amazon,1.0,0.0
902,741,Vivo T4 Lite 5G Prism Blue_128GB+6GB,"vivo T4 Lite 5G Charger in the Box (Prism Blue, 128 GB)",10999.0,10999.0,4.3,4.5,https://www.amazon.in/VIVO-Storage-Dimensity-Fingerprint-Charging/dp/B0FFDV3CGR/ref=sr_1_910?dib=eyJ2IjoiMSJ9.sBfi9cxkoUGR1ZW8xOP3bUBIhTrycTK_k3e-W92ge2gp0Tr65cJ9tGTOA7R5feZOQl3QeKgPvNef9DPOnWwvXPGKb0-PHwfb_wARnBZTbh5m89nDMdf0fpeTG-x6Awjp0rHHcY7VnnUNdKevR1aEdg6rpwvvtTX0UBr1llHLQ0v4NXQwCl_6xDdW33uItqnygfFmeN4_N_cNv6wkPy3rbfCadDmbWmLl2jSxGFxJrHxwwwslZZ__dPL-G6dJrprl6xLoGNXHn6mq-Fel-_xws4PTfKYbir33KIQtLswDNgs.4XqimYQZsih1WylZDrKVmx94DKWi8Gl5UQAfaoJzDeY&dib_tag=se&qid=1759736118&s=electronics&sr=1-910&xpid=UZHjCDxPt3DrQ,https://www.flipkart.com/vivo-t4-lite-5g-charger-box-prism-blue-128-gb/p/itm9886d6e522c4b?pid=MOBHDY9FP7WFPCEE&lid=LSTMOBHDY9FP7WFPCEE9J8DVQ&marketplace=FLIPKART&q=mobile+phones&store=tyy%2F4io&srno=s_2_34&otracker=search&otracker1=search&fm=Search&iid=8d7c571b-51b2-486f-84fa-7a4b81c5b634.MOBHDY9FP7WFPCEE.SEARCH&ppt=sp&ppn=sp&ssid=bcitpmhteo0000001753087794733&qH=a81ad6e72f7a2fd1,,https://rukminim2.flixcart.com/image/312/312/xif0q/mobile/h/v/z/-original-imahd8725zchkgmn.jpeg?q=70,Mobiles,0.5238,vivo,0.0,Same Price,0.0,0.0
742,89,"boAt Nirvana Zenith Pro (2025), 50dB Hybrid Adaptive ANC, Spatial Audio, Hi-Res Audio LDAC, 6Mics AI-ENx, 80 Hrs Battery, Bluetooth Earbuds, TWS Ear Buds Wireless Earphones with mic (Velvet Grey)","boAt Nirvana Zenith Pro (2025),50dB Hybrid ANC,Spatial ...",2699.0,2999.0,4.1,4.4,https://www.amazon.in/boAt-Nirvana-Zenith-Pro-Bluetooth/dp/B0DXNYJRMH/ref=sr_1_749?dib=eyJ2IjoiMSJ9.fg58-GQdIbMeIUr9o3g3BjY2L9n2TLTIOKfFrwHfPU05KBBYy9VCYGv4wr_buwzfMQDzDTKRzMzsA9z0JawrYK6jERw4dUIvt1mQDRKX90uCsr5L8o6OaDbI3EcxDpCtwBdgHEayLWtAiUb6ZDW8nUskSA7bxBXdixdssEEHjlus7GVdxDLRkhjhmqWdiJotuUegVVIKbw75ANiLk82mRPuz_UBEQQwoBZozwg2zwaAJ_HTjs_N__smH6uuBbn-MDAT1WXjXiq2tECZgY4Tuy0wH_zT6fUb1nzMHe-nUGSw.eiBSqUIeNfSp3iPQwgdl-pH6ciQwZ6GIoZdVFCu1itI&dib_tag=se&qid=1759735999&s=electronics&sr=1-749&xpid=UZHjCDxPt3DrQ,https://www.flipkart.com/boat-nirvana-zenith-pro-2025-50db-hybrid-anc-spatial-audio-80hr-battery-app-support-bluetooth/p/itm022a8f0a57382?pid=ACCH9K5BSTKDMBJX&lid=LSTACCH9K5BSTKDMBJX0EDAGI&marketplace=FLIPKART&q=earphones&store=0pm%2Ffcn%2F821&srno=s_4_124&otracker=search&otracker1=search&fm=Search&iid=49a8060f-042a-4645-b8e0-18f65e7316c8.ACCH9K5BSTKDMBJX.SEARCH&ppt=sp&ppn=sp&ssid=tnpiiuizbk0000001753106043084&qH=54597ea1f2fc7f2e,,https://rukminim2.flixcart.com/image/612/612/xif0q/headphone/u/z/m/-original-imahdvzsgz9n2azy.jpeg?q=70,Earphones,0.5233,boat,-300.0,Amazon,300.0,11.12
1625,89,"boAt Nirvana Zenith Pro (2025), 50dB Hybrid Adaptive ANC, Spatial Audio, Hi-Res Audio LDAC, 6Mics AI-ENx, 80 Hrs Battery, Bluetooth Earbuds, TWS Ear Buds Wireless Earphones with mic (Crimson Red)","boAt Nirvana Zenith Pro (2025),50dB Hybrid ANC,Spatial ...",2699.0,2999.0,4.1,4.4,https://www.amazon.in/boAt-Nirvana-Zenith-Pro-Bluetooth/dp/B0DXP8JM1M/ref=sr_1_1650?dib=eyJ2IjoiMSJ9.vCqLtOqNnY7xIivH3Urkg3UxvQafsoKsEJdcAEeyafyU6plT124T6T0Z71irvkdWr5lR2GoT-iD0iToxDh6jsi5G6EugkUiYpOCXHeHUcyLUaVE_EPvPTvn1pvSLjyPIyLN9VDdyX8EFFoMt32MRfyZssE4DzvPoao3fy_d9H8qaPQadnIxzjnHbYxuFpaspNpEmor9Hzwh0-LtGdQ6FZckoxeNB2tCpkuTyf5ufSmU4EpqyBCESScfB5AHbTcC1OoPbVfiJz8XgYHAdNt28GzWfqCU0UpmwLF7G6DSoReo.zb4s-5oI2ZYT4FFpTXJwLBVQxhYEqfvKGXZdIidSq-8&dib_tag=se&qid=1759736821&s=electronics&sr=1-1650&xpid=UZHjCDxPt3DrQ,https://www.flipkart.com/boat-nirvana-zenith-pro-2025-50db-hybrid-anc-spatial-audio-80hr-battery-app-support-bluetooth/p/itm022a8f0a57382?pid=ACCH9K5BSTKDMBJX&lid=LSTACCH9K5BSTKDMBJX0EDAGI&marketplace=FLIPKART&q=earphones&store=0pm%2Ffcn%2F821&srno=s_4_124&otracker=search&otracker1=search&fm=Search&iid=49a8060f-042a-4645-b8e0-18f65e7316c8.ACCH9K5BSTKDMBJX.SEARCH&ppt=sp&ppn=sp&ssid=tnpiiuizbk0000001753106043084&qH=54597ea1f2fc7f2e,,https://rukminim2.flixcart.com/image/612/612/xif0q/headphone/u/z/m/-original-imahdvzsgz9n2azy.jpeg?q=70,Earphones,0.5221,boat,-300.0,Amazon,300.0,11.12
7312,1222,"Vivo V50 5G (Starry Night, 8GB RAM, 256GB Storage) with No Cost EMI/Additional Exchange Offers","vivo V50 5G (Starry Night, 256 GB)",33999.0,36999.0,4.4,4.5,https://www.amazon.in/V50-Starry-Storage-Additional-Exchange/dp/B0DTHS6HHT/ref=sr_1_7896?dib=eyJ2IjoiMSJ9.B13qBH8aGGR4eKq0p8ETbr3VfqQixXhYyUNA_w4g4j5G15AZ3K-2WRIoy5Ci2dPrFSOXfs72myvinqpRzhaVKJOWxjbvnUhpL-j_2G-_nCCgV0QbDH2s2C-P6x-tvsr5tzlD_v4gd6sT4oBWHq5toM1HepwQnMGcUciys8NmyspHTPHWJQDpmez4nrBagsi2Yd-A8Bf7rQiqG63NSXu1YkGlQWyGTLLak4-UF-1Zj7ievJia2iKs6rNx2lo3qS52YYbV-OdIBahC9qCF8VFH8CXaQuVf1p86SAXcgqhkZvU._UTXMddf__-qPorAs9oLn0ougYDNGkhLv_XfgSDnx7M&dib_tag=se&qid=1759744004&s=electronics&sr=1-7896&xpid=UZHjCDxPt3DrQ,https://www.flipkart.com/vivo-v50-5g-starry-night-256-gb/p/itm12bbdca230795?pid=MOBH8Z32NHHVHUZZ&lid=LSTMOBH8Z32NHHVHUZZ6RA0CH&marketplace=FLIPKART&q=mobile+phones&store=tyy%2F4io&srno=s_25_594&otracker=search&otracker1=search&fm=Search&iid=c3a61a3e-41ea-4acb-a985-ecb61487797c.MOBH8Z32NHHVHUZZ.SEARCH&ppt=sp&ppn=sp&ssid=l4l7ylc4mo0000001753088045003&qH=a81ad6e72f7a2fd1,,https://rukminim2.flixcart.com/image/312/312/xif0q/mobile/6/s/9/-original-imahc6hdhhuahhs4.jpeg?q=70,Mobiles,0.5208,vivo,-3000.0,Amazon,3000.0,8.82
1635,748,Vivo T4 Lite 5G Titanium Gold_128GB+4GB,"vivo T4 Lite 5G Charger in the Box (Titanium Gold, 128 GB)",9999.0,10999.0,4.3,4.5,https://www.amazon.in/VIVO-Titanium-Dimensity-Fingerprint-Charging/dp/B0FFF9VPMN/ref=sr_1_1664?dib=eyJ2IjoiMSJ9.zwAJKS2wqviYoqSBNAmyY7wieMQvXfxHPIy9qcGblto-YShA7_GIrYw_yiF1hrPksJAAmyxG_RFz2LDZGJaqfq2AePpk3wbJu7k5NBM9iEEEKUVThrdDUQ4vFUd14xUuovMV6C8dRf0RnQduVYbAXesE69anJr9RJXMZhTp8mmGrMnd7wfebb_WE4IITuInoZcEc8kxN0OCzWfcCdNc0cdQCK7l2oFiOfevoocvxzsZbN5xXrfgAsC4s3RrN_lWP2ZOpDzE6lB8ouvopUxrhcjBbPazsZt34ixR9bhJ-Rys.SDNAo2IFW_QSCmK4Y9TyRTrlLB9869uc1bu9GqdCzNQ&dib_tag=se&qid=1759736847&s=electronics&sr=1-1664&xpid=UZHjCDxPt3DrQ,https://www.flipkart.com/vivo-t4-lite-5g-charger-box-titanium-gold-128-gb/p/itm9886d6e522c4b?pid=MOBHDY9FWXVJYCFM&lid=LSTMOBHDY9FWXVJYCFMHXZJVU&marketplace=FLIPKART&q=mobile+phones&store=tyy%2F4io&srno=s_2_41&otracker=search&otracker1=search&fm=Search&iid=8d7c571b-51b2-486f-84fa-7a4b81c5b634.MOBHDY9FWXVJYCFM.SEARCH&ppt=sp&ppn=sp&ssid=bcitpmhteo0000001753087794733&qH=a81ad6e72f7a2fd1,,https://rukminim2.flixcart.com/image/312/312/xif0q/mobile/g/r/b/-original-imahd872ftjsb6xh.jpeg?q=70,Mobiles,0.5194,vivo,-1000.0,Amazon,1000.0,10.0
360,857,Apple iPhone 15 (256 GB) - Green,"Apple iPhone 15 (Black, 256 GB)",58999.0,74900.0,4.5,4.6,https://www.amazon.in/Apple-iPhone-15-256-GB/dp/B0CHX41VNZ/ref=sr_1_362?dib=eyJ2IjoiMSJ9.i_j5tCz8NHMHVbZyJUeHdTqQTV-HLCzq9h0ppXDfxzO2v7A6sIg5R0P3xx15yqi9tEdP1eEVsd9Nq1QQ0gC7t0y_X5LUGNDhWcjGaBDnPjM_73tuF_Vl7lOT3TiJjLrPpibmii5KhWR_23cdkBvqNj62LFJJSx1_aswseLINnXR9HvexDkZYZYeZjRtsQJyg2feO4apNeeTDVFvR0ybR7dyOarnSNp1cOVEqjln4j6TwLRKDOTzHJcVahZ5vIUXiTMHEM57_ij9EXsz94m4hbXuGkZTD5o2U9KvitLxkJoc.NXpAh5ASEllXpEUqzKfV10ZWrO_5wPJZCsp7xniGC2M&dib_tag=se&qid=1759735681&s=electronics&sr=1-362&xpid=UZHjCDxPt3DrQ,https://www.flipkart.com/apple-iphone-15-black-256-gb/p/itm6f0727e3e3b52?pid=MOBGTAGPSMHFKHT5&lid=LSTMOBGTAGPSMHFKHT5QSQH4U&marketplace=FLIPKART&q=mobile+phones&store=tyy%2F4io&srno=s_7_156&otracker=search&otracker1=search&fm=Search&iid=39c7c77d-e7f5-4d55-8ac8-971bf7f3649c.MOBGTAGPSMHFKHT5.SEARCH&ppt=sp&ppn=sp&ssid=oybmyd8sao0000001753087849426&qH=a81ad6e72f7a2fd1,,https://rukminim2.flixcart.com/image/312/312/xif0q/mobile/h/d/9/-original-imagtc2qzgnnuhxh.jpeg?q=70,Mobiles,0.5177,apple,-15901.0,Amazon,15901.0,26.95
5935,985,Zapcase Back Case Cover for Samsung Galaxy S24 FE 5G | Compatible for Samsung Galaxy S24 FE 5G Back Cover | Scratch-Resistant Back Cover | Black,"Samsung Galaxy S24 FE 5G (Blue, 128 GB)",245.0,59999.0,4.2,4.5,https://www.amazon.in/Zapcase-Samsung-Galaxy-Compatible-Scratch-Resistant/dp/B0DJBM94VG/ref=sr_1_6385?dib=eyJ2IjoiMSJ9.12CVKc6UJzs8hPs1O3aVikICOFdjKAHUbPBWatpLGZTEsjSrGPd1_z48n2zG8R1c4K4YLaY0IOIQhDD6zsZ00B2DURCChkGVYJC9lZ7dr7WV0f8iW7Q5G_SIbjaX6M4G1Bxdb7pIhbOWr_hyHpGEHNQipQLNklaAuCZvD2weiuPhHLDTe4Bk99PDYjKmzX1PX9vp07bFmN0y9CUHkWCeEuvOtK4PPQzbLjtUx5mB-ik5FCmW6_dSKyEd7lusoUgdrCjzEE0o5I8B1MP_u6m7TIUYa4E2T4pryPFd4DCaWz0.-JM3_ZOxr_oT7Fx0ii_MG5-HOViBU8nIsKlZu_5cTRM&dib_tag=se&qid=1759742163&s=electronics&sr=1-6385&xpid=UZHjCDxPt3DrQ,https://www.flipkart.com/samsung-galaxy-s24-fe-5g-blue-128-gb/p/itme960199e26f23?pid=MOBH4ZG3Z5NCBW2H&lid=LSTMOBH4ZG3Z5NCBW2HWQMO2K&marketplace=FLIPKART&q=mobile+phones&store=tyy%2F4io&srno=s_14_329&otracker=search&otracker1=search&fm=Search&iid=b1620752-ed87-4c97-a7d8-87c89786b83f.MOBH4ZG3Z5NCBW2H.SEARCH&ppt=sp&ppn=sp&ssid=8ghyoks0rk0000001753087922506&qH=a81ad6e72f7a2fd1,,https://rukminim2.flixcart.com/image/312/312/xif0q/mobile/r/s/z/-original-imahcfwmdvbcgdzs.jpeg?q=70,Mobiles,0.5164,samsung,-59754.0,Amazon,59754.0,24389.39
2448,1022,"Nothing Phone (3a) Pro 5G (Black, 8GB RAM + 128GB Storage)","Nothing Phone (3a) Pro (Black, 128 GB)",25441.0,29999.0,4.2,4.5,https://www.amazon.in/Nothing-Phone-Black-128GB-Storage/dp/B0DZTNQKX7/ref=sr_1_2498?dib=eyJ2IjoiMSJ9.WRwpgivMpUbDyPIFpHw_XnXh9OXgvTmHyhkZVkls34zXKbHYpOWJ-iww867HXgZJFnSmU6fFm6K-Y3FcpEjv_CrybG9Vcu9TbN-oWl9zTb8CsJQRUoK5X8myyccDCAtm5B4PbCRgWzJPoVuYH37BIveU3MqHLrsrpdNbTkm9ntMf1ecQuDD7-tS3GjKcpDYFgllatj2O2nzjuKU77J7pl7LlnWYOQFnuaTwgUEw6xKheCY4P4MPj_4jBrS2Nv7o90ztzsLSERis9jtbAZE7uZzx-_nWiCwFbJOLPO2Os_dA.3VYlGy7dzvQlj07u4Oc2jwD0rlhxNXmXMaejQbOVAgs&dib_tag=se&qid=1759737723&s=electronics&sr=1-2498&xpid=UZHjCDxPt3DrQ,https://www.flipkart.com/nothing-phone-3a-pro-black-128-gb/p/itm04daaef6652d4?pid=MOBH8G3PJAAHAJFG&lid=LSTMOBH8G3PJAAHAJFGSJDK8E&marketplace=FLIPKART&q=mobile+phones&store=tyy%2F4io&srno=s_16_373&otracker=search&otracker1=search&fm=Search&iid=063ca73b-034f-49ce-abbd-42b43c4da71d.MOBH8G3PJAAHAJFG.SEARCH&ppt=sp&ppn=sp&ssid=j3ipelsou80000001753087943915&qH=a81ad6e72f7a2fd1,,https://rukminim2.flixcart.com/image/312/312/xif0q/mobile/7/b/7/-original-imahcfcfhkzhngeb.jpeg?q=70,Mobiles,0.5163,nothing,-4558.0,Amazon,4558.0,17.92
5,1543,Apple iPhone 15 (128 GB) - Pink,"Apple iPhone 15 Plus (Pink, 128 GB)",48499.0,74900.0,4.5,4.6,https://www.amazon.in/Apple-iPhone-15-128-GB/dp/B0CHX3TW6X/ref=sr_1_6?dib=eyJ2IjoiMSJ9.8-aKrERwPzdGyJWfWOa56BDYB1mnBqGBvnzq6l53HItCsQsxbIFLm21v9R_6FmoTBpJ600hwiR0xOHvF_xx6hMwuEFgEDCYS9iGPnysMOr1BWijktkdu3ikYyaKbiI1q6gDckmDjnylxNO7h1uRbVl7x9fl6TPDK1qp0lGKkRE5gA_wftZX3ERHLcmlkaYn3JAuOQvpxTESxFK3S1ePna3mBomQ_OcwMoivmua83h6CZUcigr3iU7jURLZAo9N2uU6GL2oUlta2OjQEkKGjrvkamiEG_33JUxUeZFvBui50.uZI1p62DqPjx-nuhqdw4L2Wnx43Peyq1jL9BkLtfCSk&dib_tag=se&qid=1759735404&s=electronics&sr=1-6&xpid=UZHjCDxPt3DrQ,https://www.flipkart.com/apple-iphone-15-plus-pink-128-gb/p/itmecb6209a78172?pid=MOBGTAGPXUWEXXWY&lid=LSTMOBGTAGPXUWEXXWYSEAZVW&marketplace=FLIPKART&q=mobile+phones&store=tyy%2F4io&srno=s_39_932&otracker=search&otracker1=search&fm=Search&iid=40f4dab7-eac6-4ce6-b4fe-080a8636f6c1.MOBGTAGPXUWEXXWY.SEARCH&ppt=sp&ppn=sp&ssid=8l02y364y80000001753088293371&qH=a81ad6e72f7a2fd1,,https://rukminim2.flixcart.com/image/312/312/xif0q/mobile/a/c/k/-original-imagtc5fuzkvczr7.jpeg?q=70,Mobiles,0.5156,apple,-26401.0,Amazon,26401.0,54.44
1053,985,Zapcase Back Case Cover for Samsung Galaxy S24 FE 5G | Compatible for Samsung Galaxy S24 FE 5G Back Cover | Scratch-Resistant Back Cover | Clear,"Samsung Galaxy S24 FE 5G (Blue, 128 GB)",244.0,59999.0,4.2,4.5,https://www.amazon.in/Zapcase-Samsung-Compatible-MagSafe-Scratch-Resistant/dp/B0DJBKPMVX/ref=sr_1_1063?dib=eyJ2IjoiMSJ9.EoLOMYU1e82UL-sPH7LZxs3HgVPrxVwAU8Inab4DkVfo_SbWb1FVVS_whwG6ve6ST9AMWzpYyD4gueHWh4hUHNs6HqP8vm39_BFtVIMJufq6iZmcicNehSmDyebxiqG1w14uVcWacAFz2rlz4DzV2xBBNn1pTKqWUsg502lRbXxAYYwWUORy7p33UurDvwn7TEcCjULIxkWbRAegUiW1E1alNB5X3Z_ddf4W5umKLlBInxJnRFokPcrNdcjgkWUTwdamL1x9rpLrnorPa_GRyt9nd6aOwNjkOtABcnsYPyw.s1CTSNGGdeLdWltW7qEkw0-UriEy8r-EF5jHJjNm9IU&dib_tag=se&qid=1759736252&s=electronics&sr=1-1063&xpid=UZHjCDxPt3DrQ,https://www.flipkart.com/samsung-galaxy-s24-fe-5g-blue-128-gb/p/itme960199e26f23?pid=MOBH4ZG3Z5NCBW2H&lid=LSTMOBH4ZG3Z5NCBW2HWQMO2K&marketplace=FLIPKART&q=mobile+phones&store=tyy%2F4io&srno=s_14_329&otracker=search&otracker1=search&fm=Search&iid=b1620752-ed87-4c97-a7d8-87c89786b83f.MOBH4ZG3Z5NCBW2H.SEARCH&ppt=sp&ppn=sp&ssid=8ghyoks0rk0000001753087922506&qH=a81ad6e72f7a2fd1,,https://rukminim2.flixcart.com/image/312/312/xif0q/mobile/r/s/z/-original-imahcfwmdvbcgdzs.jpeg?q=70,Mobiles,0.5124,samsung,-59755.0,Amazon,59755.0,24489.75
0,1259,Apple iPhone 15 (128 GB) - Black,"Apple iPhone 15 Plus (Black, 128 GB)",47999.0,74900.0,4.5,4.6,https://www.amazon.in/Apple-iPhone-15-128-GB/dp/B0CHX1W1XY/ref=sr_1_1?dib=eyJ2IjoiMSJ9.8-aKrERwPzdGyJWfWOa56BDYB1mnBqGBvnzq6l53HItCsQsxbIFLm21v9R_6FmoTBpJ600hwiR0xOHvF_xx6hMwuEFgEDCYS9iGPnysMOr1BWijktkdu3ikYyaKbiI1q6gDckmDjnylxNO7h1uRbVl7x9fl6TPDK1qp0lGKkRE5gA_wftZX3ERHLcmlkaYn3JAuOQvpxTESxFK3S1ePna3mBomQ_OcwMoivmua83h6CZUcigr3iU7jURLZAo9N2uU6GL2oUlta2OjQEkKGjrvkamiEG_33JUxUeZFvBui50.uZI1p62DqPjx-nuhqdw4L2Wnx43Peyq1jL9BkLtfCSk&dib_tag=se&qid=1759735404&s=electronics&sr=1-1&xpid=UZHjCDxPt3DrQ,https://www.flipkart.com/apple-iphone-15-plus-black-128-gb/p/itme3a53984760fb?pid=MOBGTAGPNRQA7CS3&lid=LSTMOBGTAGPNRQA7CS3YEKCQO&marketplace=FLIPKART&q=mobile+phones&store=tyy%2F4io&srno=s_27_633&otracker=search&otracker1=search&fm=Search&iid=891e87c0-72a0-4f01-b075-0f5a2f9fde97.MOBGTAGPNRQA7CS3.SEARCH&ppt=sp&ppn=sp&ssid=ojaye37c7k0000001753088066331&qH=a81ad6e72f7a2fd1,,https://rukminim2.flixcart.com/image/312/312/xif0q/mobile/h/d/9/-original-imagtc2qzgnnuhxh.jpeg?q=70,Mobiles,0.5105,apple,-26901.0,Amazon,26901.0,56.04
298,857,Apple iPhone 15 (256 GB) - Pink,"Apple iPhone 15 (Black, 256 GB)",58999.0,74900.0,4.5,4.6,https://www.amazon.in/Apple-iPhone-15-256-GB/dp/B0CHX4CRND/ref=sr_1_300?dib=eyJ2IjoiMSJ9.DpD4IIzbk_i8geIdfc7TPbhmviavgp0ZR-M94L576vg4egTKrzDAHe0sNlavEgEuj7wtDIcHt0-9SpPu1xBTfwpeaaiy0hg7Jd5IaBgRtcjMfus7sO1wR8DROSdQpJ2ZKTwNaFnwvmH4BchiIO1HVFMHB67j9Apr5EuRfIPweR4DP4zX4XNmQPzYTnLpBtLQRjcud3pAkxYpLd0mfXa99v1-ePAyiPU35TqSwO428JNyyFa782p-6SNJViPf0VtVoglar0cmzscRruHV4ddgkwBOJ5T8Z-uNwWJbiImaopw.H_L9vy7qBJ6a-UwMsJi7HsI_Le7JUA175in52FDuJ0c&dib_tag=se&qid=1759735634&s=electronics&sr=1-300&xpid=UZHjCDxPt3DrQ,https://www.flipkart.com/apple-iphone-15-black-256-gb/p/itm6f0727e3e3b52?pid=MOBGTAGPSMHFKHT5&lid=LSTMOBGTAGPSMHFKHT5QSQH4U&marketplace=FLIPKART&q=mobile+phones&store=tyy%2F4io&srno=s_7_156&otracker=search&otracker1=search&fm=Search&iid=39c7c77d-e7f5-4d55-8ac8-971bf7f3649c.MOBGTAGPSMHFKHT5.SEARCH&ppt=sp&ppn=sp&ssid=oybmyd8sao0000001753087849426&qH=a81ad6e72f7a2fd1,,https://rukminim2.flixcart.com/image/312/312/xif0q/mobile/h/d/9/-original-imagtc2qzgnnuhxh.jpeg?q=70,Mobiles,0.5094,apple,-15901.0,Amazon,15901.0,26.95
2921,753,"Motorola Moto G85 5G (128, Cobalt Blue, New)","Motorola G85 5G (Cobalt Blue, 128 GB)",15970.0,16999.0,4.2,4.4,https://www.amazon.in/Moto-G85-128-Cobalt-Blue/dp/B0D9LS6MVV/ref=sr_1_3049?dib=eyJ2IjoiMSJ9.Dt5NVAdTZc7HbBf5r-TOIICc4Mh2LnXDrLRSxbAdrvRDsKBiCIC28VV0ZF_uquBpay63wMEJDBxkYI1ISBd9aN2oruLh4fJuZLA8dW2EXk8DfmRBst5XXwLkfqgjnDVOjHwLlnyBFLqsZfzEoYcVhnIggvzHXvAF6c_ZffJpoq44W0pLVCRoeMtGnsofXrmDjOLQW97ET3wAki5Pd_VXBx8s20sGTILrv7ukOQQAvl1RxGFxSInj3u3VquqieZmpFv3Rur79k3P2oPLMMkOeAEJpQy71HfKUuh7xRqcilcQ.gzHSuSKgAChqM2V6XJhBaYyhuTpO6hdaLtqqyq4-kEg&dib_tag=se&qid=1759738304&s=electronics&sr=1-3049&xpid=UZHjCDxPt3DrQ,https://www.flipkart.com/motorola-g85-5g-cobalt-blue-128-gb/p/itmeb6f09bd82403?pid=MOBHY9PQ7FGZKVDK&lid=LSTMOBHY9PQ7FGZKVDK4B1TIW&marketplace=FLIPKART&q=mobile+phones&store=tyy%2F4io&srno=s_2_46&otracker=search&otracker1=search&fm=Search&iid=8d7c571b-51b2-486f-84fa-7a4b81c5b634.MOBHY9PQ7FGZKVDK.SEARCH&ppt=sp&ppn=sp&ssid=bcitpmhteo0000001753087794733&qH=a81ad6e72f7a2fd1,,https://rukminim2.flixcart.com/image/312/312/xif0q/mobile/i/p/l/-original-imah2fjcxjdjykpc.jpeg?q=70,Mobiles,0.5082,motorola,-1029.0,Amazon,1029.0,6.44
1814,997,"Nothing Phone (3a) Pro 5G (Black, 8GB RAM + 256GB Storage)","Nothing Phone (3a) Pro (Black, 256 GB)",27659.0,33999.0,4.4,4.5,https://www.amazon.in/Nothing-Phone-Black-256GB-Storage/dp/B0DZTQ44FC/ref=sr_1_1845?dib=eyJ2IjoiMSJ9.rpoQ8YJNTEpR5zZvi5IzoTD3ZDYEd9SCWmG-9XxpImmEPFGMlP5dMa_tBYWy6MnQBV7JywvQDZHSfFY9vcaaYXiPb5RJFrE-VnaOEIPZt_Zgz3fOMDhPc-gD2ajkW4k3UxVn_EkdrgPolli0fN_U6q4XqJ_UC80IdURdDgYJHtP3A4HbEKY8fh_TaoOMSkv_uMDxbKerzjXjxBVVt12Ugqy__h2goKd4xD6Zdg7nT_pBBHKL8duTUFG2W8pe7E9rT0gqusPsOfLxjXny6BTdl9xbqYnM0NFaaBcWUjoRah0.cK6qEIUvxKfkb0nFBb-lqgqraMqjBEDpCMCxnXOtyV8&dib_tag=se&qid=1759737030&s=electronics&sr=1-1845&xpid=UZHjCDxPt3DrQ,https://www.flipkart.com/nothing-phone-3a-pro-black-256-gb/p/itm04daaef6652d4?pid=MOBH8G3PUAQERBYU&lid=LSTMOBH8G3PUAQERBYUF6040H&marketplace=FLIPKART&q=mobile+phones&store=tyy%2F4io&srno=s_15_343&otracker=search&otracker1=search&fm=Search&iid=2a6d8db9-bd66-4ab7-8a46-565c7e309085.MOBH8G3PUAQERBYU.SEARCH&ppt=sp&ppn=sp&ssid=wset0fgrps0000001753087933323&qH=a81ad6e72f7a2fd1,,https://rukminim2.flixcart.com/image/312/312/xif0q/mobile/7/b/7/-original-imahcfcfhkzhngeb.jpeg?q=70,Mobiles,0.5055,nothing,-6340.0,Amazon,6340.0,22.92
4815,910,"OPPO Reno14 5G (Pearl White, 8GB RAM, 256GB Storage) with No Cost EMI/Additional Exchange Offers","OPPO Reno14 5G (Pearl White, 256 GB)",37998.0,39999.0,4.3,4.6,https://www.amazon.in/OPPO-Reno14-Storage-Additional-Exchange/dp/B0FCTS8CVJ/ref=sr_1_5161?dib=eyJ2IjoiMSJ9.pmGWcuQ78PBPgtvJDadLkhgZuJguCunHXTthEtomTt7fxriiE-eeN-FKs-SJFZaVx1dtl6yjAEEb3Sfvvvkzfb2Y3D6kUpgo7W_OBAK9qtr6v634Om9hn2oMoyo0SlE6wTaIleGdMgRKBoBsQwIyJyHI-FIbS2RI7gVfkCJDTOn7gyT5qi1m3FFZeSKy0epzEjOUH9btnGa3SRY9bLyTgNF4322KRg8VxWgu2fK7VQl3Sbwqn19K7pTf1IKk1zQnnmEGLK_Yf1gp-tyRkehQpJJS1FFOCaCLejxT5dIzmKE.-tYdsq5Pyrm0PjsoKDZgKqBNtQOss7_J6xuGIIApOqc&dib_tag=se&qid=1759740630&s=electronics&sr=1-5161&xpid=UZHjCDxPt3DrQ,https://www.flipkart.com/oppo-reno14-5g-pearl-white-256-gb/p/itm4d9e853eee6cf?pid=MOBHDDQ9UFJESUYC&lid=LSTMOBHDDQ9UFJESUYCPLJL1V&marketplace=FLIPKART&q=mobile+phones&store=tyy%2F4io&srno=s_10_229&otracker=search&otracker1=search&fm=Search&iid=10892e57-4fcf-427c-95ef-b718a66c42e5.MOBHDDQ9UFJESUYC.SEARCH&ppt=sp&ppn=sp&ssid=v1qp6688jk0000001753087880600&qH=a81ad6e72f7a2fd1,,https://rukminim2.flixcart.com/image/312/312/xif0q/mobile/a/u/k/-original-imahdzg7pc55yuzy.jpeg?q=70,Mobiles,0.5046,oppo,-2001.0,Amazon,2001.0,5.27
3453,857,Apple iPhone 15 (256 GB) - Yellow,"Apple iPhone 15 (Black, 256 GB)",58499.0,74900.0,4.5,4.6,https://www.amazon.in/Apple-iPhone-15-256-GB/dp/B0CHX8JCXN/ref=sr_1_3635?dib=eyJ2IjoiMSJ9.gw-9tBR9dP7Vms2CJ2wkV5I-fD9MfhlIPvbVEq9Pni8HBC5lQrepb2F4yIee_ouNx6CeDdClExOGRbW6mKi9q-d02McgCijZQxj_FNPtmJIyAFtIBp20BJgvLYaBGGj6CjT1_FDGZ5OvrIBhmYPLnLIVSoVAskOpg_QVMgQiB3vrhO12-odhhr-mRyePaF2eEJ5HtEgm4AQEpy2QKBVOhamYUGLV1i-SVn0dKXkLmEPkoZOTQS0Z-rAe61AIHl0edFR19kleJ7n1YY__cG7P5Pb-9JxVn2NW7iK2H3uxikI.J6tCSqslMMk5C5tnfSJ-D66s9fkbfUHO20tbvdPlTik&dib_tag=se&qid=1759738916&s=electronics&sr=1-3635&xpid=UZHjCDxPt3DrQ,https://www.flipkart.com/apple-iphone-15-black-256-gb/p/itm6f0727e3e3b52?pid=MOBGTAGPSMHFKHT5&lid=LSTMOBGTAGPSMHFKHT5QSQH4U&marketplace=FLIPKART&q=mobile+phones&store=tyy%2F4io&srno=s_7_156&otracker=search&otracker1=search&fm=Search&iid=39c7c77d-e7f5-4d55-8ac8-971bf7f3649c.MOBGTAGPSMHFKHT5.SEARCH&ppt=sp&ppn=sp&ssid=oybmyd8sao0000001753087849426&qH=a81ad6e72f7a2fd1,,https://rukminim2.flixcart.com/image/312/312/xif0q/mobile/h/d/9/-original-imagtc2qzgnnuhxh.jpeg?q=70,Mobiles,0.5022,apple,-16401.0,Amazon,16401.0,28.04
1,995,Apple iPhone 15 (128 GB) - Blue,"Apple iPhone 15 (Green, 128 GB)",48499.0,64900.0,4.5,4.6,https://www.amazon.in/Apple-iPhone-15-128-GB/dp/B0CHX2F5QT/ref=sr_1_2?dib=eyJ2IjoiMSJ9.8-aKrERwPzdGyJWfWOa56BDYB1mnBqGBvnzq6l53HItCsQsxbIFLm21v9R_6FmoTBpJ600hwiR0xOHvF_xx6hMwuEFgEDCYS9iGPnysMOr1BWijktkdu3ikYyaKbiI1q6gDckmDjnylxNO7h1uRbVl7x9fl6TPDK1qp0lGKkRE5gA_wftZX3ERHLcmlkaYn3JAuOQvpxTESxFK3S1ePna3mBomQ_OcwMoivmua83h6CZUcigr3iU7jURLZAo9N2uU6GL2oUlta2OjQEkKGjrvkamiEG_33JUxUeZFvBui50.uZI1p62DqPjx-nuhqdw4L2Wnx43Peyq1jL9BkLtfCSk&dib_tag=se&qid=1759735404&s=electronics&sr=1-2&xpid=UZHjCDxPt3DrQ,https://www.flipkart.com/apple-iphone-15-green-128-gb/p/itm235cd318bde73?pid=MOBGTAGPYYWZRUJX&lid=LSTMOBGTAGPYYWZRUJXRK8B5V&marketplace=FLIPKART&q=mobile+phones&store=tyy%2F4io&srno=s_15_341&otracker=search&otracker1=search&fm=Search&iid=2a6d8db9-bd66-4ab7-8a46-565c7e309085.MOBGTAGPYYWZRUJX.SEARCH&ppt=sp&ppn=sp&ssid=wset0fgrps0000001753087933323&qH=a81ad6e72f7a2fd1,,https://rukminim2.flixcart.com/image/312/312/xif0q/mobile/j/z/3/-original-imagtc5fqyz8tu4c.jpeg?q=70,Mobiles,0.4984,apple,-16401.0,Amazon,16401.0,33.82
3993,910,"OPPO Reno14 5G (Pearl White, 12GB RAM, 256GB Storage) with No Cost EMI/Additional Exchange Offers","OPPO Reno14 5G (Pearl White, 256 GB)",39998.0,39999.0,4.3,4.6,https://www.amazon.in/OPPO-Reno14-Storage-Additional-Exchange/dp/B0FCTSQ5XS/ref=sr_1_4257?dib=eyJ2IjoiMSJ9.LuAYyEOClPfoBnNHJVGxcM4b99MuAqEmNizeQ_3UEgDFBZ9HhXrBw-4F5VnDxTFJuW580i1npXxYvvbZtaKnAAhZiiLPaDxSidzxuYXF6MIWdm56huSW95lb9-ush4aSmwcsz66lgCHuGK2VnT3mM591P8hx_i7q3cDdIiPQxl7UY28xhH6Mymp4pTKqlMKMuTOKryMReghSDyOBHPiEXgH1cyKHFef9iU37E1vPqIje14lnPVzrvwEBA7Oq6zuOlY3nXOVhsDyiEtAr71WA5io8cIe_W749lZB5_igroJk.aHx5dJmz7QCQSz5fAyUcVoGEI5Mzq_gnt5PnVP4lUI0&dib_tag=se&qid=1759739584&s=electronics&sr=1-4257&xpid=UZHjCDxPt3DrQ,https://www.flipkart.com/oppo-reno14-5g-pearl-white-256-gb/p/itm4d9e853eee6cf?pid=MOBHDDQ9UFJESUYC&lid=LSTMOBHDDQ9UFJESUYCPLJL1V&marketplace=FLIPKART&q=mobile+phones&store=tyy%2F4io&srno=s_10_229&otracker=search&otracker1=search&fm=Search&iid=10892e57-4fcf-427c-95ef-b718a66c42e5.MOBHDDQ9UFJESUYC.SEARCH&ppt=sp&ppn=sp&ssid=v1qp6688jk0000001753087880600&qH=a81ad6e72f7a2fd1,,https://rukminim2.flixcart.com/image/312/312/xif0q/mobile/a/u/k/-original-imahdzg7pc55yuzy.jpeg?q=70,Mobiles,0.4973,oppo,-1.0,Amazon,1.0,0.0
3835,83,"Portronics Conch Gamma C in Ear Type C Wired Earphones with in Line HD Mic & Magnetic Earbuds, Powerful Audio, 14.2mm Driver, TPE Anti Tangle Wire, in line Controls, Wide Compatibility(Black)","Portronics Conch Gamma C in Ear Type C Wired Earphones,...",299.0,299.0,3.9,3.9,https://www.amazon.in/Portronics-Earphones-Magnetic-Powerful-Compatibility/dp/B0F6XTQ2RW/ref=sr_1_4075?dib=eyJ2IjoiMSJ9.BtLz4i1UJ7RKVaXnnAU1aRCptH2iDhOAttm56NqX6Il1gQgun9dreYdMAny250LSpoypzJWSBPpIU3zJLAY1u0p1ibZu6Rdczn-zyrpB0kkP_z_YbNAX4FzuQhmqZ2Bp9AH94esUaRxXrh4oWpfz8ni9fZr1KIyphK3963OYjvk4s072Oeu5SoORhGPcJkPMBfEAGtKVMTKMPW6ikZQsmx5j9gpdE8NoBRNd7hVo_6f8ermmlJK1Sv1R5HeQSifDfAUFcVmToBbOs0FpznsGoC7zcS0atIbmpOX5FCZ3w50._5I-4glwhvoV1PtwE6TBRBl2YPn2udv44nSvverHrb8&dib_tag=se&qid=1759739366&s=electronics&sr=1-4075&xpid=UZHjCDxPt3DrQ,https://www.flipkart.com/portronics-conch-gamma-c-ear-type-wired-earphones-in-line-hd-mic-magnetic-earbuds/p/itm3f579067a2f78?pid=ACCHBSF3NWQZP5PT&lid=LSTACCHBSF3NWQZP5PTQAWRXJ&marketplace=FLIPKART&q=earphones&store=0pm%2Ffcn%2F821&srno=s_3_113&otracker=search&otracker1=search&fm=Search&iid=fb4f1383-1962-4cbd-825e-0a423a0bdc78.ACCHBSF3NWQZP5PT.SEARCH&ppt=sp&ppn=sp&ssid=glmjuqed6o0000001753106012468&qH=54597ea1f2fc7f2e,,https://rukminim2.flixcart.com/image/612/612/xif0q/headphone/o/r/m/conch-gamma-c-in-ear-type-c-wired-earphones-in-line-hd-mic-original-imahbsf3q6xf2hhy.jpeg?q=70,Earphones,0.496,portronics,0.0,Same Price,0.0,0.0
8740,1214,"Samsung Galaxy S25 Ultra 5G (Titanium Gray, 12GB RAM, 256GB Storage)","Samsung Galaxy S24 Ultra 5G (Titanium Gray, 256 GB)",99400.0,80960.0,3.0,4.6,https://www.amazon.in/Samsung-Galaxy-Ultra-Titanium-Storage/dp/B0FNDK3QDC/ref=sr_1_9444?dib=eyJ2IjoiMSJ9.UwexYtRJoAiq5tpy8ZZkoPMMMVG5PnV8lH6zYEHcurO6CnO9wg9Uslmb7iFOt6I_LEBksJ6D1jxJ1Zv3v6A9Rvp3YqTTOVTFNnvY3kCEY5ntOGguVgra7eHN7oo6s0NMS9qrGIoRXHLQzikhSq4SxfER7EEzOGM-IzxF734IkfVjQWxqQCRqKkARKeVClsC7f6QTKsc39KlvmSm9tOpKPjNztW5w_ubmN13H8pCoBxFga2WZtx3ie2T8yehlp0koMy88YwCs7pGjdgcjJpeSWDO0saTyR0ADvzO2HY5CniY.MoAwBnom7MXAz-D4pnMmnshycs0Gzr_I7QK6Fr1fS_s&dib_tag=se&qid=1759745928&s=electronics&sr=1-9444&xpid=UZHjCDxPt3DrQ,https://www.flipkart.com/samsung-galaxy-s24-ultra-5g-titanium-gray-256-gb/p/itm9ae0e397e0b0d?pid=MOBH3P4UBUYFSDWV&lid=LSTMOBH3P4UBUYFSDWVHQ27EB&marketplace=FLIPKART&q=mobile+phones&store=tyy%2F4io&srno=s_25_586&otracker=search&otracker1=search&fm=Search&iid=c3a61a3e-41ea-4acb-a985-ecb61487797c.MOBH3P4UBUYFSDWV.SEARCH&ppt=sp&ppn=sp&ssid=l4l7ylc4mo0000001753088045003&qH=a81ad6e72f7a2fd1,,https://rukminim2.flixcart.com/image/312/312/xif0q/mobile/5/i/7/-original-imahfu766ybd5h4z.jpeg?q=70,Mobiles,0.4957,samsung,18440.0,Flipkart,18440.0,22.78
7069,985,Zapcase Back Case Cover for Samsung Galaxy S24 FE 5G | Compatible for Samsung Galaxy S24 FE 5G Back Cover | Case Cover with Camera Protection | (TPU + PC | Transparent),"Samsung Galaxy S24 FE 5G (Blue, 128 GB)",254.0,59999.0,4.2,4.5,https://www.amazon.in/Zapcase-Samsung-Compatible-Protection-Transparent/dp/B0DF7FT1PD/ref=sr_1_7618?dib=eyJ2IjoiMSJ9.aLVnZwhb0atnkJSuJ6vxh3JwKcSre5smi3GoH4Dp-AoDu-0V_nfkSBJ-PY9Kdt4kHuH9sj3IxZ-RLk_VA5m0j8zUuVAgSNvrUTLCSWQl9_0NH1jC5jDz47hJFgCdOCfZQPfhOKS9oDr_uFy4ovxqz52XKnIlkwXt-_LtrT9TzmTGbOKLPIDFEx1Rw7a-bh0Yak58WGhgdpyoJmjhrrRTYU30NVTibOvSCLyU_sV5w5rn80TiBcFhr7lbFYq8NUxQA6-pveVpu-GWErKT4d0mhTwKh8ieB8_A8q_C20LJlvo.dLn7soydexYxFw3VO90b23jEOaC9NKrfusu6Wyqcuys&dib_tag=se&qid=1759743675&s=electronics&sr=1-7618&xpid=UZHjCDxPt3DrQ,https://www.flipkart.com/samsung-galaxy-s24-fe-5g-blue-128-gb/p/itme960199e26f23?pid=MOBH4ZG3Z5NCBW2H&lid=LSTMOBH4ZG3Z5NCBW2HWQMO2K&marketplace=FLIPKART&q=mobile+phones&store=tyy%2F4io&srno=s_14_329&otracker=search&otracker1=search&fm=Search&iid=b1620752-ed87-4c97-a7d8-87c89786b83f.MOBH4ZG3Z5NCBW2H.SEARCH&ppt=sp&ppn=sp&ssid=8ghyoks0rk0000001753087922506&qH=a81ad6e72f7a2fd1,,https://rukminim2.flixcart.com/image/312/312/xif0q/mobile/r/s/z/-original-imahcfwmdvbcgdzs.jpeg?q=70,Mobiles,0.4932,samsung,-59745.0,Amazon,59745.0,23521.65
7452,910,"OPPO Reno14 5G (Pearl White, 12GB RAM, 512GB Storage) with No Cost EMI/Additional Exchange Offers","OPPO Reno14 5G (Pearl White, 256 GB)",42999.0,39999.0,4.3,4.6,https://www.amazon.in/OPPO-Reno14-Storage-Additional-Exchange/dp/B0FCTBLML4/ref=sr_1_8044?dib=eyJ2IjoiMSJ9.tvXc0cvLps1V4pdtq1oTuXygDlNsvbMOOiKIuSuOf-40ZTgK3SALNsDagilp38OsVfhszcs6Aku6YdxHNulF-ksn7XMnOzwdZEd0ksPSIjygEWca6E4_cdtlhkZEtl_mVI0zZu-xXq1k84o65feeZIjPlT6H8HKmOI4Lmc7cSgoH5SITmLi0RZSuvE8dBsXAi5ADzaSrt_SZiEYhN_ho9QETt6sdG5Up03OIyv2OBthSUw0q3ZqAwpWFUlLyt8vn-CRhuspghkYXmT7cK0tWgf648sR1H9GOLpc0-GPafSk.SHsi_xuzin-7Mc8pdiMe3bM3LDuJGFtQWlNz2QoDxg4&dib_tag=se&qid=1759744212&s=electronics&sr=1-8044&xpid=UZHjCDxPt3DrQ,https://www.flipkart.com/oppo-reno14-5g-pearl-white-256-gb/p/itm4d9e853eee6cf?pid=MOBHDDQ9UFJESUYC&lid=LSTMOBHDDQ9UFJESUYCPLJL1V&marketplace=FLIPKART&q=mobile+phones&store=tyy%2F4io&srno=s_10_229&otracker=search&otracker1=search&fm=Search&iid=10892e57-4fcf-427c-95ef-b718a66c42e5.MOBHDDQ9UFJESUYC.SEARCH&ppt=sp&ppn=sp&ssid=v1qp6688jk0000001753087880600&qH=a81ad6e72f7a2fd1,,https://rukminim2.flixcart.com/image/312/312/xif0q/mobile/a/u/k/-original-imahdzg7pc55yuzy.jpeg?q=70,Mobiles,0.4909,oppo,3000.0,Flipkart,3000.0,7.5
2450,711,"Motorola G05 4G (Plum Red, 4GB RAM, 64GB Storage)","MOTOROLA g05 (Plum Red, 64 GB)",7377.0,7299.0,4.1,4.2,https://www.amazon.in/Motorola-G05-Plum-64GB-Storage/dp/B0DSTM3NYN/ref=sr_1_2500?dib=eyJ2IjoiMSJ9.WRwpgivMpUbDyPIFpHw_XnXh9OXgvTmHyhkZVkls34zXKbHYpOWJ-iww867HXgZJFnSmU6fFm6K-Y3FcpEjv_CrybG9Vcu9TbN-oWl9zTb8CsJQRUoK5X8myyccDCAtm5B4PbCRgWzJPoVuYH37BIveU3MqHLrsrpdNbTkm9ntMf1ecQuDD7-tS3GjKcpDYFgllatj2O2nzjuKU77J7pl7LlnWYOQFnuaTwgUEw6xKheCY4P4MPj_4jBrS2Nv7o90ztzsLSERis9jtbAZE7uZzx-_nWiCwFbJOLPO2Os_dA.3VYlGy7dzvQlj07u4Oc2jwD0rlhxNXmXMaejQbOVAgs&dib_tag=se&qid=1759737723&s=electronics&sr=1-2500&xpid=UZHjCDxPt3DrQ,https://www.flipkart.com/motorola-g05-plum-red-64-gb/p/itm87af8109384d4?pid=MOBH5F3QKFHEGBFS&lid=LSTMOBH5F3QKFHEGBFSYF5LHW&marketplace=FLIPKART&q=mobile+phones&store=tyy%2F4io&srno=s_1_4&otracker=search&otracker1=search&fm=organic&iid=9db23609-337f-4a77-94c6-9857bded9775.MOBH5F3QKFHEGBFS.SEARCH&ppt=sp&ppn=sp&ssid=d93jfmema80000001753087781253&qH=a81ad6e72f7a2fd1,,https://rukminim2.flixcart.com/image/312/312/xif0q/mobile/d/j/b/-original-imah83ezvx8m7hs6.jpeg?q=70,Mobiles,0.4889,motorola,78.0,Flipkart,78.0,1.07
4290,947,"Samsung Galaxy S24 5G AI Smartphone (Onyx Black, 8GB, 256GB Storage)","Samsung Galaxy S24 5G (Onyx Black, 128 GB)",49495.0,74999.0,4.2,4.6,https://www.amazon.in/Samsung-Galaxy-Smartphone-Black-Storage/dp/B0CS69QQTG/ref=sr_1_4587?dib=eyJ2IjoiMSJ9.kVSicpp8ulxOM8reMx7Ce7DfvQ9aFBbm0oJ7qJLIXU-kJGJlvGFKVm3A54zcsT4Yw5n0u6kKJASwbNrh2clzoo747Z69ymsw9SyuZN7aMg4rRvvmdpoCOJFsChb-68TdwNlS7d-m8kujmGMcj4vhRHGAbFVAZzrrCYoxjJK-caRO9PQdINDTq7ub-rKrLFnvA_PZr6QHhwZgbBt_jxpuhsET4J7cBjBmkDetkccd-_kTh-KnrvWfpyE4K4Y5BetEgveb38E4aDRCo5HEggs_ov3fqJX-ZGqzo7LvFHmdg6g.2UUTjTp0MLk59nb-Nwv1VKzpyhK_G0bnZZIDIzBUWYA&dib_tag=se&qid=1759739921&s=electronics&sr=1-4587&xpid=UZHjCDxPt3DrQ,https://www.flipkart.com/samsung-galaxy-s24-5g-onyx-black-128-gb/p/itmc8add40b88912?pid=MOBHYJ6QFUNQYFDH&lid=LSTMOBHYJ6QFUNQYFDHVZACEH&marketplace=FLIPKART&q=mobile+phones&store=tyy%2F4io&srno=s_12_278&otracker=search&otracker1=search&fm=Search&iid=f7937241-fb59-427d-9eb7-75586bfef788.MOBHYJ6QFUNQYFDH.SEARCH&ppt=sp&ppn=sp&ssid=p65rsa2g0g0000001753087901914&qH=a81ad6e72f7a2fd1,,https://rukminim2.flixcart.com/image/312/312/xif0q/mobile/m/n/9/-original-imahcfwmchscq6fk.jpeg?q=70,Mobiles,0.4869,samsung,-25504.0,Amazon,25504.0,51.53
976,19,"ZEBRONICS Zeb-Bro in Ear Wired Earphones with Mic, 3.5mm Audio Jack, 10mm Drivers, Phone/Tablet Compatible(Blue)","ZEBRONICS ZEB-BRO, With In-Line MiC, 3.5mm Jack, 10mm d...",99.0,159.0,3.5,3.7,https://www.amazon.in/ZEBRONICS-Zeb-Bro-Earphones-Drivers-Compatible/dp/B09R24HMNW/ref=sr_1_984?dib=eyJ2IjoiMSJ9.jnQMhZBPAf6p3BpgjQ6DHyWAcV2HG-JA93C_8E639oiud_yZ9v0p3S8G_4YpJOzAq6rYKP00En1IgGdOrNR0Yd9S8fONizgnCM8jHj1fQKXjhaH2MLglRIoojmu04EmkofzSjG_w-NeKp8Xlt3rzICXl1YkzvNY9vLkbR87c0m4Wqp2AR_Dk-6KXKwaEkFAH2ntItLuod9d3zyg2aHn0U_VLDIduN-8b3lN6m12rY7YQDSckJ3nihmHA-QB8N36q-q9j-dHAQWrKUp3lee76pjU-2C5OMHXynZTwNoRyhbU.4jPNp2wGCVeImUMvPoVs4FFb4qPJSDDJIeh4XbD4Wyg&dib_tag=se&qid=1759736179&s=electronics&sr=1-984&xpid=UZHjCDxPt3DrQ,https://www.flipkart.com/zebronics-zeb-bro-in-line-mic-3-5mm-jack-10mm-drivers-compatible-phone-tablet-wired/p/itm8b078070391e2?pid=ACCGG6NAUNJKDPYG&lid=LSTACCGG6NAUNJKDPYGRNBWR5&marketplace=FLIPKART&q=earphones&store=0pm%2Ffcn%2F821&srno=s_1_20&otracker=search&otracker1=search&fm=Search&iid=d8eda83d-c160-45b0-9bae-1ca6cdba734a.ACCGG6NAUNJKDPYG.SEARCH&ppt=sp&ppn=sp&ssid=0fz6yk2yc00000001753105988574&qH=54597ea1f2fc7f2e,,https://rukminim2.flixcart.com/image/612/612/xif0q/headphone/x/f/r/-original-imahfpmehbsghzyj.jpeg?q=70,Earphones,0.4841,,-60.0,Amazon,60.0,60.61
4275,71,"Portronics Conch Sigma C in Ear Type C Wired Earphones with in Line HD Mic, Powerful Audio, 14.2mm Driver, Unique Earbuds Design, Metal Alloy Material, in line Controls, Wide Compatibility(White)","Portronics Conch Sigma C in Ear Type C Wired Earphones,...",329.0,299.0,3.9,4.0,https://www.amazon.in/Portronics-Earphones-Powerful-Material-Compatibility/dp/B0DW4B3SR9/ref=sr_1_4572?dib=eyJ2IjoiMSJ9.4UozP9p4zjaxOlJDfb5c0-tK62iLyH9_LLXb48rMg2hgsr8WrWFiEIcfl-xFVwcprrGxbvHvrf62bbe6FTCB0rPx04hWXcFh42UqizsmG8_AFIkPJ5SMXBbJOapNf1vB0pe17XHnQOtHYyhdFUFni7hwxsfL47Ym6Pz7UHTHEEXBC6hLd-66peffj0gjYCCMhPEfUIulPqNV2iQy3NAnn_dFBXnP2lkcVM-zzZ14rt-jf2Z1U7OAcP795NiDNKXTrwk2rZp_h4KPx_xR4CC5xELasmoX29RxBGoRwQ2sxq0.L9qC7SCGDUHfdVQEWYgIsxIn6Unvaur1EufhtiWpvzU&dib_tag=se&qid=1759739899&s=electronics&sr=1-4572&xpid=UZHjCDxPt3DrQ,https://www.flipkart.com/portronics-conch-sigma-c-ear-type-wired-earphones-in-line-hd-mic-14-2mm-driver/p/itm36befdeb13c5d?pid=ACCH9A2VM9VQ4D4N&lid=LSTACCH9A2VM9VQ4D4NLJGI0A&marketplace=FLIPKART&q=earphones&store=0pm%2Ffcn%2F821&srno=s_3_100&otracker=search&otracker1=search&fm=Search&iid=fb4f1383-1962-4cbd-825e-0a423a0bdc78.ACCH9A2VM9VQ4D4N.SEARCH&ppt=sp&ppn=sp&ssid=glmjuqed6o0000001753106012468&qH=54597ea1f2fc7f2e,,https://rukminim2.flixcart.com/image/612/612/xif0q/headphone/x/g/1/conch-sigma-c-in-ear-type-c-wired-earphones-in-line-hd-mic-14-original-imah9c4b2hzy6fpn.jpeg?q=70,Earphones,0.4802,portronics,30.0,Flipkart,30.0,10.03
2562,146,"Portronics Harmonics Twins S16 in Ear Wireless TWS Earbuds with 24 Hrs Playtime, Clear Calls, Game & Music Mode, Low Latency, Bluetooth 5.3v, LED Display, Type C Fast Charging(Black)","Portronics Harmonics Twins S16 in Ear Earbuds With Mic,...",599.0,599.0,3.9,3.9,https://www.amazon.in/Portronics-Harmonics-Wireless-Playtime-Bluetooth/dp/B0CTTT4SBP/ref=sr_1_2618?dib=eyJ2IjoiMSJ9.L6UYFbR2Si3msrAiQ_DRSI8ZFMd3RhXElyelMEJuCzR6qnjDho0drlaW9imGRxW09emtD7qqybm7CmAN295B5qQRzUffwcMwiOf042l9s2O-N506MrsT3bzX4PNmqZxS1HW7js-bi1bfp-dQZcgzNrVl4bkxeSZEbIwWb2XOwR6ceYtgucqItokWKv6FtzyUq2_td8-JDb3PshNV7Xf7SB0fukD0hM2Wbhtm5__L_DUWQ-OBylUX38U-BZ1T5KOqZLKUClRGySoxF70GWEInkbXc0XM6pUd8EFALNQskaY8.JBfgRQXWHy0dkfmZD7D1jTc9cEDzi14qC6OnHbpieVM&dib_tag=se&qid=1759737855&s=electronics&sr=1-2618&xpid=UZHjCDxPt3DrQ,https://www.flipkart.com/portronics-harmonics-twins-s16-ear-earbuds-mic-24h-playtime-gamemode-clear-calls-bluetooth/p/itmc894fe1485b3c?pid=ACCGXX4QTVCWXNHD&lid=LSTACCGXX4QTVCWXNHDD0TZDJ&marketplace=FLIPKART&q=earphones&store=0pm%2Ffcn%2F821&srno=s_7_280&otracker=search&otracker1=search&fm=Search&iid=ff6e106a-31f9-47c9-93a8-8c4bb3c1d33e.ACCGXX4QTVCWXNHD.SEARCH&ppt=sp&ppn=sp&ssid=o8owbo6xpc0000001753106144991&qH=54597ea1f2fc7f2e,,https://rukminim2.flixcart.com/image/612/612/xif0q/shopsy-headphone/h/v/b/bluetooth-yes-harmonics-twins-s16-in-ear-earbuds-with-mic-24h-original-imahf4tk57zxstfd.jpeg?q=70,Earphones,0.4799,portronics,0.0,Same Price,0.0,0.0
6444,1181,Zapcase Back Case Cover for Samsung Galaxy A16 5G | Compatible for Samsung Galaxy A16 5G Back Cover | Scratch-Resistant Back Cover | Clear,"Samsung Galaxy A16 5G (Gold, 128 GB)",244.0,15498.0,4.3,4.1,https://www.amazon.in/Zapcase-Samsung-Compatible-MagSafe-Scratch-Resistant/dp/B0DLKVP5FX/ref=sr_1_6912?dib=eyJ2IjoiMSJ9.XSPlq9BsBLWtOP62IhZH83fi6jOsu6AJPSEEPTOptMx_lw3yjPa_Ds15ZR4NAobWTDRrbjSs_sLFnv62ALHm__izoo0bc2ezCKej7owXCNL8Oic6RNTmv-jFBviW96J94Meiixv_Wao3FZkXaQA6kN-qpvEMy1hTQPq63Ni0f9EhW3dcFL1vSeRRGImOtbO9BS2DEk6Hdod0CN2oURYvF15ebYXf29q7vE0ChvvOaH9Am9QJlOU7pXR2w9P_xsvMjKTN7d3NuKk4WLNCw4XXW-UC8TuLYdxPECMySMX2wVM.mpwCXUiW-0-TTI3bw8VtrUxCfT-YD3RR7oDJeza18a0&dib_tag=se&qid=1759742784&s=electronics&sr=1-6912&xpid=UZHjCDxPt3DrQ,https://www.flipkart.com/samsung-galaxy-a16-5g-gold-128-gb/p/itmeb17f7d0c6917?pid=MOBH5JJ4JSXZUA2M&lid=LSTMOBH5JJ4JSXZUA2MA36GWM&marketplace=FLIPKART&q=mobile+phones&store=tyy%2F4io&srno=s_24_553&otracker=search&otracker1=search&fm=Search&iid=7c282218-56cb-4791-b6a9-28749e105f16.MOBH5JJ4JSXZUA2M.SEARCH&ppt=sp&ppn=sp&ssid=vjk90mjakw0000001753088033951&qH=a81ad6e72f7a2fd1,,https://rukminim2.flixcart.com/image/312/312/xif0q/mobile/a/x/t/-original-imahcshuffnqzj7z.jpeg?q=70,Mobiles,0.4795,samsung,-15254.0,Amazon,15254.0,6251.64
7268,985,amazon basics Back Case Cover for Samsung Galaxy S24 FE 5G | Compatible for Samsung Galaxy S24 FE 5G Back Case Cover | Case Cover with Camera Protection | (TPU + PC | Transparent),"Samsung Galaxy S24 FE 5G (Blue, 128 GB)",209.0,59999.0,4.0,4.5,https://www.amazon.in/amazon-basics-Compatible-Protection-Transparent/dp/B0DG2JJBR1/ref=sr_1_7848?dib=eyJ2IjoiMSJ9.A4QE1UfPFLdpAPesO3OpNituT-vGB2dG0Gfih7VGPZ0LX9a78i6FRKaF9DVHi4vTf6bA5A_nA0z2fCSeq7VQfBSYHEvNzkY64qP6dKR-rSuoR02w6UeTqL-7BXa7z16lOEgHtG8DtDluC72RO4G7NUBEQeNWh4hFirfnmkbFXI35-9jbiYzVT6jMpiIr7z3YHXjP6FytWoPowjB2UAIsWnigdsI1VC6N7PLJVWg-yM7sF5ZvQxbXv_DGS7mpvIgPrCEUWZd1r10z9QHXzSIyojZ2iPe-qLJAcitlaQpanpE.aVn0US5ZPQxT8y3wJiIRtHxtAC4ICE3cPmDYvMXFeH4&dib_tag=se&qid=1759743944&s=electronics&sr=1-7848&xpid=UZHjCDxPt3DrQ,https://www.flipkart.com/samsung-galaxy-s24-fe-5g-blue-128-gb/p/itme960199e26f23?pid=MOBH4ZG3Z5NCBW2H&lid=LSTMOBH4ZG3Z5NCBW2HWQMO2K&marketplace=FLIPKART&q=mobile+phones&store=tyy%2F4io&srno=s_14_329&otracker=search&otracker1=search&fm=Search&iid=b1620752-ed87-4c97-a7d8-87c89786b83f.MOBH4ZG3Z5NCBW2H.SEARCH&ppt=sp&ppn=sp&ssid=8ghyoks0rk0000001753087922506&qH=a81ad6e72f7a2fd1,,https://rukminim2.flixcart.com/image/312/312/xif0q/mobile/r/s/z/-original-imahcfwmdvbcgdzs.jpeg?q=70,Mobiles,0.4788,samsung,-59790.0,Amazon,59790.0,28607.66
1419,995,Apple iPhone 15 (128 GB) - Yellow,"Apple iPhone 15 (Green, 128 GB)",48499.0,64900.0,4.5,4.6,https://www.amazon.in/Apple-iPhone-15-128-GB/dp/B0CHX7NG26/ref=sr_1_1438?dib=eyJ2IjoiMSJ9.lUivz-3a8WlTbMV1Buji7Telyi1l8eK3QtnSpxaNbXVsZUhfD-dgW2iVr-AoList1MykNgSOrh2ZvTJ5u66OJOGlV21TZ6TLDUinBVzLOvEmuYXxvDbfu9kF_21zcWxODq-VpNTbZeB9D4_b3kZKoOdOB86_IQa15feYE6w-FM-MyEdZHFbyCN4xP8agwYgqKeQ3bIISZR97CU-eL5ZjBTUQI_N4kja9_A5oBL-Z-7WN9GfolLCpnQjfM5g5BR1mE7315BD2Syd8OheF6K6DvftD37z2HzCVGztC8raTMDU.Elik3W1QXhbm0gqW2TmZR9zxxIjPb8ZS3MYGA6w-0Fo&dib_tag=se&qid=1759736582&s=electronics&sr=1-1438&xpid=UZHjCDxPt3DrQ,https://www.flipkart.com/apple-iphone-15-green-128-gb/p/itm235cd318bde73?pid=MOBGTAGPYYWZRUJX&lid=LSTMOBGTAGPYYWZRUJXRK8B5V&marketplace=FLIPKART&q=mobile+phones&store=tyy%2F4io&srno=s_15_341&otracker=search&otracker1=search&fm=Search&iid=2a6d8db9-bd66-4ab7-8a46-565c7e309085.MOBGTAGPYYWZRUJX.SEARCH&ppt=sp&ppn=sp&ssid=wset0fgrps0000001753087933323&qH=a81ad6e72f7a2fd1,,https://rukminim2.flixcart.com/image/312/312/xif0q/mobile/j/z/3/-original-imagtc5fqyz8tu4c.jpeg?q=70,Mobiles,0.4785,apple,-16401.0,Amazon,16401.0,33.82
2057,1021,"Nothing Phone (3a) Pro 5G (Grey, 8GB RAM, 256GB Storage)","Nothing Phone (3a) Pro (Grey, 256 GB)",27999.0,31999.0,4.2,4.5,https://www.amazon.in/Nothing-Phone-Grey-256GB-Storage/dp/B0DZTNVLX6/ref=sr_1_2094?dib=eyJ2IjoiMSJ9.2vjVL31dS87yaaapCqVsPjxzB0pzAOOa_2_emPcjbzZ2V5_Cyyg7rSg_TjNnsZ6MQTmQpSsN83yWOnZZH_77fgdSx3yjuWQCP6Yy63osrHbBVisumkKk15L7mGyOvK4NCssZ4B8vh5kdqApSyo-_fgiBkxF-j4YqFtcGxTkh5EDNcWSxDfu527_UJJ4hW62CDCeXccZ-WCaajW1qCM2XWDEqWY_b4VVL30PuxND07jzMhLGdvEns3-4u_HCejwVJmmIHllFlps4e51SYQL8NiZImUXfz8yk_Mk5B01ZCbg8.fhCVRW0jlwMTcJlbo9ITIoWoml3mYM1xfjMcrhE3fTw&dib_tag=se&qid=1759737297&s=electronics&sr=1-2094&xpid=UZHjCDxPt3DrQ,https://www.flipkart.com/nothing-phone-3a-pro-grey-256-gb/p/itm04daaef6652d4?pid=MOBH8G3P3RMQPHRZ&lid=LSTMOBH8G3P3RMQPHRZVSZKBK&marketplace=FLIPKART&q=mobile+phones&store=tyy%2F4io&srno=s_16_372&otracker=search&otracker1=search&fm=Search&iid=063ca73b-034f-49ce-abbd-42b43c4da71d.MOBH8G3P3RMQPHRZ.SEARCH&ppt=sp&ppn=sp&ssid=j3ipelsou80000001753087943915&qH=a81ad6e72f7a2fd1,,https://rukminim2.flixcart.com/image/312/312/xif0q/mobile/c/u/k/-original-imahcfcfbwzmrecy.jpeg?q=70,Mobiles,0.476,nothing,-4000.0,Amazon,4000.0,14.29
6808,985,Zapcase Back Case Cover for Samsung Galaxy S24 FE 5G | Compatible for Samsung Galaxy S24 FE 5G Back Cover | Case Cover with Camera Protection | (TPU + PC | Translucent Black),"Samsung Galaxy S24 FE 5G (Blue, 128 GB)",254.0,59999.0,4.2,4.5,https://www.amazon.in/Zapcase-Samsung-Compatible-Protection-Translucent/dp/B0DF7B2CHT/ref=sr_1_7306?dib=eyJ2IjoiMSJ9.PlFjm1JEZ7hLvjcARIKE8gqBjuGjRs6dr9dc9Nfb283gk-MiUo_NGAsyT0V3LF25D5XyB005bmfQ3SLG1d_HqmLS_egm5V2Gy-4yhDB8Aojh66nc_ICB6we40y3b3XP678IZbpzIhJ1RiTExPKyj42tJKzkH6cdGRj0BoMfR4guYgRQWsgkcQcA2DkkFr_EvVr0xljjEq1C9-ZzcDEj5s8KrfC3ltBzrui-BE7zOfbfo5_m_ijgb2qBlO9IeAy5kENUs9eNQbkWrQTtigxsOBraLRb2CZl5xn6cxCcZ3WQM.V2Zv3yTZHqUGZ8Rh0CzMVa7Gc1BLzTNZxX4vRwd_nnQ&dib_tag=se&qid=1759743296&s=electronics&sr=1-7306&xpid=UZHjCDxPt3DrQ,https://www.flipkart.com/samsung-galaxy-s24-fe-5g-blue-128-gb/p/itme960199e26f23?pid=MOBH4ZG3Z5NCBW2H&lid=LSTMOBH4ZG3Z5NCBW2HWQMO2K&marketplace=FLIPKART&q=mobile+phones&store=tyy%2F4io&srno=s_14_329&otracker=search&otracker1=search&fm=Search&iid=b1620752-ed87-4c97-a7d8-87c89786b83f.MOBH4ZG3Z5NCBW2H.SEARCH&ppt=sp&ppn=sp&ssid=8ghyoks0rk0000001753087922506&qH=a81ad6e72f7a2fd1,,https://rukminim2.flixcart.com/image/312/312/xif0q/mobile/r/s/z/-original-imahcfwmdvbcgdzs.jpeg?q=70,Mobiles,0.4755,samsung,-59745.0,Amazon,59745.0,23521.65
9144,107,"Portronics Harmonics Twins S3 Smart TWS Bluetooth 5.2 Earbuds with 20 Hrs Playtime, 8mm Drivers, Type C Charging, IPX4 Water Resistant, Low Latency, Lightweight Design(White)","Portronics Harmonics Twins S3 Smart TWS Earbuds,20 Hour...",629.0,699.0,3.9,4.0,https://www.amazon.in/Portronics-Harmonics-Bluetooth-Playtime-Lightweight/dp/B0BC3NYGGM/ref=sr_1_21065?dib=eyJ2IjoiMSJ9.BULv0J7AHHOAQFi7nBjpTx2jMPaImJDydlTQyHXBZLkloMTQ8ZP9TZeI-FAKjyS3du3M4fbdruSF8cwDX_roRBdxWikuvKp8YHAn10hPyYOsmJaamy7cKKj35r5d-7w1GjEIsbhRuHz4YZJV5UJensRjRJ_Avgmi1y02NhZ0_uBqxbyy7E7eaT0S0qJSY4H8VimlmJiilTOqq0_NVjXoMDwMCNpt3YE7WQ4mQELiBA1LwJ_qO-_AHcnHgoHqQoIOxJGY2lNfFYo89q91UVNPBDe5RD2L6cnGWl40YRhPDik.3ZvVb6feg22AcPS4NNCVT_9TuCDpmF8unu_Xe4KnzUY&dib_tag=se&qid=1759760352&s=electronics&sr=1-21065&xpid=UZHjCDxPt3DrQ,https://www.flipkart.com/portronics-harmonics-twins-s3-smart-tws-earbuds-20-hours-playtime-booming-bass-bluetooth/p/itm6251eac2ef48f?pid=ACCGHYF4NZYNGMB5&lid=LSTACCGHYF4NZYNGMB5UK9BXG&marketplace=FLIPKART&q=earphones&store=0pm%2Ffcn%2F821&srno=s_5_163&otracker=search&otracker1=search&fm=Search&iid=4c1a6ec1-d5c8-46fa-8a4d-adad5b8aeae2.ACCGHYF4NZYNGMB5.SEARCH&ppt=sp&ppn=sp&ssid=8s85a15s5c0000001753106078787&qH=54597ea1f2fc7f2e,,https://rukminim2.flixcart.com/image/612/612/xif0q/headphone/w/a/h/harmonics-twins-s3-portronics-original-imagnyqyr67eqzyw.jpeg?q=70,Earphones,0.4704,portronics,-70.0,Amazon,70.0,11.13
4521,1503,Zapcase Back Case Cover for Samsung Galaxy A36 5G | Compatible for Samsung Galaxy A36 5G Back Cover | Scratch-Resistant Back Cover | Clear,"Samsung Galaxy A36 5G (Awesome Black, 128 GB)",244.0,30999.0,4.3,4.3,https://www.amazon.in/Zapcase-Samsung-Galaxy-Compatible-Scratch-Resistant/dp/B0DQTKSKJD/ref=sr_1_4836?dib=eyJ2IjoiMSJ9.e-ttjGPikDITaVTIw_bKEnGpBJH0_yBcEmowmNmowSxGNwy1gpxR0jei8ZHMuXv_wrdnC-hWyQ54hmDYauzetRfsic4-tMypbZ6phMkY_oqvrLXWGyjt_aRGPF78ti8GVjhT0PBZyOvLwHmmiMQhsWhDtgFraQwJfYpFmLWboQ0iIhPPiCxdImpJH1Zo0nSk341C1VFUo9EvTjGsj0SuQXv7BsHHH322WJVbS6qW5_jf5kYh7J97Qy-KtO5NfxwfFhGYNh1pZZOAjde8rjPj8iL-BvXvlR88BaMiwmGQnAg.tIZJBvKiW3_NxUfCNvQvrYlpmjXyr3WWLDtdlaMHQUg&dib_tag=se&qid=1759740197&s=electronics&sr=1-4836&xpid=UZHjCDxPt3DrQ,https://www.flipkart.com/samsung-galaxy-a36-5g-awesome-black-128-gb/p/itmcf7765e46c231?pid=MOBH9RNG8NGYKDEQ&lid=LSTMOBH9RNG8NGYKDEQR9EVAJ&marketplace=FLIPKART&q=mobile+phones&store=tyy%2F4io&srno=s_38_891&otracker=search&otracker1=search&fm=Search&iid=d11d793d-1b32-419f-a92b-850ad8de1222.MOBH9RNG8NGYKDEQ.SEARCH&ppt=sp&ppn=sp&ssid=t6vdtqbrj40000001753088284086&qH=a81ad6e72f7a2fd1,,https://rukminim2.flixcart.com/image/312/312/xif0q/mobile/c/c/s/-original-imahb3hpedvsngwy.jpeg?q=70,Mobiles,0.47,samsung,-30755.0,Amazon,30755.0,12604.51
6293,1503,"Spigen Liquid Air for Samsung Galaxy A36 5G Case, Galaxy A36 5G Back Cover (2025) - TPU｜Matte Black","Samsung Galaxy A36 5G (Awesome Black, 128 GB)",899.0,30999.0,4.5,4.3,https://www.amazon.in/Spigen-Liquid-Samsung-Galaxy-Cover/dp/B0DM4K773G/ref=sr_1_6755?dib=eyJ2IjoiMSJ9.J0rfmXreWWWM79bQe9fmHx-h062wJBZMTr5WHIUzZKv-ikOJMnP3vss8p4sig9n2tFldg29XWP9rwJEZofffnN5ujETw4eU2vdJwUVYG-Qxs_MrI5QtbxNXPF-gJs6y7w8jDdqNSh4sE42ExP6oB6OKubT0FEe7fSGJktk194MAqCOiuss1L6K5wkO6S9ysKebYSAs_zh2jjwb3s15OkqV1bU10H5A0BcTE3XcVcJOzWTCxExsS1oxyGoL4FtWcNvpkL5MxK2M8fzWEkPCuxaUs23yDZReCvd2VSPo86q20.bk9OZAFbfK1EBpgAzNyIA715_y3T8StzGAq1PywIEuk&dib_tag=se&qid=1759742601&s=electronics&sr=1-6755&xpid=UZHjCDxPt3DrQ,https://www.flipkart.com/samsung-galaxy-a36-5g-awesome-black-128-gb/p/itmcf7765e46c231?pid=MOBH9RNG8NGYKDEQ&lid=LSTMOBH9RNG8NGYKDEQR9EVAJ&marketplace=FLIPKART&q=mobile+phones&store=tyy%2F4io&srno=s_38_891&otracker=search&otracker1=search&fm=Search&iid=d11d793d-1b32-419f-a92b-850ad8de1222.MOBH9RNG8NGYKDEQ.SEARCH&ppt=sp&ppn=sp&ssid=t6vdtqbrj40000001753088284086&qH=a81ad6e72f7a2fd1,,https://rukminim2.flixcart.com/image/312/312/xif0q/mobile/c/c/s/-original-imahb3hpedvsngwy.jpeg?q=70,Mobiles,0.4682,samsung,-30100.0,Amazon,30100.0,3348.16
5373,1125,"Motorola g64 5G (Pearl Blue, 256 GB) (12 GB RAM)","Motorola g64 5G (Mint Green, 256 GB)",16332.0,15999.0,4.1,4.2,https://www.amazon.in/Motorola-g64-Pearl-Blue-256/dp/B0D361JDYX/ref=sr_1_5769?dib=eyJ2IjoiMSJ9.Ed99GazXji8-rlGtM8nbioUDm3hofMv2zdDwMZQIfRJYcWMYQZs7yF_HX_7xqL_zGIEzohE8IsgyADvGTPHSTviA75lK7eMh-TS44JJv1xnmHk2STAqGHuCrtvGGHQhIzuVXxPv_TsidN71Id0zkt0B0OuS5A4daFJzh0QGylocP16QsItT4xAp1ugC3G96SDCz9b7gP7nrdP14ZKqEPQPaB19F_U_XFCqn1ujROxjNT1dZK3KFGRsM8lbJ2fKpMuLeOS8j5-1cLU_zPRXGof7VaL9hOmvSP38lXYiy9Gk8.U0e712bu2OZY0pu0-uI2b73zS815mlKwWHVU7TMDnN8&dib_tag=se&qid=1759741376&s=electronics&sr=1-5769&xpid=UZHjCDxPt3DrQ,https://www.flipkart.com/motorola-g64-5g-mint-green-256-gb/p/itm03d965c2f47ac?pid=MOBGY2JUPSSWCZEJ&lid=LSTMOBGY2JUPSSWCZEJGIY3BS&marketplace=FLIPKART&q=mobile+phones&store=tyy%2F4io&srno=s_21_492&otracker=search&otracker1=search&fm=Search&iid=1d0c5df2-b81a-4c57-875f-cae9f11dc60f.MOBGY2JUPSSWCZEJ.SEARCH&ppt=sp&ppn=sp&ssid=njz74we9fk0000001753088003759&qH=a81ad6e72f7a2fd1,,https://rukminim2.flixcart.com/image/312/312/xif0q/mobile/n/b/s/g64-5g-pb2e0005in-motorola-original-imagzzd5zagkg9gu.jpeg?q=70,Mobiles,0.4672,motorola,333.0,Flipkart,333.0,2.08
3668,797,POCO C75 5G Aqua Bliss|4GB RAM 128GB ROM|6.88 inch HD+ Display|50MP Camera|5160 mAh Battery,"POCO C75 5G (Aqua Bliss, 128 GB)",8079.0,8499.0,4.0,4.3,https://www.amazon.in/POCO-Bliss-Display-Camera-Battery/dp/B0F8TQ1PLK/ref=sr_1_3899?dib=eyJ2IjoiMSJ9.kEWDP6EHqi4_in6jz-5PUSPUDqvFgmHP8U47RniTpzf2Uyv-BBkyac6DpUjRWA2Zobpp9eZ9t866p6AaqUoSB6tUtAFlB5pzwph7HKbUowJC7rph36Q2d6YI4E0GTWnt6SInGnhO-yHnMNkAcV7HdS4m-J_Thwu3oHZ6vR6517MzgmbH3BeRyKnsC82ymQ67ZzcKAilROMnNnay9b2kCnfIXoFZFAvcYVAPrenk-595KkE6QlMR9rnANn4xn9aA-3fBxc7eTR2_0KEDXVa2uZt6-NqhS_g8ZkqhgxfPTzY4.cjgAfi5lbW1_HRG9qsoO-Gc3E2mR49bfN9rDi3i5yCI&dib_tag=se&qid=1759739188&s=electronics&sr=1-3899&xpid=UZHjCDxPt3DrQ,https://www.flipkart.com/poco-c75-5g-aqua-bliss-128-gb/p/itmc8ac71aacc115?pid=MOBHBC3WFGTCNDD7&lid=LSTMOBHBC3WFGTCNDD7MLABCF&marketplace=FLIPKART&q=mobile+phones&store=tyy%2F4io&srno=s_4_91&otracker=search&otracker1=search&fm=Search&iid=4bdf492a-549d-4735-91d3-2d10536e45ed.MOBHBC3WFGTCNDD7.SEARCH&ppt=sp&ppn=sp&ssid=scs8nge6b40000001753087817678&qH=a81ad6e72f7a2fd1,,https://rukminim2.flixcart.com/image/312/312/xif0q/mobile/o/2/g/-original-imahbr2cz5apcwze.jpeg?q=70,Mobiles,0.4671,poco,-420.0,Amazon,420.0,5.2
4910,1021,"Nothing Phone (3a) Pro 5G (Grey, 12GB RAM + 256GB Storage)","Nothing Phone (3a) Pro (Grey, 256 GB)",32500.0,31999.0,4.5,4.5,https://www.amazon.in/Nothing-Phone-Grey-256GB-Storage/dp/B0DZTQ1XH1/ref=sr_1_5262?dib=eyJ2IjoiMSJ9.oWqxrcJddMinCKOGQ-HL8uRLFZrdQ3fniqXIQHkY7miOH7lIrRuu9XQTEC4CGZGBKFXdYvChwhFLMsXbxI0Sv8WnRpe9WAzqcky-Nv5sTAwYM0cK1WMncse-bliIfcWE36O9NUvEt6lWT8icXYCA6ISA3RpOiUX-28nNFCqQebcx1imDB-IMqLkqxk4GxaTj3ipxzum_PBpO7Oh5tt5hpRvZsQ1akZrdq-VyxFUuPy8CrUKElqfFBIaEmdhQC6nz9W_v54McCwOqX3a47iY3IAs7MJCzaIrdHUff9-h7gYA.zkKdDLAltJVirBZyw5ItWQAMv79i8XX8AytDIloZFwc&dib_tag=se&qid=1759740747&s=electronics&sr=1-5262&xpid=UZHjCDxPt3DrQ,https://www.flipkart.com/nothing-phone-3a-pro-grey-256-gb/p/itm04daaef6652d4?pid=MOBH8G3P3RMQPHRZ&lid=LSTMOBH8G3P3RMQPHRZVSZKBK&marketplace=FLIPKART&q=mobile+phones&store=tyy%2F4io&srno=s_16_372&otracker=search&otracker1=search&fm=Search&iid=063ca73b-034f-49ce-abbd-42b43c4da71d.MOBH8G3P3RMQPHRZ.SEARCH&ppt=sp&ppn=sp&ssid=j3ipelsou80000001753087943915&qH=a81ad6e72f7a2fd1,,https://rukminim2.flixcart.com/image/312/312/xif0q/mobile/c/u/k/-original-imahcfcfbwzmrecy.jpeg?q=70,Mobiles,0.463,nothing,501.0,Flipkart,501.0,1.57
5686,985,amazon basics Back Case Cover for Samsung Galaxy S24 FE 5G | Compatible for Samsung Galaxy S24 FE 5G Back Case Cover | Case Cover with Camera Protection | (TPU + PC | Translucent Black),"Samsung Galaxy S24 FE 5G (Blue, 128 GB)",209.0,59999.0,4.2,4.5,https://www.amazon.in/amazon-basics-Compatible-Protection-Translucent/dp/B0DG2M475C/ref=sr_1_6116?dib=eyJ2IjoiMSJ9.hGwGwvVvYxKCURgsYbklc_QyC-7vTj4dAIB_MK1haHP2GQN79JEum8710cuGBPIn-ShWMOKAPI74_bKIBBGC71YsUh7NIKZRlddWaWHEx6uBrQaexCxoz4PWoU5DB_-5g-BCr3MUTpKIHeHFOlvZLxXOEQzYUGYyJwcbU91h6zFKqFlwWaBpGet0HCZ6avaBwPMRq_5t8z7D5I-dtd8naun9TnqK4KTdEacrcY9bLVcayZ18saa-t9H1WERxEkFtVd9TjiK_mjjBKTNzUr9gpTTrCEv1yzQRICy6DlpMZR4.w386la1ParC7zjhca0pK2JSqOZyEXIMxr-Yz6ZFO1TQ&dib_tag=se&qid=1759741800&s=electronics&sr=1-6116&xpid=UZHjCDxPt3DrQ,https://www.flipkart.com/samsung-galaxy-s24-fe-5g-blue-128-gb/p/itme960199e26f23?pid=MOBH4ZG3Z5NCBW2H&lid=LSTMOBH4ZG3Z5NCBW2HWQMO2K&marketplace=FLIPKART&q=mobile+phones&store=tyy%2F4io&srno=s_14_329&otracker=search&otracker1=search&fm=Search&iid=b1620752-ed87-4c97-a7d8-87c89786b83f.MOBH4ZG3Z5NCBW2H.SEARCH&ppt=sp&ppn=sp&ssid=8ghyoks0rk0000001753087922506&qH=a81ad6e72f7a2fd1,,https://rukminim2.flixcart.com/image/312/312/xif0q/mobile/r/s/z/-original-imahcfwmdvbcgdzs.jpeg?q=70,Mobiles,0.4625,samsung,-59790.0,Amazon,59790.0,28607.66
1308,715,"Motorola G05 4G (Forest Green, 4GB RAM, 64GB Storage)","MOTOROLA g05 (Forest Green, 64 GB)",7396.0,7299.0,4.0,4.2,https://www.amazon.in/Motorola-Forest-Green-64GB-Storage/dp/B0DSTLPR3C/ref=sr_1_1324?dib=eyJ2IjoiMSJ9.M6xbPDuhlbgxBRVD6Uvc6lEYaljlQgkqWzf0bNArOT2-lFZmS0AL_WHzHNstxs45mXkf73LC_WEJyWNvbCHwPJrccmPm-blXytZM09boNumkx6vP-U8ARG25zYEeGdKk5siJ6_bXSl5HItfhyxBovea0JJ2x3Uqd1_TD0Va6k2ECpozKmw3WmQDz4btpuditCaet6Kk8RxOpT2HgGs3sW_pAulzKGPoLWxd3MKnDkoUDHrxGT2OBUztdR3I61DtO9Vhdx5p0gUCdbCBZ4pHuYdxEaYFQBUXunIOcCHzedsU.BzMH_zb2JMXYgGMEVDJvhbGAQqOhR1LVwU3A9RGwJhI&dib_tag=se&qid=1759736489&s=electronics&sr=1-1324&xpid=UZHjCDxPt3DrQ,https://www.flipkart.com/motorola-g05-forest-green-64-gb/p/itme5ed06a5943b9?pid=MOBH5F3Q2SGMAFHR&lid=LSTMOBH5F3Q2SGMAFHR6YHZS0&marketplace=FLIPKART&q=mobile+phones&store=tyy%2F4io&srno=s_1_8&otracker=search&otracker1=search&fm=organic&iid=9db23609-337f-4a77-94c6-9857bded9775.MOBH5F3Q2SGMAFHR.SEARCH&ppt=sp&ppn=sp&ssid=d93jfmema80000001753087781253&qH=a81ad6e72f7a2fd1,,https://rukminim2.flixcart.com/image/312/312/xif0q/mobile/j/a/b/-original-imah83eztbdcsknu.jpeg?q=70,Mobiles,0.4608,motorola,97.0,Flipkart,97.0,1.33
6594,985,Zapcase Back Case Cover for Samsung Galaxy S24 FE 5G | Compatible for Samsung Galaxy S24 FE 5G Back Cover | Liquid Silicon Magic Case with Camera Protection | Black,"Samsung Galaxy S24 FE 5G (Blue, 128 GB)",259.0,59999.0,4.2,4.5,https://www.amazon.in/Zapcase-Samsung-Compatible-Silicon-Protection/dp/B0DJBLFNYF/ref=sr_1_7069?dib=eyJ2IjoiMSJ9.7Sm2HUy5NK3en3ssrG4o39pmfOj1jo6CFOGD7yUHmN1Cx0FbqChqPIcnkTysnqtILi5UFy0cKsHYQLlQshp47qIGlGahgn_ii5wXEX5lCRgEOTBRMrJumDifDgsiiu1OCicF68kyILJOiY_JGMIVNH9TpyjCq2dDX3BAxaLourVJZIjfqicUzqGcRUlhv5ayNbNVGa-UEH8OvoCfZRV7BrZTOZ831Webh9AxQKfDfVcpI9ywzlvDkuuh-10jMAR0bTr9nkYTrRFgvf4nsKB9D6v-kSxBADZy1C_-bbexcPE.N0UxyUWLpzgDYnYTvTUuQJQJlmwkU1wQN117UEU59og&dib_tag=se&qid=1759743003&s=electronics&sr=1-7069&xpid=UZHjCDxPt3DrQ,https://www.flipkart.com/samsung-galaxy-s24-fe-5g-blue-128-gb/p/itme960199e26f23?pid=MOBH4ZG3Z5NCBW2H&lid=LSTMOBH4ZG3Z5NCBW2HWQMO2K&marketplace=FLIPKART&q=mobile+phones&store=tyy%2F4io&srno=s_14_329&otracker=search&otracker1=search&fm=Search&iid=b1620752-ed87-4c97-a7d8-87c89786b83f.MOBH4ZG3Z5NCBW2H.SEARCH&ppt=sp&ppn=sp&ssid=8ghyoks0rk0000001753087922506&qH=a81ad6e72f7a2fd1,,https://rukminim2.flixcart.com/image/312/312/xif0q/mobile/r/s/z/-original-imahcfwmdvbcgdzs.jpeg?q=70,Mobiles,0.4593,samsung,-59740.0,Amazon,59740.0,23065.64
7841,985,TheGiftKart Hybrid Shockproof Back Cover Case for Samsung Galaxy S24 FE 5G | Camera Protection Bump | Hard Back Cover Case for Samsung S24 FE 5G,"Samsung Galaxy S24 FE 5G (Blue, 128 GB)",284.0,59999.0,4.5,4.5,https://www.amazon.in/TheGiftKart-Ultra-Hybrid-Samsung-Protection-Translucent/dp/B0DJ7SNJ3H/ref=sr_1_8464?dib=eyJ2IjoiMSJ9.CfGQ0Io8T0B_bk2OQ9SGg6p1-0wg7ahzwlYr82o9A6LqxT7fGunJBUoFKp6b1FE5hhK3tGxYTYY11Y8dZ9zbFL7BVg22rZwHnVoq4r9E7aDeyF9altyvjVXFnT8uLiuB9hCI96KaqT0SNI5ftG_RjC346I1PcH-iS6j6A11fijLQ3MHMCZeqCj-qGFYrIv-jtz7DWL5MLLibGylMv-0Au5fLbOzGL7tBOlIygjH4fVshspIXEIK6L0Krl1WUrMek6KqGz2OTHnVP1Q__k15T9Lz2Fj0Z7MimpdXxu2ZExOI.Aj1ltqMWCK74Ddf6v_boDjfeYUvP4bHCflTXJDs6R4Y&dib_tag=se&qid=1759744728&s=electronics&sr=1-8464&xpid=UZHjCDxPt3DrQ,https://www.flipkart.com/samsung-galaxy-s24-fe-5g-blue-128-gb/p/itme960199e26f23?pid=MOBH4ZG3Z5NCBW2H&lid=LSTMOBH4ZG3Z5NCBW2HWQMO2K&marketplace=FLIPKART&q=mobile+phones&store=tyy%2F4io&srno=s_14_329&otracker=search&otracker1=search&fm=Search&iid=b1620752-ed87-4c97-a7d8-87c89786b83f.MOBH4ZG3Z5NCBW2H.SEARCH&ppt=sp&ppn=sp&ssid=8ghyoks0rk0000001753087922506&qH=a81ad6e72f7a2fd1,,https://rukminim2.flixcart.com/image/312/312/xif0q/mobile/r/s/z/-original-imahcfwmdvbcgdzs.jpeg?q=70,Mobiles,0.4514,samsung,-59715.0,Amazon,59715.0,21026.41
1155,8,"JBL C50HI, Wired in Ear Headphones with Mic, One Button Multi-Function Remote, Lightweight & Comfortable fit (Black)",JBL C50HI Wired,420.0,499.0,3.9,4.0,https://www.amazon.in/JBL-C50HI-Ear-Headphones-Black/dp/B07JQKQ91F/ref=sr_1_1169?dib=eyJ2IjoiMSJ9.yBZa9ZSiR5mfVIO_qBoxWEzf2y702s5jaSYQaFwTruFK61coF-JC5GBuezzOFV9RoyHiQZESZV-sN1LJSwDHT938sU7NgRA0gVLUVIlGEWpwwGaD-qKb8IcU4VkSoR6WxeTKg3sHWJoj5nX2e9HYPZRpFDaIW_qALlcY3xy3cPPrp0rhS0UcD_AZoEQJumBPFcMmkliF-93Ky7t6wZCb-UgwbrNqxvIKLowj5V5MRyepf60mMID5PzJkH-rBVnh1B8Je7GR4U9fhltDQ1q_PqBPQ6g1AC_eucImhvrtobao.GGkMGtvgwUq5WWfPbj4V0x-_sjTCAb1P_1ExO78mkPM&dib_tag=se&qid=1759736332&s=electronics&sr=1-1169&xpid=UZHjCDxPt3DrQ,https://www.flipkart.com/jbl-c50hi-wired/p/itm056b35eacafd3?pid=ACCFAMFQSGUG9D8R&lid=LSTACCFAMFQSGUG9D8RUMXXIK&marketplace=FLIPKART&q=earphones&store=0pm%2Ffcn%2F821&srno=s_1_9&otracker=search&otracker1=search&fm=Search&iid=d8eda83d-c160-45b0-9bae-1ca6cdba734a.ACCFAMFQSGUG9D8R.SEARCH&ppt=sp&ppn=sp&ssid=0fz6yk2yc00000001753105988574&qH=54597ea1f2fc7f2e,,https://rukminim2.flixcart.com/image/612/612/k0lbdzk0pkrrdj/headphone-refurbished/h/w/t/u-c50hiblk-jbl-original-imafhmzvhjegfbhz.jpeg?q=70,Earphones,0.4509,jbl,-79.0,Amazon,79.0,18.81
1901,985,"Samsung Galaxy S24 FE 5G AI Smartphone (Blue, 8GB RAM, 128GB Storage)","Samsung Galaxy S24 FE 5G (Blue, 128 GB)",34895.0,59999.0,4.3,4.5,https://www.amazon.in/Samsung-Galaxy-Smartphone-128GB-Storage/dp/B0DHL98QM2/ref=sr_1_1935?dib=eyJ2IjoiMSJ9.XCU46YmngteKq_sI_tWzVJOSlWdZxE4yUEN5ojn_W_LwZsCPrHMfxhnkz7EV6SnucP35MVK-IxamFq6OIFSI_oJ0QoO8OnkHCZGfXCimF6wogLdVYOJmTwoFRjpKTv3M4zkszfXSnGfeQZcH1oBvWl5RuQOyFLqEbkQ7ScHuzFjmIOEX8epkDmKQF9r8nV-6XOOCUXWcyT4D2xy9BMLnARCD8c3-YeIREM7xJUOs_PQNNTST1QTwdMuNJkVMcUqwzn96uRDJrYSuOIyeLSvyyj6jGJwoE3JrLAQQ37DFbxE.H18JuCdZn44d8bG1TeI72NtivZaEuzFDvgzXvPQnQIU&dib_tag=se&qid=1759737121&s=electronics&sr=1-1935&xpid=UZHjCDxPt3DrQ,https://www.flipkart.com/samsung-galaxy-s24-fe-5g-blue-128-gb/p/itme960199e26f23?pid=MOBH4ZG3Z5NCBW2H&lid=LSTMOBH4ZG3Z5NCBW2HWQMO2K&marketplace=FLIPKART&q=mobile+phones&store=tyy%2F4io&srno=s_14_329&otracker=search&otracker1=search&fm=Search&iid=b1620752-ed87-4c97-a7d8-87c89786b83f.MOBH4ZG3Z5NCBW2H.SEARCH&ppt=sp&ppn=sp&ssid=8ghyoks0rk0000001753087922506&qH=a81ad6e72f7a2fd1,,https://rukminim2.flixcart.com/image/312/312/xif0q/mobile/r/s/z/-original-imahcfwmdvbcgdzs.jpeg?q=70,Mobiles,0.4491,samsung,-25104.0,Amazon,25104.0,71.94
2330,8,"JBL C50HI, Wired in Ear Headphones with Mic, One Button Multi-Function Remote, Lightweight & Comfortable fit (Blue)",JBL C50HI Wired,419.0,499.0,3.9,4.0,https://www.amazon.in/JBL-C50HI-Ear-Headphones-Blue/dp/B07JQKR35P/ref=sr_1_2375?dib=eyJ2IjoiMSJ9.VuCXKD5iu3rXXx8NpS_f-LxhYg4Z0PzhxdNz45UC4uFK73RpA-8qqYIznjY5UOrgGHOj1qKxQv9du4HGrkkGcx9A-kWlFdMj7FCIZRl0H5NyEI0q1q4nMMtr2cjRG_0w-yV7Dgm5hmqLZyOWWuWknmeapvJxvhsQCOAsZ9SQ4cW1biKrkZGDwbfT7ECovhT9BNGmmeOcg4-Dl0h9kkkFZpbGAfZ55EdVB8R5I5UWGb_GlYUMamFBQP8lNjcayEbjnfjy2vdZHdjthO4yB3nn5dSSx-SzDXEOa7tURCRLcU8.mhSeLbeIrGV6y6i6tBeVZZ6zDTCUdTpX2oNzQrRW63M&dib_tag=se&qid=1759737577&s=electronics&sr=1-2375&xpid=UZHjCDxPt3DrQ,https://www.flipkart.com/jbl-c50hi-wired/p/itm056b35eacafd3?pid=ACCFAMFQSGUG9D8R&lid=LSTACCFAMFQSGUG9D8RUMXXIK&marketplace=FLIPKART&q=earphones&store=0pm%2Ffcn%2F821&srno=s_1_9&otracker=search&otracker1=search&fm=Search&iid=d8eda83d-c160-45b0-9bae-1ca6cdba734a.ACCFAMFQSGUG9D8R.SEARCH&ppt=sp&ppn=sp&ssid=0fz6yk2yc00000001753105988574&qH=54597ea1f2fc7f2e,,https://rukminim2.flixcart.com/image/612/612/k0lbdzk0pkrrdj/headphone-refurbished/h/w/t/u-c50hiblk-jbl-original-imafhmzvhjegfbhz.jpeg?q=70,Earphones,0.4481,jbl,-80.0,Amazon,80.0,19.09
2261,285,"Portronics Conch Sigma A in Ear 3.5mm Aux Wired Earphones with in Line HD Mic & Magnetic Earbuds, Powerful Audio, 14.2mm Driver, Anti Tangle Wire, in line Controls, Wide Compatibility(White)","Portronics Conch Sigma A in Ear 3.5mm Wired Earphones,i...",279.0,295.0,4.1,4.1,https://www.amazon.in/Portronics-Earphones-Magnetic-Powerful-Compatibility/dp/B0DZ2NWHK1/ref=sr_1_2302?dib=eyJ2IjoiMSJ9.Pon6k7nSv3A8Fw7AB1n7LOMAIzaNajtCbIF85xBLoVgTOULi18uHIBb55SSDg5zGXFaEsIvtUn3IXlAb7HK_g2t0uMU_T6CUWQPsg7BTW_9KurqwSHIsO9CRf0RMN2U7IRf1lHdr0dqH8QeD88KNW7-P9yxEczOw9FWyBAnh0oEBkFe6Acm11m0gbuDWqJ_bv2g7EaICQ1t91EZb8OGnwxipxM_f03tfZS76-57aClLcW-03C46vCanJTNlTOhS4Y-vMgf9d-DweacwDJwA5WjDGdT3oqbt0BIjZ3-M5xxA.DNN5AfrDMVyEnAH8R81kB5An97LA3ENmWXimLscgaGs&dib_tag=se&qid=1759737498&s=electronics&sr=1-2302&xpid=UZHjCDxPt3DrQ,https://www.flipkart.com/portronics-conch-sigma-ear-3-5mm-wired-earphones-in-line-hd-mic-14-2mm-driver/p/itme28ad65e53911?pid=ACCH9ZH5TCXVE6TZ&lid=LSTACCH9ZH5TCXVE6TZZE6SH2&marketplace=FLIPKART&q=earphones&store=0pm%2Ffcn%2F821&srno=s_21_806&otracker=search&otracker1=search&fm=Search&iid=e56da30b-fa82-43f3-9e63-aa1697099550.ACCH9ZH5TCXVE6TZ.SEARCH&ppt=sp&ppn=sp&ssid=tgyhiu6rls0000001753106511440&qH=54597ea1f2fc7f2e,,https://rukminim2.flixcart.com/image/612/612/xif0q/headphone/p/k/h/conch-sigma-a-in-ear-3-5mm-wired-earphones-in-line-hd-mic-14-2mm-original-imahacrgzayxnrhn.jpeg?q=70,Earphones,0.4475,portronics,-16.0,Amazon,16.0,5.73
7015,8,"JBL C50HI, Wired in Ear Headphones with Mic, One Button Multi-Function Remote, Lightweight & Comfortable fit (Red)",JBL C50HI Wired,449.0,499.0,3.9,4.0,https://www.amazon.in/JBL-C50HI-Ear-Headphones-Mic/dp/B07SGY8VP6/ref=sr_1_7560?dib=eyJ2IjoiMSJ9.GwisRK6D887zwpV0xOsXsXYP-qapg3HHHerNxB57QEa6r_EGvnq0To0UdZgtSBRCdMECYl8cvjggHEAz14ZhSmHEruPEfx-ZKOygxTndjlnGeYpYRDml161-TdPpkn5c6EPuU_ceU4TsaNddqO4kWyqNFPXPl0b6azRZ8scaC9w1a_Kg1onCVWOjBixKFmqvPvW35oIoGVbiLCWgGlqd_dwgbUn-yGiaMBvA3VutnfFOfzwQjsMbIYMi0f7UsKfUZ6RfNRdJsEsLAkkWy_-kBZoRIMvYzhYBdwVdpOy2iAM.eA96eI0BkH6LAuyGwechUyv325CbtQw-GTbVSuyF6h0&dib_tag=se&qid=1759743591&s=electronics&sr=1-7560&xpid=UZHjCDxPt3DrQ,https://www.flipkart.com/jbl-c50hi-wired/p/itm056b35eacafd3?pid=ACCFAMFQSGUG9D8R&lid=LSTACCFAMFQSGUG9D8RUMXXIK&marketplace=FLIPKART&q=earphones&store=0pm%2Ffcn%2F821&srno=s_1_9&otracker=search&otracker1=search&fm=Search&iid=d8eda83d-c160-45b0-9bae-1ca6cdba734a.ACCFAMFQSGUG9D8R.SEARCH&ppt=sp&ppn=sp&ssid=0fz6yk2yc00000001753105988574&qH=54597ea1f2fc7f2e,,https://rukminim2.flixcart.com/image/612/612/k0lbdzk0pkrrdj/headphone-refurbished/h/w/t/u-c50hiblk-jbl-original-imafhmzvhjegfbhz.jpeg?q=70,Earphones,0.4459,jbl,-50.0,Amazon,50.0,11.14
1385,225,Apple EarPods with 3.5mm Headphone Plug,Apple EarPods with Lightning Connector Wired,1549.0,1549.0,4.0,4.4,https://www.amazon.in/Apple-EarPods-3-5mm-Headphone-Plug/dp/B0D7MMHP13/ref=sr_1_1400?dib=eyJ2IjoiMSJ9.EMK9YD0AUeco4m3Mj2jKQytI2q5qvj-fG0dFfHiJQ3CQbqINfzF6K6XpZhgfrl3IVlaZsX75ZWifrBK8-aveJkx3PmfI-MkcemlZFKRPzHuEzmOJlXCgRKjbz83jQC9Kqdwqgi2kY0yWEkNbST2vwHKvGRcb7E08Vd39Rq6UIT82BuDSAK10RQkWxscff_vNHJhegGF6ENQJtcAYGJVT7c3abzwQS8Gx3QQkZcJ9aJ0Mk05kP2sRKtGohryA9qowzQaJ-zRobluodkb3XPxU8tQtf3HLEkI-YyMPAu8OM14.a5U-1D80EvGfyhB0b64s2PO14zF3pwtwaeMIDe9H2EY&dib_tag=se&qid=1759736558&s=electronics&sr=1-1400&xpid=UZHjCDxPt3DrQ,https://www.flipkart.com/apple-earpods-lightning-connector-wired/p/itm89a2cd840b303?pid=ACCEMZ7HPZUZHFPM&lid=LSTACCEMZ7HPZUZHFPM3VN0P6&marketplace=FLIPKART&q=earphones&store=0pm%2Ffcn%2F821&srno=s_17_666&otracker=search&otracker1=search&fm=Search&iid=a7aed92e-97c2-4912-96f8-4e7ea2605b66.ACCEMZ7HPZUZHFPM.SEARCH&ppt=sp&ppn=sp&ssid=gwr89qeir40000001753106380793&qH=54597ea1f2fc7f2e,,https://rukminim2.flixcart.com/image/612/612/jg15aq80/headphone/n/t/7/xrp-iphone-compatible-3-5mm-stereo-earphone-handsfree-for-original-imaepjzmthscubxj.jpeg?q=70,Earphones,0.4424,apple,0.0,Same Price,0.0,0.0
4,1255,"realme NARZO 80 Lite 5G (Crystal Purple, 6GB+128GB) | 6000mAh Long-Lasting Battery | MediaTek Dimensity 6300 5G | AI Assist | IP64 Rated Water & Dust Resistance | Military-Grade Durability","realme Narzo 80 Lite 5G (Crystal Purple, 128 GB)",9898.0,12448.0,4.2,4.7,https://www.amazon.in/realme-Long-Lasting-Resistance-Military-Grade-Durability/dp/B0F9TT7Z5Q/ref=sr_1_5?dib=eyJ2IjoiMSJ9.8-aKrERwPzdGyJWfWOa56BDYB1mnBqGBvnzq6l53HItCsQsxbIFLm21v9R_6FmoTBpJ600hwiR0xOHvF_xx6hMwuEFgEDCYS9iGPnysMOr1BWijktkdu3ikYyaKbiI1q6gDckmDjnylxNO7h1uRbVl7x9fl6TPDK1qp0lGKkRE5gA_wftZX3ERHLcmlkaYn3JAuOQvpxTESxFK3S1ePna3mBomQ_OcwMoivmua83h6CZUcigr3iU7jURLZAo9N2uU6GL2oUlta2OjQEkKGjrvkamiEG_33JUxUeZFvBui50.uZI1p62DqPjx-nuhqdw4L2Wnx43Peyq1jL9BkLtfCSk&dib_tag=se&qid=1759735404&s=electronics&sr=1-5&xpid=UZHjCDxPt3DrQ,https://www.flipkart.com/realme-narzo-80-lite-5g-crystal-purple-128-gb/p/itm47ab7fdec3924?pid=MOBHDEYWSGWXMGDK&lid=LSTMOBHDEYWSGWXMGDKACNHJY&marketplace=FLIPKART&q=mobile+phones&store=tyy%2F4io&srno=s_27_629&otracker=search&otracker1=search&fm=Search&iid=891e87c0-72a0-4f01-b075-0f5a2f9fde97.MOBHDEYWSGWXMGDK.SEARCH&ppt=sp&ppn=sp&ssid=ojaye37c7k0000001753088066331&qH=a81ad6e72f7a2fd1,,https://rukminim2.flixcart.com/image/312/312/xif0q/mobile/s/p/z/narzo-80-lite-5g-rmx3933-realme-original-imahdeywgastnqkr.jpeg?q=70,Mobiles,0.4422,realme,-2550.0,Amazon,2550.0,25.76
8998,1022,"TheGiftKart Hybrid Shockproof Back Cover Case for Nothing Phone 3a Pro 5G | Hard Back Cover Case for Nothing Phone 3a Pro 5G (PC & TPU, Transparent Clear Back, Grey Sides)","Nothing Phone (3a) Pro (Black, 128 GB)",375.0,29999.0,4.4,4.5,https://www.amazon.in/TheGiftKart-Hybrid-Shockproof-Nothing-Transparent/dp/B0F2MTL6H3/ref=sr_1_12286?dib=eyJ2IjoiMSJ9.n70aN19yNPNgheXCg4Lxjcxbt6Vkvpsoqg1NZNwxWV26oqhMTChCS-AyvNE2d0OVfbQa1Hh9bp3m0ZaLfgLFAA1gvvJVDfDLw0oTd2aZUZXyVmbJxa20jDdwTDJW8xAbsAIqSZ0eOwhWrf_WmUGaI4fWm9AwSmUmI_u9l9OIAnLJOsDZ1KEKnTKbjQwdHBD4aejGIj_oPi_LBzHdHitecT4sdDdLmowNUqjUUj0OXgvGBLfCY21dW4EogkY3i03h1z6WJShlBbuMo8biICqUeHschydl4Ms2jAAitmlY_p0.2Az9KHMsXZBi0Hj1O0X82vecQ-hbBeiiLh0yWaGDQSI&dib_tag=se&qid=1759749473&s=electronics&sr=1-12286&xpid=UZHjCDxPt3DrQ,https://www.flipkart.com/nothing-phone-3a-pro-black-128-gb/p/itm04daaef6652d4?pid=MOBH8G3PJAAHAJFG&lid=LSTMOBH8G3PJAAHAJFGSJDK8E&marketplace=FLIPKART&q=mobile+phones&store=tyy%2F4io&srno=s_16_373&otracker=search&otracker1=search&fm=Search&iid=063ca73b-034f-49ce-abbd-42b43c4da71d.MOBH8G3PJAAHAJFG.SEARCH&ppt=sp&ppn=sp&ssid=j3ipelsou80000001753087943915&qH=a81ad6e72f7a2fd1,,https://rukminim2.flixcart.com/image/312/312/xif0q/mobile/7/b/7/-original-imahcfcfhkzhngeb.jpeg?q=70,Mobiles,0.4419,nothing,-29624.0,Amazon,29624.0,7899.73
8424,1457,CEDO Samsung Galaxy A15 (5G) Bumper Case | Soft Jel Flexible Thin Full Protection Shock Proof Clear TPU Back Case Cover for Samsung Galaxy A15 (5G) (Transparent),"Samsung Galaxy A15 5G (Blue Black, 128 GB)",139.0,16999.0,4.0,4.3,https://www.amazon.in/CEDO-Samsung-A15-Protection-Transparent/dp/B0DR2WR2JS/ref=sr_1_9094?dib=eyJ2IjoiMSJ9.3Bchbr3zO5v3P_8VBLF11eMXCmF8x1YoHB85PBXzWiUSHkQkbtoNl6RmEElk-QcMIoc7FH0heN4L51L-o_1i7aZQJe45adnV1NPyr0u7jPph_HCuS1kN5O7VflNJMgyk2IVBoVPoXbkr837kvPLUAZdzw-L5E4kYm-gY-LrqJ8bcJnr64L1umIOpgGmuASui5mNQhMKwzBW965HPF7TWSZCK-iUboxOr6EeqRlj_1uIO_OWYaI7_6du8l7tIPWJsQS3QRatEICI-BzV8jMLMtKVR-7vnal_JpQAl2YeRTRE.pBKUWJ8obEKHoYLTUPoruppvjhcuT1XqhQ73dOojp2M&dib_tag=se&qid=1759745484&s=electronics&sr=1-9094&xpid=UZHjCDxPt3DrQ,https://www.flipkart.com/samsung-galaxy-a15-5g-blue-black-128-gb/p/itmef383f04d3bf0?pid=MOBGWD85ZUA8BMDZ&lid=LSTMOBGWD85ZUA8BMDZ8BERR3&marketplace=FLIPKART&q=mobile+phones&store=tyy%2F4io&srno=s_35_840&otracker=search&otracker1=search&fm=Search&iid=3ea126a0-1596-409a-b489-44f13364511c.MOBGWD85ZUA8BMDZ.SEARCH&ppt=sp&ppn=sp&ssid=mdgeu4tfg00000001753088245180&qH=a81ad6e72f7a2fd1,,https://rukminim2.flixcart.com/image/312/312/xif0q/mobile/k/c/b/galaxy-a15-5g-sm-a156ezkpins-samsung-original-imah3r43gdexw4ne.jpeg?q=70,Mobiles,0.4411,samsung,-16860.0,Amazon,16860.0,12129.5
3501,985,"TheGiftKart Hybrid Back Cover Case for Samsung Galaxy S24 FE 5G Compatible with MagSafe | Shockproof Design | Hard Transparent Back Cover Case for Samsung Galaxy S24 FE 5G (PC & TPU, Black Sides)","Samsung Galaxy S24 FE 5G (Blue, 128 GB)",238.0,59999.0,4.4,4.5,https://www.amazon.in/TheGiftKart-Samsung-Compatible-Shockproof-Transparent/dp/B0DNXQ5VFJ/ref=sr_1_3691?dib=eyJ2IjoiMSJ9.Im1BfqB0v_7pgFIsYT5OQudl9nDzLZM_urIajjZ8G_Lnij4SlJlY9LxrehMMJ5IUpfn228AeU6NsFmP3c7TF7c8FqV8BEIk_dp4ibi5nppeuIZ0yKn-F3RSvVSx9Rce_2ap41-4LO2Evt4j4ClXc7uBN6-SV-6H86D6q-IFS9_O6vcgi_E9K9Mh28WZ9lk-ABTHtMNruS7C1fS0mU79-vUeYsKlSeyLCIvVFAreK8kKxpKLXI3Nn7pq6ChmmvLyHZ7eboaKkQWcE08Kuy6ooyLzF0qrnKa7vdNtvCF5SRnU.ApMJHlu_Mxvgqzj6WYxH7ixJ9kApv-JEG6nZtOCCna0&dib_tag=se&qid=1759738966&s=electronics&sr=1-3691&xpid=UZHjCDxPt3DrQ,https://www.flipkart.com/samsung-galaxy-s24-fe-5g-blue-128-gb/p/itme960199e26f23?pid=MOBH4ZG3Z5NCBW2H&lid=LSTMOBH4ZG3Z5NCBW2HWQMO2K&marketplace=FLIPKART&q=mobile+phones&store=tyy%2F4io&srno=s_14_329&otracker=search&otracker1=search&fm=Search&iid=b1620752-ed87-4c97-a7d8-87c89786b83f.MOBH4ZG3Z5NCBW2H.SEARCH&ppt=sp&ppn=sp&ssid=8ghyoks0rk0000001753087922506&qH=a81ad6e72f7a2fd1,,https://rukminim2.flixcart.com/image/312/312/xif0q/mobile/r/s/z/-original-imahcfwmdvbcgdzs.jpeg?q=70,Mobiles,0.44,samsung,-59761.0,Amazon,59761.0,25109.66
7308,30,Sony MDR-EX14AP Wired in Ear Headphone with Mic (Black),SONY EX14AP Wired,599.0,549.0,3.7,4.0,https://www.amazon.in/Sony-MDR-EX14AP-Ear-Headset-Black/dp/B075Z25PQK/ref=sr_1_7892?dib=eyJ2IjoiMSJ9.B13qBH8aGGR4eKq0p8ETbr3VfqQixXhYyUNA_w4g4j5G15AZ3K-2WRIoy5Ci2dPrFSOXfs72myvinqpRzhaVKJOWxjbvnUhpL-j_2G-_nCCgV0QbDH2s2C-P6x-tvsr5tzlD_v4gd6sT4oBWHq5toM1HepwQnMGcUciys8NmyspHTPHWJQDpmez4nrBagsi2Yd-A8Bf7rQiqG63NSXu1YkGlQWyGTLLak4-UF-1Zj7ievJia2iKs6rNx2lo3qS52YYbV-OdIBahC9qCF8VFH8CXaQuVf1p86SAXcgqhkZvU._UTXMddf__-qPorAs9oLn0ougYDNGkhLv_XfgSDnx7M&dib_tag=se&qid=1759744004&s=electronics&sr=1-7892&xpid=UZHjCDxPt3DrQ,https://www.flipkart.com/sony-ex14ap-wired/p/itm184e58cc42871?pid=ACCEWH82VYCDUHHH&lid=LSTACCEWH82VYCDUHHH50DUJ3&marketplace=FLIPKART&q=earphones&store=0pm%2Ffcn%2F821&srno=s_1_32&otracker=search&otracker1=search&fm=Search&iid=d8eda83d-c160-45b0-9bae-1ca6cdba734a.ACCEWH82VYCDUHHH.SEARCH&ppt=sp&ppn=sp&ssid=0fz6yk2yc00000001753105988574&qH=54597ea1f2fc7f2e,,https://rukminim2.flixcart.com/image/612/612/xif0q/headphone/v/n/k/-original-imahfmbchfyjg6tt.jpeg?q=70,Earphones,0.4396,sony,50.0,Flipkart,50.0,9.11
5702,1022,"TheGiftKart Hybrid Shockproof Back Cover Case for Nothing Phone 3a Pro 5G | Hard Back Cover Case for Nothing Phone 3a Pro 5G (PC & TPU, Transparent Crystal Clear Back, Clear Sides)","Nothing Phone (3a) Pro (Black, 128 GB)",279.0,29999.0,4.4,4.5,https://www.amazon.in/TheGiftKart-Shockproof-Nothing-Transparent-Crystal/dp/B0DYVHBK2B/ref=sr_1_6132?dib=eyJ2IjoiMSJ9.llGMtM-nLuqDcI4Bh-FxgrE7cCuBq4DFCaB09AIZ8MqgVFTAXk2oH_C6T1vrsONO_zmlxBHsRBCdRUQc9TYALwHyh2-44S_-CaBhopwMfIdK_MnPbZRfOM9qWvl3aX6pFqrwM9h2pwEBuwKc3s-aAlvUK9tOXux93kIBjSEA4Mu99IPW8ovTlj6ujZcdci33v4c2ngnotUiYVrzgnNogm9wg2oRVpCwld7d-W8PI9thsKlPohac_6kAAVadR_7RfW8-KHXk39nGfVyqoGJht2tl-MIpG3jg-_CNwfOJljXQ.bF-yy--LGbfRvjDg9f5aqHFcegMYXjrVg7qtvzXcWNM&dib_tag=se&qid=1759741829&s=electronics&sr=1-6132&xpid=UZHjCDxPt3DrQ,https://www.flipkart.com/nothing-phone-3a-pro-black-128-gb/p/itm04daaef6652d4?pid=MOBH8G3PJAAHAJFG&lid=LSTMOBH8G3PJAAHAJFGSJDK8E&marketplace=FLIPKART&q=mobile+phones&store=tyy%2F4io&srno=s_16_373&otracker=search&otracker1=search&fm=Search&iid=063ca73b-034f-49ce-abbd-42b43c4da71d.MOBH8G3PJAAHAJFG.SEARCH&ppt=sp&ppn=sp&ssid=j3ipelsou80000001753087943915&qH=a81ad6e72f7a2fd1,,https://rukminim2.flixcart.com/image/312/312/xif0q/mobile/7/b/7/-original-imahcfcfhkzhngeb.jpeg?q=70,Mobiles,0.4384,nothing,-29720.0,Amazon,29720.0,10652.33
8,1246,"realme NARZO 80 Lite 5G (Onyx Black, 6GB+128GB) | 6000mAh Long-Lasting Battery | MediaTek Dimensity 6300 5G | AI Assist | IP64 Rated Water & Dust Resistance | Military-Grade Durability","realme Narzo 80 Lite 5G (Onyx Black, 128 GB)",9898.0,11984.0,4.2,4.7,https://www.amazon.in/realme-Long-Lasting-Resistance-Military-Grade-Durability/dp/B0F9TS623W/ref=sr_1_9?dib=eyJ2IjoiMSJ9.8-aKrERwPzdGyJWfWOa56BDYB1mnBqGBvnzq6l53HItCsQsxbIFLm21v9R_6FmoTBpJ600hwiR0xOHvF_xx6hMwuEFgEDCYS9iGPnysMOr1BWijktkdu3ikYyaKbiI1q6gDckmDjnylxNO7h1uRbVl7x9fl6TPDK1qp0lGKkRE5gA_wftZX3ERHLcmlkaYn3JAuOQvpxTESxFK3S1ePna3mBomQ_OcwMoivmua83h6CZUcigr3iU7jURLZAo9N2uU6GL2oUlta2OjQEkKGjrvkamiEG_33JUxUeZFvBui50.uZI1p62DqPjx-nuhqdw4L2Wnx43Peyq1jL9BkLtfCSk&dib_tag=se&qid=1759735404&s=electronics&sr=1-9&xpid=UZHjCDxPt3DrQ,https://www.flipkart.com/realme-narzo-80-lite-5g-onyx-black-128-gb/p/itm47ab7fdec3924?pid=MOBHDEYWADKP2QAB&lid=LSTMOBHDEYWADKP2QAB6K636T&marketplace=FLIPKART&q=mobile+phones&store=tyy%2F4io&srno=s_26_619&otracker=search&otracker1=search&fm=Search&iid=c37f4d80-18fe-4302-bba0-eba28092c839.MOBHDEYWADKP2QAB.SEARCH&ppt=sp&ppn=sp&ssid=zdqqbsyd8w0000001753088055712&qH=a81ad6e72f7a2fd1,,https://rukminim2.flixcart.com/image/312/312/xif0q/mobile/1/e/1/narzo-80-lite-5g-rmx3933-realme-original-imahdeywdbwg7ktq.jpeg?q=70,Mobiles,0.4383,realme,-2086.0,Amazon,2086.0,21.07
37,1246,"realme NARZO 80 Lite 5G (Onyx Black, 4GB+128GB) | 6000mAh Long-Lasting Battery | MediaTek Dimensity 6300 5G | AI Assist | IP64 Rated Water & Dust Resistance | Military-Grade Durability","realme Narzo 80 Lite 5G (Onyx Black, 128 GB)",8998.0,11984.0,4.2,4.7,https://www.amazon.in/realme-Long-Lasting-Resistance-Military-Grade-Durability/dp/B0F9TSLK2L/ref=sr_1_38?dib=eyJ2IjoiMSJ9.DNFHhKCM4dMpSkef5mTBQJMTCMoeChM7yRO4VXXQjGaDPYpuHQwNq5a3UsR9DwHo03qpaRAFhOr2rTF2DPUQJQSRdQIlG3AVYkIaRJ43mt7GMQDJ075RTDYsbXLtZqvA_6AFOAA115qA5jOawWgWJ8jZb0NSO8Jw8yi1dm4qq941QZNUxQberIzIntzighndJ5LSmaamCjW3J56vbtf2b2Z5zC4l-F7fi0DQzzmDXVDncr14-tCl7FgnGhfB9tTOmJpA1uE7rLKaY8bNQ30NMxpAFewDd82fd4oAhLZzuPU.sD8PWh1qlYjKB473qgIbnSWnDNTJheAamgrDSTHjMqs&dib_tag=se&qid=1759735423&s=electronics&sr=1-38&xpid=UZHjCDxPt3DrQ,https://www.flipkart.com/realme-narzo-80-lite-5g-onyx-black-128-gb/p/itm47ab7fdec3924?pid=MOBHDEYWADKP2QAB&lid=LSTMOBHDEYWADKP2QAB6K636T&marketplace=FLIPKART&q=mobile+phones&store=tyy%2F4io&srno=s_26_619&otracker=search&otracker1=search&fm=Search&iid=c37f4d80-18fe-4302-bba0-eba28092c839.MOBHDEYWADKP2QAB.SEARCH&ppt=sp&ppn=sp&ssid=zdqqbsyd8w0000001753088055712&qH=a81ad6e72f7a2fd1,,https://rukminim2.flixcart.com/image/312/312/xif0q/mobile/1/e/1/narzo-80-lite-5g-rmx3933-realme-original-imahdeywdbwg7ktq.jpeg?q=70,Mobiles,0.4373,realme,-2986.0,Amazon,2986.0,33.19
1671,841,"Vivo Y19e (Titanium Silver, 4GB RAM, 64GB Storage) with No Cost EMI/Additional Exchange Offers |with Charger","vivo Y19e (Titanium Silver, 64 GB)",7999.0,7999.0,4.3,4.3,https://www.amazon.in/Titanium-Storage-Additional-Exchange-Charger/dp/B07WHRDNFF/ref=sr_1_1700?dib=eyJ2IjoiMSJ9.c45qIzoLVrD18Wl4D-rdvR0HK43FwAJh84PS7gFdN18rCLKUAjwRWlD8Q5N6ZHTvbcJ0Z2X1AvllT_I2px-075oroRJ58Da57EB4EeYw3u9LwJDtxPaKhkW90-TWoFbRBtq80G1EsjwAnd7b1wU3uF__pu0EUr1jlE_fCNmjB-luXNfGzhW99bugyBnq8jof1Ipd8mVg88ou5YMggEH3smRANe83NfEuLi7_AaYuIWHiLIji9Qqi_kBGTaaPGp60IPW1gcz3yLGRsvXyIqPb273GYzLqzvwy8wujhFzMbQg.3Ke9dj8IaSEol46mERslvpUPMjRsdp5tM3iypJbDYnE&dib_tag=se&qid=1759736876&s=electronics&sr=1-1700&xpid=UZHjCDxPt3DrQ,https://www.flipkart.com/vivo-y19e-titanium-silver-64-gb/p/itmb036ff616e9d9?pid=MOBHAFRHDHUXBFTP&lid=LSTMOBHAFRHDHUXBFTPAKFJKB&marketplace=FLIPKART&q=mobile+phones&store=tyy%2F4io&srno=s_6_138&otracker=search&otracker1=search&fm=Search&iid=94d27974-1611-4942-bd78-7364d4d8c8a7.MOBHAFRHDHUXBFTP.SEARCH&ppt=sp&ppn=sp&ssid=i6vfru46jk0000001753087838766&qH=a81ad6e72f7a2fd1,,https://rukminim2.flixcart.com/image/312/312/xif0q/mobile/w/7/q/-original-imahaeeb5be43z2h.jpeg?q=70,Mobiles,0.4371,vivo,0.0,Same Price,0.0,0.0
7363,1426,Zapcase Back Case Cover for Samsung Galaxy S23 FE 5G | Compatible for Samsung Galaxy S23 FE 5G Back Cover | Scratch-Resistant Back Cover | Clear,"Samsung Galaxy S23 FE (Graphite, 128 GB)",239.0,37670.0,4.1,4.4,https://www.amazon.in/Zapcase-Samsung-Galaxy-Compatible-Scratch-Resistant/dp/B0CN9CF77N/ref=sr_1_7951?dib=eyJ2IjoiMSJ9.lADuwfrLWqhH6lvIO5YL7kMk4QIShp5LiyyUuprANfkN2Gh0Wwx0QegYqNjjDjGXMIH6A9X0sAjT00SW27djE8S87Kk2dPyzAosif4zfYqxWUdICVbyhQt-g77Jw5USKof0b9n4r3oTqUzL8GhxD7E0Z00P-2UnMcJx6tcQ96B6qkXfpUS2KdUdn7qMbZ4axaou9LE4o0FTtbyXMFQ3kkaaNGLo0M3VtbrXlWt64GE8tPR0g1Xx8tLsrVY_0AFfOTYgdR-1_P2dO8jxootbZxM0l3ae8dCNeFsv1CHAKSy8.EjoHG3hQEMPpqkyY2pGf_a6p6KkHZ3-e4VfD1YLJi3A&dib_tag=se&qid=1759744084&s=electronics&sr=1-7951&xpid=UZHjCDxPt3DrQ,https://www.flipkart.com/samsung-galaxy-s23-fe-graphite-128-gb/p/itme751066521899?pid=MOBGVTA2836DQWTT&lid=LSTMOBGVTA2836DQWTTUWZF2Z&marketplace=FLIPKART&q=mobile+phones&store=tyy%2F4io&srno=s_34_809&otracker=search&otracker1=search&fm=Search&iid=ba77a6f1-752e-40bd-8968-b5c655b8a3c1.MOBGVTA2836DQWTT.SEARCH&ppt=sp&ppn=sp&ssid=ug23y7igqo0000001753088209917&qH=a81ad6e72f7a2fd1,,https://rukminim2.flixcart.com/image/312/312/xif0q/mobile/x/k/h/-original-imah5ywff9rr76zh.jpeg?q=70,Mobiles,0.4367,samsung,-37431.0,Amazon,37431.0,15661.51
651,958,"Samsung Galaxy S24 FE 5G AI Smartphone (Mint, 8GB RAM, 128GB Storage)","Samsung Galaxy S24 FE 5G (Mint, 256 GB)",31699.0,65999.0,4.4,4.5,https://www.amazon.in/Samsung-Galaxy-Smartphone-128GB-Storage/dp/B0DHL85K81/ref=sr_1_655?dib=eyJ2IjoiMSJ9.1Qb5WCkhVbEHEenAQjIczSuyxXnkzxvIJIFrThDdwON1LYUmp4t1FQib_wgND4AHZ8loPhBNojr-IzvXfS_QITRe89p9Bkq7HqKDUUcqudsDfwgIaUZbuTU6ujIdNy2weWaY6B5u51QWPhbdQ83GgJv8k-UCCtWClNS3ODm4Dypb85a6iVypperIehsFl5aoAkBJVho-QKLbH1iaDV2KgiJe2xY-FyxFpCkhjHVG6R-3z2vW7LMm_Ju54y7NlkUEGm3dDqAYWkr_fL-qupTqXIq0J6n6SrMUBgQyTa0xdLI.yYSolL4HUYUGo0NhB_hISMC810WfPN3gfzEOzTGoRRU&dib_tag=se&qid=1759735918&s=electronics&sr=1-655&xpid=UZHjCDxPt3DrQ,https://www.flipkart.com/samsung-galaxy-s24-fe-5g-mint-256-gb/p/itme960199e26f23?pid=MOBH4ZG3JACNJMZC&lid=LSTMOBH4ZG3JACNJMZCFREL85&marketplace=FLIPKART&q=mobile+phones&store=tyy%2F4io&srno=s_13_297&otracker=search&otracker1=search&fm=Search&iid=f7119de3-df5b-49d9-9ef6-095197c85fba.MOBH4ZG3JACNJMZC.SEARCH&ppt=sp&ppn=sp&ssid=gce703p29c0000001753087912223&qH=a81ad6e72f7a2fd1,,https://rukminim2.flixcart.com/image/312/312/xif0q/mobile/t/m/g/-original-imahcfwmrnwy9zgn.jpeg?q=70,Mobiles,0.4362,samsung,-34300.0,Amazon,34300.0,108.21
5645,1454,"realme NARZO N65 5G (Amber Gold 6GB RAM, 128GB Storage) India's 1st D6300 5G Chipset | Ultra Slim Design | 120Hz Eye Comfort Display | 50MP AI Camera| Charger in The Box","realme NARZO N65 5G (AMBER GOLD, 128 GB)",10999.0,10533.0,4.2,4.3,https://www.amazon.in/realme-Storage-Chipset-Comfort-Display/dp/B0D3GYZ82S/ref=sr_1_6074?dib=eyJ2IjoiMSJ9.s-xT6hRfuhzWDhCanbTXmvMHYEYLrRd3yeK--lQcRaOIkwgm0ieKxzxwB8FHUblLK9TicRGiUYFFpGON1q-KvwHpUQ9uwcPz2f1WF3fSF1xYpLhlK93FNGUCmqrlxRFSb6EWW9a5kKd0BaRF9xX1_LYFgwGoxXMyLtkbpZtH-Pj_TDhAbmO8prt5vcX8cTIPOi9s462Prb4LJnDZ_DXovtuBKNDWh0ZjXi6rnFiAE39BfItLbHbNnB6U_cVCiO19AKeL7kxAMxdzmkOHHdfgfX46wft5tOykJ77BQCjdxxE.P28I37rsSJ52Hq854JdzHV9ne1ePiMz3GAJDloN968o&dib_tag=se&qid=1759741769&s=electronics&sr=1-6074&xpid=UZHjCDxPt3DrQ,https://www.flipkart.com/realme-narzo-n65-5g-amber-gold-128-gb/p/itm6378f5785d47b?pid=MOBHFFTHZMRHFMDF&lid=LSTMOBHFFTHZMRHFMDF0SKANY&marketplace=FLIPKART&q=mobile+phones&store=tyy%2F4io&srno=s_35_837&otracker=search&otracker1=search&fm=Search&iid=3ea126a0-1596-409a-b489-44f13364511c.MOBHFFTHZMRHFMDF.SEARCH&ppt=sp&ppn=sp&ssid=mdgeu4tfg00000001753088245180&qH=a81ad6e72f7a2fd1,,https://rukminim2.flixcart.com/image/312/312/xif0q/mobile/t/a/i/narzo-n65-5g-rmx3997-realme-original-imahffthyffydhyh.jpeg?q=70,Mobiles,0.4359,realme,466.0,Flipkart,466.0,4.42
2342,985,"TheGiftKart Hybrid Back Cover Case for Samsung Galaxy S24 FE 5G Compatible with MagSafe | Shockproof Design | Hard Transparent Back Cover Case for Samsung Galaxy S24 FE 5G (PC & TPU, Clear Sides)","Samsung Galaxy S24 FE 5G (Blue, 128 GB)",237.0,59999.0,4.2,4.5,https://www.amazon.in/TheGiftKart-Samsung-Compatible-Shockproof-Transparent/dp/B0DP58TSBF/ref=sr_1_2388?dib=eyJ2IjoiMSJ9.i_wa-w_tX5ldqfj_Ei_woAUNYU5Bq2LtAN4dPkrmj_W6f-_8prayp0DL8nphewUkJcngCbxqXgDrsaLJTshw0F29XknHyxNLj9TQ3XBLWOLPqa2BhZyAicI7vrEE9jRAoIe2sljo3Oo4kFjwpvn5QsIJmIFvWxRVecd_8WynrIIsU-Bom-P1H0CRcetpku-uHA5B2m98fyo1vpfOeXKQAsmtBamBrsolNTPrNKEj8dGO8DzOAsVd8aKil0JcMv6pnGjkzfmsuoFIW3nRAVqbOLZcfPMIAvEsoqx7H3U6LtA.Uewm9Qb5Sr-F3c8rzDfU-cWyiFcTYI2tCjhcunAKV34&dib_tag=se&qid=1759737598&s=electronics&sr=1-2388&xpid=UZHjCDxPt3DrQ,https://www.flipkart.com/samsung-galaxy-s24-fe-5g-blue-128-gb/p/itme960199e26f23?pid=MOBH4ZG3Z5NCBW2H&lid=LSTMOBH4ZG3Z5NCBW2HWQMO2K&marketplace=FLIPKART&q=mobile+phones&store=tyy%2F4io&srno=s_14_329&otracker=search&otracker1=search&fm=Search&iid=b1620752-ed87-4c97-a7d8-87c89786b83f.MOBH4ZG3Z5NCBW2H.SEARCH&ppt=sp&ppn=sp&ssid=8ghyoks0rk0000001753087922506&qH=a81ad6e72f7a2fd1,,https://rukminim2.flixcart.com/image/312/312/xif0q/mobile/r/s/z/-original-imahcfwmdvbcgdzs.jpeg?q=70,Mobiles,0.4352,samsung,-59762.0,Amazon,59762.0,25216.03
8570,30,Sony MDR-EX14AP Wired in Ear Headphone with Mic (Blue),SONY EX14AP Wired,599.0,549.0,3.7,4.0,https://www.amazon.in/Sony-MDR-EX14AP-Ear-Headset-Blue/dp/B075YZXXFB/ref=sr_1_9251?dib=eyJ2IjoiMSJ9.SdBNcq8TPV14KUnRm750_7tz3pcX5-FC3-tBjNe_esKwWQVX9LJ1Z0oBNn0tV827Z2SBjpRZHqovlq7YlBZh42CJ3c9bjD5YO_IalGTADVP_Gxjo4IbPGNNc5I_8lmAguBqNv4b3hsfFC4bMV5brZXXtONGeXpaYe3PTqSrErc5dHXUnyDuRd7zBo_k2ikRO_rKBB_ohsxSeMaJOd4L4G5yuvtxwiAkC8Yog8jboCsCjDl_YFH1ccPSRcTzj1TOvQTq_emJ6vTEwNPKgYJQTNhOfX5AuWoDVOQcHvxp84nw.3x2Td0cF1yltWieGaRascpV0MKRPcEnfddId5SrTo88&dib_tag=se&qid=1759745703&s=electronics&sr=1-9251&xpid=UZHjCDxPt3DrQ,https://www.flipkart.com/sony-ex14ap-wired/p/itm184e58cc42871?pid=ACCEWH82VYCDUHHH&lid=LSTACCEWH82VYCDUHHH50DUJ3&marketplace=FLIPKART&q=earphones&store=0pm%2Ffcn%2F821&srno=s_1_32&otracker=search&otracker1=search&fm=Search&iid=d8eda83d-c160-45b0-9bae-1ca6cdba734a.ACCEWH82VYCDUHHH.SEARCH&ppt=sp&ppn=sp&ssid=0fz6yk2yc00000001753105988574&qH=54597ea1f2fc7f2e,,https://rukminim2.flixcart.com/image/612/612/xif0q/headphone/v/n/k/-original-imahfmbchfyjg6tt.jpeg?q=70,Earphones,0.4342,sony,50.0,Flipkart,50.0,9.11
760,924,"realme NARZO 80x 5G (Sunlit Gold,8GB+128GB) | | Dimensity 6400 5G Chipset | 6000mAh Long-Lasting Battery | 45W Fast Charge | 120Hz Eye Comfort Display | IP69 Top-Tier Waterproof","realme Narzo 80x 5G (Sunlit Gold, 128 GB)",12498.0,13121.0,4.1,4.2,https://www.amazon.in/realme-Dimensity-Long-Lasting-Top-Tier-Waterproof/dp/B0F193QT32/ref=sr_1_767?dib=eyJ2IjoiMSJ9.fg58-GQdIbMeIUr9o3g3BjY2L9n2TLTIOKfFrwHfPU05KBBYy9VCYGv4wr_buwzfMQDzDTKRzMzsA9z0JawrYK6jERw4dUIvt1mQDRKX90uCsr5L8o6OaDbI3EcxDpCtwBdgHEayLWtAiUb6ZDW8nUskSA7bxBXdixdssEEHjlus7GVdxDLRkhjhmqWdiJotuUegVVIKbw75ANiLk82mRPuz_UBEQQwoBZozwg2zwaAJ_HTjs_N__smH6uuBbn-MDAT1WXjXiq2tECZgY4Tuy0wH_zT6fUb1nzMHe-nUGSw.eiBSqUIeNfSp3iPQwgdl-pH6ciQwZ6GIoZdVFCu1itI&dib_tag=se&qid=1759735999&s=electronics&sr=1-767&xpid=UZHjCDxPt3DrQ,https://www.flipkart.com/realme-narzo-80x-5g-sunlit-gold-128-gb/p/itm60c23a3292eeb?pid=MOBHB4U6PH2KBG7S&lid=LSTMOBHB4U6PH2KBG7SDNJT6P&marketplace=FLIPKART&q=mobile+phones&store=tyy%2F4io&srno=s_11_246&otracker=search&otracker1=search&fm=Search&iid=5ce010a2-75f2-46b8-b1f1-dfc4dc28fdf3.MOBHB4U6PH2KBG7S.SEARCH&ppt=sp&ppn=sp&ssid=ig88tbaro00000001753087890830&qH=a81ad6e72f7a2fd1,,https://rukminim2.flixcart.com/image/312/312/xif0q/mobile/q/4/r/narzo-80x-5g-rmx3944-realme-original-imahb4u6qyy8tggu.jpeg?q=70,Mobiles,0.4336,realme,-623.0,Amazon,623.0,4.98
7694,1212,Spigen EZ Fit Optik Pro Tempered Glass Camera Lens Protector Guard for iPhone 16 Pro / 16 Pro Max / 15 Pro / 15 Pro Max / 14 Pro / 14 Pro Max (Natural Titanium) - 2 Pack,"Apple iPhone 16 Pro Max (Natural Titanium, 256 GB)",1351.0,135900.0,4.2,4.7,https://www.amazon.in/Spigen-Glas-tR-Tempered-Protector-Natural/dp/B0CJ5T6KQJ/ref=sr_1_8305?dib=eyJ2IjoiMSJ9.46xbxZMieZFekna99DYathbdrIvU1uAO2KRDGjxwBAHM3vGEuMVnsAu5BoXNrHd9KnVYJm_C8RBFM5kwwODiisNJZ5JqV8gYR2tSecqf6XA2j3HuQJRs9ld1otUtoX7qBqRI6S3DwREdGghTeBLmCcuQ4EYBme_PUPCMPq6FDCReVPS_MdEAk_wr_eUORSlycRXK35mOPN3n3uBjnPouI6Vy84k-P3wKFzMQM24zQvs1eL2QTmX06nQFcmPSrnahXv9k52hLCXD4pPCkGX7vyjvaqI_LjrFRE2ufKYANSVo.7Y3APKi4jJsXAvxqF_iA7dr2t_kESM4lLcgUoHpSNqo&dib_tag=se&qid=1759744550&s=electronics&sr=1-8305&xpid=UZHjCDxPt3DrQ,https://www.flipkart.com/apple-iphone-16-pro-max-natural-titanium-256-gb/p/itm05ad8e674782a?pid=MOBH4DQFRST2BQQ8&lid=LSTMOBH4DQFRST2BQQ8UII8UK&marketplace=FLIPKART&q=mobile+phones&store=tyy%2F4io&srno=s_25_584&otracker=search&otracker1=search&fm=Search&iid=c3a61a3e-41ea-4acb-a985-ecb61487797c.MOBH4DQFRST2BQQ8.SEARCH&ppt=sp&ppn=sp&ssid=l4l7ylc4mo0000001753088045003&qH=a81ad6e72f7a2fd1,,https://rukminim2.flixcart.com/image/312/312/xif0q/mobile/u/8/w/-original-imah4jz6qhwgukgt.jpeg?q=70,Mobiles,0.4329,,-134549.0,Amazon,134549.0,9959.22
506,924,"realme NARZO 80x 5G (Sunlit Gold,6GB+128GB) | Dimensity 6400 5G Chipset | 6000mAh Long-Lasting Battery | 45W Fast Charge | 120Hz Eye Comfort Display | IP69 Top-Tier Waterproof","realme Narzo 80x 5G (Sunlit Gold, 128 GB)",11498.0,13121.0,4.1,4.2,https://www.amazon.in/realme-Dimensity-Long-Lasting-Top-Tier-Waterproof/dp/B0F1XMGQSP/ref=sr_1_508?dib=eyJ2IjoiMSJ9.-d52f5rZyh4TMIteyQhqcCVD3MxCHH235p1SPQtA0GLM4tYOswXeANcdDVCp1vzQo5DUyCzlFmF7NEYRASdDKOUvv47pZTcpaDuqyXbHBtlKVXkToazQiJ7tPrQ2bTIKhXjaHxsyabF_q5apudnAHWB8SemGxv6wVlhi28WaZGaAayXAEbh_5umOARbJb5XMDJ6lIPW6KRczSP6ww49p97n3nYnJbdD4woxKvu7-ioUP43LBKbQTUPa9PaFclNkAZ4tm0uqmbQth0YoES_EBVjYp0FfMCunFApqrx5zSEf4.m7Al2EumA5TjrchUpd-pN4tzgqbnT0cpRyFk5bR5weE&dib_tag=se&qid=1759735806&s=electronics&sr=1-508&xpid=UZHjCDxPt3DrQ,https://www.flipkart.com/realme-narzo-80x-5g-sunlit-gold-128-gb/p/itm60c23a3292eeb?pid=MOBHB4U6PH2KBG7S&lid=LSTMOBHB4U6PH2KBG7SDNJT6P&marketplace=FLIPKART&q=mobile+phones&store=tyy%2F4io&srno=s_11_246&otracker=search&otracker1=search&fm=Search&iid=5ce010a2-75f2-46b8-b1f1-dfc4dc28fdf3.MOBHB4U6PH2KBG7S.SEARCH&ppt=sp&ppn=sp&ssid=ig88tbaro00000001753087890830&qH=a81ad6e72f7a2fd1,,https://rukminim2.flixcart.com/image/312/312/xif0q/mobile/q/4/r/narzo-80x-5g-rmx3944-realme-original-imahb4u6qyy8tggu.jpeg?q=70,Mobiles,0.432,realme,-1623.0,Amazon,1623.0,14.12
7647,333,"LIRAMARK Silicone Soft Case Cover with Keychain for Airpods Pro 2 Case 2022, AirPods Pro 2nd Generation Cover (Transparent)",Apple AirPods Pro (2nd generation) Bluetooth,138.0,24990.0,3.7,4.3,https://www.amazon.in/LIRAMARK-Silicone-Keychain-Generation-Transparent/dp/B0D6QXJ49R/ref=sr_1_8254?dib=eyJ2IjoiMSJ9.Z7W35iXLmDnqMv3v4gycvZciJFuBX_Ea8RUJrU4su_pmVJypEHnHHOnzZ01dYrjSPgBRwnHrP9c9NQO3q7avDjb5DLm3HffXQHWjFJ9IJzRCxkT1JK_wzO0hA35_LWOyMsMYZNO3IrMS3FK_NvWIsdC9kxOuaByHT8Lo52L6k4fZq1PxwOMB4Ogc5fgKI4zAkndm6LgPebglEMc03JAeHlvo-_ErJI-cfw4k1PzlgDodNeG5mrd2hjf1rqqQ_B4ml6kNc-I-S-cpYvrlS3alZR6lASF_tqfZapa9FIq1w_s.08FR5aSaUsHQ4Ut-5fBmFaW9p-gOsqIuT8x5ldsgafw&dib_tag=se&qid=1759744460&s=electronics&sr=1-8254&xpid=UZHjCDxPt3DrQ,https://www.flipkart.com/apple-airpods-pro-2nd-generation-bluetooth/p/itme8963259e9935?pid=ACCHAGBGS9SQEMPT&lid=LSTACCHAGBGS9SQEMPTKMPNZ8&marketplace=FLIPKART&q=earphones&store=0pm%2Ffcn%2F821&srno=s_23_915&otracker=search&otracker1=search&fm=Search&iid=1af41a8c-3b1e-46e9-899a-40b63b6e694f.ACCHAGBGS9SQEMPT.SEARCH&ppt=sp&ppn=sp&ssid=3fou8h7ik00000001753106572311&qH=54597ea1f2fc7f2e,,https://rukminim2.flixcart.com/image/612/612/xif0q/headphone/a/q/r/-original-imahahbzbyazrwxj.jpeg?q=70,Earphones,0.4303,,-24852.0,Amazon,24852.0,18008.7
222,959,"Samsung Galaxy S24 FE 5G AI Smartphone (Graphite, 8GB RAM, 128GB Storage)","Samsung Galaxy S24 FE 5G (Graphite, 128 GB)",31699.0,59999.0,4.3,4.5,https://www.amazon.in/Samsung-Galaxy-Smartphone-Graphite-Storage/dp/B0DHL7YT5S/ref=sr_1_224?dib=eyJ2IjoiMSJ9.VVG5euYAstHnOYPmfNiXQaGtGhJlBlIwvLSgKIKWOyxgBfkFkt6f8C8UT_L9fjxbU0t4U74FrhN9QxHWeWfhgt-foiEKEYhOzlq7KIA0lV0NoFMY5CtnK11OyWdifj9xrqvXTAx7-2-Hy_NJHv9Y3zDSxPlYSla98fAf_JwPSRPRHo9Lgjz8C4rWh0NaYq6ypsJ5DKZOIP1n9jFM69TKoMo-PpZAph13XdlgPv1jXnA09hX8hOMVeaGWgUyQWGebFEIXJLPEPe6JWWSg6Q48R0-krWgS8A7TFJRZxqtiE60.5BsUwR0YS1sEYPxrb8-62jA6juZ53NU8fNxKaMMR64Y&dib_tag=se&qid=1759735575&s=electronics&sr=1-224&xpid=UZHjCDxPt3DrQ,https://www.flipkart.com/samsung-galaxy-s24-fe-5g-graphite-128-gb/p/itme960199e26f23?pid=MOBH4ZG33EBNZKS7&lid=LSTMOBH4ZG33EBNZKS751CITE&marketplace=FLIPKART&q=mobile+phones&store=tyy%2F4io&srno=s_13_298&otracker=search&otracker1=search&fm=Search&iid=f7119de3-df5b-49d9-9ef6-095197c85fba.MOBH4ZG33EBNZKS7.SEARCH&ppt=sp&ppn=sp&ssid=gce703p29c0000001753087912223&qH=a81ad6e72f7a2fd1,,https://rukminim2.flixcart.com/image/312/312/xif0q/mobile/n/y/y/-original-imahcfwmhfccryad.jpeg?q=70,Mobiles,0.4286,samsung,-28300.0,Amazon,28300.0,89.28
4210,1301,Zapcase Back Case Cover for Samsung Galaxy A56 5G | Compatible for Samsung Galaxy A56 5G Back Cover | Scratch-Resistant Back Cover | Clear,"Samsung Galaxy A56 5G (Awesome Graphite, 256 GB)",244.0,41999.0,4.1,4.3,https://www.amazon.in/Zapcase-Samsung-Galaxy-Compatible-Scratch-Resistant/dp/B0DQTNZMW6/ref=sr_1_4506?dib=eyJ2IjoiMSJ9.Ku1eOhrLr30OuUrGLtXAHUHPvsK0LRANAwlSLTlHe7sUnxBrQLWyHiVCwlZQLftww1o5PVs9g3StdBllng5YWEcW5Z5io1dU9y3v1WurzlAI_ffR3m0jG6IbE9ffTJ96FvztVl1X33N0hdtMH_myqZlhU5Q5bcN4HMY1ifE8T94HJ1U_s5zO4cwhwW-eBYeSLYLMyxKb2mduhEhG8w9mD6TrfR0jbkUGLqbcZE4Xznqjs77aBaTiZNJba8VDS8G5aMrkvVkaVr48qU6bLxj2KAT4Zhf5vNfixQ_UvJl38ng.bbTfNUq7J8w0s66n4TI-uUhE4sPX4FMBhmdZ3zGNquc&dib_tag=se&qid=1759739836&s=electronics&sr=1-4506&xpid=UZHjCDxPt3DrQ,https://www.flipkart.com/samsung-galaxy-a56-5g-awesome-graphite-256-gb/p/itmfc74a277c6fb4?pid=MOBH9RNGDAUAZUGG&lid=LSTMOBH9RNGDAUAZUGGMJ6FXJ&marketplace=FLIPKART&q=mobile+phones&store=tyy%2F4io&srno=s_29_678&otracker=search&otracker1=search&fm=Search&iid=9c28c77d-e1b8-4447-977c-3e75b46c59db.MOBH9RNGDAUAZUGG.SEARCH&ppt=sp&ppn=sp&ssid=bfe30g3s1c0000001753088086408&qH=a81ad6e72f7a2fd1,,https://rukminim2.flixcart.com/image/312/312/xif0q/mobile/3/k/m/-original-imahbyvfmsdxmz5r.jpeg?q=70,Mobiles,0.4281,samsung,-41755.0,Amazon,41755.0,17112.7
6262,744,"Motorola Edge 50 Fusion tG (Forest Green, 8GB RAM + 128GB Storage)","Motorola Edge 50 Fusion (Forest Blue, 128 GB)",18169.0,18999.0,4.0,4.4,https://www.amazon.in/Motorola-Fusion-Forest-Green-Storage/dp/B0DJ7XT5WN/ref=sr_1_6724?dib=eyJ2IjoiMSJ9.sGTCK-4eIABFqC3JVsbyswQ2rqVJRyIw4vx1FCvVJDTnSWW6hAOWmEljAnqhGVYeu01Yh1lCBYKBYYQ21w1clZKTFH3xmWM3PxFOTJsc2EtUTAOjMiVP8_KlO5WwXFCevF1Zde7ysL1__DxQ-aOvx5NEDfAbaDZr_TxnHLxhveQbTY6XurHDmMDOMTFnokiYd8Em-f8q_yQxkrzMQRoJ5OZMpRfe_2P73UqSecVfJzMwofPlMYA9_ZKgR-n6GNZxfTzjlnyF0sqLYK9lsHH-yd0zUCpB7JmfI7IXbxsBLSw.4rG4FN_I4JnDQ6wNTLl8BonuCca326tT4A96owa8Q9Y&dib_tag=se&qid=1759742571&s=electronics&sr=1-6724&xpid=UZHjCDxPt3DrQ,https://www.flipkart.com/motorola-edge-50-fusion-forest-blue-128-gb/p/itm32aa01db0debf?pid=MOBGXTYZMJK85GFG&lid=LSTMOBGXTYZMJK85GFGHTK438&marketplace=FLIPKART&q=mobile+phones&store=tyy%2F4io&srno=s_2_37&otracker=search&otracker1=search&fm=Search&iid=8d7c571b-51b2-486f-84fa-7a4b81c5b634.MOBGXTYZMJK85GFG.SEARCH&ppt=sp&ppn=sp&ssid=bcitpmhteo0000001753087794733&qH=a81ad6e72f7a2fd1,,https://rukminim2.flixcart.com/image/312/312/xif0q/mobile/g/w/r/edge-50-fusion-pb300000in-motorola-original-imahywzztyktktpp.jpeg?q=70,Mobiles,0.4278,motorola,-830.0,Amazon,830.0,4.57
4699,1493,"Redmi 13C 5G (Startrail Green, 4GB RAM, 128GB Storage) | MediaTek Dimensity 6100+ 5G | 90Hz Display","REDMI 13c 5G (Startrail Silver, 128 GB)",11499.0,11498.0,4.0,4.3,https://www.amazon.in/Redmi-Startrail-Storage-MediaTek-Dimensity/dp/B0CNX6WVG5/ref=sr_1_5032?dib=eyJ2IjoiMSJ9.4MXOXPkaSaQwbQ2zJX11VfiQFu7IRwKG-K1y6qjZZQ8zx21N8TBMbuREmDmtWeI9EkYjpLYtylagtQEnWUyVtesGkRjc7kVQapOBdGC4mbPvWsDVz8tYV8XHRy67Fub1DNeY8E-B7juax0GV1kjM3xpqzq1-3Ij-U09LiDvVM4-UEV4Yu8wBPGVxtkcQXKneDrJrmk68-qzCh5hN0UofOzb13CGaNkzKI1En08LYOaeFqCMLFi7fZrfN4-yB3hoIeXqwpuhnzODsm5sglNXmtYzc_7HOQyYwS6sHa2p_hDg.8zUBADmlhXDSDhsYQww98yuE8hglIlEUJTUVMtVFPU4&dib_tag=se&qid=1759740442&s=electronics&sr=1-5032&xpid=UZHjCDxPt3DrQ,https://www.flipkart.com/redmi-13c-5g-startrail-silver-128-gb/p/itm996fbc603ec3c?pid=MOBGW6S7H6ZGKDWJ&lid=LSTMOBGW6S7H6ZGKDWJAILHYS&marketplace=FLIPKART&q=mobile+phones&store=tyy%2F4io&srno=s_37_881&otracker=search&otracker1=search&fm=Search&iid=97e7c1d8-6d4f-44ac-bb66-a510842b7e28.MOBGW6S7H6ZGKDWJ.SEARCH&ppt=sp&ppn=sp&ssid=xuauh4za0g0000001753088274734&qH=a81ad6e72f7a2fd1,,https://rukminim2.flixcart.com/image/312/312/xif0q/mobile/b/n/1/13c-5g-23124rn87i-redmi-original-imahbncqgqcfsbyp.jpeg?q=70,Mobiles,0.4253,redmi,1.0,Flipkart,1.0,0.01
5537,560,"HP 15 (2025),250R Intel Core i3 13th Gen 1315U - (16 GB/512 GB SSD/Intel UHD Graphics/Windows 11 Home) Thin and Light Business Laptop/15.6"" HD Display/Ash Grey/1.5 kg/MS Office 2021",HP 14 (2025) Intel Core i3 13th Gen 1315U - (16 GB/512 GB SSD/Windows 11 Pro) 14 Thin and Light Laptop,32950.0,35490.0,4.1,,https://www.amazon.in/HP-SSD-Thin-Light-Grey/dp/B0F8WC83WT/ref=sr_1_5962?dib=eyJ2IjoiMSJ9.ZluxRsNSS4I7S-TscZfoNutBTprHMYZX3xkT9J6syo-mEcZFn3ZTqBt6OMBNaKZEgGEFjQ7-khkV6qgT8q6YZd2rMeTqt52ewbKow20I-l6H-wjahb3gR24DOsqJFWz8OzOuRmxTMzgvLBD-25VnEpbzRFisRPb5YhYzHNymXz1zajyZIMPm8so-mIGZqsfhzoLHgZwJ3xnojhQnle0glYrFnJ74RrfnaYeUx8vDUFkkBTshvf2VLp6gMcGSjgj5UKB729A_WualCk4cZBRqJ9wP5HnXuXLE4JpEUtcih4g.6UcKZjFBEVfFwfPLE8o7f4YPKxgiOc8OnF0MdRnC8P4&dib_tag=se&qid=1759741619&s=electronics&sr=1-5962&xpid=UZHjCDxPt3DrQ,https://www.flipkart.com/hp-14-2025-intel-core-i3-13th-gen-1315u-16-gb-512-gb-ssd-windows-11-pro-thin-light-laptop/p/itm1eb3e59ad17a1?pid=COMHCPGZWZT6ZDYB&lid=LSTCOMHCPGZWZT6ZDYBFXYMJ3&marketplace=FLIPKART&q=laptop+hp&store=6bo%2Fb5g&srno=s_13_295&otracker=search&fm=organic&iid=f86dcd04-6d10-4524-8f0c-15af20acf383.COMHCPGZWZT6ZDYB.SEARCH&ppt=sp&ppn=sp&ssid=23wr8kk5m80000001753105330600&qH=afa4496eec6c609d,,https://rukminim2.flixcart.com/image/312/312/xif0q/computer/k/u/v/14-thin-and-light-laptop-hp-original-imahcpgzctggb2tt.jpeg?q=70,Laptops,0.4249,hp,-2540.0,Amazon,2540.0,7.71
1253,740,Motorola Edge 60 Fusion XT2503-2 8 + 256 GB Pan tone Zephyr,"MOTOROLA Edge 60 Fusion 5G (PANTONE Zephyr, 256 GB)",21099.0,22999.0,4.2,4.5,https://www.amazon.in/Motorola-PB7G0010IN-PB7G0013IN/dp/B0F46SJGZG/ref=sr_1_1268?dib=eyJ2IjoiMSJ9.3D66oSoGhtWaoJ4utFxdk08YoHhmGblZzI6zTXUjSZCqbCsd7wuyo_6LKfVGJH0fQluvu_mlEpgxOF7YWe_BbcUmKksyVHiAvTpvHRvNH8fOpDg_TasgmlxZHsEGlU89meWEk7dhqHUOVDTj1E4rZdu520TETN8mkY3RNfcjPZ4Fa43vn02aei_tNcA8pyg-f6yscqYDatYBhw4YPt4jTZFyNdnOn4zPhCjseu9GzR8nNZnf5rBAq2-wxQvtGXjXC2k7IXQCIVXOUYjmZ39Oi5ctUXhdrnsMsb1yTFmLh4A.IxBMHgFDuRWRnJ1PqbVMd5IYV7zcpy3xYckXtUoXS_Q&dib_tag=se&qid=1759736421&s=electronics&sr=1-1268&xpid=UZHjCDxPt3DrQ,https://www.flipkart.com/motorola-edge-60-fusion-5g-pantone-zephyr-256-gb/p/itmc9dbbd784b6bc?pid=MOBH9ARFURQ8U2ZF&lid=LSTMOBH9ARFURQ8U2ZF2HUBRS&marketplace=FLIPKART&q=mobile+phones&store=tyy%2F4io&srno=s_2_33&otracker=search&otracker1=search&fm=Search&iid=8d7c571b-51b2-486f-84fa-7a4b81c5b634.MOBH9ARFURQ8U2ZF.SEARCH&ppt=sp&ppn=sp&ssid=bcitpmhteo0000001753087794733&qH=a81ad6e72f7a2fd1,,https://rukminim2.flixcart.com/image/312/312/xif0q/mobile/q/b/p/-original-imahbfmd2fapmg5r.jpeg?q=70,Mobiles,0.4228,motorola,-1900.0,Amazon,1900.0,9.01
231,1363,"OnePlus Nord CE4 (Celadon Marble, 8GB RAM, 128GB Storage) | Lifetime Display Warranty | Qualcomm® Snapdragon™ 7 Gen 3 - Best in The Segment | 50 MP Camera with OIS","OnePlus Nord CE4 (Celadon Marble, 128 GB)",18999.0,22899.0,4.3,4.4,https://www.amazon.in/OnePlus-Nord-CE4-Lifetime-Warranty/dp/B0CX58MTNN/ref=sr_1_233?dib=eyJ2IjoiMSJ9.VVG5euYAstHnOYPmfNiXQaGtGhJlBlIwvLSgKIKWOyxgBfkFkt6f8C8UT_L9fjxbU0t4U74FrhN9QxHWeWfhgt-foiEKEYhOzlq7KIA0lV0NoFMY5CtnK11OyWdifj9xrqvXTAx7-2-Hy_NJHv9Y3zDSxPlYSla98fAf_JwPSRPRHo9Lgjz8C4rWh0NaYq6ypsJ5DKZOIP1n9jFM69TKoMo-PpZAph13XdlgPv1jXnA09hX8hOMVeaGWgUyQWGebFEIXJLPEPe6JWWSg6Q48R0-krWgS8A7TFJRZxqtiE60.5BsUwR0YS1sEYPxrb8-62jA6juZ53NU8fNxKaMMR64Y&dib_tag=se&qid=1759735575&s=electronics&sr=1-233&xpid=UZHjCDxPt3DrQ,https://www.flipkart.com/oneplus-nord-ce4-celadon-marble-128-gb/p/itm5a09089114afb?pid=MOBGZN8YJ4KZ2KNH&lid=LSTMOBGZN8YJ4KZ2KNHPU9GXE&marketplace=FLIPKART&q=mobile+phones&store=tyy%2F4io&srno=s_31_743&otracker=search&otracker1=search&fm=Search&iid=6f3dc78c-f8e0-4723-83f0-974855061bd7.MOBGZN8YJ4KZ2KNH.SEARCH&ppt=sp&ppn=sp&ssid=gksfv80g1s0000001753088106751&qH=a81ad6e72f7a2fd1,,https://rukminim2.flixcart.com/image/312/312/xif0q/mobile/6/z/x/nord-ce4-cph2613-oneplus-original-imagzn8vddauqjhx.jpeg?q=70,Mobiles,0.4226,oneplus,-3900.0,Amazon,3900.0,20.53
443,926,"iQOO Neo 10R 5G (Moonknight Titanium, 8GB RAM, 128GB Storage) | Snapdragon 8s Gen 3 Processor | India's Slimmest 6400mAh Battery Smartphone | Segment's Most Stable 90FPS for 5 Hours","IQOO Neo 10R 5G (MoonKnight Titanium, 128 GB)",24999.0,25704.0,4.4,4.5,https://www.amazon.in/iQOO-Moonknight-Snapdragon-Processor-Smartphone/dp/B0DW478NDF/ref=sr_1_445?dib=eyJ2IjoiMSJ9.UPQzcARBbnzwhlfTrgunRl2RKBLxz3eSjXeuzxYz2J-A_E-e60z9te16vfYDI_u494jIIq_wcWK1UP0r28ing9_HMt9_etutF4hLyHKbr0VOYcsNLXN8tOoo3f2wJf47sJlaqAuw8n1PfVw1LTgTLe6oqikM7iKuh2ITQs15QXWjW46StPV_t4tK9sqbeyjlF82UEBHR6nQ7GI4GvHl-9gLp9bUoPjgOdp60yTg5HCWRilFo2aC2YNSAQonTpwMmUPaMWdzY6dZFb11JhsvOsjB-6HD2a04cAKKKneH5Evg.LPru5WBdj-hR0K8QGuQyRdOUQA9h9KBpKgsZLYHOMB8&dib_tag=se&qid=1759735743&s=electronics&sr=1-445&xpid=UZHjCDxPt3DrQ,https://www.flipkart.com/iqoo-neo-10r-5g-moonknight-titanium-128-gb/p/itmdeb505b0113f2?pid=MOBHA7HHCSXWHNZJ&lid=LSTMOBHA7HHCSXWHNZJYEOVOY&marketplace=FLIPKART&q=mobile+phones&store=tyy%2F4io&srno=s_11_249&otracker=search&otracker1=search&fm=Search&iid=5ce010a2-75f2-46b8-b1f1-dfc4dc28fdf3.MOBHA7HHCSXWHNZJ.SEARCH&ppt=sp&ppn=sp&ssid=ig88tbaro00000001753087890830&qH=a81ad6e72f7a2fd1,,https://rukminim2.flixcart.com/image/312/312/xif0q/mobile/y/q/z/10r-5g-i2221-iqoo-original-imaha7hgqdhpgqvv.jpeg?q=70,Mobiles,0.4218,,-705.0,Amazon,705.0,2.82
44,904,"iQOO Neo 10R 5G (Moonknight Titanium, 8GB RAM, 256GB Storage) | Snapdragon 8s Gen 3 Processor | India's Slimmest 6400mAh Battery Smartphone | Segment's Most Stable 90FPS for 5 Hours","IQOO Neo 10R 5G (MoonKnight Titanium, 256 GB)",26998.0,27403.0,4.4,4.5,https://www.amazon.in/iQOO-Moonknight-Snapdragon-Processor-Smartphone/dp/B0DW47JCHW/ref=sr_1_45?dib=eyJ2IjoiMSJ9.DNFHhKCM4dMpSkef5mTBQJMTCMoeChM7yRO4VXXQjGaDPYpuHQwNq5a3UsR9DwHo03qpaRAFhOr2rTF2DPUQJQSRdQIlG3AVYkIaRJ43mt7GMQDJ075RTDYsbXLtZqvA_6AFOAA115qA5jOawWgWJ8jZb0NSO8Jw8yi1dm4qq941QZNUxQberIzIntzighndJ5LSmaamCjW3J56vbtf2b2Z5zC4l-F7fi0DQzzmDXVDncr14-tCl7FgnGhfB9tTOmJpA1uE7rLKaY8bNQ30NMxpAFewDd82fd4oAhLZzuPU.sD8PWh1qlYjKB473qgIbnSWnDNTJheAamgrDSTHjMqs&dib_tag=se&qid=1759735423&s=electronics&sr=1-45&xpid=UZHjCDxPt3DrQ,https://www.flipkart.com/iqoo-neo-10r-5g-moonknight-titanium-256-gb/p/itmdeb505b0113f2?pid=MOBHA7HHKYD4SEFH&lid=LSTMOBHA7HHKYD4SEFH940N40&marketplace=FLIPKART&q=mobile+phones&store=tyy%2F4io&srno=s_10_218&otracker=search&otracker1=search&fm=Search&iid=10892e57-4fcf-427c-95ef-b718a66c42e5.MOBHA7HHKYD4SEFH.SEARCH&ppt=sp&ppn=sp&ssid=v1qp6688jk0000001753087880600&qH=a81ad6e72f7a2fd1,,https://rukminim2.flixcart.com/image/312/312/xif0q/mobile/y/q/z/10r-5g-i2221-iqoo-original-imaha7hgqdhpgqvv.jpeg?q=70,Mobiles,0.4216,,-405.0,Amazon,405.0,1.5
223,906,"iQOO Neo 10R 5G (Raging Blue, 8GB RAM, 256GB Storage) | Snapdragon 8s Gen 3 Processor | India's Slimmest 6400mAh Battery Smartphone | Segment's Most Stable 90FPS for 5 Hours","IQOO Neo 10R 5G (Raging Blue, 256 GB)",26998.0,27270.0,4.4,4.5,https://www.amazon.in/iQOO-Snapdragon-Processor-Slimmest-Smartphone/dp/B0DW48MM7C/ref=sr_1_225?dib=eyJ2IjoiMSJ9.VVG5euYAstHnOYPmfNiXQaGtGhJlBlIwvLSgKIKWOyxgBfkFkt6f8C8UT_L9fjxbU0t4U74FrhN9QxHWeWfhgt-foiEKEYhOzlq7KIA0lV0NoFMY5CtnK11OyWdifj9xrqvXTAx7-2-Hy_NJHv9Y3zDSxPlYSla98fAf_JwPSRPRHo9Lgjz8C4rWh0NaYq6ypsJ5DKZOIP1n9jFM69TKoMo-PpZAph13XdlgPv1jXnA09hX8hOMVeaGWgUyQWGebFEIXJLPEPe6JWWSg6Q48R0-krWgS8A7TFJRZxqtiE60.5BsUwR0YS1sEYPxrb8-62jA6juZ53NU8fNxKaMMR64Y&dib_tag=se&qid=1759735575&s=electronics&sr=1-225&xpid=UZHjCDxPt3DrQ,https://www.flipkart.com/iqoo-neo-10r-5g-raging-blue-256-gb/p/itmdeb505b0113f2?pid=MOBHA7HH9KS4RDHZ&lid=LSTMOBHA7HH9KS4RDHZAPMYCX&marketplace=FLIPKART&q=mobile+phones&store=tyy%2F4io&srno=s_10_224&otracker=search&otracker1=search&fm=Search&iid=10892e57-4fcf-427c-95ef-b718a66c42e5.MOBHA7HH9KS4RDHZ.SEARCH&ppt=sp&ppn=sp&ssid=v1qp6688jk0000001753087880600&qH=a81ad6e72f7a2fd1,,https://rukminim2.flixcart.com/image/312/312/xif0q/mobile/h/c/q/10r-5g-i2221-iqoo-original-imaha7hgyebd7guj.jpeg?q=70,Mobiles,0.4211,,-272.0,Amazon,272.0,1.01
8578,907,RIGGEAR Shockproof Sleek Hybrid Armor Back Cover Case for CMF by Nothing Phone 2 Pro/CMF Phone 2 Pro 5G (Smoke Black Matte PC and Black TPU Bumper),"CMF by Nothing Phone 2 Pro (Black, 128 GB)",379.0,18999.0,4.4,4.4,https://www.amazon.in/RIGGEAR-CMF-Phone-Black-Matte/dp/B0F89MTCTN/ref=sr_1_9260?dib=eyJ2IjoiMSJ9.SdBNcq8TPV14KUnRm750_7tz3pcX5-FC3-tBjNe_esKwWQVX9LJ1Z0oBNn0tV827Z2SBjpRZHqovlq7YlBZh42CJ3c9bjD5YO_IalGTADVP_Gxjo4IbPGNNc5I_8lmAguBqNv4b3hsfFC4bMV5brZXXtONGeXpaYe3PTqSrErc5dHXUnyDuRd7zBo_k2ikRO_rKBB_ohsxSeMaJOd4L4G5yuvtxwiAkC8Yog8jboCsCjDl_YFH1ccPSRcTzj1TOvQTq_emJ6vTEwNPKgYJQTNhOfX5AuWoDVOQcHvxp84nw.3x2Td0cF1yltWieGaRascpV0MKRPcEnfddId5SrTo88&dib_tag=se&qid=1759745703&s=electronics&sr=1-9260&xpid=UZHjCDxPt3DrQ,https://www.flipkart.com/cmf-nothing-phone-2-pro-black-128-gb/p/itm46a119f176627?pid=MOBHAUHA5GRW9FS2&lid=LSTMOBHAUHA5GRW9FS2TVI8FR&marketplace=FLIPKART&q=mobile+phones&store=tyy%2F4io&srno=s_10_225&otracker=search&otracker1=search&fm=Search&iid=10892e57-4fcf-427c-95ef-b718a66c42e5.MOBHAUHA5GRW9FS2.SEARCH&ppt=sp&ppn=sp&ssid=v1qp6688jk0000001753087880600&qH=a81ad6e72f7a2fd1,,https://rukminim2.flixcart.com/image/312/312/xif0q/mobile/w/y/d/-original-imahc7ezmtmajyye.jpeg?q=70,Mobiles,0.4205,nothing,-18620.0,Amazon,18620.0,4912.93
7958,1477,Redmi Note 14 Pro 5G Ivy Green 8GB RAM 256GB Storage|50 MP Sony Camera Setup|Corning Gorilla Glass Victus 2 | 1.5K 3D Curved AMOLED | Mediatek Dimensity 7300- Ultra,"REDMI Note 14 Pro 5G (Ivy Green, 256 GB)",23998.0,24999.0,4.0,4.3,https://www.amazon.in/Redmi-Storage-Corning-Mediatek-Dimensity/dp/B0DQFG2MX4/ref=sr_1_8585?dib=eyJ2IjoiMSJ9.A2IA86SDBtIbqqKvtB5L0cwe1MFH0yBxA8WqVDUsPrQPCCnTJDen-8D-kChFjn4SVIQZ7pQAnoAE06qDzA2LhbOzNchE9noOCILBosjkHJf7qlZ3O7ilen2RCGNV0vlc_qrro-qEOUB7SI_ccwqW2vF-WI2vn0R1Ehd-85vNeTyeVBn6WFaxB6qbgInPG33qCf0DZNU2EDujcpXUgJHgj1ZKq29BCUiaHl3mdVbA6LImg9q3yVYuKlZIcdsSty45FWvYXv-fO48Ocd4gLjmVvbpRDLoJG2KnFvgtyq1M7Wo.xOy74diqG4XQXHf_k5cEa71J1BaNaK49BE4DwFQUuik&dib_tag=se&qid=1759744873&s=electronics&sr=1-8585&xpid=UZHjCDxPt3DrQ,https://www.flipkart.com/redmi-note-14-pro-5g-ivy-green-256-gb/p/itm260f3edcb0cde?pid=MOBH753HFQZSJZYJ&lid=LSTMOBH753HFQZSJZYJHQHJMU&marketplace=FLIPKART&q=mobile+phones&store=tyy%2F4io&srno=s_36_861&otracker=search&otracker1=search&fm=Search&iid=cb80cd78-aa8b-47d5-bcd1-5ee62f38f951.MOBH753HFQZSJZYJ.SEARCH&ppt=sp&ppn=sp&ssid=nu5401e1800000001753088265358&qH=a81ad6e72f7a2fd1,,https://rukminim2.flixcart.com/image/312/312/xif0q/mobile/p/x/i/-original-imahdxq5dab5euhj.jpeg?q=70,Mobiles,0.4204,redmi,-1001.0,Amazon,1001.0,4.17
7337,1301,"Spigen Liquid Air for Samsung Galaxy A56 5G Case, Galaxy A56 5G Back Cover (2025) - TPU｜Matte Black","Samsung Galaxy A56 5G (Awesome Graphite, 256 GB)",902.0,41999.0,4.5,4.3,https://www.amazon.in/Spigen-Liquid-Samsung-Galaxy-Cover/dp/B0DQ64HR5T/ref=sr_1_7922?dib=eyJ2IjoiMSJ9.e07_3eGXExUBpvIkxlTQYI2t-jxj71hIGkXnzoi9MdTcBQjq6-HZHkVFLPUOzQf1POQZ6h9dhCmNRx2ganEkq1wQgMyH9ymB9X-AZn1ce8li1LPGh78aJCd_YlrinFzrNjdwmYaYj5XyXWvhaZY6WqgTFdwtHpRaH2aCogC4f1U6Vt0yGlogEl9z58vheLk3yJe_b9HHA6qNx8FtMtH_eckWNdmMB5WGhnTEWFxgm57TZtYq3bo4hQM2KsUVw_Tl2sh4I3d2Dtg5je_dHemo0Mj2c8wvaajELwBqXoQJ-S0.LdoI2lu1p7SNsY67stNsiJRTu0MVIy47lwNjPxFuyH4&dib_tag=se&qid=1759744057&s=electronics&sr=1-7922&xpid=UZHjCDxPt3DrQ,https://www.flipkart.com/samsung-galaxy-a56-5g-awesome-graphite-256-gb/p/itmfc74a277c6fb4?pid=MOBH9RNGDAUAZUGG&lid=LSTMOBH9RNGDAUAZUGGMJ6FXJ&marketplace=FLIPKART&q=mobile+phones&store=tyy%2F4io&srno=s_29_678&otracker=search&otracker1=search&fm=Search&iid=9c28c77d-e1b8-4447-977c-3e75b46c59db.MOBH9RNGDAUAZUGG.SEARCH&ppt=sp&ppn=sp&ssid=bfe30g3s1c0000001753088086408&qH=a81ad6e72f7a2fd1,,https://rukminim2.flixcart.com/image/312/312/xif0q/mobile/3/k/m/-original-imahbyvfmsdxmz5r.jpeg?q=70,Mobiles,0.4199,samsung,-41097.0,Amazon,41097.0,4556.21
7,785,"OnePlus Nord CE4 Lite 5G (Super Silver, 8GB RAM, 128GB Storage) | Lifetime Display Warranty | 5500 mAh Battery, 80W SUPERVOOC and Reverse Charging | 50MP Camera with OIS | 120Hz AMOLED Display","OnePlus Nord CE4 lite 5G (SUPER SILVER, 128 GB)",15999.0,16883.0,4.2,4.4,https://www.amazon.in/OnePlus-Super-Silver-128GB-Storage/dp/B0D5YCYS1G/ref=sr_1_8?dib=eyJ2IjoiMSJ9.8-aKrERwPzdGyJWfWOa56BDYB1mnBqGBvnzq6l53HItCsQsxbIFLm21v9R_6FmoTBpJ600hwiR0xOHvF_xx6hMwuEFgEDCYS9iGPnysMOr1BWijktkdu3ikYyaKbiI1q6gDckmDjnylxNO7h1uRbVl7x9fl6TPDK1qp0lGKkRE5gA_wftZX3ERHLcmlkaYn3JAuOQvpxTESxFK3S1ePna3mBomQ_OcwMoivmua83h6CZUcigr3iU7jURLZAo9N2uU6GL2oUlta2OjQEkKGjrvkamiEG_33JUxUeZFvBui50.uZI1p62DqPjx-nuhqdw4L2Wnx43Peyq1jL9BkLtfCSk&dib_tag=se&qid=1759735404&s=electronics&sr=1-8&xpid=UZHjCDxPt3DrQ,https://www.flipkart.com/oneplus-nord-ce4-lite-5g-super-silver-128-gb/p/itm8fd5fdf300955?pid=MOBH25ZDPHNF38XJ&lid=LSTMOBH25ZDPHNF38XJDFIHR9&marketplace=FLIPKART&q=mobile+phones&store=tyy%2F4io&srno=s_4_79&otracker=search&otracker1=search&fm=Search&iid=4bdf492a-549d-4735-91d3-2d10536e45ed.MOBH25ZDPHNF38XJ.SEARCH&ppt=sp&ppn=sp&ssid=scs8nge6b40000001753087817678&qH=a81ad6e72f7a2fd1,,https://rukminim2.flixcart.com/image/312/312/xif0q/mobile/r/u/9/-original-imah5wxnktvffhgq.jpeg?q=70,Mobiles,0.4192,oneplus,-884.0,Amazon,884.0,5.53
158,247,"OnePlus Bullets Z2 Bluetooth Wireless in Ear Earphones with Mic, Bombastic Bass, 10 Mins Charge - 20 Hrs Music, 30 Hrs Battery Life (Acoustic Red)",OnePlus Bullets Z2 Bluetooth,1299.0,1695.0,4.1,3.4,https://www.amazon.in/Oneplus-Bluetooth-Wireless-Earphones-Bombastic/dp/B0B3MNYGTW/ref=sr_1_160?dib=eyJ2IjoiMSJ9.0SRjyDuPyka0YHhrnuKxxwY1GD-bZkN1bQPpffuRQa9jwUYILPkLtlttgxP7wZp5Ff21Hv_izflaTtMgrFoK-7lrOA7Hra83s0Wo6LHUC6aDjZa6N52A32oGGXXQH8mzpWAfd8wglSvT_GeRSp1BMaSE7q-RUEyfNz9cN29M5E78jEULOdsDMW_xjhPKQBC-1MneQCACyGUEpubnZ3K8DvLo6HqODEUuiFPZB8AA7qjgcHhFyWO_rZE-I8IF4JNmraNmigEvxwx-NExBi2EU-AOGZ0NBjNFOP0fulXwV94k.NQ2GY73tKuKgTnHrt7V8jC_Y5ptlxPiz1oXBVV-HaQs&dib_tag=se&qid=1759735523&s=electronics&sr=1-160&xpid=UZHjCDxPt3DrQ,https://www.flipkart.com/oneplus-bullets-z2-bluetooth/p/itm5f5590fbad86c?pid=ACCHDY7RNGDXYMZY&lid=LSTACCHDY7RNGDXYMZYFIMI62&marketplace=FLIPKART&q=earphones&store=0pm%2Ffcn%2F821&srno=s_18_714&otracker=search&otracker1=search&fm=Search&iid=421a83fd-dbdf-4ce4-8a3f-06bbd561f720.ACCHDY7RNGDXYMZY.SEARCH&ppt=sp&ppn=sp&ssid=yws6fserkw0000001753106412734&qH=54597ea1f2fc7f2e,,https://rukminim2.flixcart.com/image/612/612/xif0q/headphone/t/8/r/bullets-wireless-z2-bluetooth-oneplus-original-imahczhpb7v7qddq.jpeg?q=70,Earphones,0.4184,oneplus,-396.0,Amazon,396.0,30.48
6451,1486,TheGiftKart Hybrid Shockproof Back Cover Case for Samsung Galaxy S25 Ultra 5G | Hard Back Cover Case for Samsung Galaxy S25 Ultra 5G,"Samsung Galaxy S25 Ultra 5G (Titanium Whitesilver, 256 GB)",357.0,117999.0,4.2,4.7,https://www.amazon.in/TheGiftKart-Ultra-Hybrid-Shockproof-Protection-Transparent/dp/B0DS897V7Y/ref=sr_1_6919?dib=eyJ2IjoiMSJ9.pCMlTB0PO59hqXlqJ5pD-xoACS0phRwwVNiCqgt-9AYACmhN7GSWXMFuok9rvtD-vrhs4D78lokrvMg7AHjW783ey51HfEfuOcBXTdz4K6guHAlvG8OEWV4ZqK-ERyrFPCaGoNfD19AytSGm0iNLH2zSLUy7cMo_E0kd4f9Fz5xm2AtUE1OGJlHQgcwv0o9XA6EQ78Eake1aRvrlvXX75DsGTGMAJuJY16UIIwxQw6JwauNhsdShjWMPUeyUGgFVP1okU0h2kHfPMUpl4WVmRzpXSPnFb7DPS5mc25psl9o.-wioiNjQDAtecx0Yk8cNMqi4QYtBCRUsGtpT-s_Jbz4&dib_tag=se&qid=1759742817&s=electronics&sr=1-6919&xpid=UZHjCDxPt3DrQ,https://www.flipkart.com/samsung-galaxy-s25-ultra-5g-titanium-whitesilver-256-gb/p/itm9beb2f2beaa5e?pid=MOBH8K8U56WRFZFR&lid=LSTMOBH8K8U56WRFZFRNVXGVH&marketplace=FLIPKART&q=mobile+phones&store=tyy%2F4io&srno=s_37_874&otracker=search&otracker1=search&fm=Search&iid=97e7c1d8-6d4f-44ac-bb66-a510842b7e28.MOBH8K8U56WRFZFR.SEARCH&ppt=sp&ppn=sp&ssid=xuauh4za0g0000001753088274734&qH=a81ad6e72f7a2fd1,,https://rukminim2.flixcart.com/image/312/312/xif0q/mobile/z/c/n/-original-imahch2huanfywjg.jpeg?q=70,Mobiles,0.4181,samsung,-117642.0,Amazon,117642.0,32952.94
182,904,"iQOO Neo 10R 5G (Moonknight Titanium, 12GB RAM, 256GB Storage) | Snapdragon 8s Gen 3 Processor | India's Slimmest 6400mAh Battery Smartphone | Segment's Most Stable 90FPS for 5 Hours","IQOO Neo 10R 5G (MoonKnight Titanium, 256 GB)",28998.0,27403.0,4.4,4.5,https://www.amazon.in/iQOO-Moonknight-Snapdragon-Processor-Smartphone/dp/B0DW47CJBW/ref=sr_1_184?dib=eyJ2IjoiMSJ9.Fpc_Q0pLEd7N-muX-cdgtDZuy86ZyzYJsWiJRaoIsTdeqEeXKUXgzGJvAUroYOqbqlgL0jV4AZYceOwQLgcCVflwBB8jHY6TAwJcrqbdqi_2JiO0hRJ7G2rLJsDukzqegJZeQ4uTJsyxPUD_ie3Fr0nwEbmY8mlYFxtxXMadED2lHVa8PhvZtTLs944RK781E2MVmnt_toS11xZzl2Qk-2p242B7j7JsMAGrVwKJ4Vm2D9YpWLJM-V6A7h-jUnt8EkPyFb7QftmgzfHf-eaJ8al6US7BMSb2VV0V2AvAWNg.hRQBq9tBHc04eya1uCbQ6zCu8uTbNYiULxo2G28spzo&dib_tag=se&qid=1759735540&s=electronics&sr=1-184&xpid=UZHjCDxPt3DrQ,https://www.flipkart.com/iqoo-neo-10r-5g-moonknight-titanium-256-gb/p/itmdeb505b0113f2?pid=MOBHA7HHKYD4SEFH&lid=LSTMOBHA7HHKYD4SEFH940N40&marketplace=FLIPKART&q=mobile+phones&store=tyy%2F4io&srno=s_10_218&otracker=search&otracker1=search&fm=Search&iid=10892e57-4fcf-427c-95ef-b718a66c42e5.MOBHA7HHKYD4SEFH.SEARCH&ppt=sp&ppn=sp&ssid=v1qp6688jk0000001753087880600&qH=a81ad6e72f7a2fd1,,https://rukminim2.flixcart.com/image/312/312/xif0q/mobile/y/q/z/10r-5g-i2221-iqoo-original-imaha7hgqdhpgqvv.jpeg?q=70,Mobiles,0.4179,,1595.0,Flipkart,1595.0,5.82
662,906,"iQOO Neo 10R 5G (Raging Blue, 12GB RAM, 256GB Storage) | Snapdragon 8s Gen 3 Processor | India's Slimmest 6400mAh Battery Smartphone | Segment's Most Stable 90FPS for 5 Hours","IQOO Neo 10R 5G (Raging Blue, 256 GB)",28998.0,27270.0,4.4,4.5,https://www.amazon.in/iQOO-Snapdragon-Processor-Slimmest-Smartphone/dp/B0DW471L9F/ref=sr_1_666?dib=eyJ2IjoiMSJ9.1Qb5WCkhVbEHEenAQjIczSuyxXnkzxvIJIFrThDdwON1LYUmp4t1FQib_wgND4AHZ8loPhBNojr-IzvXfS_QITRe89p9Bkq7HqKDUUcqudsDfwgIaUZbuTU6ujIdNy2weWaY6B5u51QWPhbdQ83GgJv8k-UCCtWClNS3ODm4Dypb85a6iVypperIehsFl5aoAkBJVho-QKLbH1iaDV2KgiJe2xY-FyxFpCkhjHVG6R-3z2vW7LMm_Ju54y7NlkUEGm3dDqAYWkr_fL-qupTqXIq0J6n6SrMUBgQyTa0xdLI.yYSolL4HUYUGo0NhB_hISMC810WfPN3gfzEOzTGoRRU&dib_tag=se&qid=1759735918&s=electronics&sr=1-666&xpid=UZHjCDxPt3DrQ,https://www.flipkart.com/iqoo-neo-10r-5g-raging-blue-256-gb/p/itmdeb505b0113f2?pid=MOBHA7HH9KS4RDHZ&lid=LSTMOBHA7HH9KS4RDHZAPMYCX&marketplace=FLIPKART&q=mobile+phones&store=tyy%2F4io&srno=s_10_224&otracker=search&otracker1=search&fm=Search&iid=10892e57-4fcf-427c-95ef-b718a66c42e5.MOBHA7HH9KS4RDHZ.SEARCH&ppt=sp&ppn=sp&ssid=v1qp6688jk0000001753087880600&qH=a81ad6e72f7a2fd1,,https://rukminim2.flixcart.com/image/312/312/xif0q/mobile/h/c/q/10r-5g-i2221-iqoo-original-imaha7hgyebd7guj.jpeg?q=70,Mobiles,0.4175,,1728.0,Flipkart,1728.0,6.34
1638,1523,"realme NARZO 80 Pro 5G (Racing Green,8GB+256GB) | Segment's 1st MediaTek Dimensity 7400 Chipset | 6000mAh Titan Battery + 80W Ultra Charge | 4500nits HyperGlow Esports Display | IP69 Waterproof","realme Narzo 80 Pro 5G (Racing Green, 256 GB)",18998.0,21480.0,4.3,4.4,https://www.amazon.in/realme-Segments-Dimensity-HyperGlow-Waterproof/dp/B0F1D9Q5G4/ref=sr_1_1667?dib=eyJ2IjoiMSJ9.zwAJKS2wqviYoqSBNAmyY7wieMQvXfxHPIy9qcGblto-YShA7_GIrYw_yiF1hrPksJAAmyxG_RFz2LDZGJaqfq2AePpk3wbJu7k5NBM9iEEEKUVThrdDUQ4vFUd14xUuovMV6C8dRf0RnQduVYbAXesE69anJr9RJXMZhTp8mmGrMnd7wfebb_WE4IITuInoZcEc8kxN0OCzWfcCdNc0cdQCK7l2oFiOfevoocvxzsZbN5xXrfgAsC4s3RrN_lWP2ZOpDzE6lB8ouvopUxrhcjBbPazsZt34ixR9bhJ-Rys.SDNAo2IFW_QSCmK4Y9TyRTrlLB9869uc1bu9GqdCzNQ&dib_tag=se&qid=1759736847&s=electronics&sr=1-1667&xpid=UZHjCDxPt3DrQ,https://www.flipkart.com/realme-narzo-80-pro-5g-racing-green-256-gb/p/itmfe3cb63d4f727?pid=MOBHB4U67U2AVJAY&lid=LSTMOBHB4U67U2AVJAYD95D3X&marketplace=FLIPKART&q=mobile+phones&store=tyy%2F4io&srno=s_38_912&otracker=search&otracker1=search&fm=Search&iid=d11d793d-1b32-419f-a92b-850ad8de1222.MOBHB4U67U2AVJAY.SEARCH&ppt=sp&ppn=sp&ssid=t6vdtqbrj40000001753088284086&qH=a81ad6e72f7a2fd1,,https://rukminim2.flixcart.com/image/312/312/xif0q/mobile/b/v/z/narzo-80-pro-5g-rmx5033-realme-original-imahb4u6kztxtcrd.jpeg?q=70,Mobiles,0.4154,realme,-2482.0,Amazon,2482.0,13.06
382,897,"realme NARZO 80x 5G (Deep Ocean,8GB+128GB) | | Dimensity 6400 5G Chipset | 6000mAh Long-Lasting Battery | 45W Fast Charge | 120Hz Eye Comfort Display | IP69 Top-Tier Waterproof","realme Narzo 80x 5G (Deep Ocean, 128 GB)",12498.0,13367.0,4.1,4.2,https://www.amazon.in/realme-Dimensity-Long-Lasting-Top-Tier-Waterproof/dp/B0F18VTN7P/ref=sr_1_384?dib=eyJ2IjoiMSJ9.i_j5tCz8NHMHVbZyJUeHdTqQTV-HLCzq9h0ppXDfxzO2v7A6sIg5R0P3xx15yqi9tEdP1eEVsd9Nq1QQ0gC7t0y_X5LUGNDhWcjGaBDnPjM_73tuF_Vl7lOT3TiJjLrPpibmii5KhWR_23cdkBvqNj62LFJJSx1_aswseLINnXR9HvexDkZYZYeZjRtsQJyg2feO4apNeeTDVFvR0ybR7dyOarnSNp1cOVEqjln4j6TwLRKDOTzHJcVahZ5vIUXiTMHEM57_ij9EXsz94m4hbXuGkZTD5o2U9KvitLxkJoc.NXpAh5ASEllXpEUqzKfV10ZWrO_5wPJZCsp7xniGC2M&dib_tag=se&qid=1759735681&s=electronics&sr=1-384&xpid=UZHjCDxPt3DrQ,https://www.flipkart.com/realme-narzo-80x-5g-deep-ocean-128-gb/p/itm60c23a3292eeb?pid=MOBHB4U6PTKGSVZB&lid=LSTMOBHB4U6PTKGSVZB2TZR9E&marketplace=FLIPKART&q=mobile+phones&store=tyy%2F4io&srno=s_9_209&otracker=search&otracker1=search&fm=Search&iid=542988a7-d9c6-4e1e-b1cc-fb1e0bc2dafa.MOBHB4U6PTKGSVZB.SEARCH&ppt=sp&ppn=sp&ssid=afkuhooum80000001753087870382&qH=a81ad6e72f7a2fd1,,https://rukminim2.flixcart.com/image/312/312/xif0q/mobile/g/p/v/narzo-80x-5g-rmx3944-realme-original-imahb4u6zjjdwxs6.jpeg?q=70,Mobiles,0.4149,realme,-869.0,Amazon,869.0,6.95
4106,269,"ZEBRONICS Zeb Buds C2 in Ear Type C Wired Earphones with Mic, Braided 1.2 Metre Cable, Metallic Design, 10mm Drivers, in Line Mic & Volume Controller (Blue)","ZEBRONICS Zeb-Buds C2, Type-C , In-Line Mic, 10mm Drive...",249.0,299.0,3.6,3.8,https://www.amazon.in/Zeb-Buds-C2-Controller-Blue/dp/B08VRMK55F/ref=sr_1_4386?dib=eyJ2IjoiMSJ9.7yhpFbeS_r0Y0fB9bNUzfaLbPEqKw4WKwiHiV9ic2Wta8wwc0FtSn7t4cudVKuJgGrGKDPa3i4pOJS_EmAcpA6GGmICZhHbnyKjq9DbdElmb-328bvsHEY_faz1gD7F48XC6ZJxf4iRZM5lj03i5RlhmSsgM_QtDyeeQjXhIQ4IGf_2gjsVgWflhIg1HCa6CUFqvb3AHzJqeA-4W8rbMwuCnYv2gNH_uhF2KLOQtB8F_uPPVoSbcvv0t-40NKDQzyJPJW8p0-cQc3LY96-9c5LyEDpE_-cKBi_XnBcR34io.XGcd1NlV-qiRbBuEsuJnZhpAjV2PRag5qDSxhdmVW1w&dib_tag=se&qid=1759739713&s=electronics&sr=1-4386&xpid=UZHjCDxPt3DrQ,https://www.flipkart.com/zebronics-zeb-buds-c2-type-c-in-line-mic-10mm-drivers-metallic-design-braided-cable-wired/p/itm89d5d0e49e5d9?pid=ACCG49CSDKVQJH6W&lid=LSTACCG49CSDKVQJH6WT5FFZI&marketplace=FLIPKART&q=earphones&store=0pm%2Ffcn%2F821&srno=s_20_764&otracker=search&otracker1=search&fm=Search&iid=8c808220-bc8d-41a8-8d6f-0d67c74d4b4e.ACCG49CSDKVQJH6W.SEARCH&ppt=sp&ppn=sp&ssid=9b0pahkye80000001753106480437&qH=54597ea1f2fc7f2e,,https://rukminim2.flixcart.com/image/612/612/xif0q/headphone/d/a/s/-original-imahbgyhzxfc97su.jpeg?q=70,Earphones,0.4148,,-50.0,Amazon,50.0,20.08
3098,269,"ZEBRONICS Zeb-Buds C2 in Ear Type C Wired Earphones with Mic, Braided 1.2 Metre Cable, Metallic Design, 10mm Drivers, in Line Mic & Volume Controller (White)","ZEBRONICS Zeb-Buds C2, Type-C , In-Line Mic, 10mm Drive...",249.0,299.0,3.6,3.8,https://www.amazon.in/ZEBRONICS-Zeb-Buds-C2-Controller-White/dp/B08V8SMV46/ref=sr_1_3254?dib=eyJ2IjoiMSJ9.OWta3i97zSbGo9Z0NvvctigxSHF1TW-ci0N4g0LA3K6_Rk8l1oAbE_RBazUAaTU2GnNekY0BksN7Tz7HWGYkzrr42flJOg5Sd3qheHjGEh1CczlzfX3QcLlUK7oI3PI4UlzU-CIuxzUSfoLi6l27G-ZmU94l0rFAy2tTGFUMp0nwO3XjFozWQIMzT88qewmVATgURAINxFnwCvO3Lss3Rr9S2co42POo8d0egQO6BOC3G1kKT2OWOvltKxoGgmg6klWl5b4maRa67q8HR078Wu_NeUZWr5K1XCbOf63Lvhk.grY12r20GD9LrS6QVI0OEG6Zz9xXsdqKS3fR9ucF0BY&dib_tag=se&qid=1759738516&s=electronics&sr=1-3254&xpid=UZHjCDxPt3DrQ,https://www.flipkart.com/zebronics-zeb-buds-c2-type-c-in-line-mic-10mm-drivers-metallic-design-braided-cable-wired/p/itm89d5d0e49e5d9?pid=ACCG49CSDKVQJH6W&lid=LSTACCG49CSDKVQJH6WT5FFZI&marketplace=FLIPKART&q=earphones&store=0pm%2Ffcn%2F821&srno=s_20_764&otracker=search&otracker1=search&fm=Search&iid=8c808220-bc8d-41a8-8d6f-0d67c74d4b4e.ACCG49CSDKVQJH6W.SEARCH&ppt=sp&ppn=sp&ssid=9b0pahkye80000001753106480437&qH=54597ea1f2fc7f2e,,https://rukminim2.flixcart.com/image/612/612/xif0q/headphone/d/a/s/-original-imahbgyhzxfc97su.jpeg?q=70,Earphones,0.4147,,-50.0,Amazon,50.0,20.08
813,897,"realme NARZO 80x 5G (Deep Ocean,6GB+128GB) | Dimensity 6400 5G Chipset | 6000mAh Long-Lasting Battery | 45W Fast Charge | 120Hz Eye Comfort Display | IP69 Top-Tier Waterproof","realme Narzo 80x 5G (Deep Ocean, 128 GB)",11498.0,13367.0,4.1,4.2,https://www.amazon.in/realme-Dimensity-Long-Lasting-Top-Tier-Waterproof/dp/B0F18Y9YMX/ref=sr_1_820?dib=eyJ2IjoiMSJ9.fSNj-FxQSfI8ZaNovIvJ6wNRtruoS96LDWHwa6xbMEp1NbUp9OqI98Mzs3yeOJxc_F59BmWs--PvVxp15_kN3Rg60z9NFpbRLXf1gMvUffurXLbdqqb68XjLNAz4Y5AVK2l1pLF2ERG3pfWZjJzi-9hbqCfiSsXFhmvBY_OmEoi8OMrUHeml65ACv7gbTxatLnkZu1Y6P0c3ojafdXJpjAQtdzi1GLTsmOVRTWrLt6Hz9ieoQ0gK0lQZIYLIhxbhuCjkK07WHxkSI7mre0J6U62tQ2cQcFk7uVGqItXGEAw.BX4H7jLYKyKmBe86stQZXJS73nIFNuo0_Q3-vx05QDc&dib_tag=se&qid=1759736056&s=electronics&sr=1-820&xpid=UZHjCDxPt3DrQ,https://www.flipkart.com/realme-narzo-80x-5g-deep-ocean-128-gb/p/itm60c23a3292eeb?pid=MOBHB4U6PTKGSVZB&lid=LSTMOBHB4U6PTKGSVZB2TZR9E&marketplace=FLIPKART&q=mobile+phones&store=tyy%2F4io&srno=s_9_209&otracker=search&otracker1=search&fm=Search&iid=542988a7-d9c6-4e1e-b1cc-fb1e0bc2dafa.MOBHB4U6PTKGSVZB.SEARCH&ppt=sp&ppn=sp&ssid=afkuhooum80000001753087870382&qH=a81ad6e72f7a2fd1,,https://rukminim2.flixcart.com/image/312/312/xif0q/mobile/g/p/v/narzo-80x-5g-rmx3944-realme-original-imahb4u6zjjdwxs6.jpeg?q=70,Mobiles,0.414,realme,-1869.0,Amazon,1869.0,16.26
3811,269,"ZEBRONICS Zeb-Buds C2 in Ear Type C Wired Earphones with Mic, Braided 1.2 Metre Cable, Metallic Design, 10mm Drivers, in Line Mic & Volume Controller (Red)","ZEBRONICS Zeb-Buds C2, Type-C , In-Line Mic, 10mm Drive...",249.0,299.0,3.6,3.8,https://www.amazon.in/ZEBRONICS-Zeb-Buds-C2-Controller-Red/dp/B08V8DJBK3/ref=sr_1_4050?dib=eyJ2IjoiMSJ9.3PBrkAxQ_syZLHoH3H9mff527axFEzdpSA-Ac6ugm5x6-cgBP42RteutasF81_wfOqNM61ytb-w0ox58sfvPZR5Qw2JmGCS1A2jmwwRX7cEuoIEKaMLRgD2FUH5bXROguWxX5TCeeQLVE7I-vLbpX3n7KR4EFPQUF2KVbrLsBUUJs3T_SU2_jBPWEGqe_nhOyGRHJR8-lkSencRI-1qhrJsX3FMAXPw8FPDOoHxTj4geNjdpJylwkd1aBFgtJBYgHGIu5PPbXBtyvD8K3YteI5I0iTDign28uSydBbzYXY4.vhFc5R4MVv_Uo4cQqwA2dFVmJwHENNdpA_bSPOKncsc&dib_tag=se&qid=1759739343&s=electronics&sr=1-4050&xpid=UZHjCDxPt3DrQ,https://www.flipkart.com/zebronics-zeb-buds-c2-type-c-in-line-mic-10mm-drivers-metallic-design-braided-cable-wired/p/itm89d5d0e49e5d9?pid=ACCG49CSDKVQJH6W&lid=LSTACCG49CSDKVQJH6WT5FFZI&marketplace=FLIPKART&q=earphones&store=0pm%2Ffcn%2F821&srno=s_20_764&otracker=search&otracker1=search&fm=Search&iid=8c808220-bc8d-41a8-8d6f-0d67c74d4b4e.ACCG49CSDKVQJH6W.SEARCH&ppt=sp&ppn=sp&ssid=9b0pahkye80000001753106480437&qH=54597ea1f2fc7f2e,,https://rukminim2.flixcart.com/image/612/612/xif0q/headphone/d/a/s/-original-imahbgyhzxfc97su.jpeg?q=70,Earphones,0.4134,,-50.0,Amazon,50.0,20.08
8344,1053,Fashionury Flip Back Case for Samsung Galaxy A06 5G | Designer Button | Genuine Leather Finish | Inbuilt Pockets & Stand | Flip Cover Back Case for Samsung Galaxy A06 5G (Brown),"Samsung Galaxy A06 5G (Black, 128 GB)",199.0,10819.0,4.4,3.9,https://www.amazon.in/Fashionury-Samsung-Designer-Genuine-Leather/dp/B0F3J6Z8V4/ref=sr_1_9003?dib=eyJ2IjoiMSJ9.I1xwyGk34His2Kbl-OSv_g_z6uN3qx5hWXXxxxtDKNC8yGPqrzVTFDFGNYsNTplvh2QqxWMbFOBDcrzhHAqFNVRlTTnvPMmuqFeR8PZcHRULGiBnq79WCCBaeBhZHlQdQBdoMl_sPhaiqw3XD2WU5zlJsMB5sBOx_RJvBwWXxcpZGIBIrp872jhLhbZ-IJa7gP1a28xwJsre62HIVMWMmc4h09bGJUtUea7HA6IBI0lDFYOA4cLvV_1nHUqq5TfMaGvbB1ORd2UZlW6spDEAp41UM8V3u689QfXRNbCvVTI.wHfQjLQcE0I22Ux4N2kKKV479NrVj4Hc_rpBsCtOw2E&dib_tag=se&qid=1759745400&s=electronics&sr=1-9003&xpid=UZHjCDxPt3DrQ,https://www.flipkart.com/samsung-galaxy-a06-5g-black-128-gb/p/itmd3ff74e3e476c?pid=MOBH9YKUMUZJHACE&lid=LSTMOBH9YKUMUZJHACE7XPLZQ&marketplace=FLIPKART&q=mobile+phones&store=tyy%2F4io&srno=s_17_407&otracker=search&otracker1=search&fm=Search&iid=29acadd6-675d-4fbd-b6d4-17adbf815adc.MOBH9YKUMUZJHACE.SEARCH&ppt=sp&ppn=sp&ssid=i1kz7bblo00000001753087954629&qH=a81ad6e72f7a2fd1,,https://rukminim2.flixcart.com/image/312/312/xif0q/mobile/w/d/n/galaxy-a06-5g-sm-a066bzkdins-samsung-original-imah9yku4d4k7yyz.jpeg?q=70,Mobiles,0.4128,samsung,-10620.0,Amazon,10620.0,5336.68
2494,235,"boAt Airdopes 800 HiDef, Hi-Res Audio LDAC, 4Mic ENx, App Support, ASAP Charge, IPX5, Low Latency, Dual Pairing, BTv5.3, Bluetooth TWS in Ear Earbuds Wireless Earphones (Graphite Grey)","boAt Airdopes 800 HiDef, Hi-Res LDAC, Adv 4Mic AI-ENx, ...",1599.0,1999.0,4.0,4.1,https://www.amazon.in/boAt-Airdopes-800-HiDef-Bluetooth/dp/B0DGTTPPT2/ref=sr_1_2549?dib=eyJ2IjoiMSJ9.WV_Y6jv0jg-7Q3F2FzohnJa9XwlZcRXW_xPHrRhtI6kRYgj3YHTviXQFLoE-UpQU3cq2m-MlmcTanOJbgmSttSBiwt6w6qzEn9UNwqIZO1N5CsUHCjyV4ah5s6PhiU6eVh8_qCNZxhQo8V0m--w4Nkdc2pVZQkTuIa0JHhp7Shuqpz-Yk_SYFmF_yQJXT_YxU2ZS0-zPV8IXCT5XOjw1ho9ZOcmU7t8Ix7mggb9ok87O6q50BD1-3yXZf6K5FzIqlvDBtmfvb-SU0-gNFI9S6ElWksFm65d-OeNrmNq0m3w.Iou30_vVqhMVjTD3j-7_qLriTWO5Fz2lYJSVduGo2pQ&dib_tag=se&qid=1759737773&s=electronics&sr=1-2549&xpid=UZHjCDxPt3DrQ,https://www.flipkart.com/boat-airdopes-800-hidef-hi-res-ldac-adv-4mic-ai-enx-app-support-fast-charge-ipx5-bluetooth/p/itm99ae5be4ba72f?pid=ACCH44E5HYNFZCW6&lid=LSTACCH44E5HYNFZCW6GXEYAY&marketplace=FLIPKART&q=earphones&store=0pm%2Ffcn%2F821&srno=s_18_690&otracker=search&otracker1=search&fm=Search&iid=421a83fd-dbdf-4ce4-8a3f-06bbd561f720.ACCH44E5HYNFZCW6.SEARCH&ppt=sp&ppn=sp&ssid=yws6fserkw0000001753106412734&qH=54597ea1f2fc7f2e,,https://rukminim2.flixcart.com/image/612/612/xif0q/headphone/h/d/o/-original-imah6mahphka5wrs.jpeg?q=70,Earphones,0.4125,boat,-400.0,Amazon,400.0,25.02
666,735,"Motorola g45 5G (Pantone Moss, 128 GB) (8 GB RAM)","Motorola g45 5G (Brilliant Blue, 128 GB)",12240.0,10999.0,4.0,4.3,https://www.amazon.in/Motorola-g45-Pantone-Moss-128/dp/B0FL21SZXQ/ref=sr_1_670?dib=eyJ2IjoiMSJ9.1Qb5WCkhVbEHEenAQjIczSuyxXnkzxvIJIFrThDdwON1LYUmp4t1FQib_wgND4AHZ8loPhBNojr-IzvXfS_QITRe89p9Bkq7HqKDUUcqudsDfwgIaUZbuTU6ujIdNy2weWaY6B5u51QWPhbdQ83GgJv8k-UCCtWClNS3ODm4Dypb85a6iVypperIehsFl5aoAkBJVho-QKLbH1iaDV2KgiJe2xY-FyxFpCkhjHVG6R-3z2vW7LMm_Ju54y7NlkUEGm3dDqAYWkr_fL-qupTqXIq0J6n6SrMUBgQyTa0xdLI.yYSolL4HUYUGo0NhB_hISMC810WfPN3gfzEOzTGoRRU&dib_tag=se&qid=1759735918&s=electronics&sr=1-670&xpid=UZHjCDxPt3DrQ,https://www.flipkart.com/motorola-g45-5g-brilliant-blue-128-gb/p/itm83cc1cca54e32?pid=MOBH3YKQQDZZ2WZH&lid=LSTMOBH3YKQQDZZ2WZHGOH35A&marketplace=FLIPKART&q=mobile+phones&store=tyy%2F4io&srno=s_2_28&otracker=search&otracker1=search&fm=Search&iid=8d7c571b-51b2-486f-84fa-7a4b81c5b634.MOBH3YKQQDZZ2WZH.SEARCH&ppt=sp&ppn=sp&ssid=bcitpmhteo0000001753087794733&qH=a81ad6e72f7a2fd1,,https://rukminim2.flixcart.com/image/312/312/xif0q/mobile/r/l/c/-original-imah3xk892aj9gck.jpeg?q=70,Mobiles,0.4113,motorola,1241.0,Flipkart,1241.0,11.28
5217,985,"TheGiftKart Tough Armor Bumper Back Case Cover for Samsung Galaxy S24 FE 5G | Ring Holder & Kickstand in-Built | 360 Degree Protection Back Case Cover for Samsung Galaxy S24 FE 5G (PC & TPU, Black)","Samsung Galaxy S24 FE 5G (Blue, 128 GB)",284.0,59999.0,4.7,4.5,https://www.amazon.in/TheGiftKart-Bumper-Samsung-Kickstand-Protection/dp/B0DJ7T8742/ref=sr_1_5598?dib=eyJ2IjoiMSJ9.o0dbNyiNlGKa56AQZEFGMC6NIyQaMIhFnsffYn_l8ldpSNBG2lCHBjYAOhiTUnO5dRAZHjZuSlyLwyeHOiN-bsfUnA5Woa5VnJGY6mNYwCd0WMnHY_1mIPDwLEFmn3ZTvFImxDGgYg74XNZNIKYnm1rwYg6-rffvrXZsxGH8-40f7XWrLFVpoAGDYPWAAwQj2FnHhg28RbCJ0q064df2AKW_GHV-6o3HR4lGogHnSqlUma6QvsboQ1_wAcBgYNX9mFGFhuCeUIh_jjE5cNRR9MjD03FygAgD7WvnRXnG2ck.dbvxsqn600oF94H2WGILXt0jrbA19WqNTeIz0kCVqkw&dib_tag=se&qid=1759741168&s=electronics&sr=1-5598&xpid=UZHjCDxPt3DrQ,https://www.flipkart.com/samsung-galaxy-s24-fe-5g-blue-128-gb/p/itme960199e26f23?pid=MOBH4ZG3Z5NCBW2H&lid=LSTMOBH4ZG3Z5NCBW2HWQMO2K&marketplace=FLIPKART&q=mobile+phones&store=tyy%2F4io&srno=s_14_329&otracker=search&otracker1=search&fm=Search&iid=b1620752-ed87-4c97-a7d8-87c89786b83f.MOBH4ZG3Z5NCBW2H.SEARCH&ppt=sp&ppn=sp&ssid=8ghyoks0rk0000001753087922506&qH=a81ad6e72f7a2fd1,,https://rukminim2.flixcart.com/image/312/312/xif0q/mobile/r/s/z/-original-imahcfwmdvbcgdzs.jpeg?q=70,Mobiles,0.4112,samsung,-59715.0,Amazon,59715.0,21026.41
4293,813,"Motorola Edge 50 Fusion tG (Forest Green, 12GB RAM + 256GB Storage)","Motorola Edge 50 Fusion (Forest Blue, 256 GB)",20725.0,20999.0,4.2,4.4,https://www.amazon.in/Motorola-Fusion-Forest-Green-Storage/dp/B0DJ7XPSSW/ref=sr_1_4590?dib=eyJ2IjoiMSJ9.kVSicpp8ulxOM8reMx7Ce7DfvQ9aFBbm0oJ7qJLIXU-kJGJlvGFKVm3A54zcsT4Yw5n0u6kKJASwbNrh2clzoo747Z69ymsw9SyuZN7aMg4rRvvmdpoCOJFsChb-68TdwNlS7d-m8kujmGMcj4vhRHGAbFVAZzrrCYoxjJK-caRO9PQdINDTq7ub-rKrLFnvA_PZr6QHhwZgbBt_jxpuhsET4J7cBjBmkDetkccd-_kTh-KnrvWfpyE4K4Y5BetEgveb38E4aDRCo5HEggs_ov3fqJX-ZGqzo7LvFHmdg6g.2UUTjTp0MLk59nb-Nwv1VKzpyhK_G0bnZZIDIzBUWYA&dib_tag=se&qid=1759739921&s=electronics&sr=1-4590&xpid=UZHjCDxPt3DrQ,https://www.flipkart.com/motorola-edge-50-fusion-forest-blue-256-gb/p/itme13bbe694468e?pid=MOBGXTYZZEW8GZE6&lid=LSTMOBGXTYZZEW8GZE6HFCXI9&marketplace=FLIPKART&q=mobile+phones&store=tyy%2F4io&srno=s_5_108&otracker=search&otracker1=search&fm=Search&iid=ffa6b7c3-8bc6-4310-b193-0ebddb2d509b.MOBGXTYZZEW8GZE6.SEARCH&ppt=sp&ppn=sp&ssid=1c79mzld9c0000001753087828112&qH=a81ad6e72f7a2fd1,,https://rukminim2.flixcart.com/image/312/312/xif0q/mobile/g/w/r/edge-50-fusion-pb300000in-motorola-original-imahywzztyktktpp.jpeg?q=70,Mobiles,0.4101,motorola,-274.0,Amazon,274.0,1.32
7640,333,"Sounce Airpods Pro 2nd Generation Case Cover 2022, Soft Silicone Skin Cover Shock-Absorbing Protective Case with Keychain for New Apple Airpods Pro Case [Front LED Visible] (Black)",Apple AirPods Pro (2nd generation) Bluetooth,198.0,24990.0,3.9,4.3,https://www.amazon.in/Sounce-Generation-Silicone-Shock-Absorbing-Protective/dp/B0C78B6T4H/ref=sr_1_8246?dib=eyJ2IjoiMSJ9.Z7W35iXLmDnqMv3v4gycvZciJFuBX_Ea8RUJrU4su_pmVJypEHnHHOnzZ01dYrjSPgBRwnHrP9c9NQO3q7avDjb5DLm3HffXQHWjFJ9IJzRCxkT1JK_wzO0hA35_LWOyMsMYZNO3IrMS3FK_NvWIsdC9kxOuaByHT8Lo52L6k4fZq1PxwOMB4Ogc5fgKI4zAkndm6LgPebglEMc03JAeHlvo-_ErJI-cfw4k1PzlgDodNeG5mrd2hjf1rqqQ_B4ml6kNc-I-S-cpYvrlS3alZR6lASF_tqfZapa9FIq1w_s.08FR5aSaUsHQ4Ut-5fBmFaW9p-gOsqIuT8x5ldsgafw&dib_tag=se&qid=1759744460&s=electronics&sr=1-8246&xpid=UZHjCDxPt3DrQ,https://www.flipkart.com/apple-airpods-pro-2nd-generation-bluetooth/p/itme8963259e9935?pid=ACCHAGBGS9SQEMPT&lid=LSTACCHAGBGS9SQEMPTKMPNZ8&marketplace=FLIPKART&q=earphones&store=0pm%2Ffcn%2F821&srno=s_23_915&otracker=search&otracker1=search&fm=Search&iid=1af41a8c-3b1e-46e9-899a-40b63b6e694f.ACCHAGBGS9SQEMPT.SEARCH&ppt=sp&ppn=sp&ssid=3fou8h7ik00000001753106572311&qH=54597ea1f2fc7f2e,,https://rukminim2.flixcart.com/image/612/612/xif0q/headphone/a/q/r/-original-imahahbzbyazrwxj.jpeg?q=70,Earphones,0.4088,apple,-24792.0,Amazon,24792.0,12521.21
7477,1162,"realme NARZO 70 Turbo 5G (Turbo Green,6GB RAM,128GB Storage) | Segment's Fastest Dimensity 7300 Energy 5G Chipset | Motorsports Inspired Design","realme 70 TURBO 5G (Turbo Green, 128 GB)",14130.0,15587.0,4.2,4.4,https://www.amazon.in/realme-Segments-Dimensity-Motorsports-Inspired/dp/B0DDTXW9WH/ref=sr_1_8072?dib=eyJ2IjoiMSJ9.H607cjWwP3-O9PSb3KLstIpdELPlbhTPr-ljChW93PbyDk-fB1GLLz4Wf-c70UU3VnVugtg6LY7Jxkhui5JB5l-LKowqI2aBbI8kwnyw8w7xkJOLJ_MhAkhAeBiEqLZ0xCfqKWvJA94PlZiFoNfY9CBTYwiijHb-ySrgjBbJk9UJj8RK9lFtunZRsDZmB5df3HK8sKTIbO790nfHE-aeIxM1pNdtQKOLgnSGbE_duBuLgwqqUyS2JX39246R2FMwl284nos4kq50ecLyWJVNQRkS4spFiw3XFfcg0Mmonew.x5ESbtQNRq3SFu71MWQxXEjD7PaaWAJId5HYMc1EN3Q&dib_tag=se&qid=1759744240&s=electronics&sr=1-8072&xpid=UZHjCDxPt3DrQ,https://www.flipkart.com/realme-70-turbo-5g-turbo-green-128-gb/p/itm7ebb13c5b0bcb?pid=MOBH4RZFAUZYNCG5&lid=LSTMOBH4RZFAUZYNCG5HAAGX0&marketplace=FLIPKART&q=mobile+phones&store=tyy%2F4io&srno=s_23_532&otracker=search&otracker1=search&fm=Search&iid=e5d86ed0-9f7c-4784-be93-3d994f5cc97e.MOBH4RZFAUZYNCG5.SEARCH&ppt=sp&ppn=sp&ssid=yrswd515wg0000001753088023963&qH=a81ad6e72f7a2fd1,,https://rukminim2.flixcart.com/image/312/312/xif0q/mobile/7/j/v/-original-imah4yj99qzsfqfb.jpeg?q=70,Mobiles,0.4086,realme,-1457.0,Amazon,1457.0,10.31
569,772,"Motorola G45 5G (Brilliant Green, 8GB RAM, 128GB Storage) | 6.5"" FHD+ Display | Snapdragon 6 Gen1 Processor | 50MP Camera | 16MP Front Camera | 5000mAh Battery | 33W Charging","Motorola g45 5G (Brilliant Green, 128 GB)",12100.0,10999.0,4.0,4.3,https://www.amazon.in/Motorola-Brilliant-Snapdragon-Processor-Charging/dp/B0DDYBQWLW/ref=sr_1_571?dib=eyJ2IjoiMSJ9.cha9br263BP5rCES0Q1tb3PNjYB5tRLTOhGFXGUhR7RQXwzoFUHUPuipM0HK0SJkxuQne-ltw0GuVI9Qj37pvMLaaDvP8HKLxaX35bE4Lqc0IoAbCmK5bPdq2R1F_Mdpj_hW7y8MGxNy08J8WjFHNs9daeGVq_-t8_w1l4-wa9JAgfR7hcLAUjg00qQb_I187jDxxuIqlAgPVNcOI6N1FqcpOCodno4McJAT21Mc4KUAi1OW3XumnBDuvVkhrgtQzc3Qf70asaKPnV76DEi-1Q3ue0hvSOQG4ozFmHyOT1M.IG7QqJcqktMyEguAFGfq-ReqWkrboewTDwQdVcficiE&dib_tag=se&qid=1759735841&s=electronics&sr=1-571&xpid=UZHjCDxPt3DrQ,https://www.flipkart.com/motorola-g45-5g-brilliant-green-128-gb/p/itm4cb32ef81db77?pid=MOBH3YKQ5VYSGB5E&lid=LSTMOBH3YKQ5VYSGB5ELSP5CG&marketplace=FLIPKART&q=mobile+phones&store=tyy%2F4io&srno=s_3_66&otracker=search&otracker1=search&fm=Search&iid=5e6f9ac8-4212-4e3a-9649-3114714e76ca.MOBH3YKQ5VYSGB5E.SEARCH&ppt=sp&ppn=sp&ssid=jyzjxrisao0000001753087806754&qH=a81ad6e72f7a2fd1,,https://rukminim2.flixcart.com/image/312/312/xif0q/mobile/b/y/x/-original-imah3xk8crpgrg9y.jpeg?q=70,Mobiles,0.4081,motorola,1101.0,Flipkart,1101.0,10.01
5267,1381,"Zapcase Back Case Cover for Samsung Galaxy S23 5G (TPU, Polycarbonate_Clear)","Samsung Galaxy S23 5G (Green, 128 GB)",245.0,44999.0,4.0,4.6,https://www.amazon.in/Zapcase-Samsung-Galaxy-Compatible-Scratch-Resistant/dp/B0BXWZX9VT/ref=sr_1_5650?dib=eyJ2IjoiMSJ9.h07wKj-EMOxahd2z8XsKYG9dficUDumotMFNzCmfByMIXB44QWHc7yjVN54my7VQYamLwn0nXsid-rY0rOvDVNMzun4exfgrU9EVn_15-I4Dbndrs7qy9p6DlEMMjDk-U4VzhY5DbsMpUdQ3sx5h0nBqvKr94U_goOl7sIQ44ZGCQy5m6RoYgHfn5i5SFKUPgQWIu7KgLglzUtuseu5DqPS8yrbEVVRvWKkmqcKxkuu240mAsRHcnM0cV-uI9ZwyM4gwjYZdXne76qWGcfxTKFrgVX0O8FdXXqb021PCZj4.oWKSPCcb4x_Gs5emTZqZrpCQwNvK_45EyvRbMpvc3Uk&dib_tag=se&qid=1759741227&s=electronics&sr=1-5650&xpid=UZHjCDxPt3DrQ,https://www.flipkart.com/samsung-galaxy-s23-5g-green-128-gb/p/itm7cdd081996dc8?pid=MOBGNPGYWGZAUZGK&lid=LSTMOBGNPGYWGZAUZGKLQSOT0&marketplace=FLIPKART&q=mobile+phones&store=tyy%2F4io&srno=s_32_762&otracker=search&otracker1=search&fm=Search&iid=3cacfd79-8633-4a80-b1cc-276cda0b7eb9.MOBGNPGYWGZAUZGK.SEARCH&ppt=sp&ppn=sp&ssid=z6ngiebjnk0000001753088141263&qH=a81ad6e72f7a2fd1,,https://rukminim2.flixcart.com/image/312/312/xif0q/mobile/p/w/p/-original-imah4zp8tfzndmmh.jpeg?q=70,Mobiles,0.4069,samsung,-44754.0,Amazon,44754.0,18266.94
8912,1080,"Google Pixel 9A 5G (8GB RAM, 256GB Storage)","Google Pixel 9A (Obsidian, 256 GB)",43000.0,49999.0,4.4,4.5,https://www.amazon.in/Google-Pixel-8GB-256GB-Storage/dp/B0F5QS3MPX/ref=sr_1_10727?dib=eyJ2IjoiMSJ9.yWC0Tm8b621mwh-KQvV5ZJehVPB9-hGK5PnykiPp1PxVVlrQfr9qJw0tOiktPDfspgdcxACv8xVDpxI09s8VVSxhZ-A5MfTfC6VRZ3Y8M77jz_9qE_2cYt5lEPErN-UZO_W8mF8BE9RfQC1xEJcuJlVbUtU1_CuqnDHh8mcj9TICPNz3FbIq-lS9m2KKiivQPAXvSpe5h4-D7fbDZpZBIq-DwuTjWzmQ1D3w8Oy6kwwgUzoda_-7xVzQOcsxtLOpl1WYsd4qKUu6-LvtwnWGE9cpFxIAWhYGfY3mzIC6Mxk.wl2PR7NvD-553wWsriOT88qu0I9Mj371SN5AS6WTGTw&dib_tag=se&qid=1759747520&s=electronics&sr=1-10727&xpid=UZHjCDxPt3DrQ,https://www.flipkart.com/google-pixel-9a-obsidian-256-gb/p/itmf9d1fcfa566cf?pid=MOBH9YMEQUGCHPHN&lid=LSTMOBH9YMEQUGCHPHNSFHZNA&marketplace=FLIPKART&q=mobile+phones&store=tyy%2F4io&srno=s_19_441&otracker=search&otracker1=search&fm=Search&iid=bb7c8792-f9b7-483b-bcf0-eba4ca01acc1.MOBH9YMEQUGCHPHN.SEARCH&ppt=sp&ppn=sp&ssid=x5p3473w800000001753087983579&qH=a81ad6e72f7a2fd1,,https://rukminim2.flixcart.com/image/312/312/xif0q/mobile/x/b/u/-original-imahadxg2fazkzub.jpeg?q=70,Mobiles,0.4066,google,-6999.0,Amazon,6999.0,16.28
3446,1022,SupCares Military-Grade Gorilla Tempered Glass Screen Protector for Nothing Phone 3A and Nothing Phone 3A Pro (6.77 Inch) With Installation Kit | Edge to Edge Coverage | Black,"Nothing Phone (3a) Pro (Black, 128 GB)",238.0,29999.0,4.0,4.5,https://www.amazon.in/SupCares-Military-Grade-Nothing-Phone-Pro/dp/B0F2TJJVSL/ref=sr_1_3628?dib=eyJ2IjoiMSJ9.gw-9tBR9dP7Vms2CJ2wkV5I-fD9MfhlIPvbVEq9Pni8HBC5lQrepb2F4yIee_ouNx6CeDdClExOGRbW6mKi9q-d02McgCijZQxj_FNPtmJIyAFtIBp20BJgvLYaBGGj6CjT1_FDGZ5OvrIBhmYPLnLIVSoVAskOpg_QVMgQiB3vrhO12-odhhr-mRyePaF2eEJ5HtEgm4AQEpy2QKBVOhamYUGLV1i-SVn0dKXkLmEPkoZOTQS0Z-rAe61AIHl0edFR19kleJ7n1YY__cG7P5Pb-9JxVn2NW7iK2H3uxikI.J6tCSqslMMk5C5tnfSJ-D66s9fkbfUHO20tbvdPlTik&dib_tag=se&qid=1759738916&s=electronics&sr=1-3628&xpid=UZHjCDxPt3DrQ,https://www.flipkart.com/nothing-phone-3a-pro-black-128-gb/p/itm04daaef6652d4?pid=MOBH8G3PJAAHAJFG&lid=LSTMOBH8G3PJAAHAJFGSJDK8E&marketplace=FLIPKART&q=mobile+phones&store=tyy%2F4io&srno=s_16_373&otracker=search&otracker1=search&fm=Search&iid=063ca73b-034f-49ce-abbd-42b43c4da71d.MOBH8G3PJAAHAJFG.SEARCH&ppt=sp&ppn=sp&ssid=j3ipelsou80000001753087943915&qH=a81ad6e72f7a2fd1,,https://rukminim2.flixcart.com/image/312/312/xif0q/mobile/7/b/7/-original-imahcfcfhkzhngeb.jpeg?q=70,Mobiles,0.4062,nothing,-29761.0,Amazon,29761.0,12504.62
5940,1556,Redmi Note 14 Pro+ 5G Titan Black 8GB RAM 256GB Storage| 50 MP Triple Camera with Telephoto | Corning Gorilla Glass Victus 2 | IP 68 | SD 7s Gen 3,"REDMI Note 14 Pro 5G (Titan Black, 256 GB)",28998.0,24999.0,4.0,4.3,https://www.amazon.in/Redmi-Storage-Telephoto-Corning-Gorilla/dp/B0DQQPMNC2/ref=sr_1_6390?dib=eyJ2IjoiMSJ9.12CVKc6UJzs8hPs1O3aVikICOFdjKAHUbPBWatpLGZTEsjSrGPd1_z48n2zG8R1c4K4YLaY0IOIQhDD6zsZ00B2DURCChkGVYJC9lZ7dr7WV0f8iW7Q5G_SIbjaX6M4G1Bxdb7pIhbOWr_hyHpGEHNQipQLNklaAuCZvD2weiuPhHLDTe4Bk99PDYjKmzX1PX9vp07bFmN0y9CUHkWCeEuvOtK4PPQzbLjtUx5mB-ik5FCmW6_dSKyEd7lusoUgdrCjzEE0o5I8B1MP_u6m7TIUYa4E2T4pryPFd4DCaWz0.-JM3_ZOxr_oT7Fx0ii_MG5-HOViBU8nIsKlZu_5cTRM&dib_tag=se&qid=1759742163&s=electronics&sr=1-6390&xpid=UZHjCDxPt3DrQ,https://www.flipkart.com/redmi-note-14-pro-5g-titan-black-256-gb/p/itm260f3edcb0cde?pid=MOBH753HGHXUSKGC&lid=LSTMOBH753HGHXUSKGCWNTYOP&marketplace=FLIPKART&q=mobile+phones&store=tyy%2F4io&srno=s_40_948&otracker=search&otracker1=search&fm=Search&iid=c79b484f-fc28-42b6-86b9-0d04a11a0634.MOBH753HGHXUSKGC.SEARCH&ppt=sp&ppn=sp&ssid=qfsfhc545s0000001753088302629&qH=a81ad6e72f7a2fd1,,https://rukminim2.flixcart.com/image/312/312/xif0q/mobile/f/b/j/-original-imahdxq54srvkv92.jpeg?q=70,Mobiles,0.4061,redmi,3999.0,Flipkart,3999.0,16.0
2770,284,"Sennheiser CX 80s Wired in Ear Earphones with in-Line Microphone, Superior Sound, One Button Smart Control, Lightweight Design, 3.5mm Jack, 3 Ear Tip Sizes, 2Y Warranty, Black",Sennheiser CX 80S in-Ear Wired Headphones with in-line ...,1490.0,1690.0,4.1,4.0,https://www.amazon.in/Sennheiser-CX-80S-Headphones-One-Button/dp/B084X7Y51M/ref=sr_1_2882?dib=eyJ2IjoiMSJ9.YumOcrj_LtwCFdllwg8rkyoCpDBM99gZHphrlqLXZSX2-1ECd42i7uc74WU5tIcTpQKBDWBy6W-MBzRwfI0CdAghNYKKJ24HEcbAigRJd3FbBAii0B0p94l2SJ02PNtAgeO-N-k_4Olsnsx-lmZC5yuW_DM2yjqIqQtWzrvd8HAbP_5UqHXM5SVGIm9tioU7nYE0pmxjFLoR1pPPv-cM_x7SzAjwauWh490oq0HgL1aZtG_F3wRggHMi8-xj1_2u9gR3YDSJvqOUaxN9_MnrkQOOHex5v3YubiaPQcouXV8.nOhXtaqPP5fLyQVDLEjaqiAI_2UWtsJ16rHA3D0LLXU&dib_tag=se&qid=1759738135&s=electronics&sr=1-2882&xpid=UZHjCDxPt3DrQ,https://www.flipkart.com/sennheiser-cx-80s-in-ear-wired-headphones-in-line-one-button-smart-control-mic/p/itm763b0077b7bc4?pid=ACCFNV8NXGNEG9TY&lid=LSTACCFNV8NXGNEG9TYBOOXJW&marketplace=FLIPKART&q=earphones&store=0pm%2Ffcn%2F821&srno=s_21_805&otracker=search&otracker1=search&fm=Search&iid=e56da30b-fa82-43f3-9e63-aa1697099550.ACCFNV8NXGNEG9TY.SEARCH&ppt=sp&ppn=sp&ssid=tgyhiu6rls0000001753106511440&qH=54597ea1f2fc7f2e,,https://rukminim2.flixcart.com/image/612/612/k6nxrbk0/headphone/9/t/y/sennheiser-cx-80s-original-imafp2h9uhnngauh.jpeg?q=70,Earphones,0.4043,,-200.0,Amazon,200.0,13.42
638,725,"Oppo K13 5G (Prism Black, 8GB RAM 128GB Storage)","OPPO K13 5G with 7000mAh and 80W SUPERVOOC Charger In-The-Box (Prism Black, 128 GB)",16745.0,17999.0,4.3,4.5,https://www.amazon.in/Oppo-Prism-Black-128GB-Storage/dp/B0F8W2D943/ref=sr_1_641?dib=eyJ2IjoiMSJ9.pz7mpbshjXId-1MbMc-WdluGehZz1cjHMElhTok9HIs0-r5NEPLu2DT1AX218KwFw_y8Vjg3_3ZGDCYetvifPbQ4QSZUn3RKGOHGdnGMaiclL6J87XIGMzkn9DIQApm0olsHjGyKo55ZwtKhp9UmbXidujujrHT44kscYSruKzZvcxvtgrnSkjUORvLkTeUSyF0zwxTNSShu_u1Siy69NBng0jSUtiHKXk1AiuVt3_91k92_vOzXpGXmET6hqOl4GyjZrUi7KHDKjLjRKg0TPSK9B8RZj80L--Ld3rCDueg.JcMhSNCCMlFB0bRHQ-Wt6UxDpkPnWYYI0upz9JEzulI&dib_tag=se&qid=1759735897&s=electronics&sr=1-641&xpid=UZHjCDxPt3DrQ,https://www.flipkart.com/oppo-k13-5g-7000mah-80w-supervooc-charger-in-the-box-prism-black-128-gb/p/itm6f2ebf6d205cf?pid=MOBHB392JAQKDGBF&lid=LSTMOBHB392JAQKDGBF1CMXCI&marketplace=FLIPKART&q=mobile+phones&store=tyy%2F4io&srno=s_1_18&otracker=search&otracker1=search&fm=organic&iid=9db23609-337f-4a77-94c6-9857bded9775.MOBHB392JAQKDGBF.SEARCH&ppt=sp&ppn=sp&ssid=d93jfmema80000001753087781253&qH=a81ad6e72f7a2fd1,,https://rukminim2.flixcart.com/image/312/312/xif0q/mobile/y/l/1/-original-imahbfd4cgh53kmh.jpeg?q=70,Mobiles,0.4043,oppo,-1254.0,Amazon,1254.0,7.49
4719,725,"Oppo K13 5G (Prism Black, 8GB RAM 256GB Storage)","OPPO K13 5G with 7000mAh and 80W SUPERVOOC Charger In-The-Box (Prism Black, 128 GB)",19888.88,17999.0,4.2,4.5,https://www.amazon.in/Oppo-Prism-Black-256GB-Storage/dp/B0F8W1SNVP/ref=sr_1_5053?dib=eyJ2IjoiMSJ9.mwvWFwwt1KIVnvJm94ipNj8wAj6vaFn3hwfr6gdOKzZRBFoTnOMcdlfTOiju_IZ--Gw-LI1KQOZlb0ppUg27YU0UUkcON-F6hANbTYdtTz2PMi4e9FQ4wI5hR7VPQ4deKzOW9KwPyhDOB0uihR4xFXdkUpRg38FnZzDoksGI93L59KyhQLe56WeZM3WGflbK1EmccWN3qa2YpngWPXdMEzD0akscIFvyM8YPrch3oZ9GWHOZKj08m6dy-jlQlQiAi9OA4zQ6h1uuu-shSVPOVgGjnANKiPRrrxLcAsUVpO0.s8O6YXNJtLrD3Mp4aEIwT7Fz1hUi3csb7PH3khLSahM&dib_tag=se&qid=1759740477&s=electronics&sr=1-5053&xpid=UZHjCDxPt3DrQ,https://www.flipkart.com/oppo-k13-5g-7000mah-80w-supervooc-charger-in-the-box-prism-black-128-gb/p/itm6f2ebf6d205cf?pid=MOBHB392JAQKDGBF&lid=LSTMOBHB392JAQKDGBF1CMXCI&marketplace=FLIPKART&q=mobile+phones&store=tyy%2F4io&srno=s_1_18&otracker=search&otracker1=search&fm=organic&iid=9db23609-337f-4a77-94c6-9857bded9775.MOBHB392JAQKDGBF.SEARCH&ppt=sp&ppn=sp&ssid=d93jfmema80000001753087781253&qH=a81ad6e72f7a2fd1,,https://rukminim2.flixcart.com/image/312/312/xif0q/mobile/y/l/1/-original-imahbfd4cgh53kmh.jpeg?q=70,Mobiles,0.4041,oppo,1889.880000000001,Flipkart,1889.880000000001,10.5
6026,1072,"Lava A3 King Dual Sim Keypad Mobile Phone | 1750mAh Big Battery | 1.8"" Large Display | 7 Languages Read & Write Support | Vibration Alert (Charcol Grey)","LAVA A3 Torch DS Keypad Phone|1750mAh Big Battery|1.8"" Large Display|Quad Strip Torch",1099.0,1339.0,3.9,4.1,https://www.amazon.in/Lava-A3-King-Languages-Vibration/dp/B0FH9MBR98/ref=sr_1_6477?dib=eyJ2IjoiMSJ9.i8DsVVyTChb2qmmrkzeClzVN8U0_g9OOO9do68sth2zm1eh2zMVE-Ia2q1-Q6EWEcOe5BxR8c2w4iFSZ0RGlL7I4nugUMj3VicMq3CVEJNE0k5vZdBvvvmLd3mKpNXXhHvDzRL6htt4MSaCMa1wd60WJch0uK-h-o-Ch1W1oZrEzBoEASMrdHKZzrINwz8fdx22_igQ1y2Sm5BzimuMCUbxiG7he_PiM8ewK06EYV8ELMIMAh1ZbofFUVpTX7vHEz61Jm7tVBtDyR30zkuQi3v8j0z-ePFxSMdUpDxxdRQw.rpb-IEj5qKsjhVQve7lrpzdSaa1vLLrJgRjhCWEtDUg&dib_tag=se&qid=1759742247&s=electronics&sr=1-6477&xpid=UZHjCDxPt3DrQ,https://www.flipkart.com/lava-a3-torch-ds-keypad-phone-1750mah-big-battery-1-8-large-display-quad-strip/p/itmccd30fe8101cc?pid=MOBH5ZYHAC5EUXHH&lid=LSTMOBH5ZYHAC5EUXHHHPG2XB&marketplace=FLIPKART&q=mobile+phones&store=tyy%2F4io&srno=s_18_432&otracker=search&otracker1=search&fm=Search&iid=38771e3d-2496-4c05-851c-2d4863bf0bbe.MOBH5ZYHAC5EUXHH.SEARCH&ppt=sp&ppn=sp&ssid=hjgkixqce80000001753087965010&qH=a81ad6e72f7a2fd1,,https://rukminim2.flixcart.com/image/312/312/xif0q/mobile/9/w/1/a3-torch-lf3003-lava-original-imah5ujszxv3wzaz.jpeg?q=70,Mobiles,0.4038,,-240.0,Amazon,240.0,21.84
3466,855,Zapcase Back Case Cover for Samsung Galaxy A35 5G | Compatible for Samsung Galaxy A35 5G Back Cover | Scratch-Resistant Back Cover | Clear,"Samsung Galaxy A35 5G (Awesome Navy, 256 GB)",244.0,23999.0,3.8,4.3,https://www.amazon.in/Zapcase-Samsung-Galaxy-Compatible-Scratch-Resistant/dp/B0DRJNNQ7P/ref=sr_1_3652?dib=eyJ2IjoiMSJ9.FVLXkACfOzjOHqEQMTQHJ76v_mzf1dbNijA43YVFBnTotwpMvdltLBrP6pCxUcU0X0qzSkWiP-uv3CzGSV66Ldq-Q17OE61RAEpiiWa2Phmy3DDVXIHf3e0bNpbsaeCLmroliKVRr5cIyNU2aX2UVEUt-LZORMtZMSkRBNtioHtJg3RRX6wSmwFY_YcBqaNooxALpY8PP-gsqrvZp7LGyJGj3punPmD6ME-i-o_ZY_Azx6dnq1tH_9zS4tVxe70Ij7VrhHvRb-ioP5VByBAlb0rdbM7mP2EBm4eP8UtptqA.7UZ3Nlqc4PPB6XiF3fbVZhTR146KISs8BfMkW7CwT_w&dib_tag=se&qid=1759738940&s=electronics&sr=1-3652&xpid=UZHjCDxPt3DrQ,https://www.flipkart.com/samsung-galaxy-a35-5g-awesome-navy-256-gb/p/itm2d2e398127998?pid=MOBGYT2HEEYGMZFH&lid=LSTMOBGYT2HEEYGMZFH3U1TOF&marketplace=FLIPKART&q=mobile+phones&store=tyy%2F4io&srno=s_7_153&otracker=search&otracker1=search&fm=Search&iid=39c7c77d-e7f5-4d55-8ac8-971bf7f3649c.MOBGYT2HEEYGMZFH.SEARCH&ppt=sp&ppn=sp&ssid=oybmyd8sao0000001753087849426&qH=a81ad6e72f7a2fd1,,https://rukminim2.flixcart.com/image/312/312/xif0q/mobile/w/g/h/-original-imahbzknzpd3zwrv.jpeg?q=70,Mobiles,0.4021,samsung,-23755.0,Amazon,23755.0,9735.66
6621,1347,"amazon basics Luxury Paper Thin Case Cover for Samsung Galaxy S24 Ultra 5G | Matte Finish | Compatible with magsafe | (Black, Samsung Galaxy S24 Ultra 5G)","Samsung Galaxy S24 Ultra 5G (Titanium Black, 256 GB)",249.0,80999.0,3.4,4.6,https://www.amazon.in/amazon-basics-Samsung-Galaxy-Ultra/dp/B0F538X4V9/ref=sr_1_7097?dib=eyJ2IjoiMSJ9.WGSYfwU-bXJMuUMQniCtur4NwIsVNf1c2EV2D-9RpkHOU0lI_yEiN9dtXiRc4dbLvgoxNoVMX3H6GohPv9SeLlmpMBwOAWGO6O9b9mmq5k3CDjVKIn_eeGYsNNegpuTsgZnWtLi1RQMr_gfgc-l-BdEAGAdrLoEn8XMgtg93GnYx4g08MxBpF7NPZoacIJnIPIF5ESBiQzHb-gXmAdGE9cYUjnxzfHYEU5EP8psYrZ4kK77D-T-HVCRmf7Y8x7qzQ1M_QjvBA5S1JVrwqbbpJcCN2OcdDQZIAO_bFvXx3L8.NqSPf5Jz0x0eL83WkrNe8GzIjN-IoJZCYuBvDLhR05M&dib_tag=se&qid=1759743030&s=electronics&sr=1-7097&xpid=UZHjCDxPt3DrQ,https://www.flipkart.com/samsung-galaxy-s24-ultra-5g-titanium-black-256-gb/p/itm20b685e30271b?pid=MOBH3P4UM6ACEC2M&lid=LSTMOBH3P4UM6ACEC2MIS7C9G&marketplace=FLIPKART&q=mobile+phones&store=tyy%2F4io&srno=s_31_727&otracker=search&otracker1=search&fm=Search&iid=6f3dc78c-f8e0-4723-83f0-974855061bd7.MOBH3P4UM6ACEC2M.SEARCH&ppt=sp&ppn=sp&ssid=gksfv80g1s0000001753088106751&qH=a81ad6e72f7a2fd1,,https://rukminim2.flixcart.com/image/312/312/xif0q/mobile/y/e/8/-original-imahyvntxfrpuw6g.jpeg?q=70,Mobiles,0.4018,samsung,-80750.0,Amazon,80750.0,32429.72
8835,850,"Nothing Phone (3a) 5G (Blue, 8GB RAM, 256GB Storage)","Nothing Phone (3a) (Blue, 256 GB)",24999.0,26999.0,4.4,4.5,https://www.amazon.in/Nothing-Phone-Blue-256GB-Storage/dp/B0DZNQ27BN/ref=sr_1_9558?dib=eyJ2IjoiMSJ9.qvJuhTnEzHudBl7IEOu368VUOndbRxH01anQhzT92Q-PhtJ4Vjrpi5Usb6vSq6OlAh_7zXSF4mROdSIapFfk3XG71U5Cg89mqr3sjJH0J2jzdkAYNqKWdHqXwa3wTJnHsOBN11AsnxCg7qIJ6t-UMbHYkQK2qD0vrwnz18Zl6nDZAhP6QcZqVuqWqkLE00aTh2SOj0AlJXkrBLCz8q9xLY6tC1oC2jbXrySiXhfiS3WWnuGriO99aNWZQqi5R31q_RdQ2Fc_f0FW-KcNzSZ-mDx_K98Xqj4L47ok4pDZraY.62GbbskivJkPX2anFog5Gfb9unttb7kBjjCVQV3EoE0&dib_tag=se&qid=1759746075&s=electronics&sr=1-9558&xpid=UZHjCDxPt3DrQ,https://www.flipkart.com/nothing-phone-3a-blue-256-gb/p/itm49557c5a65f9c?pid=MOBH8G3PZGYF9GED&lid=LSTMOBH8G3PZGYF9GED3K7YVW&marketplace=FLIPKART&q=mobile+phones&store=tyy%2F4io&srno=s_7_148&otracker=search&otracker1=search&fm=Search&iid=39c7c77d-e7f5-4d55-8ac8-971bf7f3649c.MOBH8G3PZGYF9GED.SEARCH&ppt=sp&ppn=sp&ssid=oybmyd8sao0000001753087849426&qH=a81ad6e72f7a2fd1,,https://rukminim2.flixcart.com/image/312/312/xif0q/mobile/m/i/z/-original-imahcfcf2naehefz.jpeg?q=70,Mobiles,0.4012,nothing,-2000.0,Amazon,2000.0,8.0
5832,42,"Skullcandy Jib in-Ear Wired Earbuds with Mic, Supreme Sound, Noise-Isolating Fit, Tangle-Free Cable, 3.5mm Jack for Phones, Laptops & Tablets (Black)","Jib Wired Earbuds with Microphone, Noise Isolating Fit,...",399.0,549.0,3.9,4.0,https://www.amazon.in/Skullcandy-Earbuds-Microphone-Bluetooth-Computers/dp/B075F5X8BR/ref=sr_1_6268?dib=eyJ2IjoiMSJ9.8MxlIx04nBBh6OrsEsmJ1MtPydICI5ddVU4cm5_LrupK2eI04tasIl0C6awfllais9Mm287v7a4UIQtAg-xQ-M_gvSMNf5x5bTKFkqyUFDEwTh8YWDsKaqZQ94S2EkBxusTpti9iIs9PNFxgFenaoh0z0pEI079Dxe1pk6zA-INuttuYswPDnskvt2Em3TNCmCE3Vs3NIhSgU2_Pjq4UZYNQXnlma3BboqP8Ll5B-hjXVHscmsUWaPBo7C-WD1SLR0cOedARi0xjkrt6Bk9_lPmXsnA8v9_1xyi7rzZgwIs.XnR9bH97zfUf6W0mtqByc-5LJLNZgmV5N6Un6HL2Il8&dib_tag=se&qid=1759742009&s=electronics&sr=1-6268&xpid=UZHjCDxPt3DrQ,https://www.flipkart.com/jib-wired-earbuds-microphone-noise-isolating-fit-call-track-control/p/itmead37fa9faecb?pid=ACCF6C86FVXGXUNJ&lid=LSTACCF6C86FVXGXUNJ52ORM3&marketplace=FLIPKART&q=earphones&store=0pm%2Ffcn%2F821&srno=s_2_55&otracker=search&otracker1=search&fm=Search&iid=2247ad38-0720-420a-95b4-87dd49456845.ACCF6C86FVXGXUNJ.SEARCH&ppt=sp&ppn=sp&ssid=wtbp0vyn3k0000001753106001023&qH=54597ea1f2fc7f2e,,https://rukminim2.flixcart.com/image/612/612/xif0q/headphone/0/x/f/-original-imah97hjzgx8bvpf.jpeg?q=70,Earphones,0.3994,noise,-150.0,Amazon,150.0,37.59
1246,1460,Zapcase Back Case Cover for Samsung Galaxy A55 5G | Compatible for Samsung Galaxy A55 5G Back Cover | Scratch-Resistant Back Cover | Clear,"Samsung Galaxy A55 5G (Awesome Navy, 256 GB)",219.0,35422.0,3.9,4.3,https://www.amazon.in/Zapcase-Samsung-Galaxy-Compatible-Scratch-Resistant/dp/B0DRJPYR4L/ref=sr_1_1261?dib=eyJ2IjoiMSJ9.3D66oSoGhtWaoJ4utFxdk08YoHhmGblZzI6zTXUjSZCqbCsd7wuyo_6LKfVGJH0fQluvu_mlEpgxOF7YWe_BbcUmKksyVHiAvTpvHRvNH8fOpDg_TasgmlxZHsEGlU89meWEk7dhqHUOVDTj1E4rZdu520TETN8mkY3RNfcjPZ4Fa43vn02aei_tNcA8pyg-f6yscqYDatYBhw4YPt4jTZFyNdnOn4zPhCjseu9GzR8nNZnf5rBAq2-wxQvtGXjXC2k7IXQCIVXOUYjmZ39Oi5ctUXhdrnsMsb1yTFmLh4A.IxBMHgFDuRWRnJ1PqbVMd5IYV7zcpy3xYckXtUoXS_Q&dib_tag=se&qid=1759736421&s=electronics&sr=1-1261&xpid=UZHjCDxPt3DrQ,https://www.flipkart.com/samsung-galaxy-a55-5g-awesome-navy-256-gb/p/itmfb3db0f07b36b?pid=MOBGYT2HY8JZCSPW&lid=LSTMOBGYT2HY8JZCSPW8KZGEI&marketplace=FLIPKART&q=mobile+phones&store=tyy%2F4io&srno=s_36_843&otracker=search&otracker1=search&fm=Search&iid=cb80cd78-aa8b-47d5-bcd1-5ee62f38f951.MOBGYT2HY8JZCSPW.SEARCH&ppt=sp&ppn=sp&ssid=nu5401e1800000001753088265358&qH=a81ad6e72f7a2fd1,,https://rukminim2.flixcart.com/image/312/312/xif0q/mobile/q/q/t/-original-imahbzpzhcptykzf.jpeg?q=70,Mobiles,0.3994,samsung,-35203.0,Amazon,35203.0,16074.43
4592,1556,Redmi Note 14 Pro 5G Titan Black 8GB RAM 256GB Storage|50 MP Sony Camera Setup|Corning Gorilla Glass Victus 2 | 1.5K 3D Curved AMOLED | Mediatek Dimensity 7300- Ultra,"REDMI Note 14 Pro 5G (Titan Black, 256 GB)",23998.0,24999.0,4.0,4.3,https://www.amazon.in/Redmi-Note-14-Pro-5G/dp/B0DQVHCMP2/ref=sr_1_4917?dib=eyJ2IjoiMSJ9.sXmat1Ut2UKcq3uoo5X9PgyxCqTPbzsgKumL5D-Qo41m_oGRHpTLqp57RztUBbLVl742KpfXnvjdNIWLAQ_nhRGarcZ6mSQnBSIp_voG3aA-phIDiXQty9U7vsEXwfASSAP79Pl0IlV8y57zgZkIRR2UVPraayysYyaNe-nCecitmW1OFxA5I_TdKLdLPear6IS_yCgzkGApqIifoZ4B_mbSI6u8bFXL4VJv9ASdB8sy8uyn6R9d1Gohx5OS97VBxDnIRxAZ7UpwDzfCdVn9YzE47BnmBAnABECVkmv02SQ.BKUOSCRxpFoWhDdnw1Zvoq7RL3JvGAdI-24XD89cTs0&dib_tag=se&qid=1759740293&s=electronics&sr=1-4917&xpid=UZHjCDxPt3DrQ,https://www.flipkart.com/redmi-note-14-pro-5g-titan-black-256-gb/p/itm260f3edcb0cde?pid=MOBH753HGHXUSKGC&lid=LSTMOBH753HGHXUSKGCWNTYOP&marketplace=FLIPKART&q=mobile+phones&store=tyy%2F4io&srno=s_40_948&otracker=search&otracker1=search&fm=Search&iid=c79b484f-fc28-42b6-86b9-0d04a11a0634.MOBH753HGHXUSKGC.SEARCH&ppt=sp&ppn=sp&ssid=qfsfhc545s0000001753088302629&qH=a81ad6e72f7a2fd1,,https://rukminim2.flixcart.com/image/312/312/xif0q/mobile/f/b/j/-original-imahdxq54srvkv92.jpeg?q=70,Mobiles,0.3991,redmi,-1001.0,Amazon,1001.0,4.17
6363,244,"Portronics Harmonics Twins S18 in Ear TWS Earbuds with 30H Playtime, in Built HD Mic, Game/Music Mode, 13mm Dynamic Driver, Low Latency, Touch Control, Type C Fast Charging, Light Weight(White)",Portronics Harmonics Twins S18 Earbuds With 30H Playtim...,699.0,769.0,4.0,4.0,https://www.amazon.in/Portronics-Harmonics-Earbuds-Playtime-Charging/dp/B0DFCLNYK8/ref=sr_1_6826?dib=eyJ2IjoiMSJ9.J4uk8N5vihGs411qyqTHp_NtyPhMsYLNUd36hNqqwrDfcOFg3QBZXHKk2Ai7fRs4a_F2nrS_zCvqrbhsVj5mAvm7EUpi5keP_BzM8PJKaP78QezgVzqJMHxzzb5AAPvGFKApIUSra3YNJ4KFesU3ffeUcH8CaGcCeGXUcbRZuV99MJNnv0DSoNabOmMKhbEjY3Dgcc9OMXE8HFevUEHFl272HWdqDzG6EM0eTzKRUcTBUpD8qCDzKn2iuSiOsY1aSAhpC3_5MPIS0NqAn1xXTemUfTEt5we656310lbnSqM.kEF4QDEU0E3Ew2EcS6K0-xm1xWcL67rDL595aVlaCZQ&dib_tag=se&qid=1759742695&s=electronics&sr=1-6826&xpid=UZHjCDxPt3DrQ,https://www.flipkart.com/portronics-harmonics-twins-s18-earbuds-30h-playtime-game-music-mode-touch-control-bluetooth/p/itm4ac8833d40fc2?pid=ACCH4C5FPDZFZZKZ&lid=LSTACCH4C5FPDZFZZKZIRKDVV&marketplace=FLIPKART&q=earphones&store=0pm%2Ffcn%2F821&srno=s_18_709&otracker=search&otracker1=search&fm=Search&iid=421a83fd-dbdf-4ce4-8a3f-06bbd561f720.ACCH4C5FPDZFZZKZ.SEARCH&ppt=sp&ppn=sp&ssid=yws6fserkw0000001753106412734&qH=54597ea1f2fc7f2e,,https://rukminim2.flixcart.com/image/612/612/xif0q/headphone/4/w/u/harmonics-twins-s18-earbuds-with-30h-playtime-game-music-mode-original-imah4c4zp2q5cpgk.jpeg?q=70,Earphones,0.3974,portronics,-70.0,Amazon,70.0,10.01
2499,1399,"realme NARZO 80 Pro 5G (Speed Silver,8GB+128GB) | Segment's 1st MediaTek Dimensity 7400 Chipset | 6000mAh Titan Battery + 80W Ultra Charge | 4500nits HyperGlow Esports Display | IP69 Waterproof","realme NARZO 80 Pro 5G (Speed Silver, 128 GB)",17498.0,18468.0,4.3,4.4,https://www.amazon.in/realme-Segments-Dimensity-HyperGlow-Waterproof/dp/B0F1DBWL8D/ref=sr_1_2554?dib=eyJ2IjoiMSJ9.WV_Y6jv0jg-7Q3F2FzohnJa9XwlZcRXW_xPHrRhtI6kRYgj3YHTviXQFLoE-UpQU3cq2m-MlmcTanOJbgmSttSBiwt6w6qzEn9UNwqIZO1N5CsUHCjyV4ah5s6PhiU6eVh8_qCNZxhQo8V0m--w4Nkdc2pVZQkTuIa0JHhp7Shuqpz-Yk_SYFmF_yQJXT_YxU2ZS0-zPV8IXCT5XOjw1ho9ZOcmU7t8Ix7mggb9ok87O6q50BD1-3yXZf6K5FzIqlvDBtmfvb-SU0-gNFI9S6ElWksFm65d-OeNrmNq0m3w.Iou30_vVqhMVjTD3j-7_qLriTWO5Fz2lYJSVduGo2pQ&dib_tag=se&qid=1759737773&s=electronics&sr=1-2554&xpid=UZHjCDxPt3DrQ,https://www.flipkart.com/realme-narzo-80-pro-5g-speed-silver-128-gb/p/itmcec8ddae6d039?pid=MOBHB7VZHRZ4GEAA&lid=LSTMOBHB7VZHRZ4GEAAX1TXOZ&marketplace=FLIPKART&q=mobile+phones&store=tyy%2F4io&srno=s_33_781&otracker=search&otracker1=search&fm=Search&iid=a8fe4729-26d3-41fb-a2a6-cb008cf739bb.MOBHB7VZHRZ4GEAA.SEARCH&ppt=sp&ppn=sp&ssid=5jm7aluank0000001753088176122&qH=a81ad6e72f7a2fd1,,https://rukminim2.flixcart.com/image/312/312/xif0q/mobile/m/x/h/narzo-80-pro-5g-rmx5033-realme-original-imahb7vzjgfbzyje.jpeg?q=70,Mobiles,0.397,realme,-970.0,Amazon,970.0,5.54
6356,1165,"Redmi 14C 5G (Starlight Blue, 4GB RAM, 128GB Storage) | Superfast 4nm Snapdragon 4 Gen 2 | 120Hz 17.47cm (6.88”) Display | 5160mAh Battery | 50MP Dual Camera | Premium Starlight Design","REDMI 14C 5G (Starlight Blue, 128 GB)",9998.0,10499.0,4.0,4.2,https://www.amazon.in/Redmi-14C-5G-Starlight-Snapdragon/dp/B0DQV5WJ99/ref=sr_1_6819?dib=eyJ2IjoiMSJ9.J4uk8N5vihGs411qyqTHp_NtyPhMsYLNUd36hNqqwrDfcOFg3QBZXHKk2Ai7fRs4a_F2nrS_zCvqrbhsVj5mAvm7EUpi5keP_BzM8PJKaP78QezgVzqJMHxzzb5AAPvGFKApIUSra3YNJ4KFesU3ffeUcH8CaGcCeGXUcbRZuV99MJNnv0DSoNabOmMKhbEjY3Dgcc9OMXE8HFevUEHFl272HWdqDzG6EM0eTzKRUcTBUpD8qCDzKn2iuSiOsY1aSAhpC3_5MPIS0NqAn1xXTemUfTEt5we656310lbnSqM.kEF4QDEU0E3Ew2EcS6K0-xm1xWcL67rDL595aVlaCZQ&dib_tag=se&qid=1759742695&s=electronics&sr=1-6819&xpid=UZHjCDxPt3DrQ,https://www.flipkart.com/redmi-14c-5g-starlight-blue-128-gb/p/itm3227d2404ad5d?pid=MOBH7VY5ZKVSDSAE&lid=LSTMOBH7VY5ZKVSDSAEZEVZAV&marketplace=FLIPKART&q=mobile+phones&store=tyy%2F4io&srno=s_23_535&otracker=search&otracker1=search&fm=Search&iid=e5d86ed0-9f7c-4784-be93-3d994f5cc97e.MOBH7VY5ZKVSDSAE.SEARCH&ppt=sp&ppn=sp&ssid=yrswd515wg0000001753088023963&qH=a81ad6e72f7a2fd1,,https://rukminim2.flixcart.com/image/312/312/xif0q/mobile/m/7/z/-original-imahdxq5zsrwekqg.jpeg?q=70,Mobiles,0.3959,redmi,-501.0,Amazon,501.0,5.01
1462,805,"POCO M7 5G Satin Black 8GB RAM|128GB ROM|SD4 Gen2 Processor|6.88"" HD+ Display|50MP Camera|8MP Front Camera|5160 mAh Battery","POCO M7 5G (Satin Black, 128 GB)",9479.0,9499.0,4.2,4.1,https://www.amazon.in/POCO-Processor-Display-Camera-Battery/dp/B0F5Q5FWT4/ref=sr_1_1481?dib=eyJ2IjoiMSJ9.1AeXyNBaODGICQfgKYNHaEal8scaQhOLPsnq2l0w7O0UawUlHk34HpFxZDo84JpbY6F-FOussyI2bCXFokUtRgJvqR9BETZ2TvSuun8hzEQha8CyZ1zalc_almyc8vKpEYpIEzXlKBxJS8ZS8lXBXFaoMotcrqfBB910x5ga0SFMP2kQ4FchLuzkJKaTPyNZVXF7ta0rnGqSVbIBJZ3aH97pLz0jf_eTbnmaAcc-TdYjd-ypbaGwYNEAwi0pJQoRtu0SOhpN3gjd0GKfCZmAkHzjCMpJLFqXoEHgHk6GEEg.FljCb3zGTj1e6hcOD-EiwaK4kI1r2IDMJmoQ6KjDyY8&dib_tag=se&qid=1759736636&s=electronics&sr=1-1481&xpid=UZHjCDxPt3DrQ,https://www.flipkart.com/poco-m7-5g-satin-black-128-gb/p/itmf030852464eef?pid=MOBH9HFJYHYGC9DB&lid=LSTMOBH9HFJYHYGC9DBQY6QGG&marketplace=FLIPKART&q=mobile+phones&store=tyy%2F4io&srno=s_5_99&otracker=search&otracker1=search&fm=Search&iid=ffa6b7c3-8bc6-4310-b193-0ebddb2d509b.MOBH9HFJYHYGC9DB.SEARCH&ppt=sp&ppn=sp&ssid=1c79mzld9c0000001753087828112&qH=a81ad6e72f7a2fd1,,https://rukminim2.flixcart.com/image/312/312/xif0q/mobile/b/i/3/-original-imah9wydpxgkjtgw.jpeg?q=70,Mobiles,0.3948,poco,-20.0,Amazon,20.0,0.21
23,247,"OnePlus Bullets Z2 Bluetooth Wireless in Ear Earphones with Mic, Bombastic Bass - 12.4 Mm Drivers, 10 Mins Charge - 20 Hrs Music, 30 Hrs Battery Life (Magico Black)",OnePlus Bullets Z2 Bluetooth,1299.0,1695.0,4.1,3.4,https://www.amazon.in/Oneplus-Bluetooth-Wireless-Earphones-Bombastic/dp/B09TVVGXWS/ref=sr_1_24?dib=eyJ2IjoiMSJ9.8-aKrERwPzdGyJWfWOa56BDYB1mnBqGBvnzq6l53HItCsQsxbIFLm21v9R_6FmoTBpJ600hwiR0xOHvF_xx6hMwuEFgEDCYS9iGPnysMOr1BWijktkdu3ikYyaKbiI1q6gDckmDjnylxNO7h1uRbVl7x9fl6TPDK1qp0lGKkRE5gA_wftZX3ERHLcmlkaYn3JAuOQvpxTESxFK3S1ePna3mBomQ_OcwMoivmua83h6CZUcigr3iU7jURLZAo9N2uU6GL2oUlta2OjQEkKGjrvkamiEG_33JUxUeZFvBui50.uZI1p62DqPjx-nuhqdw4L2Wnx43Peyq1jL9BkLtfCSk&dib_tag=se&qid=1759735404&s=electronics&sr=1-24&xpid=UZHjCDxPt3DrQ,https://www.flipkart.com/oneplus-bullets-z2-bluetooth/p/itm5f5590fbad86c?pid=ACCHDY7RNGDXYMZY&lid=LSTACCHDY7RNGDXYMZYFIMI62&marketplace=FLIPKART&q=earphones&store=0pm%2Ffcn%2F821&srno=s_18_714&otracker=search&otracker1=search&fm=Search&iid=421a83fd-dbdf-4ce4-8a3f-06bbd561f720.ACCHDY7RNGDXYMZY.SEARCH&ppt=sp&ppn=sp&ssid=yws6fserkw0000001753106412734&qH=54597ea1f2fc7f2e,,https://rukminim2.flixcart.com/image/612/612/xif0q/headphone/t/8/r/bullets-wireless-z2-bluetooth-oneplus-original-imahczhpb7v7qddq.jpeg?q=70,Earphones,0.3936,oneplus,-396.0,Amazon,396.0,30.48
3895,1497,"realme NARZO 80 Pro 5G (Speed Silver,8GB+256GB) | Segment's 1st MediaTek Dimensity 7400 Chipset | 6000mAh Titan Battery + 80W Ultra Charge | 4500nits HyperGlow Esports Display | IP69 Waterproof","realme Narzo 80 Pro 5G (Speed Silver, 256 GB)",18998.0,22882.0,4.3,4.6,https://www.amazon.in/realme-Segments-Dimensity-HyperGlow-Waterproof/dp/B0F1D9LCK3/ref=sr_1_4147?dib=eyJ2IjoiMSJ9.7b9chSmYw_ZfgZHxgYolyBijU4A8Z3_SC9jACbGL41qsT_n3i_uqLtZMogonxCNVQkXDWIYkp41kC9hGuGksd_yid0Lt3GsdYK7mGfGloO424gDnz_b4otgEja_uQHQPIArxB86RTvmCAH7OgM6bZwSGoyCNe43p7UiMHiQL6fozoaBATr8WHMnWSnubu2OvvCnw1VRUWF3JP-Z7NQ5zHMAvybXeL2tv_Q-uy3mhRrQFwczUxRXeJLnR_SFM6VKSHm0XnfVr_K_V-OgIsChqgQdWbEMYUsAqr0RkO-P6qe4.mXRRM98DG73-4Ta0cYtiEoxZ1rScHcII0u8SAzM4X6k&dib_tag=se&qid=1759739451&s=electronics&sr=1-4147&xpid=UZHjCDxPt3DrQ,https://www.flipkart.com/realme-narzo-80-pro-5g-speed-silver-256-gb/p/itmfe3cb63d4f727?pid=MOBHB4U6CJ9AA5JE&lid=LSTMOBHB4U6CJ9AA5JEUNURK5&marketplace=FLIPKART&q=mobile+phones&store=tyy%2F4io&srno=s_37_885&otracker=search&otracker1=search&fm=Search&iid=97e7c1d8-6d4f-44ac-bb66-a510842b7e28.MOBHB4U6CJ9AA5JE.SEARCH&ppt=sp&ppn=sp&ssid=xuauh4za0g0000001753088274734&qH=a81ad6e72f7a2fd1,,https://rukminim2.flixcart.com/image/312/312/xif0q/mobile/w/k/r/narzo-80-pro-5g-rmx5033-realme-original-imahb4u6pvavzuv6.jpeg?q=70,Mobiles,0.3935,realme,-3884.0,Amazon,3884.0,20.44
1074,735,"Motorola g45 5G Pantone Dahlia Purple, 8 GB,128 GB","Motorola g45 5G (Brilliant Blue, 128 GB)",12178.0,10999.0,4.1,4.3,https://www.amazon.in/Motorola-g45-Pantone-Dahlia-Purple/dp/B0FLKF5V4J/ref=sr_1_1084?dib=eyJ2IjoiMSJ9.q8klnPqQ2NU5hQ60xHQ2LA5jEgqFklWu0eh3XFW1LHV8b1wChDwh828c6uUd-q1NCHVWk7vDJUZcUQwgwZybN5-QSx3ZDzCvk04p-Qt1i6y2HvY6MyX1q-Rd0fhtUSqlToGbh7ucW4HRvFkFbhZ6WyOidSdRwo5uuRTY00_SHp2XidQKey34LgHQHGWUmG-JisKHPgzvrwqgODwerCcRwAUN99pjSPwcePHKuuaqSkPQ5NITjpayD8EVpNJQUYzi7CyMrqcc9CjusBZlL10D-y2d2POEhFxa-3RnkrD5SrA.7jhI1JB7KHRNzisqfEt1ADuC3e6yPSUnyIzcAUxJO-Y&dib_tag=se&qid=1759736273&s=electronics&sr=1-1084&xpid=UZHjCDxPt3DrQ,https://www.flipkart.com/motorola-g45-5g-brilliant-blue-128-gb/p/itm83cc1cca54e32?pid=MOBH3YKQQDZZ2WZH&lid=LSTMOBH3YKQQDZZ2WZHGOH35A&marketplace=FLIPKART&q=mobile+phones&store=tyy%2F4io&srno=s_2_28&otracker=search&otracker1=search&fm=Search&iid=8d7c571b-51b2-486f-84fa-7a4b81c5b634.MOBH3YKQQDZZ2WZH.SEARCH&ppt=sp&ppn=sp&ssid=bcitpmhteo0000001753087794733&qH=a81ad6e72f7a2fd1,,https://rukminim2.flixcart.com/image/312/312/xif0q/mobile/r/l/c/-original-imah3xk892aj9gck.jpeg?q=70,Mobiles,0.3924,motorola,1179.0,Flipkart,1179.0,10.72
7770,871,Amazon Brand - Solimo Samsung Galaxy F06 5G Flip Cover | Card Pockets Wallet & Stand | Flip Cover for Samsung Galaxy F06 5G (Blue),"Samsung Galaxy F06 5G (Bahama Blue, 128 GB)",139.0,9999.0,4.2,4.1,https://www.amazon.in/Amazon-Brand-Solimo-Samsung-Pockets/dp/B0F1957YX4/ref=sr_1_8384?dib=eyJ2IjoiMSJ9.gtpsoq-3lwe2yg5ESGf_siqqtTU6bNCXRztIr0459w8h13NfcENuY-akHCW5LcjxoZNn2kpsHTY2AtYcBEUkw1XNlyGbyh70MswsIZLQ-W4-zvO6sf6jLGGLvyCy5LKPR-vp6bYhVd1ZhgQCPC93MELBxScxd-5aYKH6LUqFtEf4UNQGFFRHDGgDmO0lhrUypVdBncqD4IINgJ3w8_skLL_fTEQZsVQ9G2eJPZnvFBGTU93YGbFq8Xkm4w7Mj6R2GNmcAZanqyLHp-mfKPdbM0iQOBYkhRrAjGcz79TrMdA.-d-rVXgMv5QdS-JKLnU9pOeLGkdMhEaiJrhxVB8QfwI&dib_tag=se&qid=1759744645&s=electronics&sr=1-8384&xpid=UZHjCDxPt3DrQ,https://www.flipkart.com/samsung-galaxy-f06-5g-bahama-blue-128-gb/p/itm58189fada62cb?pid=MOBH9AS47XHFRMJY&lid=LSTMOBH9AS47XHFRMJYWI8CRI&marketplace=FLIPKART&q=mobile+phones&store=tyy%2F4io&srno=s_8_176&otracker=search&otracker1=search&fm=Search&iid=91086f9e-4b75-4f9a-bc38-7ebc66242788.MOBH9AS47XHFRMJY.SEARCH&ppt=sp&ppn=sp&ssid=wfjgvjgjtc0000001753087859851&qH=a81ad6e72f7a2fd1,,https://rukminim2.flixcart.com/image/312/312/xif0q/mobile/w/h/f/-original-imahbk7pzzgc58gw.jpeg?q=70,Mobiles,0.392,samsung,-9860.0,Amazon,9860.0,7093.53
7858,884,"Motorola Edge 60 Stylus (Web, 8GB RAM, 256GB Storage)","MOTOROLA Edge 60 Stylus (PANTONE Surf the Web, 256 GB)",21246.0,22999.0,4.0,4.3,https://www.amazon.in/Motorola-Edge-Stylus-Pantone-Surf/dp/B0F5Y84NWS/ref=sr_1_8482?dib=eyJ2IjoiMSJ9.IoE_MWpkrouGqtnoWOUi3cIloZzsqVCLdp0XNfcZztucuszoNcMrSHxDL-C8ZEkdvEdkqAkfdn8GSBLQ44V9ZiM8WC0n-bYsS8HZ36I5mP_otcxbR_sjr9myZgZYJ7ehSkb_u3Jjw8lgpw4q9FDiS-XaUr2RDcUoAKNjgi7FnScd28wNIQ3YsU5cn9Z4TWLLIQet30LDWx1Cc0BI2LXRHi_CBK-e83ugN1NGCrIW4BxutxAIMxYQVMqXDJKEKtlwI9NXyUOQqEXxdNo5pDAksagIXZBj8SjVPkL-HHDJvcE.P8HScTLZqeiaUqnFAEgyXluNME8jWaHLmkjCPr-1mlE&dib_tag=se&qid=1759744753&s=electronics&sr=1-8482&xpid=UZHjCDxPt3DrQ,https://www.flipkart.com/motorola-edge-60-stylus-pantone-surf-web-256-gb/p/itmdf827fd06190c?pid=MOBH9AEU9GGKZ6GW&lid=LSTMOBH9AEU9GGKZ6GWEXB7BG&marketplace=FLIPKART&q=mobile+phones&store=tyy%2F4io&srno=s_9_195&otracker=search&otracker1=search&fm=Search&iid=542988a7-d9c6-4e1e-b1cc-fb1e0bc2dafa.MOBH9AEU9GGKZ6GW.SEARCH&ppt=sp&ppn=sp&ssid=afkuhooum80000001753087870382&qH=a81ad6e72f7a2fd1,,https://rukminim2.flixcart.com/image/312/312/xif0q/mobile/w/q/q/-original-imahb6qhbzpxdvpx.jpeg?q=70,Mobiles,0.392,motorola,-1753.0,Amazon,1753.0,8.25
7719,1080,"Spigen Liquid Air for Google Pixel 9a Case, Pixel 9a Back Cover (2025) - TPU｜Matte Black","Google Pixel 9A (Obsidian, 256 GB)",899.0,49999.0,4.5,4.5,https://www.amazon.in/Spigen-Liquid-Google-Pixel-Cover/dp/B0DJCK4D2X/ref=sr_1_8331?dib=eyJ2IjoiMSJ9.GBig7gsrq9UM7nHC0S7Ttil5a8Ik7xL3GvKpNAVjY5pdqWm1cgeLvhRD1dhLXcgQI4WFMXhgXBKHj1ypqFMCGE0UhFvzoDpJ2q9znR2SI-_tpFGppBASBLlKFu17-7RASzao0SKoi8d1uY3WH6BtOCrYCMeUGe5NNw5jc-1bWgx_se8JtDRvRKtJieEjl_YeRx8hGBQhkwgxGXyG0rPdsHZkuaIQaw9OFIEW4VsjsKoN8NCclUq-y7727-GXvCXHIGpv8CA1wedM4srwdb6o9Tw8JUEkxH1ceqh0YfpZltM.b7qi3dXRtHbNgipBReK3Oen6Rbuiprx50ui-ZZWLhQg&dib_tag=se&qid=1759744577&s=electronics&sr=1-8331&xpid=UZHjCDxPt3DrQ,https://www.flipkart.com/google-pixel-9a-obsidian-256-gb/p/itmf9d1fcfa566cf?pid=MOBH9YMEQUGCHPHN&lid=LSTMOBH9YMEQUGCHPHNSFHZNA&marketplace=FLIPKART&q=mobile+phones&store=tyy%2F4io&srno=s_19_441&otracker=search&otracker1=search&fm=Search&iid=bb7c8792-f9b7-483b-bcf0-eba4ca01acc1.MOBH9YMEQUGCHPHN.SEARCH&ppt=sp&ppn=sp&ssid=x5p3473w800000001753087983579&qH=a81ad6e72f7a2fd1,,https://rukminim2.flixcart.com/image/312/312/xif0q/mobile/x/b/u/-original-imahadxg2fazkzub.jpeg?q=70,Mobiles,0.3915,google,-49100.0,Amazon,49100.0,5461.62
3730,1497,"realme NARZO 80 Pro 5G (Speed Silver,12GB+256GB) | Segment's 1st MediaTek Dimensity 7400 Chipset | 6000mAh Titan Battery + 80W Ultra Charge | 4500nits HyperGlow Esports Display | IP69 Waterproof","realme Narzo 80 Pro 5G (Speed Silver, 256 GB)",20498.0,22882.0,4.3,4.6,https://www.amazon.in/realme-Segments-Dimensity-HyperGlow-Waterproof/dp/B0F1D9PQZZ/ref=sr_1_3959?dib=eyJ2IjoiMSJ9.2EMpWTZMBaDwebeQ72JOInHk_b2CMMq8Si9JCv6YDp_WxbW4JtAH3Xsorlbsqxtb9EMA4MJYt9VIyDDWSN6rjsRDwM1q6dUPouxLQjDIYUqQNjgVRlHcfjQijQEvmxSk_aGoXvGuOO5ICPiWnW1-T9e0niBIRlPIdkxsseyJqg0kYgw0TnY9V_5Da29WpEqDvZAG_lBywjy_op33mbRFkTvpNAcpsYO174CisKQwtk7M3rQE0nu49t_QDJiPFrs82RbmpwMAuj6Ih6086EMLnOvYcC0Bw_VKnocjeFgyp7s.HnLcnaQ8ktidGHE3lIcNvq1NbKZZm4p_We3uis6Gn64&dib_tag=se&qid=1759739246&s=electronics&sr=1-3959&xpid=UZHjCDxPt3DrQ,https://www.flipkart.com/realme-narzo-80-pro-5g-speed-silver-256-gb/p/itmfe3cb63d4f727?pid=MOBHB4U6CJ9AA5JE&lid=LSTMOBHB4U6CJ9AA5JEUNURK5&marketplace=FLIPKART&q=mobile+phones&store=tyy%2F4io&srno=s_37_885&otracker=search&otracker1=search&fm=Search&iid=97e7c1d8-6d4f-44ac-bb66-a510842b7e28.MOBHB4U6CJ9AA5JE.SEARCH&ppt=sp&ppn=sp&ssid=xuauh4za0g0000001753088274734&qH=a81ad6e72f7a2fd1,,https://rukminim2.flixcart.com/image/312/312/xif0q/mobile/w/k/r/narzo-80-pro-5g-rmx5033-realme-original-imahb4u6pvavzuv6.jpeg?q=70,Mobiles,0.3914,realme,-2384.0,Amazon,2384.0,11.63
218,936,"OnePlus 13R | Smarter with OnePlus AI | Lifetime Display Warranty (12GB RAM, 256GB Storage Astral Trail)","OnePlus 13R 5g (Astral Trail, 256 GB)",38999.0,38945.0,4.4,4.5,https://www.amazon.in/OnePlus-Smarter-Lifetime-Display-Warranty/dp/B0DQ8S38R8/ref=sr_1_220?dib=eyJ2IjoiMSJ9.VVG5euYAstHnOYPmfNiXQaGtGhJlBlIwvLSgKIKWOyxgBfkFkt6f8C8UT_L9fjxbU0t4U74FrhN9QxHWeWfhgt-foiEKEYhOzlq7KIA0lV0NoFMY5CtnK11OyWdifj9xrqvXTAx7-2-Hy_NJHv9Y3zDSxPlYSla98fAf_JwPSRPRHo9Lgjz8C4rWh0NaYq6ypsJ5DKZOIP1n9jFM69TKoMo-PpZAph13XdlgPv1jXnA09hX8hOMVeaGWgUyQWGebFEIXJLPEPe6JWWSg6Q48R0-krWgS8A7TFJRZxqtiE60.5BsUwR0YS1sEYPxrb8-62jA6juZ53NU8fNxKaMMR64Y&dib_tag=se&qid=1759735575&s=electronics&sr=1-220&xpid=UZHjCDxPt3DrQ,https://www.flipkart.com/oneplus-13r-5g-astral-trail-256-gb/p/itmff6561809fab8?pid=MOBH8EVKZHTE7A32&lid=LSTMOBH8EVKZHTE7A32YRC12H&marketplace=FLIPKART&q=mobile+phones&store=tyy%2F4io&srno=s_12_267&otracker=search&otracker1=search&fm=Search&iid=f7937241-fb59-427d-9eb7-75586bfef788.MOBH8EVKZHTE7A32.SEARCH&ppt=sp&ppn=sp&ssid=p65rsa2g0g0000001753087901914&qH=a81ad6e72f7a2fd1,,https://rukminim2.flixcart.com/image/312/312/xif0q/mobile/p/t/z/-original-imah8vc2pmypfpnn.jpeg?q=70,Mobiles,0.3913,oneplus,54.0,Flipkart,54.0,0.14
747,943,"OnePlus 13R | Smarter with OnePlus AI | Lifetime Display Warranty (16GB RAM, 512GB Storage Nebula Noir)","OnePlus 13R 5G (Nebula Noir, 512 GB)",43999.0,43777.0,4.4,4.5,https://www.amazon.in/OnePlus-Smarter-Lifetime-Display-Warranty/dp/B0DQ8V5NLV/ref=sr_1_754?dib=eyJ2IjoiMSJ9.fg58-GQdIbMeIUr9o3g3BjY2L9n2TLTIOKfFrwHfPU05KBBYy9VCYGv4wr_buwzfMQDzDTKRzMzsA9z0JawrYK6jERw4dUIvt1mQDRKX90uCsr5L8o6OaDbI3EcxDpCtwBdgHEayLWtAiUb6ZDW8nUskSA7bxBXdixdssEEHjlus7GVdxDLRkhjhmqWdiJotuUegVVIKbw75ANiLk82mRPuz_UBEQQwoBZozwg2zwaAJ_HTjs_N__smH6uuBbn-MDAT1WXjXiq2tECZgY4Tuy0wH_zT6fUb1nzMHe-nUGSw.eiBSqUIeNfSp3iPQwgdl-pH6ciQwZ6GIoZdVFCu1itI&dib_tag=se&qid=1759735999&s=electronics&sr=1-754&xpid=UZHjCDxPt3DrQ,https://www.flipkart.com/oneplus-13r-5g-nebula-noir-512-gb/p/itmff6561809fab8?pid=MOBH8H4HTS84UEQN&lid=LSTMOBH8H4HTS84UEQNYUOCYH&marketplace=FLIPKART&q=mobile+phones&store=tyy%2F4io&srno=s_12_274&otracker=search&otracker1=search&fm=Search&iid=f7937241-fb59-427d-9eb7-75586bfef788.MOBH8H4HTS84UEQN.SEARCH&ppt=sp&ppn=sp&ssid=p65rsa2g0g0000001753087901914&qH=a81ad6e72f7a2fd1,,https://rukminim2.flixcart.com/image/312/312/xif0q/mobile/z/1/5/-original-imah8vc2a8dg7xea.jpeg?q=70,Mobiles,0.3912,oneplus,222.0,Flipkart,222.0,0.51
199,247,"OnePlus Bullets Z2 Bluetooth Wireless in Ear Earphones with Mic, Bombastic Bass - 12.4 Mm Drivers, 10 Mins Charge - 20 Hrs Music, 30 Hrs Battery Life (Jazz Green)",OnePlus Bullets Z2 Bluetooth,1449.0,1695.0,4.1,3.4,https://www.amazon.in/OnePlus-Bluetooth-Wireless-Earphones-Bombastic/dp/B0C4FLDT56/ref=sr_1_201?dib=eyJ2IjoiMSJ9.SiGOJTnj9_DH_PrDMQDkgIs6xNUX3d6lQWCvsX3ryCwUWjdPtUTd1OihfTrGDEbr5y_d4-usKFVlotFtLlri1oojBysXt6AaGA3PRbxsrZumFtwWkiJOtMalZiK-RHh1V_QtuNojCA9hHW__lYgPohhjMLim9ARJSUUXFEmSLrUQrql3UXIp8EtObfcxgxKgwWgrGQwKUV8D6uRlsOXKtGqapeFRH2Y51Saf0e_Xp5X7quUYvUcIVwIrs7ODxgn7TTWkeHQqWMIoh173ffHqKM9Hs92OkccyI5Rcas01kSQ.vNM7e9jX37o4nOl1CgLafG2hthMt_axCnAVsupxCEvw&dib_tag=se&qid=1759735555&s=electronics&sr=1-201&xpid=UZHjCDxPt3DrQ,https://www.flipkart.com/oneplus-bullets-z2-bluetooth/p/itm5f5590fbad86c?pid=ACCHDY7RNGDXYMZY&lid=LSTACCHDY7RNGDXYMZYFIMI62&marketplace=FLIPKART&q=earphones&store=0pm%2Ffcn%2F821&srno=s_18_714&otracker=search&otracker1=search&fm=Search&iid=421a83fd-dbdf-4ce4-8a3f-06bbd561f720.ACCHDY7RNGDXYMZY.SEARCH&ppt=sp&ppn=sp&ssid=yws6fserkw0000001753106412734&qH=54597ea1f2fc7f2e,,https://rukminim2.flixcart.com/image/612/612/xif0q/headphone/t/8/r/bullets-wireless-z2-bluetooth-oneplus-original-imahczhpb7v7qddq.jpeg?q=70,Earphones,0.3905,oneplus,-246.0,Amazon,246.0,16.98
5636,1460,"Spigen Liquid Air for Samsung Galaxy A55 5G Case, Galaxy A55 5G Back Cover (2024) - TPU｜Matte Black","Samsung Galaxy A55 5G (Awesome Navy, 256 GB)",899.0,35422.0,4.2,4.3,https://www.amazon.in/Spigen-Liquid-Compatible-Samsung-Galaxy/dp/B0CQ3WT7N1/ref=sr_1_6065?dib=eyJ2IjoiMSJ9.NaxOKDmPPE0ftN2LpvgOrzOR65djBToJ3VS90SC3qw1D_9QS1IypI28QDC8mR8FQbhjizIJqe3KEkpihieIvjLX9109IjwAnyCxwJT5UP8hw0LHn0J1qpnwGn4rc4GH-OeWrz3FjK62yjqIvWqftYt4xFcS1TltxgADYfLX5sLIP59HKuZh55W4aUvZevcdPYSycmvyWaXi-Milu4YoqseJkSpWX7gxXt6rWIx4AtCdiAspMFO-GKjPdf6Q49w0XAkR_xEWKLT8xZgxcg2Q2w2rsHmE_K7dpYT1s3X2oIUc.b5JGzwhsV5eFZHjKczN_5b5ohWyv70NF5H_39MRk-us&dib_tag=se&qid=1759741743&s=electronics&sr=1-6065&xpid=UZHjCDxPt3DrQ,https://www.flipkart.com/samsung-galaxy-a55-5g-awesome-navy-256-gb/p/itmfb3db0f07b36b?pid=MOBGYT2HY8JZCSPW&lid=LSTMOBGYT2HY8JZCSPW8KZGEI&marketplace=FLIPKART&q=mobile+phones&store=tyy%2F4io&srno=s_36_843&otracker=search&otracker1=search&fm=Search&iid=cb80cd78-aa8b-47d5-bcd1-5ee62f38f951.MOBGYT2HY8JZCSPW.SEARCH&ppt=sp&ppn=sp&ssid=nu5401e1800000001753088265358&qH=a81ad6e72f7a2fd1,,https://rukminim2.flixcart.com/image/312/312/xif0q/mobile/q/q/t/-original-imahbzpzhcptykzf.jpeg?q=70,Mobiles,0.3905,samsung,-34523.0,Amazon,34523.0,3840.16
2350,812,"Redmi 13 5G, Hawaiian Blue, 6GB+128GB | India Debut SD 4 Gen 2 AE | 108MP Pro Grade Camera | 6.79in Largest Display in Segment","REDMI 13 5G (Hawaiian Blue, 128 GB)",11499.0,13253.0,4.1,4.3,https://www.amazon.in/Redmi-Hawaiian-Largest-Display-Segment/dp/B0D78WCNZZ/ref=sr_1_2396?dib=eyJ2IjoiMSJ9.i_wa-w_tX5ldqfj_Ei_woAUNYU5Bq2LtAN4dPkrmj_W6f-_8prayp0DL8nphewUkJcngCbxqXgDrsaLJTshw0F29XknHyxNLj9TQ3XBLWOLPqa2BhZyAicI7vrEE9jRAoIe2sljo3Oo4kFjwpvn5QsIJmIFvWxRVecd_8WynrIIsU-Bom-P1H0CRcetpku-uHA5B2m98fyo1vpfOeXKQAsmtBamBrsolNTPrNKEj8dGO8DzOAsVd8aKil0JcMv6pnGjkzfmsuoFIW3nRAVqbOLZcfPMIAvEsoqx7H3U6LtA.Uewm9Qb5Sr-F3c8rzDfU-cWyiFcTYI2tCjhcunAKV34&dib_tag=se&qid=1759737598&s=electronics&sr=1-2396&xpid=UZHjCDxPt3DrQ,https://www.flipkart.com/redmi-13-5g-hawaiian-blue-128-gb/p/itmbf96c9b15ce5e?pid=MOBH2SUHMUYBZSHY&lid=LSTMOBH2SUHMUYBZSHYNC6IIV&marketplace=FLIPKART&q=mobile+phones&store=tyy%2F4io&srno=s_5_107&otracker=search&otracker1=search&fm=Search&iid=ffa6b7c3-8bc6-4310-b193-0ebddb2d509b.MOBH2SUHMUYBZSHY.SEARCH&ppt=sp&ppn=sp&ssid=1c79mzld9c0000001753087828112&qH=a81ad6e72f7a2fd1,,https://rukminim2.flixcart.com/image/312/312/xif0q/mobile/z/n/u/13-5g-2406ern9ci-redmi-original-imah3nrawgphb28p.jpeg?q=70,Mobiles,0.3904,redmi,-1754.0,Amazon,1754.0,15.25
5494,1530,Redmi Note 14 Pro 5G Champagne Gold 8GB RAM 256GB Storage|50 MP Sony Camera Setup|Corning Gorilla Glass Victus 2 | 1.5K 3D Curved AMOLED | Mediatek Dimensity 7300- Ultra | IP68 IP69,"REDMI Note 14 Pro 5G (Champagne Gold, 256 GB)",23600.0,24999.0,4.0,4.3,https://www.amazon.in/Redmi-Champagne-Storage-Mediatek-Dimensity/dp/B0FDW81P71/ref=sr_1_5907?dib=eyJ2IjoiMSJ9.5Bz7PJnwv2bL0sUTv74j3PuKA6dsQh_DL-u-XewNoxcXOdNpjR53GQ1IfR6GkEWdE8NoBC05QvbHEHY-GqnTKyjJPhP79VlBPlhfL1CeHaq9cIEE-2PrfVTcjYWbkTGSgvPbbR9jmIO4TVMKSZKS4isxsIwkHqhF1KNz4mVYKsbEfn9ug1N-QST_aW2mx1SlLhtWyVvVmyWt-OvUhsnwVOWenNcvd5m4S8FAQImlcBSpkcG9bcJGw81YOsDXhUryjJVfyE---BTSfXmDcAl5wBngYOMyqXeqqsHiFuA3e5A.A7FmlarkNveC1Wo-zDC0m3iaFSv7HQhf4o6TnatB0Bw&dib_tag=se&qid=1759741557&s=electronics&sr=1-5907&xpid=UZHjCDxPt3DrQ,https://www.flipkart.com/redmi-note-14-pro-5g-champagne-gold-256-gb/p/itmedd69c194a9dc?pid=MOBHDDQKFPCHQV9B&lid=LSTMOBHDDQKFPCHQV9BFJ3M8W&marketplace=FLIPKART&q=mobile+phones&store=tyy%2F4io&srno=s_39_919&otracker=search&otracker1=search&fm=Search&iid=40f4dab7-eac6-4ce6-b4fe-080a8636f6c1.MOBHDDQKFPCHQV9B.SEARCH&ppt=sp&ppn=sp&ssid=8l02y364y80000001753088293371&qH=a81ad6e72f7a2fd1,,https://rukminim2.flixcart.com/image/312/312/xif0q/mobile/f/y/x/-original-imahdxq5ryrghm49.jpeg?q=70,Mobiles,0.3896,redmi,-1399.0,Amazon,1399.0,5.93
5570,1419,"OPPO A3X 5G (Starry Purple, 4GB RAM, 64GB Storage)|6.67” HD+ 120Hz Refresh Rate Screen | 45W SUPERVOOC|with No Cost EMI/Additional Exchange Offers","OPPO A3x 5G (Starry Purple, 64 GB)",10390.0,11499.0,4.0,4.2,https://www.amazon.in/Storage-Refresh-SUPERVOOC-Additional-Exchange/dp/B0D9HPGZTB/ref=sr_1_5996?dib=eyJ2IjoiMSJ9.jXyoyCwH9dfCJzdC_0DsWcJtI3qy0VOROiaH0KqkNKM5dIMcH9FEvKS1yw2JHzm4WUjde_8h_8wYRZfyMvmhxjrPZX2S1wCf2qIzfRyYcMraev19SpqjsEyytJoKcL9M1NuN4OInDaYsWQg8Tx1BpSDet0Xe5boKknyacIEdG6YeELFiDWD2iPhdN7D_8s1ealGBQ-__JsdIz92lWVXR61YcuAu_kybAwwwPluqfabKdkVxV7Nt1kdHpThIo31PCyfQqUt-lGsl6Ruzwn0D_ZF3o2gR8vNyFGnSqRMSIfdw.nspwmAYmhRprvhMBrXYx_CnU9tR6ZpH6cQw6rw5upiY&dib_tag=se&qid=1759741651&s=electronics&sr=1-5996&xpid=UZHjCDxPt3DrQ,https://www.flipkart.com/oppo-a3x-5g-starry-purple-64-gb/p/itmb2b7c683d72a8?pid=MOBH3YHWMZZEAH69&lid=LSTMOBH3YHWMZZEAH69PGQ28M&marketplace=FLIPKART&q=mobile+phones&store=tyy%2F4io&srno=s_34_802&otracker=search&otracker1=search&fm=Search&iid=ba77a6f1-752e-40bd-8968-b5c655b8a3c1.MOBH3YHWMZZEAH69.SEARCH&ppt=sp&ppn=sp&ssid=ug23y7igqo0000001753088209917&qH=a81ad6e72f7a2fd1,,https://rukminim2.flixcart.com/image/312/312/xif0q/mobile/s/p/d/-original-imah4d9fxk3dbhgz.jpeg?q=70,Mobiles,0.389,oppo,-1109.0,Amazon,1109.0,10.67
1180,860,"Nothing Phone (3A) 5G (White, 8GB RAM, 256GB Storage)","Nothing Phone (3a) (White, 256 GB)",25380.0,26999.0,4.3,4.5,https://www.amazon.in/Nothing-Phone-White-256GB-Storage/dp/B0DZNP1MN3/ref=sr_1_1194?dib=eyJ2IjoiMSJ9.y5Jgs4QX7L1NqKVOtEsOyw1kEBHREUVoYAeaL6F4ymiCprUCtnIlVsc4wslj63XMXeYj9QW_cd_LY1q_ydN_KCgy9rTD0c3sdxfll8gGE0gp78hoXAtuJHHZAoAmYdn3D0Yrm_Lf_DnVwMZCfmg_W7VV8ILTqjoDzOm6aXWq93KxF43KnGPQtqbTtiP78IAAMwig4SWGufUcy1n7f8NwJFBUTj3vKFc9YS1fDx-XrHgbUmItfC1AKp51jSorCQBI_wFRIT-OdyHxEIiY-OAqrZz6yWYy1d0ldiXuMfEEQrs.UXrBilOGKmeevZ57LeoZ4VadOe_T7H1mykh8RHGlyTs&dib_tag=se&qid=1759736352&s=electronics&sr=1-1194&xpid=UZHjCDxPt3DrQ,https://www.flipkart.com/nothing-phone-3a-white-256-gb/p/itm49557c5a65f9c?pid=MOBH8G3PCBJAB8GX&lid=LSTMOBH8G3PCBJAB8GXYHLNGL&marketplace=FLIPKART&q=mobile+phones&store=tyy%2F4io&srno=s_7_159&otracker=search&otracker1=search&fm=Search&iid=39c7c77d-e7f5-4d55-8ac8-971bf7f3649c.MOBH8G3PCBJAB8GX.SEARCH&ppt=sp&ppn=sp&ssid=oybmyd8sao0000001753087849426&qH=a81ad6e72f7a2fd1,,https://rukminim2.flixcart.com/image/312/312/xif0q/mobile/e/l/m/-original-imahcfcfhxrf5hzg.jpeg?q=70,Mobiles,0.3881,nothing,-1619.0,Amazon,1619.0,6.38
6635,978,"SAMSUNG Galaxy F36 5G (Violet, 128 GB) (6 GB RAM)","Samsung Galaxy S24 5G (Cobalt Violet, 128 GB)",15387.0,74999.0,4.0,4.6,https://www.amazon.in/SAMSUNG-Galaxy-F36-5G-Violet/dp/B0FKYLQ9XM/ref=sr_1_7112?dib=eyJ2IjoiMSJ9.pC6YXoPawsOcPG8bKgCd1z0cPqlFuREG3yEnIonbLc16DReXtNmmN9FVhgimuPd4UV2xU__V9CqfhtT9D4f-9y1LvdUkP-TJLea0s02thxSKpF7RQctMX9Nqs_Y0T1vexM7f1GGNU8QYaAygxsww84yv1NLN-2fT8zS-M67LP6RQ82K2NtTRtec00ZJbvFx1bOQ4tr8vtgFymFLjmTaKVNsBkPI49GQKxjn8135Q9fnhJPp2a2TnmnXCUh0uaCo1mk8LvMEZQ7aVnbcxr5JpXH8IQq1-As1_OFmShnEqUac.yDr9nULv3axwLSDcNKRALfLWb2LNX9PCBuE5QuhSiL4&dib_tag=se&qid=1759743063&s=electronics&sr=1-7112&xpid=UZHjCDxPt3DrQ,https://www.flipkart.com/samsung-galaxy-s24-5g-cobalt-violet-128-gb/p/itma2ec54ed01030?pid=MOBHYJ6Q3ZAFJTF7&lid=LSTMOBHYJ6Q3ZAFJTF7GUPLRR&marketplace=FLIPKART&q=mobile+phones&store=tyy%2F4io&srno=s_14_321&otracker=search&otracker1=search&fm=Search&iid=b1620752-ed87-4c97-a7d8-87c89786b83f.MOBHYJ6Q3ZAFJTF7.SEARCH&ppt=sp&ppn=sp&ssid=8ghyoks0rk0000001753087922506&qH=a81ad6e72f7a2fd1,,https://rukminim2.flixcart.com/image/312/312/xif0q/mobile/9/5/3/-original-imahcfwmnqgkdfxr.jpeg?q=70,Mobiles,0.3874,samsung,-59612.0,Amazon,59612.0,387.42
2355,821,"Motorola Edge 60 Fusion (8GB RAM, 256GB Storage)","MOTOROLA Edge 60 Fusion 5G (PANTONE Amazonite, 256 GB)",21499.0,24999.0,4.2,4.5,https://www.amazon.in/Motorola-Fusion-Pantone-Slipstream-Storage/dp/B0F46CBG95/ref=sr_1_2401?dib=eyJ2IjoiMSJ9.VXOVkXNReyOP0Ybms7p4t2oDRwfsJtL1KBoNrhwycyH4cuGIlKC0u7Ehm-pHFFdcqfCeKSa8-88T9Xb0k0VZHck9ZYEPawxPOxp-bjELYkQhJotU6XyNKFD4Rzm3pxLqifdum2I3ZUSGxhX4SGEWuqpqL0IureTqWCoRjGOJmgcAF9K_exjNrRgqKE52FqOzjvxLh0Ee24PeO2d_WAZIiiz3hTHc-pwI8fYTltj8Kib1Bd5AWkXcPijphvlO-C2D3_RR8tUSCKbCSpj_h9X43QRlook56Rj4DG1_xg7TiWs.84PcQ7Agi7xMR1nP5AeVlcXw6X9VvWzCcgIx-_reM1c&dib_tag=se&qid=1759737623&s=electronics&sr=1-2401&xpid=UZHjCDxPt3DrQ,https://www.flipkart.com/motorola-edge-60-fusion-5g-pantone-amazonite-256-gb/p/itm2e5f388fd9bf1?pid=MOBH9AQZ3YZXWZHN&lid=LSTMOBH9AQZ3YZXWZHNZDDVXP&marketplace=FLIPKART&q=mobile+phones&store=tyy%2F4io&srno=s_5_117&otracker=search&otracker1=search&fm=Search&iid=ffa6b7c3-8bc6-4310-b193-0ebddb2d509b.MOBH9AQZ3YZXWZHN.SEARCH&ppt=sp&ppn=sp&ssid=1c79mzld9c0000001753087828112&qH=a81ad6e72f7a2fd1,,https://rukminim2.flixcart.com/image/312/312/xif0q/mobile/j/x/j/-original-imahbfmdgpjvgecg.jpeg?q=70,Mobiles,0.3861,motorola,-3500.0,Amazon,3500.0,16.28
1785,1029,"OnePlus 13R | Smarter with OnePlus AI | Lifetime Display Warranty (16GB RAM, 512GB Storage Astral Trail)","OnePlus 13R 5G (Astral Trail, 512 GB)",43999.0,43999.0,4.4,4.5,https://www.amazon.in/OnePlus-Smarter-Lifetime-Display-Warranty/dp/B0DQ8XPRYF/ref=sr_1_1815?dib=eyJ2IjoiMSJ9.3K99LMawrzKVMF7rGIHMq9Q7Q6yQqooFDFnbz12RPLaoW9W7LtbfeD9Vm6H9D9pVTvxRhXT2FWqswvyM5ONZNahJQC1YdRe5EycjiMWzfstL0GPj1CBDZMu0B9r3ECEvUeJxGdzPBqaRTABM8D5NVovrId_86t7thamOHgSMyzEaCqJEKSj9UXiU_nyrhN9piTUkuSczCZPBXm5w_ftvArQcOyf2VmZgJ04ZvrOykkopt4FgyqoH_B74IKUu6gEEVuT58O8YsbA4fLiihhPMOQoEnukRkCU1Flsh-fN4pkQ.iDDD9XTYHmZWrKCjLA3RSeSdGQ-LydCd2MLHe3SgiV0&dib_tag=se&qid=1759737003&s=electronics&sr=1-1815&xpid=UZHjCDxPt3DrQ,https://www.flipkart.com/oneplus-13r-5g-astral-trail-512-gb/p/itmff6561809fab8?pid=MOBH8HFJPKRUT2VM&lid=LSTMOBH8HFJPKRUT2VMGAVKOW&marketplace=FLIPKART&q=mobile+phones&store=tyy%2F4io&srno=s_16_380&otracker=search&otracker1=search&fm=Search&iid=063ca73b-034f-49ce-abbd-42b43c4da71d.MOBH8HFJPKRUT2VM.SEARCH&ppt=sp&ppn=sp&ssid=j3ipelsou80000001753087943915&qH=a81ad6e72f7a2fd1,,https://rukminim2.flixcart.com/image/312/312/xif0q/mobile/p/t/z/-original-imah8vc2pmypfpnn.jpeg?q=70,Mobiles,0.3856,oneplus,0.0,Same Price,0.0,0.0
6909,1465,"amazon basics Luxury Paper Thin Case Cover for Samsung Galaxy S25 5G | Matte Finish | Compatible with magsafe | (White, Samsung Galaxy S25 5G)","Samsung Galaxy S25 5G (Navy, 256 GB)",249.0,80999.0,4.1,4.6,https://www.amazon.in/amazon-basics-Samsung-Galaxy-S25/dp/B0DT9J41ZH/ref=sr_1_7429?dib=eyJ2IjoiMSJ9.FuiclKArbx4560_LBUoTS8V25Bly7l-N6rhCYq5kOWnGWLOfS4rC1sAvTxJYcI8e9qb5Bn4Dlif0_nY-kQSvTfu_ESrEBnQDxMHHrRHzg48A1Izpa8zZr0Q7KSvOD1FmTWcGd2mTgviIC5Ec1QDWI-RF_1EjOBklBDH24tmX1WVRUhzvlAZRikKsdofsYaoI6fI9Z2VLxtPdInWg5tXJvZUye5VA6IJ0b1Bry6P0mu6Opro2jnbUAjUczJ9tPw2c2RhAqeEuL0mfs-JAJ3s8P0d5s9JR_QPBZd3QfXGMLqU.fggwhm2FHF6R_CC_rw3QyTD36NfEgz-YJ2-nCegWvi8&dib_tag=se&qid=1759743439&s=electronics&sr=1-7429&xpid=UZHjCDxPt3DrQ,https://www.flipkart.com/samsung-galaxy-s25-5g-navy-256-gb/p/itm277a7d1824e44?pid=MOBH8K8U4ZPHSNKK&lid=LSTMOBH8K8U4ZPHSNKKGKHZNG&marketplace=FLIPKART&q=mobile+phones&store=tyy%2F4io&srno=s_36_848&otracker=search&otracker1=search&fm=Search&iid=cb80cd78-aa8b-47d5-bcd1-5ee62f38f951.MOBH8K8U4ZPHSNKK.SEARCH&ppt=sp&ppn=sp&ssid=nu5401e1800000001753088265358&qH=a81ad6e72f7a2fd1,,https://rukminim2.flixcart.com/image/312/312/xif0q/mobile/1/s/a/-original-imahch2h6ucehmgs.jpeg?q=70,Mobiles,0.3856,samsung,-80750.0,Amazon,80750.0,32429.72
8022,1259,"POPIO Camera Lens Protector For iPhone 15 / iPhone 15 Plus (Black), 1 Set, with Easy Installation Kit","Apple iPhone 15 Plus (Black, 128 GB)",226.0,74900.0,4.4,4.6,https://www.amazon.in/POPIO-iPhone-15-Black-Installation/dp/B0FL7MRCQ6/ref=sr_1_8651?dib=eyJ2IjoiMSJ9.x4N5X6sPuVnUMtXktaG1B5-hbzvmZN5agcYm6KgXplLZ8imCvkVakCa3vXRSpnQVkK1TK_2oCughewjnQj9jQfcB9y1ZpH4G81Qb5u_qEs6KAlteMaGTfHLQv9nkBbwkGwWVfYhbnLd3PvFhD3yArsejD6dluau-1Csdh80Q5ZheZRbzMULM_Y-d3jgCguMY7Iva-gn6fk84Qcjfl_KfKc21rqz8eB3AKXyyxMMQS4yhYOl23RrospNC4lwrFCJBley1g8gC08WfbCxDrfGdMUBiAiWfW_zYGxxsEoT7hdQ.gthIE-xkFa_IsehbgmqD8R8auiT7Y7JMrigy39FWaPw&dib_tag=se&qid=1759744962&s=electronics&sr=1-8651&xpid=UZHjCDxPt3DrQ,https://www.flipkart.com/apple-iphone-15-plus-black-128-gb/p/itme3a53984760fb?pid=MOBGTAGPNRQA7CS3&lid=LSTMOBGTAGPNRQA7CS3YEKCQO&marketplace=FLIPKART&q=mobile+phones&store=tyy%2F4io&srno=s_27_633&otracker=search&otracker1=search&fm=Search&iid=891e87c0-72a0-4f01-b075-0f5a2f9fde97.MOBGTAGPNRQA7CS3.SEARCH&ppt=sp&ppn=sp&ssid=ojaye37c7k0000001753088066331&qH=a81ad6e72f7a2fd1,,https://rukminim2.flixcart.com/image/312/312/xif0q/mobile/h/d/9/-original-imagtc2qzgnnuhxh.jpeg?q=70,Mobiles,0.3855,,-74674.0,Amazon,74674.0,33041.59
4395,1460,"Spigen Rugged Armor for Samsung Galaxy A55 5G Case, Galaxy A55 5G Back Cover (2024) - TPU｜Matte Black","Samsung Galaxy A55 5G (Awesome Navy, 256 GB)",902.0,35422.0,4.2,4.3,https://www.amazon.in/Spigen-Rugged-Compatible-Samsung-Galaxy/dp/B0CT65664C/ref=sr_1_4694?dib=eyJ2IjoiMSJ9.G2Hc9zZXRUT-7Y_QAwzS1sp5MKxv2-8SiwgFX6-FPabMZTkj9LVmZaYUHk0HqgrMQBlshM6m67eBxPVGOtOG4JCXJPLgFf8xR1WXAqnygK78d6IdBEfFIjrWe6PSAPxI-a4PL7zuthBwlWE1oShqRMfOWFMTXZ8UWMGYhc9VkDXJw15-z4suQu2amTrM2HbKByUwEJPekc2mq1kkxSPWWg3kG72iEWqAfpqHfDbwpFVYHuHMUWWzOSKm4owfOtiqj0aSvDzHlRKUKJIrK4GDrYl9rQCJif8WoQlD2qyDouk.QRzlQDAhmpPkxaEQNGr1uwJ6ANzY9XtFTr6GY6jV0NQ&dib_tag=se&qid=1759740026&s=electronics&sr=1-4694&xpid=UZHjCDxPt3DrQ,https://www.flipkart.com/samsung-galaxy-a55-5g-awesome-navy-256-gb/p/itmfb3db0f07b36b?pid=MOBGYT2HY8JZCSPW&lid=LSTMOBGYT2HY8JZCSPW8KZGEI&marketplace=FLIPKART&q=mobile+phones&store=tyy%2F4io&srno=s_36_843&otracker=search&otracker1=search&fm=Search&iid=cb80cd78-aa8b-47d5-bcd1-5ee62f38f951.MOBGYT2HY8JZCSPW.SEARCH&ppt=sp&ppn=sp&ssid=nu5401e1800000001753088265358&qH=a81ad6e72f7a2fd1,,https://rukminim2.flixcart.com/image/312/312/xif0q/mobile/q/q/t/-original-imahbzpzhcptykzf.jpeg?q=70,Mobiles,0.3851,samsung,-34520.0,Amazon,34520.0,3827.05
8100,900,"Spigen Essential Sand Blast for Samsung Galaxy M35 5G Case, Galaxy M35 5G Back Cover (2024) - TPU｜Matte Black","Samsung Galaxy M35 5G (Moonlight Blue, 128 GB)",569.0,16999.0,4.5,4.3,https://www.amazon.in/Spigen-Essential-Compatible-Samsung-Galaxy/dp/B0D2WW8PYH/ref=sr_1_8733?dib=eyJ2IjoiMSJ9.kZBoirOjKHLJC4rrwZihBbAn-kahM37OgJdccq7JfGf5w-X0ZFxmZrX0tfLEw7fw1kfhwFSCtU7JcckXIPLf1CtbfqyppBUHLTHUUCal-RHH_S_5L8VzGT4ZNavNcAfvlrXYomXmZN0i3HPsGOEC34epJTa0ObM3W_318McBZeD7UcdCojVR1OQy4jYz30yiEo_yIZUnmzq_P0pVOascG8Nie4JBiUavs7dPImFeZxy-238PTHkCsXUX78LaHPiZJlD5HC2vgYf4fIoD1P_VxKfmpjYPMkp5yL_Znv4ueC0.irTSbuisQGoSJNS186pZyLAu-4uyqrYN6rprEHikDPA&dib_tag=se&qid=1759745055&s=electronics&sr=1-8733&xpid=UZHjCDxPt3DrQ,https://www.flipkart.com/samsung-galaxy-m35-5g-moonlight-blue-128-gb/p/itme75c2fc428d00?pid=MOBH2Z9SGA8DMUG9&lid=LSTMOBH2Z9SGA8DMUG9FOQSVI&marketplace=FLIPKART&q=mobile+phones&store=tyy%2F4io&srno=s_9_212&otracker=search&otracker1=search&fm=Search&iid=542988a7-d9c6-4e1e-b1cc-fb1e0bc2dafa.MOBH2Z9SGA8DMUG9.SEARCH&ppt=sp&ppn=sp&ssid=afkuhooum80000001753087870382&qH=a81ad6e72f7a2fd1,,https://rukminim2.flixcart.com/image/312/312/xif0q/mobile/n/u/5/galaxy-m35-5g-sm-m356b-samsung-original-imah5qgyszh7ygft.jpeg?q=70,Mobiles,0.3845,samsung,-16430.0,Amazon,16430.0,2887.52
6919,1460,Zapcase Back Case Cover for Samsung Galaxy A55 5G | Compatible for Samsung Galaxy A55 5G Back Cover | Case Cover with Camera Protection | (TPU + PC | Transparent),"Samsung Galaxy A55 5G (Awesome Navy, 256 GB)",245.0,35422.0,3.9,4.3,https://www.amazon.in/Zapcase-Samsung-Compatible-Protection-Transparent/dp/B0CSP5GBSX/ref=sr_1_7441?dib=eyJ2IjoiMSJ9.azFK11wz5_xfaTN3OibGz0MkiAB19H0XAW8giFpbNfBANheyS6AoiWJRZmj_DI6qyHH5qRBKy_2E5kHKf-BZnL77OrctFi_nFqrsIAYf_pX19UcHORcC2WTaoosLJwaPrTEU8j8MJ7dSq5v7twNZtUxAbq2kSbb0kOYGvaCeG_tXhHIk9cFvvSKGHl3kJTl7v0fZAho9QFy5a5DM4yC7E0CwQ87s4YdTR9Cmuikw1P7ZzDV-xNAdyorhKLKB-WEA__HTQzWZNnSR_F9UbL2vePMzw1mpa5I4sovjyDExx4w.PpD_73r90NGVdeiXB2IRDU9xtBC6awXkFQMBtfNFu3Y&dib_tag=se&qid=1759743475&s=electronics&sr=1-7441&xpid=UZHjCDxPt3DrQ,https://www.flipkart.com/samsung-galaxy-a55-5g-awesome-navy-256-gb/p/itmfb3db0f07b36b?pid=MOBGYT2HY8JZCSPW&lid=LSTMOBGYT2HY8JZCSPW8KZGEI&marketplace=FLIPKART&q=mobile+phones&store=tyy%2F4io&srno=s_36_843&otracker=search&otracker1=search&fm=Search&iid=cb80cd78-aa8b-47d5-bcd1-5ee62f38f951.MOBGYT2HY8JZCSPW.SEARCH&ppt=sp&ppn=sp&ssid=nu5401e1800000001753088265358&qH=a81ad6e72f7a2fd1,,https://rukminim2.flixcart.com/image/312/312/xif0q/mobile/q/q/t/-original-imahbzpzhcptykzf.jpeg?q=70,Mobiles,0.3837,samsung,-35177.0,Amazon,35177.0,14357.96
6083,1113,"POPIO Camera Lens Protector For iPhone 16 / iPhone 16 Plus (Black), 1 Set, with Easy Installation Kit","Apple iPhone 16 Plus (Black, 128 GB)",226.0,84900.0,4.4,4.6,https://www.amazon.in/POPIO-iPhone-16-Black-Installation/dp/B0FL7LV5ZG/ref=sr_1_6535?dib=eyJ2IjoiMSJ9.bSylIbFORdFcG9fNdyL26i0Khl9EIQ7h54UztW9e5Ju_kfsfCL13xVQNGBtXNkLeZSbWyRdRLmADlmray_V4rj2M7rj0R_OxL8qyG0mI7CVrds-SC-f5wixROAOerWQB9ssLrmVs5hSm8VVaXk0bhBM27QDuBstV4qJ176639LE7h1sAsyJ80i4Q-flyTWGw4aRmpGgeqAlyEc3dd-z7QLFKHJ812sM63Z15RtNXYHTX2UQlVttQBldcPo9f5_OaH59-f01Rul7vN9Z88JYg64vsvv_KIoNgqURgGdh9V1E.WXCfS29mB68RSrqrlRrW-tW6Mal_2yOc5IUM2-wymD8&dib_tag=se&qid=1759742345&s=electronics&sr=1-6535&xpid=UZHjCDxPt3DrQ,https://www.flipkart.com/apple-iphone-16-plus-black-128-gb/p/itm1abbae671f9ef?pid=MOBH4DQFSAXNVHME&lid=LSTMOBH4DQFSAXNVHMETHBWPZ&marketplace=FLIPKART&q=mobile+phones&store=tyy%2F4io&srno=s_20_477&otracker=search&otracker1=search&fm=Search&iid=7561c2d2-32bf-485b-a7b3-84907858cfcd.MOBH4DQFSAXNVHME.SEARCH&ppt=sp&ppn=sp&ssid=7mmkwwigkw0000001753087993812&qH=a81ad6e72f7a2fd1,,https://rukminim2.flixcart.com/image/312/312/xif0q/mobile/f/y/e/-original-imah4jykc3knhq3b.jpeg?q=70,Mobiles,0.3832,,-84674.0,Amazon,84674.0,37466.37
8890,907,Pikkme Back Cover for CMF by Nothing Phone 2 Pro 5G PC + TPU Clear Transparent Raised Edges Shockproof Protective Phone Bumper Case(Transparent),"CMF by Nothing Phone 2 Pro (Black, 128 GB)",199.0,18999.0,4.3,4.4,https://www.amazon.in/Pikkme-CMF-Nothing-Phone-Pro/dp/B0F74CQ7XJ/ref=sr_1_10096?dib=eyJ2IjoiMSJ9.IhGzTmB3RcPNrQdUBb6nDTrJP4nTOYgnd8h3gMxL6eCTMmmCRUBIJeYu0FKshW9ejWuD-0Qzt2Lm62knJSubpI7-0u2ErYwBtxBU1XRNvMva9TKTmnW7NVv8o89ZIwtyMs_SQidKzOhNYy5LPedoXhHeEhNwLWYfV6Axkm4Qpc-NGSYkAMGIdYwz4W6pgKDf99_skXPYIgqiZqjTZjOKt2PiefeHeDsVuxb4s8mnydXqV8ost5tFt3yWN2PtOtj0oenKZQ9-a1MIFJzNNrqbwnvSJadjkF3Wg5KCAS1m7Fc.NZLLedjXZlY45uw3k_nKlfEVz3m3tyxBKzjN8MDZFSo&dib_tag=se&qid=1759746747&s=electronics&sr=1-10096&xpid=UZHjCDxPt3DrQ,https://www.flipkart.com/cmf-nothing-phone-2-pro-black-128-gb/p/itm46a119f176627?pid=MOBHAUHA5GRW9FS2&lid=LSTMOBHAUHA5GRW9FS2TVI8FR&marketplace=FLIPKART&q=mobile+phones&store=tyy%2F4io&srno=s_10_225&otracker=search&otracker1=search&fm=Search&iid=10892e57-4fcf-427c-95ef-b718a66c42e5.MOBHAUHA5GRW9FS2.SEARCH&ppt=sp&ppn=sp&ssid=v1qp6688jk0000001753087880600&qH=a81ad6e72f7a2fd1,,https://rukminim2.flixcart.com/image/312/312/xif0q/mobile/w/y/d/-original-imahc7ezmtmajyye.jpeg?q=70,Mobiles,0.3826,nothing,-18800.0,Amazon,18800.0,9447.24
2316,206,"Sony WF-1000XM5 Active Noise Cancelling Wireless Bluetooth in Ear Earbuds with Mic, Up to 36 Hours Battery Life - Black","SONY WF-1000XM5 Best Noise Cancelling TWS Earbuds,Multi...",19990.0,24990.0,3.8,4.2,https://www.amazon.in/Sony-WF-1000XM5-Cancelling-Headphones-Multi-Point/dp/B0C33XXS56/ref=sr_1_2361?dib=eyJ2IjoiMSJ9.VuCXKD5iu3rXXx8NpS_f-LxhYg4Z0PzhxdNz45UC4uFK73RpA-8qqYIznjY5UOrgGHOj1qKxQv9du4HGrkkGcx9A-kWlFdMj7FCIZRl0H5NyEI0q1q4nMMtr2cjRG_0w-yV7Dgm5hmqLZyOWWuWknmeapvJxvhsQCOAsZ9SQ4cW1biKrkZGDwbfT7ECovhT9BNGmmeOcg4-Dl0h9kkkFZpbGAfZ55EdVB8R5I5UWGb_GlYUMamFBQP8lNjcayEbjnfjy2vdZHdjthO4yB3nn5dSSx-SzDXEOa7tURCRLcU8.mhSeLbeIrGV6y6i6tBeVZZ6zDTCUdTpX2oNzQrRW63M&dib_tag=se&qid=1759737577&s=electronics&sr=1-2361&xpid=UZHjCDxPt3DrQ,https://www.flipkart.com/sony-wf-1000xm5-best-noise-cancelling-tws-earbuds-multi-point-upto-36hrs-battery-bluetooth/p/itm7333b29e826e7?pid=ACCGTAGX6HEDHAWZ&lid=LSTACCGTAGX6HEDHAWZKC51VN&marketplace=FLIPKART&q=earphones&store=0pm%2Ffcn%2F821&srno=s_16_626&otracker=search&otracker1=search&fm=Search&iid=c6cf3469-b7fd-40b7-bef8-56a1eda2b155.ACCGTAGX6HEDHAWZ.SEARCH&ppt=sp&ppn=sp&ssid=tnc9yptzrk0000001753106355445&qH=54597ea1f2fc7f2e,,https://rukminim2.flixcart.com/image/612/612/xif0q/headphone/z/4/g/wf-1000xm5-sony-original-imagtakf5q7dwhet.jpeg?q=70,Earphones,0.3795,sony,-5000.0,Amazon,5000.0,25.01
5063,745,Zapcase Back Case Cover for Poco M7 5G | Compatible for Poco M7 5G Back Cover | Clear Case with Camera Protection | (TPU + PC | Matte Black),"POCO M7 5G (Mint Green, 128 GB)",168.0,9499.0,4.2,4.1,https://www.amazon.in/Zapcase-Cover-Compatible-Camera-Protection/dp/B0DPN187BB/ref=sr_1_5427?dib=eyJ2IjoiMSJ9.akVZycYHlKmcJZR59OlLq-SrzWXKk5jWvUING_Y1pC3eOeTTW7xnl54Mld5zdQO-hpAZASJ80D4w86qtWuPrcgmmPEccELvm5ep3lpYNfKXk0PlO6Weap2cuRdnEmrWzgfejsceO2pkkLIDUeFc_t0lnux-NGGJ6eXGXmDk5AUz4fheKM2-CoLGHp0t8auZjYN8pyICAdCW6zklPRSHFx3pbhWtCdHSyaV_AQyrzcynNLR4pbx34xv8F9kLKNqAFIz6EeHTcZPw1XkPpaZ7PSi-egJ3hfuxSEWwxRmOsPgQ.zYYiL27h0bj6rUCHbVuk3ma0t4kuBVAn713ye_8F7oM&dib_tag=se&qid=1759740957&s=electronics&sr=1-5427&xpid=UZHjCDxPt3DrQ,https://www.flipkart.com/poco-m7-5g-mint-green-128-gb/p/itm55887907a1c02?pid=MOBH9HFJFR4FYHNJ&lid=LSTMOBH9HFJFR4FYHNJVOMMEX&marketplace=FLIPKART&q=mobile+phones&store=tyy%2F4io&srno=s_2_38&otracker=search&otracker1=search&fm=Search&iid=8d7c571b-51b2-486f-84fa-7a4b81c5b634.MOBH9HFJFR4FYHNJ.SEARCH&ppt=sp&ppn=sp&ssid=bcitpmhteo0000001753087794733&qH=a81ad6e72f7a2fd1,,https://rukminim2.flixcart.com/image/312/312/xif0q/mobile/r/w/0/-original-imah9wydggh9mtxt.jpeg?q=70,Mobiles,0.3791,poco,-9331.0,Amazon,9331.0,5554.17
221,164,"boAt Nirvana Ion ANC, Active Noise Cancellation(~32dB), 120Hrs Battery, App Support, Crystal Bionic Sound, 4Mics ENx, v5.3 Bluetooth TWS in Ear Earbuds Wireless Earphones with mic (Crystal Black)","boAt Nirvana Ion 32dB Active Noise Cancellation, 120HRS...",1699.0,1899.0,4.0,4.1,https://www.amazon.in/boAt-Nirvana-Ion-ANC-Cancellation/dp/B0CF5PNVZH/ref=sr_1_223?dib=eyJ2IjoiMSJ9.VVG5euYAstHnOYPmfNiXQaGtGhJlBlIwvLSgKIKWOyxgBfkFkt6f8C8UT_L9fjxbU0t4U74FrhN9QxHWeWfhgt-foiEKEYhOzlq7KIA0lV0NoFMY5CtnK11OyWdifj9xrqvXTAx7-2-Hy_NJHv9Y3zDSxPlYSla98fAf_JwPSRPRHo9Lgjz8C4rWh0NaYq6ypsJ5DKZOIP1n9jFM69TKoMo-PpZAph13XdlgPv1jXnA09hX8hOMVeaGWgUyQWGebFEIXJLPEPe6JWWSg6Q48R0-krWgS8A7TFJRZxqtiE60.5BsUwR0YS1sEYPxrb8-62jA6juZ53NU8fNxKaMMR64Y&dib_tag=se&qid=1759735575&s=electronics&sr=1-223&xpid=UZHjCDxPt3DrQ,https://www.flipkart.com/boat-nirvana-ion-32db-active-noise-cancellation-120hrs-bionic-mode-hifi5-bluetooth/p/itmbdf03ab73bf93?pid=ACCGT3NUWVDFDF3W&lid=LSTACCGT3NUWVDFDF3WWVNVOA&marketplace=FLIPKART&q=earphones&store=0pm%2Ffcn%2F821&srno=s_8_319&otracker=search&otracker1=search&fm=Search&iid=ced89841-c3a4-4780-9f32-ad7302a73735.ACCGT3NUWVDFDF3W.SEARCH&ppt=sp&ppn=sp&ssid=jv4cx9gygg0000001753106159159&qH=54597ea1f2fc7f2e,,https://rukminim2.flixcart.com/image/612/612/xif0q/headphone/l/s/o/-original-imagwmkbrfqvthrt.jpeg?q=70,Earphones,0.3786,boat,-200.0,Amazon,200.0,11.77
8824,985,"TheGiftKart Liquid Silicone Back Cover Case for Samsung Galaxy S24 FE 5G | Soft Micro-Fibre Lining Inside | Camera Protection Bump | Shockproof Back Cover Case for Samsung S24 FE 5G (Silicone, Blue)","Samsung Galaxy S24 FE 5G (Blue, 128 GB)",284.0,59999.0,3.8,4.5,https://www.amazon.in/TheGiftKart-Silicone-Micro-Fibre-Protection-Shockproof/dp/B0DJ7TVRZH/ref=sr_1_9542?dib=eyJ2IjoiMSJ9.vlav0f8E2QPuGpfWZg1DMjo94eHaO-dZsbTpndfdRhGB5py8EJUqIsl19rFkNIIaK8Cj0ganttZqMFIzozYumfTiLmZFFjpuM_b0F9fIPREkGMN_Y8sPmewr4HJykQTLqMAHHg5mhqER06WOdtqYmIYA6x0Oo6W8vpSw3hZU1bAbw9brG7Te9CJGeCAj1mliIdWcucj8ogYv0UCXZIfNAzzCODuuqgH1x8YNSLbXmyaidJ4NJ-Qx1f1VvhwSvHLi56EuA7TD_Jf02oWoawz0YumURSgB3N6eQHnT9vlGceA.EtT8MGheJGmz35KI3iPl5_bhtrksCr5DoxvlGTkQcqU&dib_tag=se&qid=1759746046&s=electronics&sr=1-9542&xpid=UZHjCDxPt3DrQ,https://www.flipkart.com/samsung-galaxy-s24-fe-5g-blue-128-gb/p/itme960199e26f23?pid=MOBH4ZG3Z5NCBW2H&lid=LSTMOBH4ZG3Z5NCBW2HWQMO2K&marketplace=FLIPKART&q=mobile+phones&store=tyy%2F4io&srno=s_14_329&otracker=search&otracker1=search&fm=Search&iid=b1620752-ed87-4c97-a7d8-87c89786b83f.MOBH4ZG3Z5NCBW2H.SEARCH&ppt=sp&ppn=sp&ssid=8ghyoks0rk0000001753087922506&qH=a81ad6e72f7a2fd1,,https://rukminim2.flixcart.com/image/312/312/xif0q/mobile/r/s/z/-original-imahcfwmdvbcgdzs.jpeg?q=70,Mobiles,0.3779,samsung,-59715.0,Amazon,59715.0,21026.41
3696,148,"soundcore by Anker R50i VI True Wireless Earbuds, 10mm Drivers with Big Bass, Bluetooth 5.3, 30H Long Playtime, Water-Resistant, 2 Mics for AI Clear Calls, 22 Preset EQs, Customization (White)",Soundcore by Anker R50i Vi (Black) Bluetooth,849.0,1099.0,4.1,3.9,https://www.amazon.in/soundcore-Wireless-Bluetooth-Water-Resistant-Customization/dp/B0DCVLM12X/ref=sr_1_3927?dib=eyJ2IjoiMSJ9.tX7J36sfW92gfM34rX32dJxQxiRN6d66hODoqRDm-9r_T-joCJyMcJWHTOC0K-WqzqvXN3D9qrAS_3oPeUMdmKoUWQmb6WwUH-1IQfuI-6OH-YAFMeIMSgydp93F6oaL1Uzdv5PNmXBg4lS5QoJgRbYwx1pG1dZiOPnJnmqKaB0slbcsjOGpFfmeyLmMTMZsA1nRp_ajZNFGIoUrtYp2MVyxBeB8cB6EZihJEd71jic5RJCuG9brLN_Jl8lNNcaJ06HEsbTu7DgHW2tOsI96p5wIdsnj-kNGAo_cxQoH_YI.nSfuatNCcC5rvuqeEfGyCYF6Hq-JICjKa3zpXcZZwMY&dib_tag=se&qid=1759739217&s=electronics&sr=1-3927&xpid=UZHjCDxPt3DrQ,https://www.flipkart.com/soundcore-anker-r50i-vi-black-bluetooth/p/itm494686932f164?pid=ACCHCFH2VQGSSRXN&lid=LSTACCHCFH2VQGSSRXNYUWJQX&marketplace=FLIPKART&q=earphones&store=0pm%2Ffcn%2F821&srno=s_8_284&otracker=search&otracker1=search&fm=Search&iid=ced89841-c3a4-4780-9f32-ad7302a73735.ACCHCFH2VQGSSRXN.SEARCH&ppt=sp&ppn=sp&ssid=jv4cx9gygg0000001753106159159&qH=54597ea1f2fc7f2e,,https://rukminim2.flixcart.com/image/612/612/xif0q/headphone/f/5/c/r50i-vi-soundcore-original-imahdvdmuaeg2zpw.jpeg?q=70,Earphones,0.3776,,-250.0,Amazon,250.0,29.45
1894,148,"soundcore by Anker R50i VI True Wireless Earbuds, 10mm Drivers with Big Bass, Bluetooth 5.3, 30H Long Playtime, Water-Resistant, 2 Mics for AI Clear Calls, 22 Preset EQs, Customization (Blue)",Soundcore by Anker R50i Vi (Black) Bluetooth,898.0,1099.0,4.1,3.9,https://www.amazon.in/soundcore-Wireless-Bluetooth-Water-Resistant-Customization/dp/B0DCVPD66R/ref=sr_1_1928?dib=eyJ2IjoiMSJ9.XCU46YmngteKq_sI_tWzVJOSlWdZxE4yUEN5ojn_W_LwZsCPrHMfxhnkz7EV6SnucP35MVK-IxamFq6OIFSI_oJ0QoO8OnkHCZGfXCimF6wogLdVYOJmTwoFRjpKTv3M4zkszfXSnGfeQZcH1oBvWl5RuQOyFLqEbkQ7ScHuzFjmIOEX8epkDmKQF9r8nV-6XOOCUXWcyT4D2xy9BMLnARCD8c3-YeIREM7xJUOs_PQNNTST1QTwdMuNJkVMcUqwzn96uRDJrYSuOIyeLSvyyj6jGJwoE3JrLAQQ37DFbxE.H18JuCdZn44d8bG1TeI72NtivZaEuzFDvgzXvPQnQIU&dib_tag=se&qid=1759737121&s=electronics&sr=1-1928&xpid=UZHjCDxPt3DrQ,https://www.flipkart.com/soundcore-anker-r50i-vi-black-bluetooth/p/itm494686932f164?pid=ACCHCFH2VQGSSRXN&lid=LSTACCHCFH2VQGSSRXNYUWJQX&marketplace=FLIPKART&q=earphones&store=0pm%2Ffcn%2F821&srno=s_8_284&otracker=search&otracker1=search&fm=Search&iid=ced89841-c3a4-4780-9f32-ad7302a73735.ACCHCFH2VQGSSRXN.SEARCH&ppt=sp&ppn=sp&ssid=jv4cx9gygg0000001753106159159&qH=54597ea1f2fc7f2e,,https://rukminim2.flixcart.com/image/612/612/xif0q/headphone/f/5/c/r50i-vi-soundcore-original-imahdvdmuaeg2zpw.jpeg?q=70,Earphones,0.3776,,-201.0,Amazon,201.0,22.38
7296,1171,"Redmi 14C 5G (Stardust Purple, 4GB RAM, 128GB Storage) | Superfast 4nm Snapdragon 4 Gen 2 | 120Hz 17.47cm (6.88”) Display | 5160mAh Battery | 50MP Dual Camera | Premium Starlight Design","REDMI 14C 5G (Stardust Purple, 128 GB)",9998.0,10499.0,4.0,4.2,https://www.amazon.in/Redmi-14C-5G-Superfast-Snapdragon/dp/B0DQV98B4S/ref=sr_1_7878?dib=eyJ2IjoiMSJ9.B13qBH8aGGR4eKq0p8ETbr3VfqQixXhYyUNA_w4g4j5G15AZ3K-2WRIoy5Ci2dPrFSOXfs72myvinqpRzhaVKJOWxjbvnUhpL-j_2G-_nCCgV0QbDH2s2C-P6x-tvsr5tzlD_v4gd6sT4oBWHq5toM1HepwQnMGcUciys8NmyspHTPHWJQDpmez4nrBagsi2Yd-A8Bf7rQiqG63NSXu1YkGlQWyGTLLak4-UF-1Zj7ievJia2iKs6rNx2lo3qS52YYbV-OdIBahC9qCF8VFH8CXaQuVf1p86SAXcgqhkZvU._UTXMddf__-qPorAs9oLn0ougYDNGkhLv_XfgSDnx7M&dib_tag=se&qid=1759744004&s=electronics&sr=1-7878&xpid=UZHjCDxPt3DrQ,https://www.flipkart.com/redmi-14c-5g-stardust-purple-128-gb/p/itm3227d2404ad5d?pid=MOBH7VY5VHWXZDTB&lid=LSTMOBH7VY5VHWXZDTB9N3VWY&marketplace=FLIPKART&q=mobile+phones&store=tyy%2F4io&srno=s_23_541&otracker=search&otracker1=search&fm=Search&iid=e5d86ed0-9f7c-4784-be93-3d994f5cc97e.MOBH7VY5VHWXZDTB.SEARCH&ppt=sp&ppn=sp&ssid=yrswd515wg0000001753088023963&qH=a81ad6e72f7a2fd1,,https://rukminim2.flixcart.com/image/312/312/xif0q/mobile/p/r/2/-original-imahdxq5qctjvmeq.jpeg?q=70,Mobiles,0.3769,redmi,-501.0,Amazon,501.0,5.01
1976,1171,"Redmi 14C 5G (Stardust Purple, 6GB RAM, 128GB Storage) | Superfast 4nm Snapdragon 4 Gen 2 | 120Hz 17.47cm (6.88”) Display | 5160mAh Battery | 50MP Dual Camera | Premium Starlight Design","REDMI 14C 5G (Stardust Purple, 128 GB)",10998.0,10499.0,4.0,4.2,https://www.amazon.in/Redmi-Stardust-Superfast-Snapdragon-Starlight/dp/B0DQV8FQBG/ref=sr_1_2010?dib=eyJ2IjoiMSJ9.zDh1DoUm6bEY9rnBqbzu5O4SEF9_jb5jo4LfLTwQx2QPZVRxhd8PfaXHBeDwr_Wo_QJSZpRiofn4faTAHzz68GO-hzmI4eW9a5ejMUZ-j2vbGGH0_1RBl7fxBy1keDDxnakOjhBwGZWT4WdT_4uR1Qb4PDXHzilTYXrWidEQjWpyJROT8ShupIf4ZmsieEcoE2g_HbBg00gYGK3g5j9nymof2W83rdqDn1PlbltP85pLWl_uaURN9dD-pYIsAlQkuMmL97wd_DwvhZt3gYG6_yMExEJAN-5lBZjQpQxZ95A.dmeXrOgXCWYOm1y8woDVq6zhxjp55FPQst1zmFlXIvs&dib_tag=se&qid=1759737202&s=electronics&sr=1-2010&xpid=UZHjCDxPt3DrQ,https://www.flipkart.com/redmi-14c-5g-stardust-purple-128-gb/p/itm3227d2404ad5d?pid=MOBH7VY5VHWXZDTB&lid=LSTMOBH7VY5VHWXZDTB9N3VWY&marketplace=FLIPKART&q=mobile+phones&store=tyy%2F4io&srno=s_23_541&otracker=search&otracker1=search&fm=Search&iid=e5d86ed0-9f7c-4784-be93-3d994f5cc97e.MOBH7VY5VHWXZDTB.SEARCH&ppt=sp&ppn=sp&ssid=yrswd515wg0000001753088023963&qH=a81ad6e72f7a2fd1,,https://rukminim2.flixcart.com/image/312/312/xif0q/mobile/p/r/2/-original-imahdxq5qctjvmeq.jpeg?q=70,Mobiles,0.3769,redmi,499.0,Flipkart,499.0,4.75
5233,821,"Motorola Edge 60 Fusion (12GB RAM, 256GB Storage)","MOTOROLA Edge 60 Fusion 5G (PANTONE Amazonite, 256 GB)",24400.0,24999.0,4.2,4.5,https://www.amazon.in/Motorola-Fusion-Pantone-Slipstream-Storage/dp/B0F4641FNK/ref=sr_1_5614?dib=eyJ2IjoiMSJ9.o0dbNyiNlGKa56AQZEFGMC6NIyQaMIhFnsffYn_l8ldpSNBG2lCHBjYAOhiTUnO5dRAZHjZuSlyLwyeHOiN-bsfUnA5Woa5VnJGY6mNYwCd0WMnHY_1mIPDwLEFmn3ZTvFImxDGgYg74XNZNIKYnm1rwYg6-rffvrXZsxGH8-40f7XWrLFVpoAGDYPWAAwQj2FnHhg28RbCJ0q064df2AKW_GHV-6o3HR4lGogHnSqlUma6QvsboQ1_wAcBgYNX9mFGFhuCeUIh_jjE5cNRR9MjD03FygAgD7WvnRXnG2ck.dbvxsqn600oF94H2WGILXt0jrbA19WqNTeIz0kCVqkw&dib_tag=se&qid=1759741168&s=electronics&sr=1-5614&xpid=UZHjCDxPt3DrQ,https://www.flipkart.com/motorola-edge-60-fusion-5g-pantone-amazonite-256-gb/p/itm2e5f388fd9bf1?pid=MOBH9AQZ3YZXWZHN&lid=LSTMOBH9AQZ3YZXWZHNZDDVXP&marketplace=FLIPKART&q=mobile+phones&store=tyy%2F4io&srno=s_5_117&otracker=search&otracker1=search&fm=Search&iid=ffa6b7c3-8bc6-4310-b193-0ebddb2d509b.MOBH9AQZ3YZXWZHN.SEARCH&ppt=sp&ppn=sp&ssid=1c79mzld9c0000001753087828112&qH=a81ad6e72f7a2fd1,,https://rukminim2.flixcart.com/image/312/312/xif0q/mobile/j/x/j/-original-imahbfmdgpjvgecg.jpeg?q=70,Mobiles,0.3765,motorola,-599.0,Amazon,599.0,2.45
607,879,"Samsung Galaxy M35 5G (DayBreak Blue,8GB RAM,128GB Storage)| Corning Gorilla Glass Victus+| AnTuTu Score 595K+| Vapour Cooling Chamber| 6000mAh Battery| 120Hz Super AMOLED Display| AI| Without Charger","Samsung Galaxy M35 5G (DayBreak Blue, 128 GB)",15999.0,16999.0,4.2,4.3,https://www.amazon.in/Samsung-Daybreak-Storage-Corning-Gorilla/dp/B0D7Z8FJZ9/ref=sr_1_609?dib=eyJ2IjoiMSJ9.MwFb8rAFKxXE3DC2k_spA4ho6mzWqIQL3mW8Ep6Q8Q6VTRxYoNqHxeZfZEjkf-quhRGQfgKJNE8-eM7oJITziFXcpMzzKOr4J0iC2-ui_zO11jOCm6V3eFGD7-RUPZyNr9-INxnDddvkEb0yGYNht3EOSTG7J_dDYME86geQln8wOtH8AO0VvZaosNkLqmlXgBHwxrE5gnK1CuO1HhgQvZP4ZX4b-l84p98zXbqVJlOnRr7tlI50p8fo3AG6BBfvUC9d7A9JkFWyLtygbcAw1WEyu51pXX9kqcDkEZXSZF0.1yxK1TsNW2dFiNl_wWclRcOYzO1NjhaKXe4xiEcXKkA&dib_tag=se&qid=1759735878&s=electronics&sr=1-609&xpid=UZHjCDxPt3DrQ,https://www.flipkart.com/samsung-galaxy-m35-5g-daybreak-blue-128-gb/p/itme75c2fc428d00?pid=MOBH2Z9MJ2WWJZYH&lid=LSTMOBH2Z9MJ2WWJZYHXYRUZ9&marketplace=FLIPKART&q=mobile+phones&store=tyy%2F4io&srno=s_8_186&otracker=search&otracker1=search&fm=Search&iid=91086f9e-4b75-4f9a-bc38-7ebc66242788.MOBH2Z9MJ2WWJZYH.SEARCH&ppt=sp&ppn=sp&ssid=wfjgvjgjtc0000001753087859851&qH=a81ad6e72f7a2fd1,,https://rukminim2.flixcart.com/image/312/312/xif0q/mobile/f/b/f/galaxy-m35-5g-sm-m356b-samsung-original-imah5vyfh4ckdyb5.jpeg?q=70,Mobiles,0.3753,samsung,-1000.0,Amazon,1000.0,6.25
854,997,Nothing Phone (3a) Black 256GB 8GB RAM,"Nothing Phone (3a) Pro (Black, 256 GB)",23996.0,33999.0,4.4,4.5,https://www.amazon.in/Nothing-Phone-Black-256GB-8GB/dp/B0DZNP6L5B/ref=sr_1_861?dib=eyJ2IjoiMSJ9.dlnJwaTNc3nP3jjRy2RjHuAMEl2ShK03s3dudMhoYdkGXqa4oUEI0H9hR1dkD8FSMc07GRQ-xmEM65klIyfyNOkWUUgBXKVFNO3WDg_RwZcTfl5XLyPdIpv2mycdaJelsYiFg6IOCcFfM72D6SLnLnR_AY0hglogYcVby5X9Y-tf_LR-IepMoy5iW4Ps_b_XkImgh_TreHT4kAYZl7_osv3AWWn75bapTYH3ZfkHfiN3PIPoZpSa49y6ytfu4pPMh9WQ9wZTU3ONdeoKEKNM4glHfYUNhzk-cwtss_D3m80.vCxhQ3PsPkj4TrqrdJLWddqcIepR0od6_Tav8IO7RWM&dib_tag=se&qid=1759736078&s=electronics&sr=1-861&xpid=UZHjCDxPt3DrQ,https://www.flipkart.com/nothing-phone-3a-pro-black-256-gb/p/itm04daaef6652d4?pid=MOBH8G3PUAQERBYU&lid=LSTMOBH8G3PUAQERBYUF6040H&marketplace=FLIPKART&q=mobile+phones&store=tyy%2F4io&srno=s_15_343&otracker=search&otracker1=search&fm=Search&iid=2a6d8db9-bd66-4ab7-8a46-565c7e309085.MOBH8G3PUAQERBYU.SEARCH&ppt=sp&ppn=sp&ssid=wset0fgrps0000001753087933323&qH=a81ad6e72f7a2fd1,,https://rukminim2.flixcart.com/image/312/312/xif0q/mobile/7/b/7/-original-imahcfcfhkzhngeb.jpeg?q=70,Mobiles,0.3748,nothing,-10003.0,Amazon,10003.0,41.69
331,115,"Apple AirPods 4 Wireless Earbuds, Bluetooth Headphones, Personalised Spatial Audio, Sweat and Water Resistant, USB-C Charging Case, H2 Chip, Up to 30 Hours of Battery Life, Effortless Setup for iPhone","Apple AirPods 4 Wireless Earbuds, Personalised Spatial ...",11999.0,11999.0,4.1,4.4,https://www.amazon.in/Apple-Bluetooth-Headphones-Personalised-Effortless/dp/B0DGJLL7V1/ref=sr_1_333?dib=eyJ2IjoiMSJ9.Wp5JzMFFG_dUr5r1wNIZLByr-2ycyvqAtd5GopNwHaTLDRi6pFWZhdlzJR4Xs9qv3xygFwvREogbfBZUDeHA_sRLsV-MTebCUoE2wxxe2huMuXMGHHOP0bV52TIs3G_8ZddtsDJIi9YdWIRqVv4-om1gSyCi9cTdD9toVvf6xxfLHCnL8iDX0I2VGCv7W2hUfEbMO50j0KuSNs-NtT4lNhj8Rgqc2VF7qmbgrV3g6JIAXGQ9McIEnnN1jvhQ-ckvAaxOw1OJ_y7_cm9fr-cjkeg6NTvib7Re-n1WFwpjEVQ.9mbBKUFuGBvAZLSTtchFmkXnfpNnoRg-wPtkE5XryGI&dib_tag=se&qid=1759735649&s=electronics&sr=1-333&xpid=UZHjCDxPt3DrQ,https://www.flipkart.com/apple-airpods-4-wireless-earbuds-personalised-spatial-audio-sweat-water-resistant-bluetooth/p/itmdf102348be4b9?pid=ACCH4JE2SWZHZXE2&lid=LSTACCH4JE2SWZHZXE2B9N3XI&marketplace=FLIPKART&q=earphones&store=0pm%2Ffcn%2F821&srno=s_5_176&otracker=search&otracker1=search&fm=Search&iid=4c1a6ec1-d5c8-46fa-8a4d-adad5b8aeae2.ACCH4JE2SWZHZXE2.SEARCH&ppt=sp&ppn=sp&ssid=8s85a15s5c0000001753106078787&qH=54597ea1f2fc7f2e,,https://rukminim2.flixcart.com/image/612/612/xif0q/headphone/h/k/g/-original-imah4jvf79j6xdtd.jpeg?q=70,Earphones,0.3748,apple,0.0,Same Price,0.0,0.0
3775,1460,"amazon basics Luxury Paper Thin Case Cover for Samsung Galaxy A55 5G | Matte Finish | Compatible with magsafe | (Black, Samsung Galaxy A55 5G)","Samsung Galaxy A55 5G (Awesome Navy, 256 GB)",249.0,35422.0,4.1,4.3,https://www.amazon.in/amazon-basics-Samsung-Galaxy-A55/dp/B0F52XZYMB/ref=sr_1_4014?dib=eyJ2IjoiMSJ9.B1FUC2KysgJLPbL2l3Kjb-ESiVLeCUyWbW-ALJLGyVhJdLeoUxYFAaJUDh5CYEg0rIRzZRahgyB9b9thYbIx2AQWIjDb7ql-7qUgYFN6vuDiNT6lEDvNxPBfnnjuXKqldY5bQeAuoE-0Bgv_KkWNe_3iPyfdVjt1Stfvef4JYnTG75k528Th48_f12BO_BxfUS7egjSBogD03d1m-uBi_Te9k9mgNJfyHmQE3UGMzdl11lS4g1ZehiLhihzzdxYIicAPF4-Tw_NHZFqfBAif4DJ03G9FOutaUfwWlG576h4.kdenSUzuJ4UMvzwoHnz9tU27q_2YU1qtvVBEG0-avUc&dib_tag=se&qid=1759739322&s=electronics&sr=1-4014&xpid=UZHjCDxPt3DrQ,https://www.flipkart.com/samsung-galaxy-a55-5g-awesome-navy-256-gb/p/itmfb3db0f07b36b?pid=MOBGYT2HY8JZCSPW&lid=LSTMOBGYT2HY8JZCSPW8KZGEI&marketplace=FLIPKART&q=mobile+phones&store=tyy%2F4io&srno=s_36_843&otracker=search&otracker1=search&fm=Search&iid=cb80cd78-aa8b-47d5-bcd1-5ee62f38f951.MOBGYT2HY8JZCSPW.SEARCH&ppt=sp&ppn=sp&ssid=nu5401e1800000001753088265358&qH=a81ad6e72f7a2fd1,,https://rukminim2.flixcart.com/image/312/312/xif0q/mobile/q/q/t/-original-imahbzpzhcptykzf.jpeg?q=70,Mobiles,0.3745,samsung,-35173.0,Amazon,35173.0,14125.7
1743,164,"boAt Nirvana Ion ANC, Active Noise Cancellation(~32dB), 120Hrs Battery, App Support, Crystal Bionic Sound, 4Mics ENx, v5.3 Bluetooth TWS in Ear Earbuds Wireless Earphones with mic (Quartz White)","boAt Nirvana Ion 32dB Active Noise Cancellation, 120HRS...",1699.0,1899.0,4.0,4.1,https://www.amazon.in/boAt-Nirvana-Ion-ANC-Cancellation/dp/B0CF5QFH77/ref=sr_1_1774?dib=eyJ2IjoiMSJ9.GeL9WygVTTkix-pezIfcHCm9yfkPvdj0jfCrs_w1OqWQ2y5tX1KLtvrR4_VSyew3VaqrG-DhR6ComIr9cvV8EF-mgePfAcoEmiLaGF1Ppx9RUl25uBI1_TiKnlxz96a1bJFmjC2-BOcYLO8wT3NHLpzBTA17UwTfbX3JUYVaqYVN3elbJWyQW_OjCmKBnwf5QAYAN4x-wcw16N0fNQjVkaDzAf1Dc2w5j5CtC6PWZf3he0YtCdSgH34nCGp5kqPstFJsGcGxJZmsW3H0UdSUw_EVKipMGGq4hdOdU7_rWSA.w3d1fn_uRNGfU4ArnemjdG7v0znso_wJCnacXilkuK8&dib_tag=se&qid=1759736961&s=electronics&sr=1-1774&xpid=UZHjCDxPt3DrQ,https://www.flipkart.com/boat-nirvana-ion-32db-active-noise-cancellation-120hrs-bionic-mode-hifi5-bluetooth/p/itmbdf03ab73bf93?pid=ACCGT3NUWVDFDF3W&lid=LSTACCGT3NUWVDFDF3WWVNVOA&marketplace=FLIPKART&q=earphones&store=0pm%2Ffcn%2F821&srno=s_8_319&otracker=search&otracker1=search&fm=Search&iid=ced89841-c3a4-4780-9f32-ad7302a73735.ACCGT3NUWVDFDF3W.SEARCH&ppt=sp&ppn=sp&ssid=jv4cx9gygg0000001753106159159&qH=54597ea1f2fc7f2e,,https://rukminim2.flixcart.com/image/612/612/xif0q/headphone/l/s/o/-original-imagwmkbrfqvthrt.jpeg?q=70,Earphones,0.3737,boat,-200.0,Amazon,200.0,11.77
7917,1169,"Redmi 14C 5G (Stargaze Black, 4GB RAM, 128GB Storage) | Superfast 4nm Snapdragon 4 Gen 2 | 120Hz 17.47cm (6.88”) Display | 5160mAh Battery | 50MP Dual Camera | Premium Starlight Design","REDMI 14C 5G (Stargaze Black, 128 GB)",9998.0,10499.0,4.0,4.2,https://www.amazon.in/Redmi-Stargaze-Superfast-Snapdragon-Starlight/dp/B0DQV8QJRR/ref=sr_1_8543?dib=eyJ2IjoiMSJ9.TESStIXZS5dQVUpIV17A5pCF1pfOF5LAUoMoDuPLSmNj7hM_DIz57Xd3MEuvbrAmM9zoOi5pTaj4krMLwQ4ig945VLl5CLVV4FTfS6vcqckAqrRv0WRW5vWZZMF4AzV9164M6EMoY6ZuhqPQ9gKobW9FEzq6S7YycEwXgfRIroUQAD4AUZLBcdDQJS99SG88NSLPjeJxXQbsX1HPrjB-GpisHeqKREfSsWWlii3ELoLVrn-suWqBwC-_xyyIpZZB07y7MoJISDv01Br5uEh2v3ehbITMcLBplp5kMDKZhSU.IXEAmrpyKpI8vclOR5yNNYQ95dW4HqxF8icVywgiavw&dib_tag=se&qid=1759744818&s=electronics&sr=1-8543&xpid=UZHjCDxPt3DrQ,https://www.flipkart.com/redmi-14c-5g-stargaze-black-128-gb/p/itm3227d2404ad5d?pid=MOBH7VY5AHBMTFQQ&lid=LSTMOBH7VY5AHBMTFQQJ4MFS3&marketplace=FLIPKART&q=mobile+phones&store=tyy%2F4io&srno=s_23_539&otracker=search&otracker1=search&fm=Search&iid=e5d86ed0-9f7c-4784-be93-3d994f5cc97e.MOBH7VY5AHBMTFQQ.SEARCH&ppt=sp&ppn=sp&ssid=yrswd515wg0000001753088023963&qH=a81ad6e72f7a2fd1,,https://rukminim2.flixcart.com/image/312/312/xif0q/mobile/i/2/w/-original-imahdxq5vuexfwyh.jpeg?q=70,Mobiles,0.3733,redmi,-501.0,Amazon,501.0,5.01
7422,947,Zapcase Back Case Cover for Samsung Galaxy S24 5G | Compatible for Samsung Galaxy S24 5G Back Cover | Scratch-Resistant Back Cover | Black,"Samsung Galaxy S24 5G (Onyx Black, 128 GB)",245.0,74999.0,4.1,4.6,https://www.amazon.in/Zapcase-Samsung-Galaxy-Compatible-Scratch-Resistant/dp/B0CQ8BPJWP/ref=sr_1_8013?dib=eyJ2IjoiMSJ9.1O6JCdh8taSduqov5Q-scsfZPMp4rA9y5JesPm5zjBFua3NqaIHEPwzQzTRq-1_cvN324_auMxlBpgq_qf-_a1A-SFu_iY1l5Wbij0semQlwhcDbUzPDNJ6BD5WwILQ8Yjw31Hp9E-lSALXJTACCrAfszPd-HRVG5B_ZrzjgbJD6qyeSFrClDT4kPf5pVoGwEUHxwBn8_qg71AmHyC3_l5uGR9UaRzRSoPM8D5PmWKTfbuMqL5MRrYrrSJDK-J46Hvi7GYI8fD4Uf7vCJ5JbAcSQosduOWb7hMCkuOk5MHM.FYySJ_s2XXsZT4YMBzXVJ_beex42zZKrwhquU90QMEY&dib_tag=se&qid=1759744144&s=electronics&sr=1-8013&xpid=UZHjCDxPt3DrQ,https://www.flipkart.com/samsung-galaxy-s24-5g-onyx-black-128-gb/p/itmc8add40b88912?pid=MOBHYJ6QFUNQYFDH&lid=LSTMOBHYJ6QFUNQYFDHVZACEH&marketplace=FLIPKART&q=mobile+phones&store=tyy%2F4io&srno=s_12_278&otracker=search&otracker1=search&fm=Search&iid=f7937241-fb59-427d-9eb7-75586bfef788.MOBHYJ6QFUNQYFDH.SEARCH&ppt=sp&ppn=sp&ssid=p65rsa2g0g0000001753087901914&qH=a81ad6e72f7a2fd1,,https://rukminim2.flixcart.com/image/312/312/xif0q/mobile/m/n/9/-original-imahcfwmchscq6fk.jpeg?q=70,Mobiles,0.3729,samsung,-74754.0,Amazon,74754.0,30511.84
6200,1167,"Redmi 14C 5G (Starlight Blue, 4GB RAM, 64GB Storage) | Superfast 4nm Snapdragon 4 Gen 2 | 120Hz 17.47cm (6.88”) Display | 5160mAh Battery | 50MP Dual Camera | Premium Starlight Design","REDMI 14C 5G (Starlight Blue, 64 GB)",8998.0,9499.0,4.0,4.2,https://www.amazon.in/Redmi-Starlight-Storage-Superfast-Snapdragon/dp/B0DS67Z8W2/ref=sr_1_6659?dib=eyJ2IjoiMSJ9.49MK2q0SyMT7ew2u1PR8_wuAgjT2RMclT7GFQWDoO5QIfu7ccci5PhAAG1BnGjDqmra4WDqIRDKAc-BIj-gY_0cW4fF8GWFrKRmkW_9a5XWClALWAGY71k-VlLus-etiuzyeIOv7wBcqjv6vevtdvEY-kZoboO6TmMasztIXsGjx-HuJ2LQHo4MvH8Z9u3M8eEAWJUjSjmeWD1SFN0moQEtp8IMRaU1bDwYAYMJrg4LSoeHwoJCbiN0XFqcCfABjOJ5kcqFVLgAv6vTjvaRiLWAcAw9VbWs0xJ4kx7R-pLc.xa95nkiIt5TCrzD2MFYQJJS-oOdIJT6lX5L8em6wYHA&dib_tag=se&qid=1759742481&s=electronics&sr=1-6659&xpid=UZHjCDxPt3DrQ,https://www.flipkart.com/redmi-14c-5g-starlight-blue-64-gb/p/itm3227d2404ad5d?pid=MOBH7VY5EAGGKSHG&lid=LSTMOBH7VY5EAGGKSHGIHQBUW&marketplace=FLIPKART&q=mobile+phones&store=tyy%2F4io&srno=s_23_537&otracker=search&otracker1=search&fm=Search&iid=e5d86ed0-9f7c-4784-be93-3d994f5cc97e.MOBH7VY5EAGGKSHG.SEARCH&ppt=sp&ppn=sp&ssid=yrswd515wg0000001753088023963&qH=a81ad6e72f7a2fd1,,https://rukminim2.flixcart.com/image/312/312/xif0q/mobile/m/7/z/-original-imahdxq5zsrwekqg.jpeg?q=70,Mobiles,0.372,redmi,-501.0,Amazon,501.0,5.57
6013,1566,Spigen EZ Fit Tempered Glass Screen Protector Guard for Pixel 10 Pro XL/Pixel 9 Pro XL [2 Pack],"Google Pixel 9 Pro XL (Obsidian, 256 GB)",1640.0,104999.0,4.4,4.6,https://www.amazon.in/Spigen-Tempered-Glass-Screen-Protector/dp/B0D854KDG3/ref=sr_1_6464?dib=eyJ2IjoiMSJ9.i8DsVVyTChb2qmmrkzeClzVN8U0_g9OOO9do68sth2zm1eh2zMVE-Ia2q1-Q6EWEcOe5BxR8c2w4iFSZ0RGlL7I4nugUMj3VicMq3CVEJNE0k5vZdBvvvmLd3mKpNXXhHvDzRL6htt4MSaCMa1wd60WJch0uK-h-o-Ch1W1oZrEzBoEASMrdHKZzrINwz8fdx22_igQ1y2Sm5BzimuMCUbxiG7he_PiM8ewK06EYV8ELMIMAh1ZbofFUVpTX7vHEz61Jm7tVBtDyR30zkuQi3v8j0z-ePFxSMdUpDxxdRQw.rpb-IEj5qKsjhVQve7lrpzdSaa1vLLrJgRjhCWEtDUg&dib_tag=se&qid=1759742247&s=electronics&sr=1-6464&xpid=UZHjCDxPt3DrQ,https://www.flipkart.com/google-pixel-9-pro-xl-obsidian-256-gb/p/itm5583d8ff28427?pid=MOBH2HJG8JEYKFZK&lid=LSTMOBH2HJG8JEYKFZKAPRGUS&marketplace=FLIPKART&q=mobile+phones&store=tyy%2F4io&srno=s_40_959&otracker=search&otracker1=search&fm=Search&iid=c79b484f-fc28-42b6-86b9-0d04a11a0634.MOBH2HJG8JEYKFZK.SEARCH&ppt=sp&ppn=sp&ssid=qfsfhc545s0000001753088302629&qH=a81ad6e72f7a2fd1,,https://rukminim2.flixcart.com/image/312/312/xif0q/mobile/t/s/1/pixel-9-pro-xl-ga05983-in-google-original-imah3pfhxgd3qtqd.jpeg?q=70,Mobiles,0.3716,,-103359.0,Amazon,103359.0,6302.38
3287,164,"boAt Nirvana Ion ANC, Active Noise Cancellation(~32dB), 120Hrs Battery, App Support, Crystal Bionic Sound, 4Mics ENx, v5.3 Bluetooth Earbuds, TWS Ear Buds Wireless Earphones with mic (Northern Lights)","boAt Nirvana Ion 32dB Active Noise Cancellation, 120HRS...",1799.0,1899.0,4.0,4.1,https://www.amazon.in/boAt-Nirvana-Ion-ANC-Cancellation/dp/B0DP4R33VV/ref=sr_1_3456?dib=eyJ2IjoiMSJ9.cacGcZ7ku8wRzyb4KJ-uYevW8TXATOlVtcXv4H2vCstFKYS2EJTAWVfT_wruMR0sfWd5vmbdBdocE9NSScELTPOoADB-ertNFuATpgckO3ZoLSlRNfxteg1Q9QQd6-LiWMvDVQvV9ChR12m2-cpzJ-Mf1Txv2MGyFSZ0MbJo_cZDuB7mJPMkDtJqfz_qCwwcpzpvEnk2wZ664RbXzzGXH0JdQReEBdL4r6Ew2Uo9fN-zWTWMx3k2DAAanUfF6W3FLvZrYp6BFrRCETvi0ilgCCL7kz9jBPbZL-7PzXxNLLU.41Ahg2RnWHY1CKDfRAfBn4-u3iHoKzPBQI0psbN4Ico&dib_tag=se&qid=1759738720&s=electronics&sr=1-3456&xpid=UZHjCDxPt3DrQ,https://www.flipkart.com/boat-nirvana-ion-32db-active-noise-cancellation-120hrs-bionic-mode-hifi5-bluetooth/p/itmbdf03ab73bf93?pid=ACCGT3NUWVDFDF3W&lid=LSTACCGT3NUWVDFDF3WWVNVOA&marketplace=FLIPKART&q=earphones&store=0pm%2Ffcn%2F821&srno=s_8_319&otracker=search&otracker1=search&fm=Search&iid=ced89841-c3a4-4780-9f32-ad7302a73735.ACCGT3NUWVDFDF3W.SEARCH&ppt=sp&ppn=sp&ssid=jv4cx9gygg0000001753106159159&qH=54597ea1f2fc7f2e,,https://rukminim2.flixcart.com/image/612/612/xif0q/headphone/l/s/o/-original-imagwmkbrfqvthrt.jpeg?q=70,Earphones,0.3713,boat,-100.0,Amazon,100.0,5.56
982,148,"soundcore by Anker R50i VI True Wireless Earbuds, 10mm Drivers with Big Bass, Bluetooth 5.3, 30H Long Playtime, Water-Resistant, 2 Mics for AI Clear Calls, 22 Preset EQs, Customization via App",Soundcore by Anker R50i Vi (Black) Bluetooth,898.0,1099.0,4.1,3.9,https://www.amazon.in/soundcore-Wireless-Bluetooth-Water-Resistant-Customization/dp/B0DCVPY1LV/ref=sr_1_990?dib=eyJ2IjoiMSJ9.W4-lvnp9fg8EFxmV-qA1IydyFDPu150Qp_xokblBlarCPG9yZxNsv-wXbn_nYNaS2uOSH7RPXYaK9bvTLgkLNi3OvxXGp7bl_CfjFSNmnfDJqVyyfcqB1ZPHxmOR7XJKdUcK-XUi0IfGBJl6QWDHAmy9Nc60VDput3D-wnOtX60OQ4eW2WQlBO47KwCS5FvyMJKylJczHV--cTl_P76RPczJOsBy1RpG4NZlTj1xGjrSp2dQaXpfxwTBVeqRlL1aOeeJvNHs4d2rCOmhSpAwavWqSwEB4I5rhz3s8zh2Tl4.dvsrs4bl1x7DTwpTW3dVtslvgi__yuH6k-wOQMb_iHo&dib_tag=se&qid=1759736196&s=electronics&sr=1-990&xpid=UZHjCDxPt3DrQ,https://www.flipkart.com/soundcore-anker-r50i-vi-black-bluetooth/p/itm494686932f164?pid=ACCHCFH2VQGSSRXN&lid=LSTACCHCFH2VQGSSRXNYUWJQX&marketplace=FLIPKART&q=earphones&store=0pm%2Ffcn%2F821&srno=s_8_284&otracker=search&otracker1=search&fm=Search&iid=ced89841-c3a4-4780-9f32-ad7302a73735.ACCHCFH2VQGSSRXN.SEARCH&ppt=sp&ppn=sp&ssid=jv4cx9gygg0000001753106159159&qH=54597ea1f2fc7f2e,,https://rukminim2.flixcart.com/image/612/612/xif0q/headphone/f/5/c/r50i-vi-soundcore-original-imahdvdmuaeg2zpw.jpeg?q=70,Earphones,0.371,,-201.0,Amazon,201.0,22.38
1601,164,"boAt Nirvana Ion ANC, Active Noise Cancellation(~32dB), 120Hrs Battery, App Support, Crystal Bionic Sound, 4Mics ENx, v5.3 Bluetooth Earbuds, TWS Ear Buds Wireless Earphones with mic (Blazing Comet)","boAt Nirvana Ion 32dB Active Noise Cancellation, 120HRS...",1899.0,1899.0,4.0,4.1,https://www.amazon.in/boAt-Nirvana-Ion-ANC-Cancellation/dp/B0DP4RW63N/ref=sr_1_1626?dib=eyJ2IjoiMSJ9.PohSlPEue21wEZSAz6Pi1om4hlgTVMOsRaFpfSKFCGa8EWBd48DEp8xbY9gC5NdgAxt7UCi5u_ELsGERZop7g1y_MAYCMYX2iwSWGbVShOGlD2ZZQLjBJBdZmqyqnz53J9Wy0-3Pq74NhxgL3E5GZf55bYHRK7l3dQjbFBqx8Hekdf-IQDmt0OHdd4aIHS2F_CMFT_JFDas56urrnkQnCL2f2fkI4uDiAqw21xIjgDPOMHMwOzTSkVZ71mYpuTDbWhb4rKnfrDMIFUduLs4dSdrpD4PiE8ymkBC2cmR8x9M.sq4FvCeHOfH2n3HiJexlmSWAlP1peIUMCXTY8ySxJPs&dib_tag=se&qid=1759736796&s=electronics&sr=1-1626&xpid=UZHjCDxPt3DrQ,https://www.flipkart.com/boat-nirvana-ion-32db-active-noise-cancellation-120hrs-bionic-mode-hifi5-bluetooth/p/itmbdf03ab73bf93?pid=ACCGT3NUWVDFDF3W&lid=LSTACCGT3NUWVDFDF3WWVNVOA&marketplace=FLIPKART&q=earphones&store=0pm%2Ffcn%2F821&srno=s_8_319&otracker=search&otracker1=search&fm=Search&iid=ced89841-c3a4-4780-9f32-ad7302a73735.ACCGT3NUWVDFDF3W.SEARCH&ppt=sp&ppn=sp&ssid=jv4cx9gygg0000001753106159159&qH=54597ea1f2fc7f2e,,https://rukminim2.flixcart.com/image/612/612/xif0q/headphone/l/s/o/-original-imagwmkbrfqvthrt.jpeg?q=70,Earphones,0.3699,boat,0.0,Same Price,0.0,0.0
4044,985,"Spigen Tough Armor for Samsung Galaxy S24 FE Case, Galaxy S24 FE Back Cover (2024) - TPU+Poly Carbonate｜Black","Samsung Galaxy S24 FE 5G (Blue, 128 GB)",1529.0,59999.0,4.4,4.5,https://www.amazon.in/Spigen-Compatible-Samsung-Galaxy-Carbonate/dp/B0D7NG832K/ref=sr_1_4308?dib=eyJ2IjoiMSJ9.jEqj3aQrbbCCkeC9JvZ0Tav364v-Q3PlUw2B2uVFRFHY49Nt6o6WpyOndk0_rVOGdcHdvvhIyV5OI7D0fSqpQlOpd0lFPYEkiaJfAWhGAbNQKBBuJ5u_EmX51l4y3EwIFXmKpZC-M_shfct18HCmWebfXCrN-qHnT8QOfXfXJwKYoUCicl8M3HGIhOTE1C5rXts9_RkSVDKKSaRi2Uh3knESg4n56XWSYqgsurSNjWwurt5SONy1RQjPfdH3FCHdhsZrprPHtKRtf6Ivi8lzskMixULs3bGi4wXIJVWLIcQ.wCSZDviHjdzXcnSOz_j27Ok94g3sHMy9RDKR9clky78&dib_tag=se&qid=1759739639&s=electronics&sr=1-4308&xpid=UZHjCDxPt3DrQ,https://www.flipkart.com/samsung-galaxy-s24-fe-5g-blue-128-gb/p/itme960199e26f23?pid=MOBH4ZG3Z5NCBW2H&lid=LSTMOBH4ZG3Z5NCBW2HWQMO2K&marketplace=FLIPKART&q=mobile+phones&store=tyy%2F4io&srno=s_14_329&otracker=search&otracker1=search&fm=Search&iid=b1620752-ed87-4c97-a7d8-87c89786b83f.MOBH4ZG3Z5NCBW2H.SEARCH&ppt=sp&ppn=sp&ssid=8ghyoks0rk0000001753087922506&qH=a81ad6e72f7a2fd1,,https://rukminim2.flixcart.com/image/312/312/xif0q/mobile/r/s/z/-original-imahcfwmdvbcgdzs.jpeg?q=70,Mobiles,0.3689,samsung,-58470.0,Amazon,58470.0,3824.07
332,898,"POCO M7 5G Mint Green 6GB RAM|128GB ROM|SD4 Gen2 Processor|6.88"" HD+ Display|50MP Camera|8MP Front Camera|5160 mAh Battery","POCO M7 5G (Mint Green, 128 GB)",8489.0,10499.0,4.2,4.2,https://www.amazon.in/POCO-Processor-Display-Camera-Battery/dp/B0F5Q2F8G2/ref=sr_1_334?dib=eyJ2IjoiMSJ9.Wp5JzMFFG_dUr5r1wNIZLByr-2ycyvqAtd5GopNwHaTLDRi6pFWZhdlzJR4Xs9qv3xygFwvREogbfBZUDeHA_sRLsV-MTebCUoE2wxxe2huMuXMGHHOP0bV52TIs3G_8ZddtsDJIi9YdWIRqVv4-om1gSyCi9cTdD9toVvf6xxfLHCnL8iDX0I2VGCv7W2hUfEbMO50j0KuSNs-NtT4lNhj8Rgqc2VF7qmbgrV3g6JIAXGQ9McIEnnN1jvhQ-ckvAaxOw1OJ_y7_cm9fr-cjkeg6NTvib7Re-n1WFwpjEVQ.9mbBKUFuGBvAZLSTtchFmkXnfpNnoRg-wPtkE5XryGI&dib_tag=se&qid=1759735649&s=electronics&sr=1-334&xpid=UZHjCDxPt3DrQ,https://www.flipkart.com/poco-m7-5g-mint-green-128-gb/p/itm5a4e9a881d94a?pid=MOBH9HFJGB3JSYEF&lid=LSTMOBH9HFJGB3JSYEF2YLMA0&marketplace=FLIPKART&q=mobile+phones&store=tyy%2F4io&srno=s_9_210&otracker=search&otracker1=search&fm=Search&iid=542988a7-d9c6-4e1e-b1cc-fb1e0bc2dafa.MOBH9HFJGB3JSYEF.SEARCH&ppt=sp&ppn=sp&ssid=afkuhooum80000001753087870382&qH=a81ad6e72f7a2fd1,,https://rukminim2.flixcart.com/image/312/312/xif0q/mobile/r/w/0/-original-imah9wydggh9mtxt.jpeg?q=70,Mobiles,0.368,poco,-2010.0,Amazon,2010.0,23.68
7404,1415,"Samsung Galaxy A36 5G (Awesome Lavender, 8GB, 256GB) | Gemini Live | Awesome Intelligence (AI): Circle to Search, My Filter, Object Eraser | 4nm Snapdragon Processor | Flagship Grade Camera","Samsung Galaxy A36 5G (Awesome Lavender, 256 GB)",30999.0,33999.0,4.1,4.3,https://www.amazon.in/Samsung-Galaxy-Awesome-Lavender-Intelligence/dp/B0DYDPZWWV/ref=sr_1_7994?dib=eyJ2IjoiMSJ9.1O6JCdh8taSduqov5Q-scsfZPMp4rA9y5JesPm5zjBFua3NqaIHEPwzQzTRq-1_cvN324_auMxlBpgq_qf-_a1A-SFu_iY1l5Wbij0semQlwhcDbUzPDNJ6BD5WwILQ8Yjw31Hp9E-lSALXJTACCrAfszPd-HRVG5B_ZrzjgbJD6qyeSFrClDT4kPf5pVoGwEUHxwBn8_qg71AmHyC3_l5uGR9UaRzRSoPM8D5PmWKTfbuMqL5MRrYrrSJDK-J46Hvi7GYI8fD4Uf7vCJ5JbAcSQosduOWb7hMCkuOk5MHM.FYySJ_s2XXsZT4YMBzXVJ_beex42zZKrwhquU90QMEY&dib_tag=se&qid=1759744144&s=electronics&sr=1-7994&xpid=UZHjCDxPt3DrQ,https://www.flipkart.com/samsung-galaxy-a36-5g-awesome-lavender-256-gb/p/itma5b5834a73d65?pid=MOBH9RNG3KTYVZKE&lid=LSTMOBH9RNG3KTYVZKETPJL74&marketplace=FLIPKART&q=mobile+phones&store=tyy%2F4io&srno=s_34_798&otracker=search&otracker1=search&fm=Search&iid=ba77a6f1-752e-40bd-8968-b5c655b8a3c1.MOBH9RNG3KTYVZKE.SEARCH&ppt=sp&ppn=sp&ssid=ug23y7igqo0000001753088209917&qH=a81ad6e72f7a2fd1,,https://rukminim2.flixcart.com/image/312/312/xif0q/mobile/o/i/t/-original-imahb3hpzjp4dkb4.jpeg?q=70,Mobiles,0.3676,samsung,-3000.0,Amazon,3000.0,9.68
8399,1539,"Redmi Note 14 5G (Ivy Green, 6GB RAM 128GB Storage) | Global Debut MTK Dimensity 7025 Ultra | 2100 nits Segment Brightest 120Hz AMOLED | 50MP Sony LYT 600 OIS+EIS Triple Camera","REDMI Note 14 5G (Ivy Green, 128 GB)",16498.0,16741.0,3.9,4.3,https://www.amazon.in/Redmi-Storage-Dimensity-Segment-Brightest/dp/B0DV9DBFTK/ref=sr_1_9067?dib=eyJ2IjoiMSJ9.bjf7EuN-FXnpL2E9q8oDW32LK8P-mgwwKeGLmW3YgzvnkGvtd9y--Pur7a1twpBH7g8WE8-WAB0y6UVM-oycCIGDByOmeIwY98IVLmdYtfWLTPrvY70r2nlNcofjQ3DVkKLdeNjlbEukj28Di_8PR2C8Ev7Ixxv9HyzAcBC7Iac5IbNNdr7LVcO-YA-6FExELpxopUDE0x5RCXV2luJmq1_J9tHZyjxlKzFCVvJUyokkPsgsIi0BgaxXt9H_Bb2wS9wpYoqAHEHnvBMaXCxlr_940MlZCArAYr7UJPx8XmM.pq0R87GV2xrPUD7TOjcNHQbkNJBsDogXxll4v2au9a4&dib_tag=se&qid=1759745457&s=electronics&sr=1-9067&xpid=UZHjCDxPt3DrQ,https://www.flipkart.com/redmi-note-14-5g-ivy-green-128-gb/p/itm11a447d125328?pid=MOBH9FKEH63EQE6Y&lid=LSTMOBH9FKEH63EQE6YNDU0A4&marketplace=FLIPKART&q=mobile+phones&store=tyy%2F4io&srno=s_39_928&otracker=search&otracker1=search&fm=Search&iid=40f4dab7-eac6-4ce6-b4fe-080a8636f6c1.MOBH9FKEH63EQE6Y.SEARCH&ppt=sp&ppn=sp&ssid=8l02y364y80000001753088293371&qH=a81ad6e72f7a2fd1,,https://rukminim2.flixcart.com/image/312/312/xif0q/mobile/z/t/5/note-14-5g-24094rad4i-mzb0i1pin-redmi-original-imah9kyu9nf5pxrd.jpeg?q=70,Mobiles,0.3672,redmi,-243.0,Amazon,243.0,1.47
8361,1190,"Spigen Tough Armor for Samsung Galaxy A55 5G Case, Galaxy A55 5G Back Cover (2024) - TPU+Poly Carbonate｜Black","Samsung Galaxy A55 5G (Awesome Navy, 256 GB)",1529.0,28680.0,4.2,4.4,https://www.amazon.in/Spigen-Compatible-Samsung-Galaxy-Carbonate/dp/B0CQ43N55R/ref=sr_1_9023?dib=eyJ2IjoiMSJ9.I1xwyGk34His2Kbl-OSv_g_z6uN3qx5hWXXxxxtDKNC8yGPqrzVTFDFGNYsNTplvh2QqxWMbFOBDcrzhHAqFNVRlTTnvPMmuqFeR8PZcHRULGiBnq79WCCBaeBhZHlQdQBdoMl_sPhaiqw3XD2WU5zlJsMB5sBOx_RJvBwWXxcpZGIBIrp872jhLhbZ-IJa7gP1a28xwJsre62HIVMWMmc4h09bGJUtUea7HA6IBI0lDFYOA4cLvV_1nHUqq5TfMaGvbB1ORd2UZlW6spDEAp41UM8V3u689QfXRNbCvVTI.wHfQjLQcE0I22Ux4N2kKKV479NrVj4Hc_rpBsCtOw2E&dib_tag=se&qid=1759745400&s=electronics&sr=1-9023&xpid=UZHjCDxPt3DrQ,https://www.flipkart.com/samsung-galaxy-a55-5g-awesome-navy-256-gb/p/itmc9f5e13bbf84d?pid=MOBGYT2HAUQNPZYV&lid=LSTMOBGYT2HAUQNPZYVVAFWKK&marketplace=FLIPKART&q=mobile+phones&store=tyy%2F4io&srno=s_24_562&otracker=search&otracker1=search&fm=Search&iid=7c282218-56cb-4791-b6a9-28749e105f16.MOBGYT2HAUQNPZYV.SEARCH&ppt=sp&ppn=sp&ssid=vjk90mjakw0000001753088033951&qH=a81ad6e72f7a2fd1,,https://rukminim2.flixcart.com/image/312/312/xif0q/mobile/q/q/t/-original-imahbzpzhcptykzf.jpeg?q=70,Mobiles,0.3666,samsung,-27151.0,Amazon,27151.0,1775.74
6670,1080,"TheGiftKart Hybrid Shockproof Back Cover Case for Google Pixel 9A | Hard Back Cover Case for Google Pixel 9A (PC & TPU, Transparent Crystal Clear Back, Clear Sides)","Google Pixel 9A (Obsidian, 256 GB)",284.0,49999.0,4.3,4.5,https://www.amazon.in/TheGiftKart-Hybrid-Shockproof-Transparent-Crystal/dp/B0F1P361GR/ref=sr_1_7150?dib=eyJ2IjoiMSJ9.iJxoqFq2hBQb0VhdwVJ81gAEunbyt5RGI9F1UrY0W4m7wmnSEPKdQeynbFdXzEsxilm0PawU6cAV_deMVJLXlNO-hw49RCO8MYe2DK0tg1qnfF4myaUgZYC1pSteqDORwEigzZloBn7TKcdCirmkzbbDR9KIYsvKLr6iQE-KXBTuw-Sz-3btZ7XN-a4xZS3_dXwZ2xdNYenN7nGoVFOf1ElffLzjY5C7cJ3wvmEqafHDWJ0WG6c7WCyaWEE9pK6LRVXxGjkZ44XqgmzvD_TWA_-9-buyD7JydzFwyGx8paY.b5YN9B85ehftfUQ2TDqmv7h9GTzUMLIlFA6rz3BRPaQ&dib_tag=se&qid=1759743091&s=electronics&sr=1-7150&xpid=UZHjCDxPt3DrQ,https://www.flipkart.com/google-pixel-9a-obsidian-256-gb/p/itmf9d1fcfa566cf?pid=MOBH9YMEQUGCHPHN&lid=LSTMOBH9YMEQUGCHPHNSFHZNA&marketplace=FLIPKART&q=mobile+phones&store=tyy%2F4io&srno=s_19_441&otracker=search&otracker1=search&fm=Search&iid=bb7c8792-f9b7-483b-bcf0-eba4ca01acc1.MOBH9YMEQUGCHPHN.SEARCH&ppt=sp&ppn=sp&ssid=x5p3473w800000001753087983579&qH=a81ad6e72f7a2fd1,,https://rukminim2.flixcart.com/image/312/312/xif0q/mobile/x/b/u/-original-imahadxg2fazkzub.jpeg?q=70,Mobiles,0.3665,google,-49715.0,Amazon,49715.0,17505.28
1939,101,"truke New Launch Buds Elite True Wireless in Ear Earbuds with 10mm Dynamic Driver, 70Hrs Battery & Fast Charging EarBuds, Dual-MIC ENC TWS, 40ms Low Latency Gaming Buds, Volume Control, BT 5.4 (Black)","truke Buds Elite with 10mm Driver, 70Hrs Battery, Volum...",599.0,699.0,3.9,4.0,https://www.amazon.in/truke-Wireless-Earbuds-Charging-Dual-MIC/dp/B0DVL9D7JD/ref=sr_1_1973?dib=eyJ2IjoiMSJ9.Ehna4mbBnyIPt75Vxbc3YuaWxsgB9A3S9rh4TgSdzyVP5c4vZF6PwdZIBZ5bT4lO-BFuju8q5GL-1wSmHMfMB7ry37VVAS9QtZUeqBMLKIGvYdTPTzOBmw8pWUGvfhoqqevBdWij7_2wBYlRtQYLwoYbc4PddPN3eIa_EQa7STtwyWRZMmSKOCVdxB4IVCQfoSSWJA0QFVfqvsFUGANixLkIoc5PRJm3XkmS7aLRpbtg8kpwx6iaSH2-nWKyrAX-VeUcw2L-kNG8UIMKYvE8QGkjTEY51GG9XdydKBhl_Ok.IcN8zyoXB2Cp2RYTnyDfmVAjreRVoR2yO25srYtbTxc&dib_tag=se&qid=1759737179&s=electronics&sr=1-1973&xpid=UZHjCDxPt3DrQ,https://www.flipkart.com/truke-buds-elite-10mm-driver-70hrs-battery-volume-control-2-mic-enc-game-mode-bluetooth/p/itmff203c4d3b8e1?pid=ACCH8Z4YKSZ8BSF6&lid=LSTACCH8Z4YKSZ8BSF6W6XCKP&marketplace=FLIPKART&q=earphones&store=0pm%2Ffcn%2F821&srno=s_4_154&otracker=search&otracker1=search&fm=Search&iid=49a8060f-042a-4645-b8e0-18f65e7316c8.ACCH8Z4YKSZ8BSF6.SEARCH&ppt=sp&ppn=sp&ssid=tnpiiuizbk0000001753106043084&qH=54597ea1f2fc7f2e,,https://rukminim2.flixcart.com/image/612/612/xif0q/headphone/m/v/s/-original-imahbh24bxnrntd6.jpeg?q=70,Earphones,0.366,,-100.0,Amazon,100.0,16.69
6160,985,"TheGiftKart Liquid Silicone Back Cover Case for Samsung Galaxy S24 FE 5G | Soft Micro-Fibre Lining Inside | Camera Protection Bump | Shockproof Back Cover Case for Samsung S24 FE 5G (Silicone, Black)","Samsung Galaxy S24 FE 5G (Blue, 128 GB)",284.0,59999.0,3.8,4.5,https://www.amazon.in/TheGiftKart-Silicone-Micro-Fibre-Protection-Shockproof/dp/B0DJ7TXD9D/ref=sr_1_6616?dib=eyJ2IjoiMSJ9.lmrLt_1uQow_fcpCmfgviNLfFxlmTaS5GlBIpxIdjcytJT0NbBghsUVlJJkT3DMjhEdmpZxAcUGT8GGxjYD4WELHyqqHzT-JdQXwRfP8ZKBVorljCWYc_Z7wqZXQ6gf79zfA9fuF60K6aR3W1sPXZLd0TBysH_1llg3k5gGyROkbDfHvVUhm6V_JaTmbSrFBcxNVbhsWJMH2svagmGFbzQ3X6B1ME4wbXI0ChmQvF0b30Edt4qBks6TVYWusMfT1E1T8CiDgHM7fbalK3lbtj5trkmE6POGjLScPlmiQJI8.bqv37jRFa6Jq_DDtIktDZVz3Wx9UK8jWWwyeOZCHmvc&dib_tag=se&qid=1759742428&s=electronics&sr=1-6616&xpid=UZHjCDxPt3DrQ,https://www.flipkart.com/samsung-galaxy-s24-fe-5g-blue-128-gb/p/itme960199e26f23?pid=MOBH4ZG3Z5NCBW2H&lid=LSTMOBH4ZG3Z5NCBW2HWQMO2K&marketplace=FLIPKART&q=mobile+phones&store=tyy%2F4io&srno=s_14_329&otracker=search&otracker1=search&fm=Search&iid=b1620752-ed87-4c97-a7d8-87c89786b83f.MOBH4ZG3Z5NCBW2H.SEARCH&ppt=sp&ppn=sp&ssid=8ghyoks0rk0000001753087922506&qH=a81ad6e72f7a2fd1,,https://rukminim2.flixcart.com/image/312/312/xif0q/mobile/r/s/z/-original-imahcfwmdvbcgdzs.jpeg?q=70,Mobiles,0.3651,samsung,-59715.0,Amazon,59715.0,21026.41
5895,101,"truke New Launch Buds Elite True Wireless in Ear Earbuds with 10mm Dynamic Driver, 70Hrs Battery & Fast Charging EarBuds, Dual-MIC ENC TWS, 40ms Low Latency Gaming Buds, Volume Control, BT 5.4 (White)","truke Buds Elite with 10mm Driver, 70Hrs Battery, Volum...",599.0,699.0,3.9,4.0,https://www.amazon.in/truke-Wireless-Earbuds-Charging-Dual-MIC/dp/B0DVLPZDGY/ref=sr_1_6344?dib=eyJ2IjoiMSJ9.loDzMOiIlxPeRib7IZrVQTKy5AqH4PfZLDl8mi2CRlwDO-QwScmD2IYZcZBXESw8D4qIjjEZQmq4b89q0L6YnmjpGnnQJwvXHGa8ALT0M9EIhmFIPhadA2Bv3ZQsRZiwZumUdjvkEqxr82mgq7q3VBHCzsbdD1xRa2ivtpCqeN8_C60dZRXbicnz4tuABi2FS3Zci35bgdzCm95tiGUqEZLL6rj3d2PFohkhe3bMhlaV4NM1efbCsd52PkoiVw-juTIxo3iav1itTJKFVvu8Wb_rUAibo1kf1Y90b8lz1I4.erHbx3CSX6fzfi-gSUn0xzpzNgA52pwxYP6C53I7odI&dib_tag=se&qid=1759742101&s=electronics&sr=1-6344&xpid=UZHjCDxPt3DrQ,https://www.flipkart.com/truke-buds-elite-10mm-driver-70hrs-battery-volume-control-2-mic-enc-game-mode-bluetooth/p/itmff203c4d3b8e1?pid=ACCH8Z4YKSZ8BSF6&lid=LSTACCH8Z4YKSZ8BSF6W6XCKP&marketplace=FLIPKART&q=earphones&store=0pm%2Ffcn%2F821&srno=s_4_154&otracker=search&otracker1=search&fm=Search&iid=49a8060f-042a-4645-b8e0-18f65e7316c8.ACCH8Z4YKSZ8BSF6.SEARCH&ppt=sp&ppn=sp&ssid=tnpiiuizbk0000001753106043084&qH=54597ea1f2fc7f2e,,https://rukminim2.flixcart.com/image/612/612/xif0q/headphone/m/v/s/-original-imahbh24bxnrntd6.jpeg?q=70,Earphones,0.3647,,-100.0,Amazon,100.0,16.69
1045,222,"boAt Airdopes 800, Dolby Audio, Adaptive EQ by Mimi, 4Mics AI ENx, App Support, Fast Charge, IPX5, v5.3 Bluetooth TWS in Ear Earbuds Wireless Earphones with mic (Interstellar White)","boAt Airdopes 800 w/ Dolby Audio, 4 Mics AI-ENx Tech, T...",1399.0,1799.0,4.0,4.1,https://www.amazon.in/boAt-Airdopes-800-Detection-Interstellar/dp/B0D1V8CKFQ/ref=sr_1_1055?dib=eyJ2IjoiMSJ9.evHLuP4ZpyvagulgfKKQCK5e8phdifItgS5VwXCCz4mCzUmTq668MYwI4EBNVL92-mIwf9RxpKXG2oQu4Gl1rKiOH8F573QN8CA4lDsvOkq6fnvqfBam_aLwGb_9uTg3xYy13Y76MjthnRAbzK2Izn_bgsRQQxEW8FpiGVZ1XNCD7JO9fOAEHvDfe38rL6Nz2IQMZUOvXzWC2k4_iMjpxbtdxYojuajqTmK0UCvq4tz2QE3O01VJqGSrfqxbqoIXjvpgOd8g5aM5EYj5lNfx12EDYcdfkUcCwTXJCpKrxzM.jfS0Z071d7l6X_0Mj9TivZHjPL4SlAnaB5T9R4X-Fw0&dib_tag=se&qid=1759736233&s=electronics&sr=1-1055&xpid=UZHjCDxPt3DrQ,https://www.flipkart.com/boat-airdopes-800-w-dolby-audio-4-mics-ai-enx-tech-titanium-drivers-asap-charge-bluetooth/p/itm6fc014672e654?pid=ACCHY8GFNJ5ZUCEK&lid=LSTACCHY8GFNJ5ZUCEKOPGEO1&marketplace=FLIPKART&q=earphones&store=0pm%2Ffcn%2F821&srno=s_17_663&otracker=search&otracker1=search&fm=Search&iid=a7aed92e-97c2-4912-96f8-4e7ea2605b66.ACCHY8GFNJ5ZUCEK.SEARCH&ppt=sp&ppn=sp&ssid=gwr89qeir40000001753106380793&qH=54597ea1f2fc7f2e,,https://rukminim2.flixcart.com/image/612/612/xif0q/headphone/q/8/i/-original-imahysjgm8wmg9ze.jpeg?q=70,Earphones,0.3647,boat,-400.0,Amazon,400.0,28.59
8068,793,"HEYANSH CREATION Tempered Glass Screen Protector Compatible for Oneplus Nord CE4 lite 5G (2024) with Edge to Edge Coverage and Easy Installation Kit, Pack of 1, Black (Oneplus Nord CE 4 lite 5G)","OnePlus Nord CE4 lite 5G (MEGA BLUE, 128 GB)",149.0,16829.0,4.0,4.4,https://www.amazon.in/HEYANSH-CREATION-Oneplus-Nord-lite/dp/B0D8CJ9C3Y/ref=sr_1_8699?dib=eyJ2IjoiMSJ9.PQiFVdWE4n8L4G4hFwCnstpnCGaMobO97tYNCsgwULYPZ2jrSg9o0AUm3gv1iPSg5Fdcf001XNDE1qOSUn3cMprtAM6hBfbP7NGrgy5gdfMNnn82bRzLNmorW6knduui6WitRc7oDV3PYGBlaWvx8vjnNuNifPv3AO10X1zOSqKTP5yytIcuXtwUdc4YPXGSK9S-JpQ5GG1mncgXqlr5qNSDeHB01TdAy78ibMbcjgGwXzcf8n6tx88vhjArmssz-DcSH0oRqz5XXy2ycutKC9mqudsEXfL-Z1iHUo8Pk10.JP6QY2gp6jYv1bHBNj7Lz_k9t5PydHSSZVWua8_ls2o&dib_tag=se&qid=1759745025&s=electronics&sr=1-8699&xpid=UZHjCDxPt3DrQ,https://www.flipkart.com/oneplus-nord-ce4-lite-5g-mega-blue-128-gb/p/itm8fd5fdf300955?pid=MOBH25Z9CCTDDN3J&lid=LSTMOBH25Z9CCTDDN3JBPPDEE&marketplace=FLIPKART&q=mobile+phones&store=tyy%2F4io&srno=s_4_87&otracker=search&otracker1=search&fm=Search&iid=4bdf492a-549d-4735-91d3-2d10536e45ed.MOBH25Z9CCTDDN3J.SEARCH&ppt=sp&ppn=sp&ssid=scs8nge6b40000001753087817678&qH=a81ad6e72f7a2fd1,,https://rukminim2.flixcart.com/image/312/312/xif0q/mobile/p/m/o/-original-imah5wxz4y4qfgdq.jpeg?q=70,Mobiles,0.3644,oneplus,-16680.0,Amazon,16680.0,11194.63
4516,1185,"Redmi Note 14 5G (Mystique White, 8GB RAM 128GB Storage) | Global Debut MTK Dimensity 7025 Ultra | 2100 nits Segment Brightest 120Hz AMOLED | 50MP Sony LYT 600 OIS+EIS Triple Camera","REDMI Note 14 5G (Mystique White, 128 GB)",16998.0,16480.0,3.9,4.3,https://www.amazon.in/Redmi-Mystique-Storage-Dimensity-Brightest/dp/B0DPFV3T4V/ref=sr_1_4831?dib=eyJ2IjoiMSJ9.e-ttjGPikDITaVTIw_bKEnGpBJH0_yBcEmowmNmowSxGNwy1gpxR0jei8ZHMuXv_wrdnC-hWyQ54hmDYauzetRfsic4-tMypbZ6phMkY_oqvrLXWGyjt_aRGPF78ti8GVjhT0PBZyOvLwHmmiMQhsWhDtgFraQwJfYpFmLWboQ0iIhPPiCxdImpJH1Zo0nSk341C1VFUo9EvTjGsj0SuQXv7BsHHH322WJVbS6qW5_jf5kYh7J97Qy-KtO5NfxwfFhGYNh1pZZOAjde8rjPj8iL-BvXvlR88BaMiwmGQnAg.tIZJBvKiW3_NxUfCNvQvrYlpmjXyr3WWLDtdlaMHQUg&dib_tag=se&qid=1759740197&s=electronics&sr=1-4831&xpid=UZHjCDxPt3DrQ,https://www.flipkart.com/redmi-note-14-5g-mystique-white-128-gb/p/itm11a447d125328?pid=MOBH78KTCNCEZZ8F&lid=LSTMOBH78KTCNCEZZ8FQTDCJ7&marketplace=FLIPKART&q=mobile+phones&store=tyy%2F4io&srno=s_24_557&otracker=search&otracker1=search&fm=Search&iid=7c282218-56cb-4791-b6a9-28749e105f16.MOBH78KTCNCEZZ8F.SEARCH&ppt=sp&ppn=sp&ssid=vjk90mjakw0000001753088033951&qH=a81ad6e72f7a2fd1,,https://rukminim2.flixcart.com/image/312/312/xif0q/mobile/3/d/b/-original-imah7gbg7ghbgxbn.jpeg?q=70,Mobiles,0.3641,redmi,518.0,Flipkart,518.0,3.14
3177,1191,"iQOO Neo 10 (Inferno Red, 8GB RAM, 128GB Storage) | Snapdragon 8s Gen 4 Processor & SuperComputing Chip Q1 | 7000 mAh Battery | Segment’s Highest 144 FPS Gaming Smartphone","IQOO Neo 10 (Inferno Red, 128 GB)",30998.0,34174.0,4.3,4.5,https://www.amazon.in/iQOO-Snapdragon-Processor-SuperComputing-Smartphone/dp/B0F83KLGCS/ref=sr_1_3341?dib=eyJ2IjoiMSJ9.ViSthCtpmvuiL2LOzoSfmBpfK5KrQRzXW6SfZhw9N7tKS5qsjTozHdXIBxpdoUyWPPn1vdJwu18hdXpOTfWv-2iGAskpFJrqevh_Ll9qSScNTlN6NUU2vb1fi09XQ-n_L2CuXa0JqzRto2FCkgfvG0R7IStD_jIbcY-P1o3SDU_XgNnWzUHHq_wDoq2jKiTliPY-Q2HWTWjQoW7TmfG6K0noKlLWWZ_a13GOyIH6zvhGua0pZm3jeG5YZJRJk6G6wRQPhgo3lxMbF4x7vXnV__nX5e2AXAD8n-vAmmh3OiE.vcJhLM75U3AYUDY0kWp24pTVlvKDqN1U4rTqwQk2QQ4&dib_tag=se&qid=1759738618&s=electronics&sr=1-3341&xpid=UZHjCDxPt3DrQ,https://www.flipkart.com/iqoo-neo-10-inferno-red-128-gb/p/itm4faf25d0485ec?pid=MOBHCGUYJSJRUPSF&lid=LSTMOBHCGUYJSJRUPSFSDCXAX&marketplace=FLIPKART&q=mobile+phones&store=tyy%2F4io&srno=s_24_563&otracker=search&otracker1=search&fm=Search&iid=7c282218-56cb-4791-b6a9-28749e105f16.MOBHCGUYJSJRUPSF.SEARCH&ppt=sp&ppn=sp&ssid=vjk90mjakw0000001753088033951&qH=a81ad6e72f7a2fd1,,https://rukminim2.flixcart.com/image/312/312/xif0q/mobile/c/s/r/neo-10-i2405-iqoo-original-imahcgtx6xwxzydz.jpeg?q=70,Mobiles,0.3639,,-3176.0,Amazon,3176.0,10.25
5510,985,A rtistque Clear Back Cover Case for Samsung Galaxy S24 FE 5G | Acrylic | Shockproof TPU | Stylish Protective Design | Samsung S24 Fe Back Cover - Transparent,"Samsung Galaxy S24 FE 5G (Blue, 128 GB)",222.0,59999.0,4.1,4.5,https://www.amazon.in/rtistque-Samsung-Acrylic-Shockproof-Protective/dp/B0DF5LD2F3/ref=sr_1_5923?dib=eyJ2IjoiMSJ9.5Bz7PJnwv2bL0sUTv74j3PuKA6dsQh_DL-u-XewNoxcXOdNpjR53GQ1IfR6GkEWdE8NoBC05QvbHEHY-GqnTKyjJPhP79VlBPlhfL1CeHaq9cIEE-2PrfVTcjYWbkTGSgvPbbR9jmIO4TVMKSZKS4isxsIwkHqhF1KNz4mVYKsbEfn9ug1N-QST_aW2mx1SlLhtWyVvVmyWt-OvUhsnwVOWenNcvd5m4S8FAQImlcBSpkcG9bcJGw81YOsDXhUryjJVfyE---BTSfXmDcAl5wBngYOMyqXeqqsHiFuA3e5A.A7FmlarkNveC1Wo-zDC0m3iaFSv7HQhf4o6TnatB0Bw&dib_tag=se&qid=1759741557&s=electronics&sr=1-5923&xpid=UZHjCDxPt3DrQ,https://www.flipkart.com/samsung-galaxy-s24-fe-5g-blue-128-gb/p/itme960199e26f23?pid=MOBH4ZG3Z5NCBW2H&lid=LSTMOBH4ZG3Z5NCBW2HWQMO2K&marketplace=FLIPKART&q=mobile+phones&store=tyy%2F4io&srno=s_14_329&otracker=search&otracker1=search&fm=Search&iid=b1620752-ed87-4c97-a7d8-87c89786b83f.MOBH4ZG3Z5NCBW2H.SEARCH&ppt=sp&ppn=sp&ssid=8ghyoks0rk0000001753087922506&qH=a81ad6e72f7a2fd1,,https://rukminim2.flixcart.com/image/312/312/xif0q/mobile/r/s/z/-original-imahcfwmdvbcgdzs.jpeg?q=70,Mobiles,0.3635,samsung,-59777.0,Amazon,59777.0,26926.58
4239,855,"Spigen Essential Sand Blast for Samsung Galaxy A35 5G Case, Galaxy A35 5G Back Cover (2024) - TPU｜Matte Black","Samsung Galaxy A35 5G (Awesome Navy, 256 GB)",569.0,23999.0,4.4,4.3,https://www.amazon.in/Spigen-Compatible-Galaxy-A35-5G/dp/B0CW2X73RY/ref=sr_1_4535?dib=eyJ2IjoiMSJ9.9OviVNOIYZTaYFfr7PT4E_lamgm6R-Y3dCu9if9KCyMIyxVVYvnAoI1P-uCQuMqeTMGg6MJ8bnIx6cjK1sx5EeoEC_uCNg1Dodjxg8wdeSonDYpRk2FcKbQshgq2mtdTXRgklrcDCWJ5kTWflTR_hozy_yA2p0RD9Mloea3feXeXQ4Ut3WgdCZkz3DRKr1pIXr_Z9gEe6B9YztWYVY3NpNvK5px3C0XTZTco4RUhoXfzgJArn8cGLvKBfHplVfUO4hP4ATbGvJSdZNbiq5c8gPC-_AucAzdM-yIu2ZbRLiM.1c1yYM3iYoylEtu3rSWnLmY5CwmbmSym_jMfDtd8KlA&dib_tag=se&qid=1759739858&s=electronics&sr=1-4535&xpid=UZHjCDxPt3DrQ,https://www.flipkart.com/samsung-galaxy-a35-5g-awesome-navy-256-gb/p/itm2d2e398127998?pid=MOBGYT2HEEYGMZFH&lid=LSTMOBGYT2HEEYGMZFH3U1TOF&marketplace=FLIPKART&q=mobile+phones&store=tyy%2F4io&srno=s_7_153&otracker=search&otracker1=search&fm=Search&iid=39c7c77d-e7f5-4d55-8ac8-971bf7f3649c.MOBGYT2HEEYGMZFH.SEARCH&ppt=sp&ppn=sp&ssid=oybmyd8sao0000001753087849426&qH=a81ad6e72f7a2fd1,,https://rukminim2.flixcart.com/image/312/312/xif0q/mobile/w/g/h/-original-imahbzknzpd3zwrv.jpeg?q=70,Mobiles,0.3635,samsung,-23430.0,Amazon,23430.0,4117.75
7793,1080,"Spigen Ultra Hybrid for Google Pixel 9a Case, Transparent Pixel 9a Back Cover (2025) - TPU+Poly Carbonate｜Crystal Clear","Google Pixel 9A (Obsidian, 256 GB)",1169.0,49999.0,4.3,4.5,https://www.amazon.in/Spigen-Ultra-Hybrid-Google-Transparent/dp/B0DJCJ8DG2/ref=sr_1_8409?dib=eyJ2IjoiMSJ9.sJRlVOgyvRMOyj6PxKvYHrTQl_n4j1PKvFD_NStOLm0ZQ-4LNbl7QuB5PmCkBWeoXqgWOVVUw8o3F71n53k2rnhFwBVzMADmBO25JBfuc1GT4ganPKw4WHLuqfT0EZsODTJWiXZnjJwaoYCEsbGIcF-czQomp_O4EQ7_RuvPQU_2kJz5tz-ggm55oZHgJVz1erQ3xR4uz-nw42e8jlcuD9Cg9jsPk-Zhrciw3y9Y3z7p6HxtAhVg9WNbqoX51x-7n6cvLex2EX3Af1K1POeuW54feJtvfy7pFjq3h-RcNvg.ojpcqOZLB60wDvYLmjKMAJJYPdDN6s4TsFCRv3vT0Nk&dib_tag=se&qid=1759744670&s=electronics&sr=1-8409&xpid=UZHjCDxPt3DrQ,https://www.flipkart.com/google-pixel-9a-obsidian-256-gb/p/itmf9d1fcfa566cf?pid=MOBH9YMEQUGCHPHN&lid=LSTMOBH9YMEQUGCHPHNSFHZNA&marketplace=FLIPKART&q=mobile+phones&store=tyy%2F4io&srno=s_19_441&otracker=search&otracker1=search&fm=Search&iid=bb7c8792-f9b7-483b-bcf0-eba4ca01acc1.MOBH9YMEQUGCHPHN.SEARCH&ppt=sp&ppn=sp&ssid=x5p3473w800000001753087983579&qH=a81ad6e72f7a2fd1,,https://rukminim2.flixcart.com/image/312/312/xif0q/mobile/x/b/u/-original-imahadxg2fazkzub.jpeg?q=70,Mobiles,0.3622,google,-48830.0,Amazon,48830.0,4177.07
2084,900,"Samsung Galaxy M35 5G (Moonlight Blue,8GB RAM,256GB Storage)| Corning Gorilla Glass Victus+| AnTuTu Score 595K+| Vapour Cooling Chamber| 6000mAh Battery| 120Hz Super AMOLED Display| AI|Without Charger","Samsung Galaxy M35 5G (Moonlight Blue, 128 GB)",18999.0,16999.0,4.2,4.3,https://www.amazon.in/Samsung-Moonlight-Storage-Corning-Gorilla/dp/B0D7Z8GTQN/ref=sr_1_2121?dib=eyJ2IjoiMSJ9.RYH0SqHx22774jFHjNnYf4VZWYkNcgqp-b7J-47hk-bYRJkPKHnSOr8DuDas-xytw6ZAcB918jTb_QPAL5a3HU8wH12ef8t0hFDWBWad4n2fLct9nSsIFhXafkvaqsTQTT-FNVXsn3GieQ8r3yRGvvTtf1cU1d0rJXTImRcGUFP8nfOvsEXPoFHMdA-ovApjTbu4mJUxjcIJHXB2Mj2xsA_DHTv2bGc22wU5-mi0vC_zkE5zrjbHNM4YdW-ynnBQBS0c3x_TLKFH74jXvZcwMS22nL-A2qENCKFqByi1y80.Yjl3Yehshhn4mlQ7RGlVrZ4BuwKwPqJIo-DXv7f5yjA&dib_tag=se&qid=1759737325&s=electronics&sr=1-2121&xpid=UZHjCDxPt3DrQ,https://www.flipkart.com/samsung-galaxy-m35-5g-moonlight-blue-128-gb/p/itme75c2fc428d00?pid=MOBH2Z9SGA8DMUG9&lid=LSTMOBH2Z9SGA8DMUG9FOQSVI&marketplace=FLIPKART&q=mobile+phones&store=tyy%2F4io&srno=s_9_212&otracker=search&otracker1=search&fm=Search&iid=542988a7-d9c6-4e1e-b1cc-fb1e0bc2dafa.MOBH2Z9SGA8DMUG9.SEARCH&ppt=sp&ppn=sp&ssid=afkuhooum80000001753087870382&qH=a81ad6e72f7a2fd1,,https://rukminim2.flixcart.com/image/312/312/xif0q/mobile/n/u/5/galaxy-m35-5g-sm-m356b-samsung-original-imah5qgyszh7ygft.jpeg?q=70,Mobiles,0.3621,samsung,2000.0,Flipkart,2000.0,11.77
3793,979,"POCO M7 Pro 5G, Olive Twilight (6GB, 128GB)","POCO M7 Pro 5G (Lavender Frost, 128 GB)",12489.0,12999.0,4.1,4.3,https://www.amazon.in/POCO-Pro-Olive-Twilight-128GB/dp/B0DR5HMT9M/ref=sr_1_4032?dib=eyJ2IjoiMSJ9.B1FUC2KysgJLPbL2l3Kjb-ESiVLeCUyWbW-ALJLGyVhJdLeoUxYFAaJUDh5CYEg0rIRzZRahgyB9b9thYbIx2AQWIjDb7ql-7qUgYFN6vuDiNT6lEDvNxPBfnnjuXKqldY5bQeAuoE-0Bgv_KkWNe_3iPyfdVjt1Stfvef4JYnTG75k528Th48_f12BO_BxfUS7egjSBogD03d1m-uBi_Te9k9mgNJfyHmQE3UGMzdl11lS4g1ZehiLhihzzdxYIicAPF4-Tw_NHZFqfBAif4DJ03G9FOutaUfwWlG576h4.kdenSUzuJ4UMvzwoHnz9tU27q_2YU1qtvVBEG0-avUc&dib_tag=se&qid=1759739322&s=electronics&sr=1-4032&xpid=UZHjCDxPt3DrQ,https://www.flipkart.com/poco-m7-pro-5g-lavender-frost-128-gb/p/itmf76d7942d780f?pid=MOBH7443JBKHRPGW&lid=LSTMOBH7443JBKHRPGWOC2RGL&marketplace=FLIPKART&q=mobile+phones&store=tyy%2F4io&srno=s_14_323&otracker=search&otracker1=search&fm=Search&iid=b1620752-ed87-4c97-a7d8-87c89786b83f.MOBH7443JBKHRPGW.SEARCH&ppt=sp&ppn=sp&ssid=8ghyoks0rk0000001753087922506&qH=a81ad6e72f7a2fd1,,https://rukminim2.flixcart.com/image/312/312/xif0q/mobile/h/g/z/-original-imah7jsp8bh3s4rv.jpeg?q=70,Mobiles,0.362,poco,-510.0,Amazon,510.0,4.08
2318,157,"realme Buds T01 Truly Wireless in Ear Earbuds with AI ENC for Calls, 13mm Dynamic Driver, Upto 28Hrs Battery,88mm Latency,Bluetooth V5.4 & Google Fast Pair (Black)","realme Buds T01 with 13mm Driver, AI ENC for Calls, BT ...",1099.0,1099.0,3.8,3.9,https://www.amazon.in/realme-Wireless-Earbuds-Dynamic-Bluetooth/dp/B0DC6VGNBQ/ref=sr_1_2363?dib=eyJ2IjoiMSJ9.VuCXKD5iu3rXXx8NpS_f-LxhYg4Z0PzhxdNz45UC4uFK73RpA-8qqYIznjY5UOrgGHOj1qKxQv9du4HGrkkGcx9A-kWlFdMj7FCIZRl0H5NyEI0q1q4nMMtr2cjRG_0w-yV7Dgm5hmqLZyOWWuWknmeapvJxvhsQCOAsZ9SQ4cW1biKrkZGDwbfT7ECovhT9BNGmmeOcg4-Dl0h9kkkFZpbGAfZ55EdVB8R5I5UWGb_GlYUMamFBQP8lNjcayEbjnfjy2vdZHdjthO4yB3nn5dSSx-SzDXEOa7tURCRLcU8.mhSeLbeIrGV6y6i6tBeVZZ6zDTCUdTpX2oNzQrRW63M&dib_tag=se&qid=1759737577&s=electronics&sr=1-2363&xpid=UZHjCDxPt3DrQ,https://www.flipkart.com/realme-buds-t01-13mm-driver-ai-enc-calls-bt-5-4-upto-28-hours-playback-bluetooth/p/itmd287bc542fc0c?pid=ACCH3QWA2NQ7ZGFB&lid=LSTACCH3QWA2NQ7ZGFBAV1FOB&marketplace=FLIPKART&q=earphones&store=0pm%2Ffcn%2F821&srno=s_8_306&otracker=search&otracker1=search&fm=Search&iid=ced89841-c3a4-4780-9f32-ad7302a73735.ACCH3QWA2NQ7ZGFB.SEARCH&ppt=sp&ppn=sp&ssid=jv4cx9gygg0000001753106159159&qH=54597ea1f2fc7f2e,,https://rukminim2.flixcart.com/image/612/612/xif0q/headphone/s/n/u/-original-imah3yrgpyqeazhw.jpeg?q=70,Earphones,0.3616,realme,0.0,Same Price,0.0,0.0
6252,121,"Number Super Buds Pro GT99 Truly Wireless in Ear Earbuds with 50 Hours Playtime, 35ms Ultra Low Latency, Dual Pairing Ear Buds, Quad Mic ENC, BT 5.4, IPX5, Fast Charging, Made in India (Glass Black)","Number Super Buds Pro GT99 Dual Pair, 4 Mic ENC Gaming ...",799.0,799.0,3.4,4.0,https://www.amazon.in/Number-Super-Buds-Pro-GT99/dp/B0DRDBQVPM/ref=sr_1_6713?dib=eyJ2IjoiMSJ9.47CBJxJuisX5z3eN088yo2HF1A-KHsy8owY6Be2KLyiqQ_V4IGmbWfUeptoUTWsAEu33DFdKaalKAQ2tBTwXCvM_pKnBlIqrng2KEh-xM26i0yYLW-zWhMbMiJ4P3dRj2LI9VEwhJ38PMEYd_EOS16SSDtYkYgUPPeU3EW52mMAUHTFsniWOhQ6smeREWsUGTJ6uKoiMjxQdioNzqxP9Wn5yjnqcwLU41zISAK-1kJ0GEsx4Covs42NwlIdyz4CGAzxWIfnUnLoi05TbXpvSuMWe6L1fxKWEG1wurfP5eWs.cFkn7-lqx5TAg2_lbzlNzfQWremN-jIsrvrxuzHJ6aU&dib_tag=se&qid=1759742540&s=electronics&sr=1-6713&xpid=UZHjCDxPt3DrQ,https://www.flipkart.com/number-super-buds-pro-gt99-dual-pair-4-mic-enc-gaming-rgb-tws-35ms-latency-50h-battery-bluetooth/p/itm57db82fcc01a1?pid=ACCGRZUA54VGMST8&lid=LSTACCGRZUA54VGMST85GDESA&marketplace=FLIPKART&q=earphones&store=0pm%2Ffcn%2F821&srno=s_5_193&otracker=search&otracker1=search&fm=Search&iid=4c1a6ec1-d5c8-46fa-8a4d-adad5b8aeae2.ACCGRZUA54VGMST8.SEARCH&ppt=sp&ppn=sp&ssid=8s85a15s5c0000001753106078787&qH=54597ea1f2fc7f2e,,https://rukminim2.flixcart.com/image/612/612/xif0q/headphone/r/p/t/-original-imagspdrzrf4razp.jpeg?q=70,Earphones,0.3615,,0.0,Same Price,0.0,0.0
5511,207,"Boult Audio Curve Max Bluetooth Earphones with 100H Playtime, Clear Calling ENC Mic, Dual Device Connectivity, Lowest Latency Gaming, 13mm Bass Driver, Made in India Neckband Wireless Earphone (Black)","Boult Curve Max with 100H Playtime, ENC Mic, Dual Devic...",899.0,999.0,3.7,4.0,https://www.amazon.in/Boult-Audio-Curve-Bluetooth-Connectivity/dp/B0CHYFFL7Q/ref=sr_1_5924?dib=eyJ2IjoiMSJ9.5Bz7PJnwv2bL0sUTv74j3PuKA6dsQh_DL-u-XewNoxcXOdNpjR53GQ1IfR6GkEWdE8NoBC05QvbHEHY-GqnTKyjJPhP79VlBPlhfL1CeHaq9cIEE-2PrfVTcjYWbkTGSgvPbbR9jmIO4TVMKSZKS4isxsIwkHqhF1KNz4mVYKsbEfn9ug1N-QST_aW2mx1SlLhtWyVvVmyWt-OvUhsnwVOWenNcvd5m4S8FAQImlcBSpkcG9bcJGw81YOsDXhUryjJVfyE---BTSfXmDcAl5wBngYOMyqXeqqsHiFuA3e5A.A7FmlarkNveC1Wo-zDC0m3iaFSv7HQhf4o6TnatB0Bw&dib_tag=se&qid=1759741557&s=electronics&sr=1-5924&xpid=UZHjCDxPt3DrQ,https://www.flipkart.com/boult-curve-max-100h-playtime-enc-mic-dual-device-pairing-fast-charging-5-3v-bluetooth/p/itm26e7635e738f7?pid=ACCGTDNHGXV4TESV&lid=LSTACCGTDNHGXV4TESVGB0KQK&marketplace=FLIPKART&q=earphones&store=0pm%2Ffcn%2F821&srno=s_16_629&otracker=search&otracker1=search&fm=Search&iid=c6cf3469-b7fd-40b7-bef8-56a1eda2b155.ACCGTDNHGXV4TESV.SEARCH&ppt=sp&ppn=sp&ssid=tnc9yptzrk0000001753106355445&qH=54597ea1f2fc7f2e,,https://rukminim2.flixcart.com/image/612/612/xif0q/headphone/z/3/q/-original-imahd2rhgn7wxgkk.jpeg?q=70,Earphones,0.3612,,-100.0,Amazon,100.0,11.12
4955,1185,"Redmi Note 14 5G (Mystique White, 6GB RAM 128GB Storage) | Global Debut MTK Dimensity 7025 Ultra | 2100 nits Segment Brightest 120Hz AMOLED | 50MP Sony LYT 600 OIS+EIS Triple Camera","REDMI Note 14 5G (Mystique White, 128 GB)",16498.0,16480.0,3.9,4.3,https://www.amazon.in/Redmi-Note-14-5G-Dimensity/dp/B0DPFSH2X3/ref=sr_1_5307?dib=eyJ2IjoiMSJ9.D8M_6dFYOKt1OIR8KqiQq8Ai7NQ5HxqIG8KsgkX7qgIgw7F2FOW7t6H5Hx7_26ISYcy29ARjLhlPf3oB3YxcXuHPLyFB4VvnZAPwt2XZSKPB0DO6RO6LXRlKkGAyFVidUjJFY7NWOwMhwzE0_7V1W7SDeMkEhdvf8Jg_3K9rgbA627MJuy8yefTSahWPvl0Wwzsdf8zajd0mDuqJK9ZFWuRcDOM4aVPdcNAf-TDHQNG7J0_GELnROeDsotwY7sbeDUuI2LrXvjzYbZJAxR3gQJx0ZZSYCv--7TeQpHIV064._cFtpj3bhpHXs8JQYImUIpqHPdIp9xnB-h9XhMSTCZE&dib_tag=se&qid=1759740805&s=electronics&sr=1-5307&xpid=UZHjCDxPt3DrQ,https://www.flipkart.com/redmi-note-14-5g-mystique-white-128-gb/p/itm11a447d125328?pid=MOBH78KTCNCEZZ8F&lid=LSTMOBH78KTCNCEZZ8FQTDCJ7&marketplace=FLIPKART&q=mobile+phones&store=tyy%2F4io&srno=s_24_557&otracker=search&otracker1=search&fm=Search&iid=7c282218-56cb-4791-b6a9-28749e105f16.MOBH78KTCNCEZZ8F.SEARCH&ppt=sp&ppn=sp&ssid=vjk90mjakw0000001753088033951&qH=a81ad6e72f7a2fd1,,https://rukminim2.flixcart.com/image/312/312/xif0q/mobile/3/d/b/-original-imah7gbg7ghbgxbn.jpeg?q=70,Mobiles,0.3611,redmi,18.0,Flipkart,18.0,0.11
7571,744,"Amazon Brand - Solimo Back Cover Case for Motorola Edge 50 Fusion 5G | 360 Degree Protection | Transparent Back Cover for Moto Edge 50 Fusion 5G (PC & TPU, Transparent Bumper)","Motorola Edge 50 Fusion (Forest Blue, 128 GB)",69.0,18999.0,3.8,4.4,https://www.amazon.in/Amazon-Brand-Motorola-Protection-Transparent/dp/B0DK3QZSK5/ref=sr_1_8172?dib=eyJ2IjoiMSJ9.5Y1mv1MP6M7iMKFb28tku6MyMapsSQe_cfc7MO9zq3-mvjHYgFQXWRhYN-8CdFy6_QcX9gbAx4fi9MIIviqDGDPd5Q0YaU2TUbXQOZenWW4j6xPYN0BQDYh0DTOvnqqidopTj1sNV_b87GhegAxu7om-lfYpv99bm-oR2i5uln0aRS_KowBsoX1u5WTfUmzmm5le8dopIOYBTxsgwnX-GZLzB1YmshYsHDzwzfDWqXe7sRGPFPW7bCjAQyQ2CabG8VaTNqvSw5YPjSMdIpVP8WlvIWb28ByErqzqripFSsg.1MCsYjEs-TIIGVTJowpSQxhXBmwl1ecIPX-yntcJs5Q&dib_tag=se&qid=1759744373&s=electronics&sr=1-8172&xpid=UZHjCDxPt3DrQ,https://www.flipkart.com/motorola-edge-50-fusion-forest-blue-128-gb/p/itm32aa01db0debf?pid=MOBGXTYZMJK85GFG&lid=LSTMOBGXTYZMJK85GFGHTK438&marketplace=FLIPKART&q=mobile+phones&store=tyy%2F4io&srno=s_2_37&otracker=search&otracker1=search&fm=Search&iid=8d7c571b-51b2-486f-84fa-7a4b81c5b634.MOBGXTYZMJK85GFG.SEARCH&ppt=sp&ppn=sp&ssid=bcitpmhteo0000001753087794733&qH=a81ad6e72f7a2fd1,,https://rukminim2.flixcart.com/image/312/312/xif0q/mobile/g/w/r/edge-50-fusion-pb300000in-motorola-original-imahywzztyktktpp.jpeg?q=70,Mobiles,0.3604,motorola,-18930.0,Amazon,18930.0,27434.78
233,1389,"iQOO Neo 10 (Inferno Red, 8GB RAM, 256GB Storage) | Snapdragon 8s Gen 4 Processor & SuperComputing Chip Q1 | 7000 mAh Battery | Segment’s Highest 144 FPS Gaming Smartphone","IQOO Neo 10 (Inferno Red, 256 GB)",31998.0,37851.0,4.3,4.5,https://www.amazon.in/iQOO-Snapdragon-Processor-SuperComputing-Smartphone/dp/B0F83HTPM2/ref=sr_1_235?dib=eyJ2IjoiMSJ9.VVG5euYAstHnOYPmfNiXQaGtGhJlBlIwvLSgKIKWOyxgBfkFkt6f8C8UT_L9fjxbU0t4U74FrhN9QxHWeWfhgt-foiEKEYhOzlq7KIA0lV0NoFMY5CtnK11OyWdifj9xrqvXTAx7-2-Hy_NJHv9Y3zDSxPlYSla98fAf_JwPSRPRHo9Lgjz8C4rWh0NaYq6ypsJ5DKZOIP1n9jFM69TKoMo-PpZAph13XdlgPv1jXnA09hX8hOMVeaGWgUyQWGebFEIXJLPEPe6JWWSg6Q48R0-krWgS8A7TFJRZxqtiE60.5BsUwR0YS1sEYPxrb8-62jA6juZ53NU8fNxKaMMR64Y&dib_tag=se&qid=1759735575&s=electronics&sr=1-235&xpid=UZHjCDxPt3DrQ,https://www.flipkart.com/iqoo-neo-10-inferno-red-256-gb/p/itm71d7f640ed666?pid=MOBHCQGNWXUZAWG4&lid=LSTMOBHCQGNWXUZAWG4TNQNJA&marketplace=FLIPKART&q=mobile+phones&store=tyy%2F4io&srno=s_33_770&otracker=search&otracker1=search&fm=Search&iid=a8fe4729-26d3-41fb-a2a6-cb008cf739bb.MOBHCQGNWXUZAWG4.SEARCH&ppt=sp&ppn=sp&ssid=5jm7aluank0000001753088176122&qH=a81ad6e72f7a2fd1,,https://rukminim2.flixcart.com/image/312/312/xif0q/mobile/v/u/r/-original-imahdjguzr36zcbq.jpeg?q=70,Mobiles,0.3602,,-5853.0,Amazon,5853.0,18.29
3867,157,"realme Buds T01 True Wireless in-Ear Earbuds with AI ENC for Calls, 13mm Dynamic Driver, Upto 28Hrs Battery, 88mm Latency, Bluetooth V5.4 & Google Fast Pair (White)","realme Buds T01 with 13mm Driver, AI ENC for Calls, BT ...",1099.0,1099.0,3.8,3.9,https://www.amazon.in/realme-Wireless-Earbuds-Dynamic-Bluetooth/dp/B0DC6TFNKD/ref=sr_1_4111?dib=eyJ2IjoiMSJ9.3ZZcWC-FB6e6mkNlJB4270_5uWJMh8Q999IlrxbaFLQRtMalm6dVvUULe_7kpVosKyHBogeUqm-c5Gfp2vAt7CpPE0EAImdLT0oMd3DM2aysvS_idimSpneVu-PkkTSocZ47c5GhBE17vcc2CB_3la_hdN5jFppOX5egHOTGqFZOgSeLn3GtzX7HILdKWXqxNHjGhxIabP6lgiyeDy8KIJJYIl2j_C8540a8rOPPob7tv1yFKZjD9l-BkfGBiiXIGKNTgDxnf9IL2MAJsYvjWkDuvTKqyD0A7m3-4NQej34.u1OlB9le-c3bxD181TuPM2nUXthMPpMGDZ1cmqahCtU&dib_tag=se&qid=1759739423&s=electronics&sr=1-4111&xpid=UZHjCDxPt3DrQ,https://www.flipkart.com/realme-buds-t01-13mm-driver-ai-enc-calls-bt-5-4-upto-28-hours-playback-bluetooth/p/itmd287bc542fc0c?pid=ACCH3QWA2NQ7ZGFB&lid=LSTACCH3QWA2NQ7ZGFBAV1FOB&marketplace=FLIPKART&q=earphones&store=0pm%2Ffcn%2F821&srno=s_8_306&otracker=search&otracker1=search&fm=Search&iid=ced89841-c3a4-4780-9f32-ad7302a73735.ACCH3QWA2NQ7ZGFB.SEARCH&ppt=sp&ppn=sp&ssid=jv4cx9gygg0000001753106159159&qH=54597ea1f2fc7f2e,,https://rukminim2.flixcart.com/image/612/612/xif0q/headphone/s/n/u/-original-imah3yrgpyqeazhw.jpeg?q=70,Earphones,0.3594,realme,0.0,Same Price,0.0,0.0
6572,1485,"Redmi Note 14 5G (Phantom Purple, 6GB RAM 128GB Storage) | Global Debut MTK Dimensity 7025 Ultra | 2100 nits Segment Brightest 120Hz AMOLED | 50MP Sony LYT 600 OIS+EIS Triple Camera","REDMI Note 14 5G (Phantom Purple, 128 GB)",16498.0,16578.0,3.9,4.3,https://www.amazon.in/Redmi-Phantom-Storage-Dimensity-Brightest/dp/B0DPFSCQJP/ref=sr_1_7047?dib=eyJ2IjoiMSJ9.APi_GujbV8IfKD689vpppzoeW4Nf9IM1RQW5TeMtB99buNNVsJUtD2FWnnAd27IBFgfYHWy-lxODg3TmxjWeFqt3vvrZyoACKRxfx7z0LiJIZO4EMkDefGGh_UlQCXtmUmr324qVV4cH_6lOdFCr8w-0oKCRu05HSW5Xbi5zMq9r-4W6E0w74PT4mMUzTbc-uWjZvkVHIuYYVlaHBXnaYdEc-8j6LwVgSwUy6KVFjRua0DwEoi33wGF2UmTj6_tWDKPVxqiCuZjR7c1ge9Rog9c1C5G3GCaKQaVKV9V1KP8.BeHEfAhZsnkE9WAqR_rIaIIaWSLiKQ5uyV2Fwu1S4ds&dib_tag=se&qid=1759742974&s=electronics&sr=1-7047&xpid=UZHjCDxPt3DrQ,https://www.flipkart.com/redmi-note-14-5g-phantom-purple-128-gb/p/itm11a447d125328?pid=MOBH78KTCGW6YZKF&lid=LSTMOBH78KTCGW6YZKFCFRJB2&marketplace=FLIPKART&q=mobile+phones&store=tyy%2F4io&srno=s_37_873&otracker=search&otracker1=search&fm=Search&iid=97e7c1d8-6d4f-44ac-bb66-a510842b7e28.MOBH78KTCGW6YZKF.SEARCH&ppt=sp&ppn=sp&ssid=xuauh4za0g0000001753088274734&qH=a81ad6e72f7a2fd1,,https://rukminim2.flixcart.com/image/312/312/xif0q/mobile/o/j/j/-original-imah7gbgybkx2hz3.jpeg?q=70,Mobiles,0.3578,redmi,-80.0,Amazon,80.0,0.48
117,1431,"Samsung Galaxy M06 5G (Blazing Black, 4GB RAM, 128 GB Storage) | MediaTek Dimensity 6300 | AnTuTu Score 422K+ | 12 5G Bands | 25W Fast Charging | 4 Gen of OS Upgrades | Without Charger","Samsung M06 5G (Blazing Black, 128 GB)",7999.0,10990.0,3.9,4.0,https://www.amazon.in/Samsung-MediaTek-Dimensity-Charging-Upgrades/dp/B0DX6S111L/ref=sr_1_119?dib=eyJ2IjoiMSJ9.xSzBKgMx5lB07LWDTCl8wp80rtodk35Vlv3Z83-F82R7Hi7cRQ1DlT0gCuVjkFItVMVt6HpwwUDMtOyFVz1DqaoCEAhlyXtln5BbKc_jVBxcAKlzXBxJYh-Shu0GLvxbqn-6LosH5-ACoL1NGVXhVChK3CiEYWZu_9jxW2IVZMxvVs7jMSzEqwqIbRlHEKuXhR8-HDGDDeOL8nE8xbp0Z2fGJGVxYaABc61hA1HcsnbGY3rTxOWsqxG6PlvBWKkBwRNe5G9Fatt2tUoAPwE4nRChPDUbsnmY48xqbxVJ95I.FmAMmGD94WxCOApGaJSkBCaSum9IXG9f_BPGb4hguE0&dib_tag=se&qid=1759735489&s=electronics&sr=1-119&xpid=UZHjCDxPt3DrQ,https://www.flipkart.com/samsung-m06-5g-blazing-black-128-gb/p/itmcafa42dadc15c?pid=MOBH9UYF4GZXGWW6&lid=LSTMOBH9UYF4GZXGWW6U81MFR&marketplace=FLIPKART&q=mobile+phones&store=tyy%2F4io&srno=s_34_814&otracker=search&otracker1=search&fm=Search&iid=ba77a6f1-752e-40bd-8968-b5c655b8a3c1.MOBH9UYF4GZXGWW6.SEARCH&ppt=sp&ppn=sp&ssid=ug23y7igqo0000001753088209917&qH=a81ad6e72f7a2fd1,,https://rukminim2.flixcart.com/image/312/312/xif0q/mobile/h/y/x/-original-imaha58mehzvmk9w.jpeg?q=70,Mobiles,0.3568,samsung,-2991.0,Amazon,2991.0,37.39
66,1389,"iQOO Neo 10 (Inferno Red, 12GB RAM, 256GB Storage) | Snapdragon 8s Gen 4 Processor & SuperComputing Chip Q1 | 7000 mAh Battery | Segment’s Highest 144 FPS Gaming Smartphone","IQOO Neo 10 (Inferno Red, 256 GB)",33998.0,37851.0,4.3,4.5,https://www.amazon.in/iQOO-Snapdragon-Processor-SuperComputing-Smartphone/dp/B0F83KMJLL/ref=sr_1_67?dib=eyJ2IjoiMSJ9.1MFZWEwRgAgMZLnApgJouw0FAAL-Lssa65gWQHos3288PJfyNGvWsXRJ_4BiWr2njJYc7-RypsKzxllCqhrGvdMcJm4kRGD2eXrVsRThqfIVRbXo-6lAXP7tIkpN7u9Axd4XR7CwntbrTXiqkxwl4HtbV3SGrogz_qA_ySXB5mz4JMRK5122LMtAu_6wq1eT6ak95xZA0aPBKGZ0TJLP0XxMiSxAtdCHjkKi7vWZDOA8pdV4RTXyRn8Gl7Y69t61wdzWKoO3ljjH6O8xok2B4etwjnBGaPeo1gcgt6OIGho.XZliSz-kM9oAZF6zPTjRJiZxK6xqhJYoXcmH3YN5sv4&dib_tag=se&qid=1759735448&s=electronics&sr=1-67&xpid=UZHjCDxPt3DrQ,https://www.flipkart.com/iqoo-neo-10-inferno-red-256-gb/p/itm71d7f640ed666?pid=MOBHCQGNWXUZAWG4&lid=LSTMOBHCQGNWXUZAWG4TNQNJA&marketplace=FLIPKART&q=mobile+phones&store=tyy%2F4io&srno=s_33_770&otracker=search&otracker1=search&fm=Search&iid=a8fe4729-26d3-41fb-a2a6-cb008cf739bb.MOBHCQGNWXUZAWG4.SEARCH&ppt=sp&ppn=sp&ssid=5jm7aluank0000001753088176122&qH=a81ad6e72f7a2fd1,,https://rukminim2.flixcart.com/image/312/312/xif0q/mobile/v/u/r/-original-imahdjguzr36zcbq.jpeg?q=70,Mobiles,0.3568,,-3853.0,Amazon,3853.0,11.33
8533,849,"TheGiftKart Crystal Clear Back Cover Case for Nothing Phone 3a 5G | 360 Degree Protection | Protective Design | Transparent Back Case for Nothing Phone 3a 5G (PC & TPU, Black Bumper)","Nothing Phone (3a) (Black, 128 GB)",199.0,24999.0,4.1,4.5,https://www.amazon.in/TheGiftKart-Nothing-Phone-5G-Transparent/dp/B0DYK5C9L5/ref=sr_1_9209?dib=eyJ2IjoiMSJ9.VZf874Kv0ynEzjEnrRiJk8SMIA1J3PhNuYKNSRL3X4_G5qbaYHgVdwfg8s_pJehvWFiJrxL1borbS-9UCD-c_P3fT1DEoJHX5sFsTzFZ-oTPa0udUgkNnnmm7WWlSXn6mb5w9GOjyRxOC2NT07r8zDPlRJ2z7ezHIiTaRA7saJcv7PFTKH37-3604l9PGpDxBkV1wgYsOQBcn8pX0b4hkb0ErFf451NOPaE30cEQOLC1cUPw7V6LvMaD4qqb0W4v91LguWzLCgp0Y72inAGX6_bXO2iehMmslDBmrHBTVZo.oL4t8XP1jAcRLtPGeRKW1jfYYb_g46OZajA6NwsBB4o&dib_tag=se&qid=1759745643&s=electronics&sr=1-9209&xpid=UZHjCDxPt3DrQ,https://www.flipkart.com/nothing-phone-3a-black-128-gb/p/itm49557c5a65f9c?pid=MOBH8G3P6UXPEFSZ&lid=LSTMOBH8G3P6UXPEFSZTYXBHZ&marketplace=FLIPKART&q=mobile+phones&store=tyy%2F4io&srno=s_7_146&otracker=search&otracker1=search&fm=Search&iid=39c7c77d-e7f5-4d55-8ac8-971bf7f3649c.MOBH8G3P6UXPEFSZ.SEARCH&ppt=sp&ppn=sp&ssid=oybmyd8sao0000001753087849426&qH=a81ad6e72f7a2fd1,,https://rukminim2.flixcart.com/image/312/312/xif0q/mobile/1/o/x/-original-imahcfcf2hdeqea5.jpeg?q=70,Mobiles,0.3563,nothing,-24800.0,Amazon,24800.0,12462.31
1252,1273,"Samsung Galaxy A35 5G (Awesome Lilac, 8GB RAM, 128GB Storage) | Premium Glass Back | 50 MP Main Camera (OIS) | Nightography | IP67 | Corning Gorilla Glass Victus+ | sAMOLED with Vision Booster","Samsung Galaxy A35 5G (Awesome Lilac, 256 GB)",18880.0,23999.0,4.1,4.3,https://www.amazon.in/Samsung-Awesome-Storage-Premium-Nightography/dp/B0CWPD4QWK/ref=sr_1_1267?dib=eyJ2IjoiMSJ9.3D66oSoGhtWaoJ4utFxdk08YoHhmGblZzI6zTXUjSZCqbCsd7wuyo_6LKfVGJH0fQluvu_mlEpgxOF7YWe_BbcUmKksyVHiAvTpvHRvNH8fOpDg_TasgmlxZHsEGlU89meWEk7dhqHUOVDTj1E4rZdu520TETN8mkY3RNfcjPZ4Fa43vn02aei_tNcA8pyg-f6yscqYDatYBhw4YPt4jTZFyNdnOn4zPhCjseu9GzR8nNZnf5rBAq2-wxQvtGXjXC2k7IXQCIVXOUYjmZ39Oi5ctUXhdrnsMsb1yTFmLh4A.IxBMHgFDuRWRnJ1PqbVMd5IYV7zcpy3xYckXtUoXS_Q&dib_tag=se&qid=1759736421&s=electronics&sr=1-1267&xpid=UZHjCDxPt3DrQ,https://www.flipkart.com/samsung-galaxy-a35-5g-awesome-lilac-256-gb/p/itm8f49f29e842cc?pid=MOBGYT2HRXWTHACK&lid=LSTMOBGYT2HRXWTHACKZRSSC2&marketplace=FLIPKART&q=mobile+phones&store=tyy%2F4io&srno=s_27_647&otracker=search&otracker1=search&fm=Search&iid=891e87c0-72a0-4f01-b075-0f5a2f9fde97.MOBGYT2HRXWTHACK.SEARCH&ppt=sp&ppn=sp&ssid=ojaye37c7k0000001753088066331&qH=a81ad6e72f7a2fd1,,https://rukminim2.flixcart.com/image/312/312/xif0q/mobile/p/t/z/-original-imahbzkz6gyfadqj.jpeg?q=70,Mobiles,0.3561,samsung,-5119.0,Amazon,5119.0,27.11
5540,1273,"Samsung Galaxy A35 5G (Awesome Lilac, 8GB RAM, 256GB Storage) | Premium Glass Back | 50 MP Main Camera (OIS) | Nightography | IP67 | Corning Gorilla Glass Victus+ | sAMOLED with Vision Booster","Samsung Galaxy A35 5G (Awesome Lilac, 256 GB)",21375.0,23999.0,4.0,4.3,https://www.amazon.in/Samsung-Awesome-Storage-Premium-Nightography/dp/B0CWPCJFF2/ref=sr_1_5965?dib=eyJ2IjoiMSJ9.ZluxRsNSS4I7S-TscZfoNutBTprHMYZX3xkT9J6syo-mEcZFn3ZTqBt6OMBNaKZEgGEFjQ7-khkV6qgT8q6YZd2rMeTqt52ewbKow20I-l6H-wjahb3gR24DOsqJFWz8OzOuRmxTMzgvLBD-25VnEpbzRFisRPb5YhYzHNymXz1zajyZIMPm8so-mIGZqsfhzoLHgZwJ3xnojhQnle0glYrFnJ74RrfnaYeUx8vDUFkkBTshvf2VLp6gMcGSjgj5UKB729A_WualCk4cZBRqJ9wP5HnXuXLE4JpEUtcih4g.6UcKZjFBEVfFwfPLE8o7f4YPKxgiOc8OnF0MdRnC8P4&dib_tag=se&qid=1759741619&s=electronics&sr=1-5965&xpid=UZHjCDxPt3DrQ,https://www.flipkart.com/samsung-galaxy-a35-5g-awesome-lilac-256-gb/p/itm8f49f29e842cc?pid=MOBGYT2HRXWTHACK&lid=LSTMOBGYT2HRXWTHACKZRSSC2&marketplace=FLIPKART&q=mobile+phones&store=tyy%2F4io&srno=s_27_647&otracker=search&otracker1=search&fm=Search&iid=891e87c0-72a0-4f01-b075-0f5a2f9fde97.MOBGYT2HRXWTHACK.SEARCH&ppt=sp&ppn=sp&ssid=ojaye37c7k0000001753088066331&qH=a81ad6e72f7a2fd1,,https://rukminim2.flixcart.com/image/312/312/xif0q/mobile/p/t/z/-original-imahbzkz6gyfadqj.jpeg?q=70,Mobiles,0.3561,samsung,-2624.0,Amazon,2624.0,12.28
510,1431,"Samsung Galaxy M06 5G (Blazing Black, 6GB RAM, 128 GB Storage) | MediaTek Dimensity 6300 | AnTuTu Score 422K+ | 12 5G Bands | 25W Fast Charging | 4 Gen of OS Upgrades | Without Charger","Samsung M06 5G (Blazing Black, 128 GB)",8999.0,10990.0,3.9,4.0,https://www.amazon.in/Samsung-MediaTek-Dimensity-Charging-Upgrades/dp/B0DX5R87P8/ref=sr_1_512?dib=eyJ2IjoiMSJ9.-d52f5rZyh4TMIteyQhqcCVD3MxCHH235p1SPQtA0GLM4tYOswXeANcdDVCp1vzQo5DUyCzlFmF7NEYRASdDKOUvv47pZTcpaDuqyXbHBtlKVXkToazQiJ7tPrQ2bTIKhXjaHxsyabF_q5apudnAHWB8SemGxv6wVlhi28WaZGaAayXAEbh_5umOARbJb5XMDJ6lIPW6KRczSP6ww49p97n3nYnJbdD4woxKvu7-ioUP43LBKbQTUPa9PaFclNkAZ4tm0uqmbQth0YoES_EBVjYp0FfMCunFApqrx5zSEf4.m7Al2EumA5TjrchUpd-pN4tzgqbnT0cpRyFk5bR5weE&dib_tag=se&qid=1759735806&s=electronics&sr=1-512&xpid=UZHjCDxPt3DrQ,https://www.flipkart.com/samsung-m06-5g-blazing-black-128-gb/p/itmcafa42dadc15c?pid=MOBH9UYF4GZXGWW6&lid=LSTMOBH9UYF4GZXGWW6U81MFR&marketplace=FLIPKART&q=mobile+phones&store=tyy%2F4io&srno=s_34_814&otracker=search&otracker1=search&fm=Search&iid=ba77a6f1-752e-40bd-8968-b5c655b8a3c1.MOBH9UYF4GZXGWW6.SEARCH&ppt=sp&ppn=sp&ssid=ug23y7igqo0000001753088209917&qH=a81ad6e72f7a2fd1,,https://rukminim2.flixcart.com/image/312/312/xif0q/mobile/h/y/x/-original-imaha58mehzvmk9w.jpeg?q=70,Mobiles,0.356,samsung,-1991.0,Amazon,1991.0,22.12
8233,826,"Samsung Galaxy A35 5G (Awesome Iceblue, 8GB RAM, 128GB Storage) | Premium Glass Back | 50 MP Main Camera (OIS) | Nightography | IP67 | Corning Gorilla Glass Victus+ | sAMOLED with Vision Booster","Samsung Galaxy A35 5G (Awesome Iceblue, 128 GB)",20150.0,21999.0,4.2,4.3,https://www.amazon.in/Samsung-Awesome-Iceblue-Storage-Nightography/dp/B0CWPDYS2C/ref=sr_1_8878?dib=eyJ2IjoiMSJ9.8tlmyrAlHFtMCksiuQT9PRMoaUZdPBNegN7xgsFSORsW1naBSL5hPqtm7PgmOnaJNEL6WqnjZ6liepjDkvS3CNFLthiSRyOdgcEpFfsNbcJZTMhC_mTgrXZrJsnz0m1UnGogB-yYSxgvtSm_-_YShsCpl1NBhZn-dktoKIT9GJERsPuDy-SbLvpBFQu3eAXoZ24J1gr-4faj0uNrRqh6avcEFkDJo3hjASYi0dNQnhY4Cj37ufdE18f3srEdDUDxEdLPDOm4NBMI9ImAoMU5_AHQqX6aR6b3eGfRWc3lE8w.skKoJO37Iekxx4WkG3zRgT7BcrNjcgXulC9SV3pLiCo&dib_tag=se&qid=1759745228&s=electronics&sr=1-8878&xpid=UZHjCDxPt3DrQ,https://www.flipkart.com/samsung-galaxy-a35-5g-awesome-iceblue-128-gb/p/itm9684d2fe9201e?pid=MOBGYT2HEYWFCG8Q&lid=LSTMOBGYT2HEYWFCG8QSW6D6Y&marketplace=FLIPKART&q=mobile+phones&store=tyy%2F4io&srno=s_6_122&otracker=search&otracker1=search&fm=Search&iid=94d27974-1611-4942-bd78-7364d4d8c8a7.MOBGYT2HEYWFCG8Q.SEARCH&ppt=sp&ppn=sp&ssid=i6vfru46jk0000001753087838766&qH=a81ad6e72f7a2fd1,,https://rukminim2.flixcart.com/image/312/312/xif0q/mobile/p/k/k/-original-imahbzkn4mpfkyg9.jpeg?q=70,Mobiles,0.3559,samsung,-1849.0,Amazon,1849.0,9.18
4515,826,"Samsung Galaxy A35 5G (Awesome Iceblue, 8GB RAM, 256GB Storage) | Premium Glass Back | 50 MP Main Camera (OIS) | Nightography | IP67 | Corning Gorilla Glass Victus+ | sAMOLED with Vision Booster","Samsung Galaxy A35 5G (Awesome Iceblue, 128 GB)",21130.0,21999.0,4.2,4.3,https://www.amazon.in/Samsung-Awesome-Iceblue-Storage-Nightography/dp/B0CWPF945W/ref=sr_1_4830?dib=eyJ2IjoiMSJ9.e-ttjGPikDITaVTIw_bKEnGpBJH0_yBcEmowmNmowSxGNwy1gpxR0jei8ZHMuXv_wrdnC-hWyQ54hmDYauzetRfsic4-tMypbZ6phMkY_oqvrLXWGyjt_aRGPF78ti8GVjhT0PBZyOvLwHmmiMQhsWhDtgFraQwJfYpFmLWboQ0iIhPPiCxdImpJH1Zo0nSk341C1VFUo9EvTjGsj0SuQXv7BsHHH322WJVbS6qW5_jf5kYh7J97Qy-KtO5NfxwfFhGYNh1pZZOAjde8rjPj8iL-BvXvlR88BaMiwmGQnAg.tIZJBvKiW3_NxUfCNvQvrYlpmjXyr3WWLDtdlaMHQUg&dib_tag=se&qid=1759740197&s=electronics&sr=1-4830&xpid=UZHjCDxPt3DrQ,https://www.flipkart.com/samsung-galaxy-a35-5g-awesome-iceblue-128-gb/p/itm9684d2fe9201e?pid=MOBGYT2HEYWFCG8Q&lid=LSTMOBGYT2HEYWFCG8QSW6D6Y&marketplace=FLIPKART&q=mobile+phones&store=tyy%2F4io&srno=s_6_122&otracker=search&otracker1=search&fm=Search&iid=94d27974-1611-4942-bd78-7364d4d8c8a7.MOBGYT2HEYWFCG8Q.SEARCH&ppt=sp&ppn=sp&ssid=i6vfru46jk0000001753087838766&qH=a81ad6e72f7a2fd1,,https://rukminim2.flixcart.com/image/312/312/xif0q/mobile/p/k/k/-original-imahbzkn4mpfkyg9.jpeg?q=70,Mobiles,0.3558,samsung,-869.0,Amazon,869.0,4.11
302,222,"boAt Airdopes 800, Dolby Audio, Adaptive EQ by Mimi, 4Mics AI ENx, App Support, Fast Charge, Low Latency, IPX5, v5.3 Bluetooth TWS in Ear Earbuds Wireless Earphones with mic (Interstellar Black)","boAt Airdopes 800 w/ Dolby Audio, 4 Mics AI-ENx Tech, T...",1499.0,1799.0,4.0,4.1,https://www.amazon.in/boAt-Airdopes-800-Detection-Interstellar/dp/B0D1V9Q6XQ/ref=sr_1_304?dib=eyJ2IjoiMSJ9.DpD4IIzbk_i8geIdfc7TPbhmviavgp0ZR-M94L576vg4egTKrzDAHe0sNlavEgEuj7wtDIcHt0-9SpPu1xBTfwpeaaiy0hg7Jd5IaBgRtcjMfus7sO1wR8DROSdQpJ2ZKTwNaFnwvmH4BchiIO1HVFMHB67j9Apr5EuRfIPweR4DP4zX4XNmQPzYTnLpBtLQRjcud3pAkxYpLd0mfXa99v1-ePAyiPU35TqSwO428JNyyFa782p-6SNJViPf0VtVoglar0cmzscRruHV4ddgkwBOJ5T8Z-uNwWJbiImaopw.H_L9vy7qBJ6a-UwMsJi7HsI_Le7JUA175in52FDuJ0c&dib_tag=se&qid=1759735634&s=electronics&sr=1-304&xpid=UZHjCDxPt3DrQ,https://www.flipkart.com/boat-airdopes-800-w-dolby-audio-4-mics-ai-enx-tech-titanium-drivers-asap-charge-bluetooth/p/itm6fc014672e654?pid=ACCHY8GFNJ5ZUCEK&lid=LSTACCHY8GFNJ5ZUCEKOPGEO1&marketplace=FLIPKART&q=earphones&store=0pm%2Ffcn%2F821&srno=s_17_663&otracker=search&otracker1=search&fm=Search&iid=a7aed92e-97c2-4912-96f8-4e7ea2605b66.ACCHY8GFNJ5ZUCEK.SEARCH&ppt=sp&ppn=sp&ssid=gwr89qeir40000001753106380793&qH=54597ea1f2fc7f2e,,https://rukminim2.flixcart.com/image/612/612/xif0q/headphone/q/8/i/-original-imahysjgm8wmg9ze.jpeg?q=70,Earphones,0.3553,boat,-300.0,Amazon,300.0,20.01
1101,222,"boAt Airdopes 800, Dolby Audio, Adaptive EQ by Mimi, 4Mics AI ENx, App Support, Fast Charge, Low Latency, IPX5, v5.3 Bluetooth TWS in Ear Earbuds Wireless Earphones with mic (Interstellar Blue)","boAt Airdopes 800 w/ Dolby Audio, 4 Mics AI-ENx Tech, T...",1499.0,1799.0,4.0,4.1,https://www.amazon.in/boAt-Airdopes-800-Detection-Interstellar/dp/B0D1V9FYMK/ref=sr_1_1111?dib=eyJ2IjoiMSJ9.V_eXRJquYs4IxJooOnU6D2E5H8MV9snDAKo4nPxc35crPh8x6XYO9Sw4TFskqjUofJRGL89Al8stSIa3eUfj7u7rH_Q2KO32gPXrS92nWfjA62bkBcxWcwyQG_kBaCf9NLQrKxKGpSBPOEnc4uNLsEr5x_bKKAUHSaZr1CjXT_Z4qyJbaxTKUW1mIEqvy74aX10jIdbrtMGZAKBnl6OVphZPuNa2CUnq_fYPTxaOGQRviPrrGHY86Uloz8t8Y22agxmrczrVvtVk4yObo7_Ckkry-p92QdotcovS5atqUrE.7CqGj3btf2geuzgl5Iz4jQK-4sdIFjBhMzdLK_fMmd4&dib_tag=se&qid=1759736289&s=electronics&sr=1-1111&xpid=UZHjCDxPt3DrQ,https://www.flipkart.com/boat-airdopes-800-w-dolby-audio-4-mics-ai-enx-tech-titanium-drivers-asap-charge-bluetooth/p/itm6fc014672e654?pid=ACCHY8GFNJ5ZUCEK&lid=LSTACCHY8GFNJ5ZUCEKOPGEO1&marketplace=FLIPKART&q=earphones&store=0pm%2Ffcn%2F821&srno=s_17_663&otracker=search&otracker1=search&fm=Search&iid=a7aed92e-97c2-4912-96f8-4e7ea2605b66.ACCHY8GFNJ5ZUCEK.SEARCH&ppt=sp&ppn=sp&ssid=gwr89qeir40000001753106380793&qH=54597ea1f2fc7f2e,,https://rukminim2.flixcart.com/image/612/612/xif0q/headphone/q/8/i/-original-imahysjgm8wmg9ze.jpeg?q=70,Earphones,0.3548,boat,-300.0,Amazon,300.0,20.01
5552,222,"boAt Airdopes 800, Dolby Audio, Adaptive EQ by Mimi, 4Mics AI ENx, App Support, Fast Charge, Low Latency, IPX5, v5.3 Bluetooth TWS in Ear Earbuds Wireless Earphones with mic (Interstellar Green)","boAt Airdopes 800 w/ Dolby Audio, 4 Mics AI-ENx Tech, T...",1499.0,1799.0,4.0,4.1,https://www.amazon.in/boAt-Airdopes-800-Detection-Interstellar/dp/B0D1V9Y875/ref=sr_1_5977?dib=eyJ2IjoiMSJ9.jXyoyCwH9dfCJzdC_0DsWcJtI3qy0VOROiaH0KqkNKM5dIMcH9FEvKS1yw2JHzm4WUjde_8h_8wYRZfyMvmhxjrPZX2S1wCf2qIzfRyYcMraev19SpqjsEyytJoKcL9M1NuN4OInDaYsWQg8Tx1BpSDet0Xe5boKknyacIEdG6YeELFiDWD2iPhdN7D_8s1ealGBQ-__JsdIz92lWVXR61YcuAu_kybAwwwPluqfabKdkVxV7Nt1kdHpThIo31PCyfQqUt-lGsl6Ruzwn0D_ZF3o2gR8vNyFGnSqRMSIfdw.nspwmAYmhRprvhMBrXYx_CnU9tR6ZpH6cQw6rw5upiY&dib_tag=se&qid=1759741651&s=electronics&sr=1-5977&xpid=UZHjCDxPt3DrQ,https://www.flipkart.com/boat-airdopes-800-w-dolby-audio-4-mics-ai-enx-tech-titanium-drivers-asap-charge-bluetooth/p/itm6fc014672e654?pid=ACCHY8GFNJ5ZUCEK&lid=LSTACCHY8GFNJ5ZUCEKOPGEO1&marketplace=FLIPKART&q=earphones&store=0pm%2Ffcn%2F821&srno=s_17_663&otracker=search&otracker1=search&fm=Search&iid=a7aed92e-97c2-4912-96f8-4e7ea2605b66.ACCHY8GFNJ5ZUCEK.SEARCH&ppt=sp&ppn=sp&ssid=gwr89qeir40000001753106380793&qH=54597ea1f2fc7f2e,,https://rukminim2.flixcart.com/image/612/612/xif0q/headphone/q/8/i/-original-imahysjgm8wmg9ze.jpeg?q=70,Earphones,0.3543,boat,-300.0,Amazon,300.0,20.01
8682,1485,Redmi Note 14 Pro 5G Phantom Purple 8GB RAM 128GB Storage|50 MP Sony Camera Setup|Corning Gorilla Glass Victus 2 | 1.5K 3D Curved AMOLED | Mediatek Dimensity 7300- Ultra,"REDMI Note 14 5G (Phantom Purple, 128 GB)",21998.0,16578.0,4.0,4.3,https://www.amazon.in/Redmi-Note-14-Pro-5G/dp/B0DQVH9QGQ/ref=sr_1_9377?dib=eyJ2IjoiMSJ9.HqvftVH4KrK7nMrqIPrtJPXJp4qOLVfHev6Xzek7_qRUM3Dh7is-ak0cgorTfh7XvinUrFMcGkhvxg3xVkyfdvZUtb75GmNE3HbjYsAzlBUTh8OjUrK2h9iBfUoQzMIsuBthtxSbil3REEIsqKAXqEyZe9oORsg_OIZ2QKYcifQwHFyzwPxZJL141SpNdmsMKrrgA3czJTC5uLK6PlFVyDcqNgOIftLhqOlyS9A8UZsb8yCpcwiV9NailTZ8ZOl-mkW0OS--2XyK9Iw-aqsekfEtO4Q6iy3EK9qnp3zEIPY.vmqB456WhMub-MSAc_awKobXJua4oj6BsECfLjT4gjc&dib_tag=se&qid=1759745849&s=electronics&sr=1-9377&xpid=UZHjCDxPt3DrQ,https://www.flipkart.com/redmi-note-14-5g-phantom-purple-128-gb/p/itm11a447d125328?pid=MOBH78KTCGW6YZKF&lid=LSTMOBH78KTCGW6YZKFCFRJB2&marketplace=FLIPKART&q=mobile+phones&store=tyy%2F4io&srno=s_37_873&otracker=search&otracker1=search&fm=Search&iid=97e7c1d8-6d4f-44ac-bb66-a510842b7e28.MOBH78KTCGW6YZKF.SEARCH&ppt=sp&ppn=sp&ssid=xuauh4za0g0000001753088274734&qH=a81ad6e72f7a2fd1,,https://rukminim2.flixcart.com/image/312/312/xif0q/mobile/o/j/j/-original-imah7gbgybkx2hz3.jpeg?q=70,Mobiles,0.3542,redmi,5420.0,Flipkart,5420.0,32.69
445,736,"Motorola Edge 60 Fusion 5G Smartphone with 6.67"" 120Hz pOLED Display, 50MP OIS Camera, Android 14, Dimensity 7030 Processor, 68W Fast Charging (Pantone Amazonite, 8GB + 256GB Storage)","MOTOROLA Edge 60 Fusion 5G (PANTONE Amazonite, 256 GB)",20370.0,22999.0,4.2,4.5,https://www.amazon.in/Motorola-Smartphone-Dimensity-Processor-Amazonite/dp/B0F46SJ5SB/ref=sr_1_447?dib=eyJ2IjoiMSJ9.UPQzcARBbnzwhlfTrgunRl2RKBLxz3eSjXeuzxYz2J-A_E-e60z9te16vfYDI_u494jIIq_wcWK1UP0r28ing9_HMt9_etutF4hLyHKbr0VOYcsNLXN8tOoo3f2wJf47sJlaqAuw8n1PfVw1LTgTLe6oqikM7iKuh2ITQs15QXWjW46StPV_t4tK9sqbeyjlF82UEBHR6nQ7GI4GvHl-9gLp9bUoPjgOdp60yTg5HCWRilFo2aC2YNSAQonTpwMmUPaMWdzY6dZFb11JhsvOsjB-6HD2a04cAKKKneH5Evg.LPru5WBdj-hR0K8QGuQyRdOUQA9h9KBpKgsZLYHOMB8&dib_tag=se&qid=1759735743&s=electronics&sr=1-447&xpid=UZHjCDxPt3DrQ,https://www.flipkart.com/motorola-edge-60-fusion-5g-pantone-amazonite-256-gb/p/itm9218b12ff853f?pid=MOBH9ARFPVNU7QNU&lid=LSTMOBH9ARFPVNU7QNU36Q1QX&marketplace=FLIPKART&q=mobile+phones&store=tyy%2F4io&srno=s_2_29&otracker=search&otracker1=search&fm=Search&iid=8d7c571b-51b2-486f-84fa-7a4b81c5b634.MOBH9ARFPVNU7QNU.SEARCH&ppt=sp&ppn=sp&ssid=bcitpmhteo0000001753087794733&qH=a81ad6e72f7a2fd1,,https://rukminim2.flixcart.com/image/312/312/xif0q/mobile/j/x/j/-original-imahbfmdgpjvgecg.jpeg?q=70,Mobiles,0.354,motorola,-2629.0,Amazon,2629.0,12.91
7250,1170,"Redmi 14C 5G (Stargaze Black, 4GB RAM, 64GB Storage) | Superfast 4nm Snapdragon 4 Gen 2 | 120Hz 17.47cm (6.88”) Display | 5160mAh Battery | 50MP Dual Camera | Premium Starlight Design","REDMI 14C 5G (Stargaze Black, 64 GB)",8998.0,9499.0,4.0,4.2,https://www.amazon.in/Redmi-Stargaze-Superfast-Snapdragon-Starlight/dp/B0DS65KZ8B/ref=sr_1_7828?dib=eyJ2IjoiMSJ9.A4QE1UfPFLdpAPesO3OpNituT-vGB2dG0Gfih7VGPZ0LX9a78i6FRKaF9DVHi4vTf6bA5A_nA0z2fCSeq7VQfBSYHEvNzkY64qP6dKR-rSuoR02w6UeTqL-7BXa7z16lOEgHtG8DtDluC72RO4G7NUBEQeNWh4hFirfnmkbFXI35-9jbiYzVT6jMpiIr7z3YHXjP6FytWoPowjB2UAIsWnigdsI1VC6N7PLJVWg-yM7sF5ZvQxbXv_DGS7mpvIgPrCEUWZd1r10z9QHXzSIyojZ2iPe-qLJAcitlaQpanpE.aVn0US5ZPQxT8y3wJiIRtHxtAC4ICE3cPmDYvMXFeH4&dib_tag=se&qid=1759743944&s=electronics&sr=1-7828&xpid=UZHjCDxPt3DrQ,https://www.flipkart.com/redmi-14c-5g-stargaze-black-64-gb/p/itm3227d2404ad5d?pid=MOBH7VY5YAJECNMD&lid=LSTMOBH7VY5YAJECNMDKEBPOJ&marketplace=FLIPKART&q=mobile+phones&store=tyy%2F4io&srno=s_23_540&otracker=search&otracker1=search&fm=Search&iid=e5d86ed0-9f7c-4784-be93-3d994f5cc97e.MOBH7VY5YAJECNMD.SEARCH&ppt=sp&ppn=sp&ssid=yrswd515wg0000001753088023963&qH=a81ad6e72f7a2fd1,,https://rukminim2.flixcart.com/image/312/312/xif0q/mobile/i/2/w/-original-imahdxq5vuexfwyh.jpeg?q=70,Mobiles,0.3535,redmi,-501.0,Amazon,501.0,5.57
1032,111,"Noise Buds Trance in-Ear Truly Wireless Earbuds with 45H of Playtime, Low Latency(up to 40 ms), Instacharge(10 min=200 min), BT v5.3(Jet Black)","Noise Buds Trance with 45 Hrs Playtime, Low Latency (up...",999.0,999.0,4.1,4.1,https://www.amazon.in/Noise-Wireless-Earbuds-Playtime-Instacharge/dp/B0DS2SG8YP/ref=sr_1_1041?dib=eyJ2IjoiMSJ9.evHLuP4ZpyvagulgfKKQCK5e8phdifItgS5VwXCCz4mCzUmTq668MYwI4EBNVL92-mIwf9RxpKXG2oQu4Gl1rKiOH8F573QN8CA4lDsvOkq6fnvqfBam_aLwGb_9uTg3xYy13Y76MjthnRAbzK2Izn_bgsRQQxEW8FpiGVZ1XNCD7JO9fOAEHvDfe38rL6Nz2IQMZUOvXzWC2k4_iMjpxbtdxYojuajqTmK0UCvq4tz2QE3O01VJqGSrfqxbqoIXjvpgOd8g5aM5EYj5lNfx12EDYcdfkUcCwTXJCpKrxzM.jfS0Z071d7l6X_0Mj9TivZHjPL4SlAnaB5T9R4X-Fw0&dib_tag=se&qid=1759736233&s=electronics&sr=1-1041&xpid=UZHjCDxPt3DrQ,https://www.flipkart.com/noise-buds-trance-45-hrs-playtime-low-latency-up-40ms-hypersync-ipx5-bluetooth/p/itm0ab04a37eab6c?pid=ACCGP29XHZ5CZ7TN&lid=LSTACCGP29XHZ5CZ7TNYVBPDG&marketplace=FLIPKART&q=earphones&store=0pm%2Ffcn%2F821&srno=s_5_170&otracker=search&otracker1=search&fm=Search&iid=4c1a6ec1-d5c8-46fa-8a4d-adad5b8aeae2.ACCGP29XHZ5CZ7TN.SEARCH&ppt=sp&ppn=sp&ssid=8s85a15s5c0000001753106078787&qH=54597ea1f2fc7f2e,,https://rukminim2.flixcart.com/image/612/612/xif0q/headphone/b/3/0/-original-imagpgv5yg9y9ja4.jpeg?q=70,Earphones,0.3521,noise,0.0,Same Price,0.0,0.0
4775,1404,"Samsung Galaxy A56 5G (Awesome Olive, 12GB, 256GB) | Metal Frame | Gemini Live | Awesome Intelligence (AI): Circle to Search, Instant Slo-Mo, Auto-Trim, Object Eraser | Flagship Grade Camera","Samsung Galaxy A56 5G (Awesome Olive, 128 GB)",40999.0,38999.0,4.2,4.3,https://www.amazon.in/Samsung-Galaxy-Awesome-Gemini-Intelligence/dp/B0DYDQ7PDN/ref=sr_1_5121?dib=eyJ2IjoiMSJ9.fhbHEBJkxYlIyUyouC4YgCYgAuCGmieYE9DEfcXN-TDbEjRvCjz8gQMElMWz62LRGrPekDk7CRY_A5yjHWnfsa3s-0l0KniFH16zS4d3Ycpea1hfIjZwOt09EhIb5zwBI4PJi3RvqCJCPBGlbvKQbI-eXZo_11WsrjcoYaNlO3C8IfQfgICBQ3lum7Qt8QOTt6foqmRP7zsa7CXDMnJqszj51p5lHdOJ9RdEcnAUjn-p79Vi9ngbJ3dzskshEMbzM3G7jT-MX1SLwDMer9jC0lzJkXEv2qPggXfecOEgcqE.Kkv60rusyt8U4_8JHVPtm20n6iIVYg5Z_0TqYZv4kQo&dib_tag=se&qid=1759740565&s=electronics&sr=1-5121&xpid=UZHjCDxPt3DrQ,https://www.flipkart.com/samsung-galaxy-a56-5g-awesome-olive-128-gb/p/itm81265b7c9602c?pid=MOBH9RNG5SA9ADHS&lid=LSTMOBH9RNG5SA9ADHSXUMC58&marketplace=FLIPKART&q=mobile+phones&store=tyy%2F4io&srno=s_33_786&otracker=search&otracker1=search&fm=Search&iid=a8fe4729-26d3-41fb-a2a6-cb008cf739bb.MOBH9RNG5SA9ADHS.SEARCH&ppt=sp&ppn=sp&ssid=5jm7aluank0000001753088176122&qH=a81ad6e72f7a2fd1,,https://rukminim2.flixcart.com/image/312/312/xif0q/mobile/2/o/n/-original-imahbyvfu845ftre.jpeg?q=70,Mobiles,0.3519,samsung,2000.0,Flipkart,2000.0,5.13
90,1175,"Samsung Galaxy M06 5G (Sage Green, 4GB RAM, 128 GB Storage) | MediaTek Dimensity 6300 | AnTuTu Score 422K+ | 12 5G Bands| 25W Fast Charging | 4 Gen of OS Upgrades | Without Charger","Samsung M06 5G (Sage Green, 128 GB)",7999.0,11469.0,3.9,4.1,https://www.amazon.in/Samsung-MediaTek-Dimensity-Charging-Upgrades/dp/B0DX6P3RX9/ref=sr_1_92?dib=eyJ2IjoiMSJ9.rjVf1Nh8vKl97cLteFlPWt7rcOG6IQzN6jceodE94qVasTQmpeX5mEwGM4UCHxLIvx3ht0GcTQSLMNME34PpoXcGJe-netUDOpRPBLzjUGUd02JPve6bdnyGYP3VIh-6YYIBPxqBeAqIwbPLIKFOswgKO_V_e0Hjy91r8BqMfgD3aPNIvOVDkups-DWHhRtay3NTU88ASD_xBrX3NBB6K_8tPiW9U8GwNxuekaHZqgxtHlBYK_l--I8BZMaMjmbVJw_vTk8lBGeANKlH6pcgvP7hPxjjwLFS6dlAcuiMdPo.F6jJ0tKXQPH2cLN_EarTquv8tcUDspW0INx5tgcgeEY&dib_tag=se&qid=1759735466&s=electronics&sr=1-92&xpid=UZHjCDxPt3DrQ,https://www.flipkart.com/samsung-m06-5g-sage-green-128-gb/p/itmcafa42dadc15c?pid=MOBH9UYF3VCXJ279&lid=LSTMOBH9UYF3VCXJ279DEZKGX&marketplace=FLIPKART&q=mobile+phones&store=tyy%2F4io&srno=s_23_546&otracker=search&otracker1=search&fm=Search&iid=e5d86ed0-9f7c-4784-be93-3d994f5cc97e.MOBH9UYF3VCXJ279.SEARCH&ppt=sp&ppn=sp&ssid=yrswd515wg0000001753088023963&qH=a81ad6e72f7a2fd1,,https://rukminim2.flixcart.com/image/312/312/xif0q/mobile/n/t/g/-original-imaha58mcdsfygaq.jpeg?q=70,Mobiles,0.3519,samsung,-3470.0,Amazon,3470.0,43.38
5737,1259,"ZedGear Camera Lens Protector for iPhone 15 6.1""& iPhone 15 Plus 6.7"", Tempered Glass Camera Lens Protector Tempered Glass Lens Ring Cover Fit for iPhone 15/iPhone 15 Plus (Black)","Apple iPhone 15 Plus (Black, 128 GB)",109.0,74900.0,3.8,4.6,https://www.amazon.in/ZedGear-Camera-Protector-Tempered-Black/dp/B0D2RSR9SD/ref=sr_1_6169?dib=eyJ2IjoiMSJ9.Xhkv1WBNluQZrB8wZ23LkCgelrUq8uQ757ME9X-8BeBU68HvfSrYo-ImDTnD_7G-AesMVT-sgB_NymmkQTmY6TD0LGMTUBy5H_ggHPz6LcULDEZQTVM3i_ayu9NQJYHUuo0LtgML7a6efdvS7YBKaN-cQ8zGaonUwrFTS79PtpeXhjG_A_kyrEeVy6CC8J05xBqQhx5_NSm5KivEacqPGn6Yp9d6nSHnBZyZEQYEPQ-FFpxPKRGGzbULIpWBGc3fK4pkofN8UBN2k-PloCQKg3x0ffJVzT8FG4yJwpBCLh4.hoKFjDd4MDUy1o12cfZDmo5honjLuha9TmklsAxk2oo&dib_tag=se&qid=1759741892&s=electronics&sr=1-6169&xpid=UZHjCDxPt3DrQ,https://www.flipkart.com/apple-iphone-15-plus-black-128-gb/p/itme3a53984760fb?pid=MOBGTAGPNRQA7CS3&lid=LSTMOBGTAGPNRQA7CS3YEKCQO&marketplace=FLIPKART&q=mobile+phones&store=tyy%2F4io&srno=s_27_633&otracker=search&otracker1=search&fm=Search&iid=891e87c0-72a0-4f01-b075-0f5a2f9fde97.MOBGTAGPNRQA7CS3.SEARCH&ppt=sp&ppn=sp&ssid=ojaye37c7k0000001753088066331&qH=a81ad6e72f7a2fd1,,https://rukminim2.flixcart.com/image/312/312/xif0q/mobile/h/d/9/-original-imagtc2qzgnnuhxh.jpeg?q=70,Mobiles,0.3513,,-74791.0,Amazon,74791.0,68615.6
3742,343,Sounce Earphone Case Cover for Samsung Galaxy Buds 3 Pro and Galaxy Buds 3 TWS Soft Silicone Skin Case Cover Shock Absorbing Protective Case with Keychain [Front LED Visible] - Black,Samsung Galaxy Buds 3 Pro Bluetooth,188.0,15999.0,3.8,4.5,https://www.amazon.in/Sounce-Earphone-Silicone-Absorbing-Protective/dp/B0DG1L5RYL/ref=sr_1_3979?dib=eyJ2IjoiMSJ9.zN60BNJ7uPbf0AyYjxa7PNkW5qcDALo-iIetPOhDC5zXv4JH3frxjWojVx-enncg-tFCYvFjT_NF-FrqoiOwmnamWLZnMTS6ghfukzzULurEorJRTnSfExD_5VdBMZuc4Hs3QO91yovMQePUuLDhxipqQgIaQtXXAGx6njMgWvEr5TmvthxZM1qQJmt-TE4vVcvKjY6yggnPEwQ0u2FF5Wn2Ax6e_biNneojTk8L7gPkB3YdomH6yAKKcu8jZYuin5jVxuzzi-8iY7bk_lGkdTXYVGMsNLViFuEU9mH01iA.8cy7tDdeij8lnBMhUv0Hc65GNr3ZrM9uzfq9umx-pOw&dib_tag=se&qid=1759739276&s=electronics&sr=1-3979&xpid=UZHjCDxPt3DrQ,https://www.flipkart.com/samsung-galaxy-buds-3-pro-bluetooth/p/itm2288a507af8ff?pid=ACCH28Z8GSWSBFMV&lid=LSTACCH28Z8GSWSBFMVTJSDGA&marketplace=FLIPKART&q=earphones&store=0pm%2Ffcn%2F821&srno=s_24_939&otracker=search&otracker1=search&fm=Search&iid=05e123fb-d7eb-4183-984b-1af390de0076.ACCH28Z8GSWSBFMV.SEARCH&ppt=sp&ppn=sp&ssid=4i6g6jcvww0000001753106602659&qH=54597ea1f2fc7f2e,,https://rukminim2.flixcart.com/image/612/612/xif0q/headphone/g/v/p/-original-imahch3ddxezyh6j.jpeg?q=70,Earphones,0.3511,samsung,-15811.0,Amazon,15811.0,8410.11
31,1175,"Samsung Galaxy M06 5G (Sage Green, 6GB RAM, 128 GB Storage) | MediaTek Dimensity 6300 | AnTuTu Score 422K+ | 12 5G Bands| 25W Fast Charging | 4 Gen of OS Upgrades | Without Charger","Samsung M06 5G (Sage Green, 128 GB)",8999.0,11469.0,3.9,4.1,https://www.amazon.in/Samsung-MediaTek-Dimensity-Charging-Upgrades/dp/B0DX655V11/ref=sr_1_32?dib=eyJ2IjoiMSJ9.DNFHhKCM4dMpSkef5mTBQJMTCMoeChM7yRO4VXXQjGaDPYpuHQwNq5a3UsR9DwHo03qpaRAFhOr2rTF2DPUQJQSRdQIlG3AVYkIaRJ43mt7GMQDJ075RTDYsbXLtZqvA_6AFOAA115qA5jOawWgWJ8jZb0NSO8Jw8yi1dm4qq941QZNUxQberIzIntzighndJ5LSmaamCjW3J56vbtf2b2Z5zC4l-F7fi0DQzzmDXVDncr14-tCl7FgnGhfB9tTOmJpA1uE7rLKaY8bNQ30NMxpAFewDd82fd4oAhLZzuPU.sD8PWh1qlYjKB473qgIbnSWnDNTJheAamgrDSTHjMqs&dib_tag=se&qid=1759735423&s=electronics&sr=1-32&xpid=UZHjCDxPt3DrQ,https://www.flipkart.com/samsung-m06-5g-sage-green-128-gb/p/itmcafa42dadc15c?pid=MOBH9UYF3VCXJ279&lid=LSTMOBH9UYF3VCXJ279DEZKGX&marketplace=FLIPKART&q=mobile+phones&store=tyy%2F4io&srno=s_23_546&otracker=search&otracker1=search&fm=Search&iid=e5d86ed0-9f7c-4784-be93-3d994f5cc97e.MOBH9UYF3VCXJ279.SEARCH&ppt=sp&ppn=sp&ssid=yrswd515wg0000001753088023963&qH=a81ad6e72f7a2fd1,,https://rukminim2.flixcart.com/image/312/312/xif0q/mobile/n/t/g/-original-imaha58mcdsfygaq.jpeg?q=70,Mobiles,0.351,samsung,-2470.0,Amazon,2470.0,27.45
75,969,"Samsung Galaxy A55 5G (Awesome Iceblue, 8GB RAM, 256GB Storage) | AI | Metal Frame | 50 MP Main Camera (OIS) | Super HDR Video| Nightography | IP67 | Corning Gorilla Glass Victus+ | sAMOLED Display","Samsung Galaxy A55 5G (Awesome Iceblue, 128 GB)",25999.0,26241.0,4.2,4.4,https://www.amazon.in/Samsung-Awesome-Iceblue-Storage-Nightography/dp/B0CWPCFSM3/ref=sr_1_76?dib=eyJ2IjoiMSJ9.rjVf1Nh8vKl97cLteFlPWt7rcOG6IQzN6jceodE94qVasTQmpeX5mEwGM4UCHxLIvx3ht0GcTQSLMNME34PpoXcGJe-netUDOpRPBLzjUGUd02JPve6bdnyGYP3VIh-6YYIBPxqBeAqIwbPLIKFOswgKO_V_e0Hjy91r8BqMfgD3aPNIvOVDkups-DWHhRtay3NTU88ASD_xBrX3NBB6K_8tPiW9U8GwNxuekaHZqgxtHlBYK_l--I8BZMaMjmbVJw_vTk8lBGeANKlH6pcgvP7hPxjjwLFS6dlAcuiMdPo.F6jJ0tKXQPH2cLN_EarTquv8tcUDspW0INx5tgcgeEY&dib_tag=se&qid=1759735466&s=electronics&sr=1-76&xpid=UZHjCDxPt3DrQ,https://www.flipkart.com/samsung-galaxy-a55-5g-awesome-iceblue-128-gb/p/itm0bb662185bcc4?pid=MOBGYT2HX4A4QAWW&lid=LSTMOBGYT2HX4A4QAWWVUN2TV&marketplace=FLIPKART&q=mobile+phones&store=tyy%2F4io&srno=s_13_308&otracker=search&otracker1=search&fm=Search&iid=f7119de3-df5b-49d9-9ef6-095197c85fba.MOBGYT2HX4A4QAWW.SEARCH&ppt=sp&ppn=sp&ssid=gce703p29c0000001753087912223&qH=a81ad6e72f7a2fd1,,https://rukminim2.flixcart.com/image/312/312/xif0q/mobile/8/c/j/-original-imahbzpyfv8gpku7.jpeg?q=70,Mobiles,0.3509,samsung,-242.0,Amazon,242.0,0.93
134,969,"Samsung Galaxy A55 5G (Awesome Iceblue, 8GB RAM, 128GB Storage) | AI | Metal Frame | 50 MP Main Camera (OIS) | Super HDR Video| Nightography | IP67 | Corning Gorilla Glass Victus+ | sAMOLED Display","Samsung Galaxy A55 5G (Awesome Iceblue, 128 GB)",23999.0,26241.0,4.2,4.4,https://www.amazon.in/Samsung-Awesome-Iceblue-Storage-Nightography/dp/B0CWPC2W5V/ref=sr_1_136?dib=eyJ2IjoiMSJ9.ld7yu4yrJwiGIk1H2ET_u95d__ISShesKabQ7H1rX5JrkduGNNH6B5Ojks_MWl-TcHF6mtZqAu97UTF_kHC6U11o-57S2otsCjjXoic-YbYjH4fOrMkXbphlYjQwGhph3qtJyUBCGlbP3LGJo2m2z-I6sn8TBOsVhSrXWfkgD3d21_vdef24LbiuiEu5LpKbteXrMOGfF8r_KVRLDsoV3MxgUws4K_ekhKBBag0Mq7niNjjRVK05xoozkKwsBCS20-0AX6osvncPG96t_jQhhK_NZ9qMthfQi9iX23exIV8.61NHm06AM9S_Q_txLho_F4Pj88xqfWSJbZ8PHMpMnqg&dib_tag=se&qid=1759735505&s=electronics&sr=1-136&xpid=UZHjCDxPt3DrQ,https://www.flipkart.com/samsung-galaxy-a55-5g-awesome-iceblue-128-gb/p/itm0bb662185bcc4?pid=MOBGYT2HX4A4QAWW&lid=LSTMOBGYT2HX4A4QAWWVUN2TV&marketplace=FLIPKART&q=mobile+phones&store=tyy%2F4io&srno=s_13_308&otracker=search&otracker1=search&fm=Search&iid=f7119de3-df5b-49d9-9ef6-095197c85fba.MOBGYT2HX4A4QAWW.SEARCH&ppt=sp&ppn=sp&ssid=gce703p29c0000001753087912223&qH=a81ad6e72f7a2fd1,,https://rukminim2.flixcart.com/image/312/312/xif0q/mobile/8/c/j/-original-imahbzpyfv8gpku7.jpeg?q=70,Mobiles,0.3509,samsung,-2242.0,Amazon,2242.0,9.34
8736,1212,Spigen Ultra Hybrid MagFit Back Cover Case Compatible with iPhone 16 Pro Max (TPU + Poly Carbonate | Frost Natural Titanium),"Apple iPhone 16 Pro Max (Natural Titanium, 256 GB)",1709.0,135900.0,4.0,4.7,https://www.amazon.in/Spigen-Compatible-Carbonate-Natural-Titanium/dp/B0D4499L78/ref=sr_1_9440?dib=eyJ2IjoiMSJ9.UwexYtRJoAiq5tpy8ZZkoPMMMVG5PnV8lH6zYEHcurO6CnO9wg9Uslmb7iFOt6I_LEBksJ6D1jxJ1Zv3v6A9Rvp3YqTTOVTFNnvY3kCEY5ntOGguVgra7eHN7oo6s0NMS9qrGIoRXHLQzikhSq4SxfER7EEzOGM-IzxF734IkfVjQWxqQCRqKkARKeVClsC7f6QTKsc39KlvmSm9tOpKPjNztW5w_ubmN13H8pCoBxFga2WZtx3ie2T8yehlp0koMy88YwCs7pGjdgcjJpeSWDO0saTyR0ADvzO2HY5CniY.MoAwBnom7MXAz-D4pnMmnshycs0Gzr_I7QK6Fr1fS_s&dib_tag=se&qid=1759745928&s=electronics&sr=1-9440&xpid=UZHjCDxPt3DrQ,https://www.flipkart.com/apple-iphone-16-pro-max-natural-titanium-256-gb/p/itm05ad8e674782a?pid=MOBH4DQFRST2BQQ8&lid=LSTMOBH4DQFRST2BQQ8UII8UK&marketplace=FLIPKART&q=mobile+phones&store=tyy%2F4io&srno=s_25_584&otracker=search&otracker1=search&fm=Search&iid=c3a61a3e-41ea-4acb-a985-ecb61487797c.MOBH4DQFRST2BQQ8.SEARCH&ppt=sp&ppn=sp&ssid=l4l7ylc4mo0000001753088045003&qH=a81ad6e72f7a2fd1,,https://rukminim2.flixcart.com/image/312/312/xif0q/mobile/u/8/w/-original-imah4jz6qhwgukgt.jpeg?q=70,Mobiles,0.3505,,-134191.0,Amazon,134191.0,7852.02
6374,745,Amazon Brand - Solimo Back Cover Case for Poco M7 5G | Compatible for Poco M7 5G Back Cover | 360 Degree Protection | Soft and Flexible (TPU | Matte Black),"POCO M7 5G (Mint Green, 128 GB)",109.0,9499.0,3.9,4.1,https://www.amazon.in/Amazon-Brand-Compatible-Protection-Flexible/dp/B0F1DDJP8J/ref=sr_1_6837?dib=eyJ2IjoiMSJ9.J4uk8N5vihGs411qyqTHp_NtyPhMsYLNUd36hNqqwrDfcOFg3QBZXHKk2Ai7fRs4a_F2nrS_zCvqrbhsVj5mAvm7EUpi5keP_BzM8PJKaP78QezgVzqJMHxzzb5AAPvGFKApIUSra3YNJ4KFesU3ffeUcH8CaGcCeGXUcbRZuV99MJNnv0DSoNabOmMKhbEjY3Dgcc9OMXE8HFevUEHFl272HWdqDzG6EM0eTzKRUcTBUpD8qCDzKn2iuSiOsY1aSAhpC3_5MPIS0NqAn1xXTemUfTEt5we656310lbnSqM.kEF4QDEU0E3Ew2EcS6K0-xm1xWcL67rDL595aVlaCZQ&dib_tag=se&qid=1759742695&s=electronics&sr=1-6837&xpid=UZHjCDxPt3DrQ,https://www.flipkart.com/poco-m7-5g-mint-green-128-gb/p/itm55887907a1c02?pid=MOBH9HFJFR4FYHNJ&lid=LSTMOBH9HFJFR4FYHNJVOMMEX&marketplace=FLIPKART&q=mobile+phones&store=tyy%2F4io&srno=s_2_38&otracker=search&otracker1=search&fm=Search&iid=8d7c571b-51b2-486f-84fa-7a4b81c5b634.MOBH9HFJFR4FYHNJ.SEARCH&ppt=sp&ppn=sp&ssid=bcitpmhteo0000001753087794733&qH=a81ad6e72f7a2fd1,,https://rukminim2.flixcart.com/image/312/312/xif0q/mobile/r/w/0/-original-imah9wydggh9mtxt.jpeg?q=70,Mobiles,0.3504,poco,-9390.0,Amazon,9390.0,8614.68
3877,1418,"Redmi Note 14 5G (Titan Black, 8GB RAM 128GB Storage) | Global Debut MTK Dimensity 7025 Ultra | 2100 nits Segment Brightest 120Hz AMOLED | 50MP Sony LYT 600 OIS+EIS Triple Camera","REDMI Note 14 5G (Titan Black, 128 GB)",16998.0,16925.0,3.9,4.3,https://www.amazon.in/Redmi-Storage-Dimensity-Segment-Brightest/dp/B0DPFTHDBX/ref=sr_1_4121?dib=eyJ2IjoiMSJ9.3ZZcWC-FB6e6mkNlJB4270_5uWJMh8Q999IlrxbaFLQRtMalm6dVvUULe_7kpVosKyHBogeUqm-c5Gfp2vAt7CpPE0EAImdLT0oMd3DM2aysvS_idimSpneVu-PkkTSocZ47c5GhBE17vcc2CB_3la_hdN5jFppOX5egHOTGqFZOgSeLn3GtzX7HILdKWXqxNHjGhxIabP6lgiyeDy8KIJJYIl2j_C8540a8rOPPob7tv1yFKZjD9l-BkfGBiiXIGKNTgDxnf9IL2MAJsYvjWkDuvTKqyD0A7m3-4NQej34.u1OlB9le-c3bxD181TuPM2nUXthMPpMGDZ1cmqahCtU&dib_tag=se&qid=1759739423&s=electronics&sr=1-4121&xpid=UZHjCDxPt3DrQ,https://www.flipkart.com/redmi-note-14-5g-titan-black-128-gb/p/itm11a447d125328?pid=MOBH78KTASEGS2CU&lid=LSTMOBH78KTASEGS2CUBPSWWS&marketplace=FLIPKART&q=mobile+phones&store=tyy%2F4io&srno=s_34_801&otracker=search&otracker1=search&fm=Search&iid=ba77a6f1-752e-40bd-8968-b5c655b8a3c1.MOBH78KTASEGS2CU.SEARCH&ppt=sp&ppn=sp&ssid=ug23y7igqo0000001753088209917&qH=a81ad6e72f7a2fd1,,https://rukminim2.flixcart.com/image/312/312/xif0q/mobile/r/v/y/-original-imah7gbgghbsdezk.jpeg?q=70,Mobiles,0.3497,redmi,73.0,Flipkart,73.0,0.43
5266,1301,"Samsung Galaxy A56 5G (Awesome Graphite, 12GB, 256GB) | Metal Frame | Gemini Live | Awesome Intelligence (AI): Circle to Search, Instant Slo-Mo, Auto-Trim, Object Eraser | Flagship Grade Camera","Samsung Galaxy A56 5G (Awesome Graphite, 256 GB)",40999.0,41999.0,4.2,4.3,https://www.amazon.in/Samsung-Galaxy-Awesome-Graphite-Intelligence/dp/B0DYDP8ZZK/ref=sr_1_5649?dib=eyJ2IjoiMSJ9.h07wKj-EMOxahd2z8XsKYG9dficUDumotMFNzCmfByMIXB44QWHc7yjVN54my7VQYamLwn0nXsid-rY0rOvDVNMzun4exfgrU9EVn_15-I4Dbndrs7qy9p6DlEMMjDk-U4VzhY5DbsMpUdQ3sx5h0nBqvKr94U_goOl7sIQ44ZGCQy5m6RoYgHfn5i5SFKUPgQWIu7KgLglzUtuseu5DqPS8yrbEVVRvWKkmqcKxkuu240mAsRHcnM0cV-uI9ZwyM4gwjYZdXne76qWGcfxTKFrgVX0O8FdXXqb021PCZj4.oWKSPCcb4x_Gs5emTZqZrpCQwNvK_45EyvRbMpvc3Uk&dib_tag=se&qid=1759741227&s=electronics&sr=1-5649&xpid=UZHjCDxPt3DrQ,https://www.flipkart.com/samsung-galaxy-a56-5g-awesome-graphite-256-gb/p/itmfc74a277c6fb4?pid=MOBH9RNGDAUAZUGG&lid=LSTMOBH9RNGDAUAZUGGMJ6FXJ&marketplace=FLIPKART&q=mobile+phones&store=tyy%2F4io&srno=s_29_678&otracker=search&otracker1=search&fm=Search&iid=9c28c77d-e1b8-4447-977c-3e75b46c59db.MOBH9RNGDAUAZUGG.SEARCH&ppt=sp&ppn=sp&ssid=bfe30g3s1c0000001753088086408&qH=a81ad6e72f7a2fd1,,https://rukminim2.flixcart.com/image/312/312/xif0q/mobile/3/k/m/-original-imahbyvfmsdxmz5r.jpeg?q=70,Mobiles,0.3494,samsung,-1000.0,Amazon,1000.0,2.44
6261,1142,"Lava A7 Torch+ Dual Sim Keypad Mobile Phone (with Instant Slide Torch)| 2.4"" Big Display | Powerful Battery Backup | Vibration Alert | Camera | Wireless FM & Bluetooth | Blue",LAVA A7 Torch+ Dual Sim Keypad Phone| 2574 mAh Battery| Expandable Upto 32 GB,1462.0,1554.0,3.9,4.0,https://www.amazon.in/Lava-A7-Torch-Vibration-Bluetooth/dp/B0DNNFXY3G/ref=sr_1_6723?dib=eyJ2IjoiMSJ9.sGTCK-4eIABFqC3JVsbyswQ2rqVJRyIw4vx1FCvVJDTnSWW6hAOWmEljAnqhGVYeu01Yh1lCBYKBYYQ21w1clZKTFH3xmWM3PxFOTJsc2EtUTAOjMiVP8_KlO5WwXFCevF1Zde7ysL1__DxQ-aOvx5NEDfAbaDZr_TxnHLxhveQbTY6XurHDmMDOMTFnokiYd8Em-f8q_yQxkrzMQRoJ5OZMpRfe_2P73UqSecVfJzMwofPlMYA9_ZKgR-n6GNZxfTzjlnyF0sqLYK9lsHH-yd0zUCpB7JmfI7IXbxsBLSw.4rG4FN_I4JnDQ6wNTLl8BonuCca326tT4A96owa8Q9Y&dib_tag=se&qid=1759742571&s=electronics&sr=1-6723&xpid=UZHjCDxPt3DrQ,https://www.flipkart.com/lava-a7-torch-dual-sim-keypad-phone-2574-mah-battery-expandable-upto-32-gb/p/itm790b46ed1e576?pid=MOBGSSU5XVUHND2S&lid=LSTMOBGSSU5XVUHND2SU2J5EW&marketplace=FLIPKART&q=mobile+phones&store=tyy%2F4io&srno=s_22_512&otracker=search&otracker1=search&fm=Search&iid=c8c7e7a0-2ea7-4bee-b1ae-1091da9de7c3.MOBGSSU5XVUHND2S.SEARCH&ppt=sp&ppn=sp&ssid=yztzpw9ugg0000001753088014058&qH=a81ad6e72f7a2fd1,,https://rukminim2.flixcart.com/image/312/312/xif0q/mobile/b/a/x/a7-torch-dual-sim-keypad-phone-2574-mah-battery-expandable-upto-original-imah7ggbwyczyzjt.jpeg?q=70,Mobiles,0.3487,,-92.0,Amazon,92.0,6.29
6531,849,"Fashionury Crystal Clear Back Cover Case for Nothing Phone 3a 5G | 360 Degree Protection | Shock Proof Design | Transparent Back Cover Case for Nothing Phone 3a (TPU, Transparent)","Nothing Phone (3a) (Black, 128 GB)",159.0,24999.0,3.7,4.5,https://www.amazon.in/Fashionury-Crystal-Nothing-Protection-Transparent/dp/B0F23ZYLNZ/ref=sr_1_7005?dib=eyJ2IjoiMSJ9.15vszJcN0xQwaiOFQG6HMpSFylNdsbFS2SA4aWdMqhlehZy0gO53pk7OPJzUM6ou8JJEhAVHOx8A46fPZhNXzdkJAfgRQBZLRkd5N6pF8qwEYTIV9g15QbrB4xf2icaHhSTgpIRCQBH-cvWgoANVo3Zbx6qfSDp4ZuRoMp9rP4iE7vm83jYL-Qpfd17d49z_WNr92qFhfPdN1LdF7pNY03GrLvNc1zcS6ny7_uVvIW85zDiGeI66Vs9jfiDNyy0eYONNTGYxDGRRsN3NsqHd2dYPiIpa_79l-2HzrwVWC6E.wUe6QN6pjQJq0NL2tx3jdwwnHlYqlihdI1hcIqvxUPs&dib_tag=se&qid=1759742909&s=electronics&sr=1-7005&xpid=UZHjCDxPt3DrQ,https://www.flipkart.com/nothing-phone-3a-black-128-gb/p/itm49557c5a65f9c?pid=MOBH8G3P6UXPEFSZ&lid=LSTMOBH8G3P6UXPEFSZTYXBHZ&marketplace=FLIPKART&q=mobile+phones&store=tyy%2F4io&srno=s_7_146&otracker=search&otracker1=search&fm=Search&iid=39c7c77d-e7f5-4d55-8ac8-971bf7f3649c.MOBH8G3P6UXPEFSZ.SEARCH&ppt=sp&ppn=sp&ssid=oybmyd8sao0000001753087849426&qH=a81ad6e72f7a2fd1,,https://rukminim2.flixcart.com/image/312/312/xif0q/mobile/1/o/x/-original-imahcfcf2hdeqea5.jpeg?q=70,Mobiles,0.3485,nothing,-24840.0,Amazon,24840.0,15622.64
1874,289,Sounce Earphone Case Cover for Samsung Galaxy Buds 3 Pro and Galaxy Buds 3 TWS Soft Silicone Skin Case Cover Shock Absorbing Protective Case with Keychain [Front LED Visible] - Transparent,Samsung Galaxy Buds 3 Pro Bluetooth,188.0,16999.0,3.8,4.5,https://www.amazon.in/Sounce-Earphone-Silicone-Absorbing-Protective/dp/B0DFWQV73T/ref=sr_1_1907?dib=eyJ2IjoiMSJ9.XBeW_Gnr4vh9NhMQMhXmN22no6dJh4aaHBEgSaUr1r6VqISXh2xDULOAi3Uu2Rg33zV1VTToNDkfGNiopIVHwLWTSYO8paVDFC-4LNSvuKuHsL6LY8X3hB3rG0PpkDhc9G0Fr7Je_DEt6Py52xDSAxloHWaMOWf0JM-_18q8mzy25KjfD4t5G41YWezNC-MJgQM3sbAYrApM1C0KQ8HOTOl6PVokI2yxuPmE-5FQtvrmy4FpOmOYdDy1EuXugozIPRzJowYlKpVdKvr9PnotKE859NKho2rWvQwFy9qw4T4.h_idT_SCROeKlQlWzC0MY406hzQ7f-e18HIOHtDczGo&dib_tag=se&qid=1759737099&s=electronics&sr=1-1907&xpid=UZHjCDxPt3DrQ,https://www.flipkart.com/samsung-galaxy-buds-3-pro-bluetooth/p/itm13f27472805c8?pid=ACCH28Z8MYZWVAEE&lid=LSTACCH28Z8MYZWVAEEZU7CFL&marketplace=FLIPKART&q=earphones&store=0pm%2Ffcn%2F821&srno=s_21_816&otracker=search&otracker1=search&fm=Search&iid=e56da30b-fa82-43f3-9e63-aa1697099550.ACCH28Z8MYZWVAEE.SEARCH&ppt=sp&ppn=sp&ssid=tgyhiu6rls0000001753106511440&qH=54597ea1f2fc7f2e,,https://rukminim2.flixcart.com/image/612/612/xif0q/headphone/2/l/s/-original-imah2nhzmmtzthfx.jpeg?q=70,Earphones,0.3482,samsung,-16811.0,Amazon,16811.0,8942.02
939,1495,"iQOO Neo 10 (Inferno Red, 16GB RAM, 512GB Storage) | Snapdragon 8s Gen 4 Processor & SuperComputing Chip Q1 | 7000 mAh Battery | Segment’s Highest 144 FPS Gaming Smartphone","IQOO Neo 10 (Inferno Red, 512 GB)",38998.0,42580.0,4.3,4.3,https://www.amazon.in/iQOO-Snapdragon-Processor-SuperComputing-Smartphone/dp/B0F83KRL72/ref=sr_1_947?dib=eyJ2IjoiMSJ9.k9A-kq-fNouYf20Lj0rvFD3alTt9_i1Apxm8coKIsTlfJ5cbwbbk3X_nIAqx8EGCHrnxonHfui0zFIZRuxmqoDLdczWG_HTK3NZox4jU81lM7LDMIBpZzYPsAiIdjEpV96wvmSYseExUmAmyITaeq7EZ8Eg_lkXeTxBhDS0bvfA22th0u3ftXx1j5J0LaJxsOYaHE9EPL-Wy1R_jwVo6VBFD0g9T8gcxUSsYmO7hWiiM8Mhwif8IfQ8M--156fPgk9VK0rEYRqw-bS_dxkKmfxakssae-mEbRo6DBRG0DQY.YtehCWhWIILxtX0NGbIN5EWjLK4-7UPcW1Qnv9Vf8QI&dib_tag=se&qid=1759736156&s=electronics&sr=1-947&xpid=UZHjCDxPt3DrQ,https://www.flipkart.com/iqoo-neo-10-inferno-red-512-gb/p/itm71d7f640ed666?pid=MOBHCJZ2ZWNT3ZYH&lid=LSTMOBHCJZ2ZWNT3ZYHLPG1ET&marketplace=FLIPKART&q=mobile+phones&store=tyy%2F4io&srno=s_37_883&otracker=search&otracker1=search&fm=Search&iid=97e7c1d8-6d4f-44ac-bb66-a510842b7e28.MOBHCJZ2ZWNT3ZYH.SEARCH&ppt=sp&ppn=sp&ssid=xuauh4za0g0000001753088274734&qH=a81ad6e72f7a2fd1,,https://rukminim2.flixcart.com/image/312/312/xif0q/mobile/c/s/r/neo-10-i2405-iqoo-original-imahcgtx6xwxzydz.jpeg?q=70,Mobiles,0.3482,,-3582.0,Amazon,3582.0,9.19
2236,111,"Noise Buds Trance in-Ear Truly Wireless Earbuds with 45H of Playtime, Low Latency(up to 40 ms), Instacharge(10 min=200 min), BT v5.3(Space Blue)","Noise Buds Trance with 45 Hrs Playtime, Low Latency (up...",999.0,999.0,4.1,4.1,https://www.amazon.in/Noise-Wireless-Earbuds-Playtime-Instacharge/dp/B0DS393HHQ/ref=sr_1_2275?dib=eyJ2IjoiMSJ9.Fc3vdMGcuxn7g_tLpFpCrHZSUtktrk7El7QBYb97glEj-jkQwz5I7eBJNvkZ2B_XCkHSkjGzoCQAgHe82WICw7oLbMaE0DdDxjmTmhTptY_TxP3I3DBYhgLQJsH9gp7xsnxX7Sp4quHaWto0bS4u1JMSMFCMvoes9JWXlyIF550IzxNt1-sHtP_dGBUMEEogtjpW9mOzFkmiav_Rbp_dq0pYhVlFbLA_ONhO52x2Bx2U3pkdT4TdqTHv71tv9Of1tdZL-GFhywXQ_VNX_cWqfNGwmcNkQiPgFhH-215f51M.wCEO1Ol2uTbEa5lriP-j7GV0MVwsRpOCIxitj8NHiDc&dib_tag=se&qid=1759737471&s=electronics&sr=1-2275&xpid=UZHjCDxPt3DrQ,https://www.flipkart.com/noise-buds-trance-45-hrs-playtime-low-latency-up-40ms-hypersync-ipx5-bluetooth/p/itm0ab04a37eab6c?pid=ACCGP29XHZ5CZ7TN&lid=LSTACCGP29XHZ5CZ7TNYVBPDG&marketplace=FLIPKART&q=earphones&store=0pm%2Ffcn%2F821&srno=s_5_170&otracker=search&otracker1=search&fm=Search&iid=4c1a6ec1-d5c8-46fa-8a4d-adad5b8aeae2.ACCGP29XHZ5CZ7TN.SEARCH&ppt=sp&ppn=sp&ssid=8s85a15s5c0000001753106078787&qH=54597ea1f2fc7f2e,,https://rukminim2.flixcart.com/image/612/612/xif0q/headphone/b/3/0/-original-imagpgv5yg9y9ja4.jpeg?q=70,Earphones,0.3482,noise,0.0,Same Price,0.0,0.0
5467,111,"Noise Buds Trance in-Ear Truly Wireless Earbuds with 45H of Playtime, Low Latency(up to 40 ms), Instacharge(10 min=200 min), BT v5.3(True Blue)","Noise Buds Trance with 45 Hrs Playtime, Low Latency (up...",999.0,999.0,4.1,4.1,https://www.amazon.in/Noise-Wireless-Earbuds-Playtime-Instacharge/dp/B0DS2WS827/ref=sr_1_5870?dib=eyJ2IjoiMSJ9.PckHdTokirDZhhSeh2ZDgvsEO-1lMKCQuDLWbFLPMwSH09kdhgf9nFs4cxVSsCej9WBVO9QXY2ckAdE0qyAtcznrrLcYxsiT9CapG_XZjUeitXNU3po_5Pjhfu0DLig0nwvihEmC_MuIveTCt3aJzjqyTueyZdgWM1oKbsggeIQVDGGz_U4zPXJayq9OJkPlb-nY85Y-7hTuSTGkfZodvq9afmwqNWGgEHZoQCnACtuMcwEvAXjYqRBGVvRFz4HWXnKvk3e3BUjjqx4Iw-JPjgsFpQofYHt1wLFKVA9OCeA.HZj_hL3mintk5mfEjG9MGUQg8Aciv5Nu2Hn3fY4NHxY&dib_tag=se&qid=1759741497&s=electronics&sr=1-5870&xpid=UZHjCDxPt3DrQ,https://www.flipkart.com/noise-buds-trance-45-hrs-playtime-low-latency-up-40ms-hypersync-ipx5-bluetooth/p/itm0ab04a37eab6c?pid=ACCGP29XHZ5CZ7TN&lid=LSTACCGP29XHZ5CZ7TNYVBPDG&marketplace=FLIPKART&q=earphones&store=0pm%2Ffcn%2F821&srno=s_5_170&otracker=search&otracker1=search&fm=Search&iid=4c1a6ec1-d5c8-46fa-8a4d-adad5b8aeae2.ACCGP29XHZ5CZ7TN.SEARCH&ppt=sp&ppn=sp&ssid=8s85a15s5c0000001753106078787&qH=54597ea1f2fc7f2e,,https://rukminim2.flixcart.com/image/612/612/xif0q/headphone/b/3/0/-original-imagpgv5yg9y9ja4.jpeg?q=70,Earphones,0.348,noise,0.0,Same Price,0.0,0.0
300,969,"Samsung Galaxy A55 5G (Awesome Iceblue, 12GB RAM, 256GB Storage) | AI | Metal Frame | 50 MP Main Camera (OIS) | Super HDR Video| Nightography | IP67 | Corning Gorilla Glass Victus+ | sAMOLED Display","Samsung Galaxy A55 5G (Awesome Iceblue, 128 GB)",28999.0,26241.0,4.2,4.4,https://www.amazon.in/Samsung-Awesome-Iceblue-Storage-Nightography/dp/B0CWPDFBK7/ref=sr_1_302?dib=eyJ2IjoiMSJ9.DpD4IIzbk_i8geIdfc7TPbhmviavgp0ZR-M94L576vg4egTKrzDAHe0sNlavEgEuj7wtDIcHt0-9SpPu1xBTfwpeaaiy0hg7Jd5IaBgRtcjMfus7sO1wR8DROSdQpJ2ZKTwNaFnwvmH4BchiIO1HVFMHB67j9Apr5EuRfIPweR4DP4zX4XNmQPzYTnLpBtLQRjcud3pAkxYpLd0mfXa99v1-ePAyiPU35TqSwO428JNyyFa782p-6SNJViPf0VtVoglar0cmzscRruHV4ddgkwBOJ5T8Z-uNwWJbiImaopw.H_L9vy7qBJ6a-UwMsJi7HsI_Le7JUA175in52FDuJ0c&dib_tag=se&qid=1759735634&s=electronics&sr=1-302&xpid=UZHjCDxPt3DrQ,https://www.flipkart.com/samsung-galaxy-a55-5g-awesome-iceblue-128-gb/p/itm0bb662185bcc4?pid=MOBGYT2HX4A4QAWW&lid=LSTMOBGYT2HX4A4QAWWVUN2TV&marketplace=FLIPKART&q=mobile+phones&store=tyy%2F4io&srno=s_13_308&otracker=search&otracker1=search&fm=Search&iid=f7119de3-df5b-49d9-9ef6-095197c85fba.MOBGYT2HX4A4QAWW.SEARCH&ppt=sp&ppn=sp&ssid=gce703p29c0000001753087912223&qH=a81ad6e72f7a2fd1,,https://rukminim2.flixcart.com/image/312/312/xif0q/mobile/8/c/j/-original-imahbzpyfv8gpku7.jpeg?q=70,Mobiles,0.3478,samsung,2758.0,Flipkart,2758.0,10.51
6483,1418,"Redmi Note 14 5G (Titan Black, 6GB RAM 128GB Storage) | Global Debut MTK Dimensity 7025 Ultra | 2100 nits Segment Brightest 120Hz AMOLED | 50MP Sony LYT 600 OIS+EIS Triple Camera","REDMI Note 14 5G (Titan Black, 128 GB)",16498.0,16925.0,3.9,4.3,https://www.amazon.in/Redmi-Note-14-5G-Dimensity/dp/B0DPFTYQN7/ref=sr_1_6956?dib=eyJ2IjoiMSJ9.g6pDYt0eV6_8NZCV32Zry6TCYCLi5zuGaXHJrxUZASImI-CBKoeEMGS_1Eq-f_yemONznG85h6nYQHpLDyi5cQ7iN8qnhXio5M7g3Q3_zK4Ys3gIdMDOJ9dkxUY6vcbXjuOYH8bZ6BnQgGS6ZSmNibdY4iVlzes9UiDGtS41e0Zjh1Uhr3DRc2z7Evw5qLRC3nSUQIzILY3bUQtxwq_sdMscBWbm0xLMIsg-csG_UXm9MFNXw5yxl6UCWTvWIoHzstmxoO07CInfxSTqogDDBiYMOmdFk2DZLDDEgtL9kjM.LEwyH_v38G57HQZWCUWyQQku_AopRsFJ9LmXGyR7_6s&dib_tag=se&qid=1759742844&s=electronics&sr=1-6956&xpid=UZHjCDxPt3DrQ,https://www.flipkart.com/redmi-note-14-5g-titan-black-128-gb/p/itm11a447d125328?pid=MOBH78KTASEGS2CU&lid=LSTMOBH78KTASEGS2CUBPSWWS&marketplace=FLIPKART&q=mobile+phones&store=tyy%2F4io&srno=s_34_801&otracker=search&otracker1=search&fm=Search&iid=ba77a6f1-752e-40bd-8968-b5c655b8a3c1.MOBH78KTASEGS2CU.SEARCH&ppt=sp&ppn=sp&ssid=ug23y7igqo0000001753088209917&qH=a81ad6e72f7a2fd1,,https://rukminim2.flixcart.com/image/312/312/xif0q/mobile/r/v/y/-original-imah7gbgghbsdezk.jpeg?q=70,Mobiles,0.3471,redmi,-427.0,Amazon,427.0,2.59
54,1157,"iQOO Neo 10 (Titanium Chrome, 8GB RAM, 256GB Storage) | Snapdragon 8s Gen 4 Processor & SuperComputing Chip Q1 | 7000 mAh Battery | Segment’s Highest 144 FPS Gaming Smartphone","IQOO Neo 10 (Titanium Chrome, 256 GB)",31998.0,35385.0,4.3,4.5,https://www.amazon.in/iQOO-Snapdragon-Processor-SuperComputing-Smartphone/dp/B0F83LL1D2/ref=sr_1_55?dib=eyJ2IjoiMSJ9.1MFZWEwRgAgMZLnApgJouw0FAAL-Lssa65gWQHos3288PJfyNGvWsXRJ_4BiWr2njJYc7-RypsKzxllCqhrGvdMcJm4kRGD2eXrVsRThqfIVRbXo-6lAXP7tIkpN7u9Axd4XR7CwntbrTXiqkxwl4HtbV3SGrogz_qA_ySXB5mz4JMRK5122LMtAu_6wq1eT6ak95xZA0aPBKGZ0TJLP0XxMiSxAtdCHjkKi7vWZDOA8pdV4RTXyRn8Gl7Y69t61wdzWKoO3ljjH6O8xok2B4etwjnBGaPeo1gcgt6OIGho.XZliSz-kM9oAZF6zPTjRJiZxK6xqhJYoXcmH3YN5sv4&dib_tag=se&qid=1759735448&s=electronics&sr=1-55&xpid=UZHjCDxPt3DrQ,https://www.flipkart.com/iqoo-neo-10-titanium-chrome-256-gb/p/itm4faf25d0485ec?pid=MOBHCGTYCGTCH5A5&lid=LSTMOBHCGTYCGTCH5A5IFE9ZC&marketplace=FLIPKART&q=mobile+phones&store=tyy%2F4io&srno=s_22_527&otracker=search&otracker1=search&fm=Search&iid=c8c7e7a0-2ea7-4bee-b1ae-1091da9de7c3.MOBHCGTYCGTCH5A5.SEARCH&ppt=sp&ppn=sp&ssid=yztzpw9ugg0000001753088014058&qH=a81ad6e72f7a2fd1,,https://rukminim2.flixcart.com/image/312/312/xif0q/mobile/h/1/p/neo-10-i2405-iqoo-original-imahcgtyezjzzest.jpeg?q=70,Mobiles,0.3471,,-3387.0,Amazon,3387.0,10.59
4447,111,"Noise Buds Trance in-Ear Truly Wireless Earbuds with 45H of Playtime, Low Latency(up to 40 ms), Instacharge(10 min=200 min), BT v5.3(Snow White)","Noise Buds Trance with 45 Hrs Playtime, Low Latency (up...",999.0,999.0,4.1,4.1,https://www.amazon.in/Noise-Wireless-Earbuds-Playtime-Instacharge/dp/B0DS2W3Q1P/ref=sr_1_4753?dib=eyJ2IjoiMSJ9.cXqDa1EfCvK30Gxf8Cfil6UVSSFvqivlqyZ5lDxQBk50vjQicrfuABhZC5lJaGjVCGkBZjOmaqNKFYAdoEMVDF_itACrABpaBzrcS3YLib1oCYRL5x_F33Q86yvPBh99hiKBQA7Q7pnRlFQt2f65vBE1g6a-L_6Fc3rv1h7wPZ6ZT-VpdfVQUWilqjPeFwVigwKZmssZ7V9t0wBnsP-WmGc_MLf6c5NLqHOvRAVgQFdC5VHuCZuMAFKve4gatUtN_NUoxv2zN7mVFgfwg91Zk1ikQ8BkHykXvu5xeXDrNgc.izI5iUmS5zljHFS25y3ZpACKS-9iGwD68zfcjlY_t58&dib_tag=se&qid=1759740104&s=electronics&sr=1-4753&xpid=UZHjCDxPt3DrQ,https://www.flipkart.com/noise-buds-trance-45-hrs-playtime-low-latency-up-40ms-hypersync-ipx5-bluetooth/p/itm0ab04a37eab6c?pid=ACCGP29XHZ5CZ7TN&lid=LSTACCGP29XHZ5CZ7TNYVBPDG&marketplace=FLIPKART&q=earphones&store=0pm%2Ffcn%2F821&srno=s_5_170&otracker=search&otracker1=search&fm=Search&iid=4c1a6ec1-d5c8-46fa-8a4d-adad5b8aeae2.ACCGP29XHZ5CZ7TN.SEARCH&ppt=sp&ppn=sp&ssid=8s85a15s5c0000001753106078787&qH=54597ea1f2fc7f2e,,https://rukminim2.flixcart.com/image/612/612/xif0q/headphone/b/3/0/-original-imagpgv5yg9y9ja4.jpeg?q=70,Earphones,0.3467,noise,0.0,Same Price,0.0,0.0
2065,111,"Noise Buds Trance in-Ear Truly Wireless Earbuds with 45H of Playtime, Low Latency(up to 40 ms), Instacharge(10 min=200 min), BT v5.3(True Purple)","Noise Buds Trance with 45 Hrs Playtime, Low Latency (up...",999.0,999.0,4.1,4.1,https://www.amazon.in/Noise-Wireless-Earbuds-Playtime-Instacharge/dp/B0DS2TTRQC/ref=sr_1_2102?dib=eyJ2IjoiMSJ9.2vjVL31dS87yaaapCqVsPjxzB0pzAOOa_2_emPcjbzZ2V5_Cyyg7rSg_TjNnsZ6MQTmQpSsN83yWOnZZH_77fgdSx3yjuWQCP6Yy63osrHbBVisumkKk15L7mGyOvK4NCssZ4B8vh5kdqApSyo-_fgiBkxF-j4YqFtcGxTkh5EDNcWSxDfu527_UJJ4hW62CDCeXccZ-WCaajW1qCM2XWDEqWY_b4VVL30PuxND07jzMhLGdvEns3-4u_HCejwVJmmIHllFlps4e51SYQL8NiZImUXfz8yk_Mk5B01ZCbg8.fhCVRW0jlwMTcJlbo9ITIoWoml3mYM1xfjMcrhE3fTw&dib_tag=se&qid=1759737297&s=electronics&sr=1-2102&xpid=UZHjCDxPt3DrQ,https://www.flipkart.com/noise-buds-trance-45-hrs-playtime-low-latency-up-40ms-hypersync-ipx5-bluetooth/p/itm0ab04a37eab6c?pid=ACCGP29XHZ5CZ7TN&lid=LSTACCGP29XHZ5CZ7TNYVBPDG&marketplace=FLIPKART&q=earphones&store=0pm%2Ffcn%2F821&srno=s_5_170&otracker=search&otracker1=search&fm=Search&iid=4c1a6ec1-d5c8-46fa-8a4d-adad5b8aeae2.ACCGP29XHZ5CZ7TN.SEARCH&ppt=sp&ppn=sp&ssid=8s85a15s5c0000001753106078787&qH=54597ea1f2fc7f2e,,https://rukminim2.flixcart.com/image/612/612/xif0q/headphone/b/3/0/-original-imagpgv5yg9y9ja4.jpeg?q=70,Earphones,0.3466,noise,0.0,Same Price,0.0,0.0
4384,818,TheGiftKart Hybrid Shockproof Back Cover Case for Motorola Moto Edge 60 Pro 5G | Hard Back Cover Case for Motorola Edge 60 Pro 5G,"MOTOROLA Edge 60 Pro (Pantone Shadow, 256 GB)",499.0,33999.0,4.4,4.4,https://www.amazon.in/TheGiftKart-Hybrid-Shockproof-Cover-Motorola/dp/B0F6KW8SGY/ref=sr_1_4683?dib=eyJ2IjoiMSJ9.G2Hc9zZXRUT-7Y_QAwzS1sp5MKxv2-8SiwgFX6-FPabMZTkj9LVmZaYUHk0HqgrMQBlshM6m67eBxPVGOtOG4JCXJPLgFf8xR1WXAqnygK78d6IdBEfFIjrWe6PSAPxI-a4PL7zuthBwlWE1oShqRMfOWFMTXZ8UWMGYhc9VkDXJw15-z4suQu2amTrM2HbKByUwEJPekc2mq1kkxSPWWg3kG72iEWqAfpqHfDbwpFVYHuHMUWWzOSKm4owfOtiqj0aSvDzHlRKUKJIrK4GDrYl9rQCJif8WoQlD2qyDouk.QRzlQDAhmpPkxaEQNGr1uwJ6ANzY9XtFTr6GY6jV0NQ&dib_tag=se&qid=1759740026&s=electronics&sr=1-4683&xpid=UZHjCDxPt3DrQ,https://www.flipkart.com/motorola-edge-60-pro-pantone-shadow-256-gb/p/itme4f8c6dd0e2db?pid=MOBH9C9JBE7X4H8H&lid=LSTMOBH9C9JBE7X4H8HC6CIWO&marketplace=FLIPKART&q=mobile+phones&store=tyy%2F4io&srno=s_5_113&otracker=search&otracker1=search&fm=Search&iid=ffa6b7c3-8bc6-4310-b193-0ebddb2d509b.MOBH9C9JBE7X4H8H.SEARCH&ppt=sp&ppn=sp&ssid=1c79mzld9c0000001753087828112&qH=a81ad6e72f7a2fd1,,https://rukminim2.flixcart.com/image/312/312/xif0q/mobile/1/4/h/-original-imahcrpwaxrsfjzd.jpeg?q=70,Mobiles,0.3465,motorola,-33500.0,Amazon,33500.0,6713.43
6456,910,"OPPO Reno14Pro 5G (Pearl White, 12GB RAM, 256GB Storage)","OPPO Reno14 5G (Pearl White, 256 GB)",49998.0,39999.0,4.3,4.6,https://www.amazon.in/OPPO-Reno14Pro-Pearl-White-Storage/dp/B0FCTHQS2L/ref=sr_1_6925?dib=eyJ2IjoiMSJ9.pCMlTB0PO59hqXlqJ5pD-xoACS0phRwwVNiCqgt-9AYACmhN7GSWXMFuok9rvtD-vrhs4D78lokrvMg7AHjW783ey51HfEfuOcBXTdz4K6guHAlvG8OEWV4ZqK-ERyrFPCaGoNfD19AytSGm0iNLH2zSLUy7cMo_E0kd4f9Fz5xm2AtUE1OGJlHQgcwv0o9XA6EQ78Eake1aRvrlvXX75DsGTGMAJuJY16UIIwxQw6JwauNhsdShjWMPUeyUGgFVP1okU0h2kHfPMUpl4WVmRzpXSPnFb7DPS5mc25psl9o.-wioiNjQDAtecx0Yk8cNMqi4QYtBCRUsGtpT-s_Jbz4&dib_tag=se&qid=1759742817&s=electronics&sr=1-6925&xpid=UZHjCDxPt3DrQ,https://www.flipkart.com/oppo-reno14-5g-pearl-white-256-gb/p/itm4d9e853eee6cf?pid=MOBHDDQ9UFJESUYC&lid=LSTMOBHDDQ9UFJESUYCPLJL1V&marketplace=FLIPKART&q=mobile+phones&store=tyy%2F4io&srno=s_10_229&otracker=search&otracker1=search&fm=Search&iid=10892e57-4fcf-427c-95ef-b718a66c42e5.MOBHDDQ9UFJESUYC.SEARCH&ppt=sp&ppn=sp&ssid=v1qp6688jk0000001753087880600&qH=a81ad6e72f7a2fd1,,https://rukminim2.flixcart.com/image/312/312/xif0q/mobile/a/u/k/-original-imahdzg7pc55yuzy.jpeg?q=70,Mobiles,0.3456,oppo,9999.0,Flipkart,9999.0,25.0
5175,822,"realme P3 5G (Space Silver, 6GB RAM, 128GB Storage) | Snapdragon 6 Gen 4 | 50MP+2MP Rear Camera | 16MP Front | 6.67” Full HD+ AMOLED | 6000mAh Battery | 45W Fast Charging | Expandable Up to 2TB","realme P3 5G (Space Silver, 128 GB)",15999.0,16999.0,4.3,4.4,https://www.amazon.in/realme-P3-5G-Snapdragon-Expandable/dp/B0F21QQQ59/ref=sr_1_5556?dib=eyJ2IjoiMSJ9.OLTSUJ53EnVAVuv_GN3t9nJ6YXsaUuwuVz2tE3ein5K0fqKr7mgkkocww58rV4ikpRCV3JAAzlTcyKN-huPf6c3CH617ACLS1qZ5h_VatdkiVEaNkWjzY54c8pG6eElvzTBlJXQEagRZNUNBafTuzWyfShuFEQ3ySMvdRngeQsb-tteT857dAALdJfixuNXFPRv6K2q3TlP2A0JZO9JS3FsOGv5454AfLAk26extq9Mytbjy1cj7x72-kUJ6qGODY2k3REum_nHcCaOZeGkNN7cWBZrhqPy2lr3iUO1l4yw.ZDhaEhpwLA3U-1respn89ego3Fa1pldeusJ618QXK1U&dib_tag=se&qid=1759741102&s=electronics&sr=1-5556&xpid=UZHjCDxPt3DrQ,https://www.flipkart.com/realme-p3-5g-space-silver-128-gb/p/itm69060f73d27e8?pid=MOBHAYN5SGFFG88U&lid=LSTMOBHAYN5SGFFG88UIOKMGU&marketplace=FLIPKART&q=mobile+phones&store=tyy%2F4io&srno=s_5_118&otracker=search&otracker1=search&fm=Search&iid=ffa6b7c3-8bc6-4310-b193-0ebddb2d509b.MOBHAYN5SGFFG88U.SEARCH&ppt=sp&ppn=sp&ssid=1c79mzld9c0000001753087828112&qH=a81ad6e72f7a2fd1,,https://rukminim2.flixcart.com/image/312/312/xif0q/mobile/t/c/y/-original-imahaff2rbuykhcw.jpeg?q=70,Mobiles,0.3452,realme,-1000.0,Amazon,1000.0,6.25
821,1157,"iQOO Neo 10 (Titanium Chrome, 12GB RAM, 256GB Storage) | Snapdragon 8s Gen 4 Processor & SuperComputing Chip Q1 | 7000 mAh Battery | Segment’s Highest 144 FPS Gaming Smartphone","IQOO Neo 10 (Titanium Chrome, 256 GB)",33998.0,35385.0,4.3,4.5,https://www.amazon.in/iQOO-Snapdragon-Processor-SuperComputing-Smartphone/dp/B0F83GS24M/ref=sr_1_828?dib=eyJ2IjoiMSJ9.fSNj-FxQSfI8ZaNovIvJ6wNRtruoS96LDWHwa6xbMEp1NbUp9OqI98Mzs3yeOJxc_F59BmWs--PvVxp15_kN3Rg60z9NFpbRLXf1gMvUffurXLbdqqb68XjLNAz4Y5AVK2l1pLF2ERG3pfWZjJzi-9hbqCfiSsXFhmvBY_OmEoi8OMrUHeml65ACv7gbTxatLnkZu1Y6P0c3ojafdXJpjAQtdzi1GLTsmOVRTWrLt6Hz9ieoQ0gK0lQZIYLIhxbhuCjkK07WHxkSI7mre0J6U62tQ2cQcFk7uVGqItXGEAw.BX4H7jLYKyKmBe86stQZXJS73nIFNuo0_Q3-vx05QDc&dib_tag=se&qid=1759736056&s=electronics&sr=1-828&xpid=UZHjCDxPt3DrQ,https://www.flipkart.com/iqoo-neo-10-titanium-chrome-256-gb/p/itm4faf25d0485ec?pid=MOBHCGTYCGTCH5A5&lid=LSTMOBHCGTYCGTCH5A5IFE9ZC&marketplace=FLIPKART&q=mobile+phones&store=tyy%2F4io&srno=s_22_527&otracker=search&otracker1=search&fm=Search&iid=c8c7e7a0-2ea7-4bee-b1ae-1091da9de7c3.MOBHCGTYCGTCH5A5.SEARCH&ppt=sp&ppn=sp&ssid=yztzpw9ugg0000001753088014058&qH=a81ad6e72f7a2fd1,,https://rukminim2.flixcart.com/image/312/312/xif0q/mobile/h/1/p/neo-10-i2405-iqoo-original-imahcgtyezjzzest.jpeg?q=70,Mobiles,0.3447,,-1387.0,Amazon,1387.0,4.08
5778,900,Fashionury Back Cover for Samsung Galaxy M35 5G | Camera Bump Protection | Matte Soft Silicon Flexible | All Side Shock Proof Rubberised Back Case Cover for Samsung Galaxy M35 5G (Blue),"Samsung Galaxy M35 5G (Moonlight Blue, 128 GB)",141.0,16999.0,4.4,4.3,https://www.amazon.in/Fashionury-Samsung-Protection-Flexible-Rubberised/dp/B0D97VF1WZ/ref=sr_1_6212?dib=eyJ2IjoiMSJ9.iMmz-DF4yuXZH6sLJnuo4IcRt5FW9V-6OFtcSVkiuzZ03MgUfw94OME1BIzcxVgGMqT61uXoExetS36-c3itK4VCqzkpuDTPFxUeEpLd0z6K-8OS_H8WojNyKHYQT2S69TsxSzmlUG5gMXrEJwRQwhY6x5wXbN3T-7brDCyGmBUy-CillBq3h44z_hKTJZc8zKyoHnM_9COGJsd5XnN0gBwUEJoQgnF6iDFVNHJ-XaeF6XtnI4i6vno1qqbrKQKx24HSO2K5KygqLhCPblC7yFaWRw99l5mpgHD5emODRUs.0WAj5NWSwqR_llgLmjqwoFEukthYv1qgUlQEBnoNFUg&dib_tag=se&qid=1759741917&s=electronics&sr=1-6212&xpid=UZHjCDxPt3DrQ,https://www.flipkart.com/samsung-galaxy-m35-5g-moonlight-blue-128-gb/p/itme75c2fc428d00?pid=MOBH2Z9SGA8DMUG9&lid=LSTMOBH2Z9SGA8DMUG9FOQSVI&marketplace=FLIPKART&q=mobile+phones&store=tyy%2F4io&srno=s_9_212&otracker=search&otracker1=search&fm=Search&iid=542988a7-d9c6-4e1e-b1cc-fb1e0bc2dafa.MOBH2Z9SGA8DMUG9.SEARCH&ppt=sp&ppn=sp&ssid=afkuhooum80000001753087870382&qH=a81ad6e72f7a2fd1,,https://rukminim2.flixcart.com/image/312/312/xif0q/mobile/n/u/5/galaxy-m35-5g-sm-m356b-samsung-original-imah5qgyszh7ygft.jpeg?q=70,Mobiles,0.3443,samsung,-16858.0,Amazon,16858.0,11956.03
4418,836,"Motorola G64 5G (Ice Lilac, 12GB RAM, 256GB Storage) | Expandable Upto 2TB | Upto 24GB RAM with RAM Boost | 50MP (OIS) + 8MP | 16MP Front Camera | MediaTek Dimensity 7025 Processor | 6000 mAh Battery","Motorola g64 5G (Ice Lilac, 128 GB)",16989.0,13999.0,4.1,4.3,https://www.amazon.in/Motorola-Expandable-MediaTek-Dimensity-Processor/dp/B0D3BJ3719/ref=sr_1_4717?dib=eyJ2IjoiMSJ9.7_PGj09DIWSd6jKwIKu6PkNBofF-kVsK6bQx0LhZRSkDYV95-UZj-9SyluIPRNsUTW7cngsFZStbrGbk0ebL9vJY58i5Dm-P7O-h5WHVZssW8bEQHt0gs0bFLfM0u7anqKrl9skhBY9r0KREkuFjg_Ce3fXWWRBuVCjkrSqZ3JwOkOtqa26xEtd5LEIQXskIRCgEuVzuhvcESVE14Pm1JixU83N36yCaBQMV1JtjhgM9bGgLixTUzaPQfjkWyIkXoNXmJyaSuTnC6vBjAYZG2DXMVBFkgeRBfM0ZAa-l5g4.Bfo8ZkS5zWdY22yU6ob2vY1njY3hKPNCTFWWWb4ckSQ&dib_tag=se&qid=1759740048&s=electronics&sr=1-4717&xpid=UZHjCDxPt3DrQ,https://www.flipkart.com/motorola-g64-5g-ice-lilac-128-gb/p/itm36e3ccb6c9dee?pid=MOBGY2JUZHAXQ8ZG&lid=LSTMOBGY2JUZHAXQ8ZGK3CELO&marketplace=FLIPKART&q=mobile+phones&store=tyy%2F4io&srno=s_6_132&otracker=search&otracker1=search&fm=Search&iid=94d27974-1611-4942-bd78-7364d4d8c8a7.MOBGY2JUZHAXQ8ZG.SEARCH&ppt=sp&ppn=sp&ssid=i6vfru46jk0000001753087838766&qH=a81ad6e72f7a2fd1,,https://rukminim2.flixcart.com/image/312/312/xif0q/mobile/l/l/s/g64-5g-pb2e0003in-motorola-original-imagzzd3qda9rfzt.jpeg?q=70,Mobiles,0.3438,motorola,2990.0,Flipkart,2990.0,21.36
5716,727,"Amazon Brand - Solimo Back Cover Case for Motorola Moto G85 5G | 360 Degree Protection |Transparent Back Cover Case for Motorola G85 5G (PC & TPU, Black Bumper)","Motorola G85 5G (Olive Green, 128 GB)",109.0,16999.0,4.0,4.4,https://www.amazon.in/Amazon-Brand-Motorola-Protection-Transparent/dp/B0DK3QP8JJ/ref=sr_1_6148?dib=eyJ2IjoiMSJ9.lCNKwY8-jZU9qp4bX0aj1g9Q4ZEFNAoIEMwqv0OX_NTWmWzjo4hX_ox8Koan1Ju9WHvMieF3fPWpAoTAhy6DJh9l5NT0S99C8XBMWYFzyg3m9rqdVPVlbBlmErrsJf2o6ueVC-VUoI9h9oxZwz8IB_ZreeOcSqvvEIzdi_fS36Zm2sUtb_DZey1TWhDGWQ5xq6T1xBFcREyFRT2O1Y8MpUFeITNAmdHGPIPG6EcXL_PIfnYeQQsu364jTTAXTOTu11lPnqPAu1-UbtEzn_GpsahaFxiEPrjJ31FBRBmksOs.Z_Xa3zxd3mLDWUiZ99d7w8p4lqZC5Xc9A6zn4WsB0LM&dib_tag=se&qid=1759741862&s=electronics&sr=1-6148&xpid=UZHjCDxPt3DrQ,https://www.flipkart.com/motorola-g85-5g-olive-green-128-gb/p/itm897540eb01ff1?pid=MOBHY9PQMNCMDVCD&lid=LSTMOBHY9PQMNCMDVCDI6UUHQ&marketplace=FLIPKART&q=mobile+phones&store=tyy%2F4io&srno=s_1_20&otracker=search&otracker1=search&fm=organic&iid=9db23609-337f-4a77-94c6-9857bded9775.MOBHY9PQMNCMDVCD.SEARCH&ppt=sp&ppn=sp&ssid=d93jfmema80000001753087781253&qH=a81ad6e72f7a2fd1,,https://rukminim2.flixcart.com/image/312/312/xif0q/mobile/n/l/u/-original-imah2fjd7wfd9ksh.jpeg?q=70,Mobiles,0.3431,motorola,-16890.0,Amazon,16890.0,15495.41
4254,1512,"realme GT 7 (IceSense Blue,8GB+256GB) | India's 1st MediaTek Dimensity 9400e Chipset | Strongest Battery Combo 7000mAh + 120W | AI 4K 120FPS Travel Camera | 360° Cooling IceSense Design with Graphene","realme Gt 7 (Icesense Blue, 256 GB)",36998.0,39999.0,4.2,4.7,https://www.amazon.in/realme-IceSense-MediaTek-Dimensity-Strongest/dp/B0F6YPX2X5/ref=sr_1_4551?dib=eyJ2IjoiMSJ9.PcVTBpuWF4PHetKkPZDtx_5UY3Pju-UNcP41b2qp51AoismZOn1VlCsVB5C2kFB7EaNC-b9YvKQx74kV9apE20WXyDS0GONLxTSsXLxTA_rE2DQ35rxR127Dbi5YlOWj2Ur8VphQhtiuluX7jUjfHoJlRC_tVmxdqV6VsE-0KrxqvIi9Q7bzKEF1QhuHukhaiy9S1JWf6Nlil3V119mBkZlJAwRKrN0Kl1o5t7Kb6lSdaGEDCc4mD_ZFlYi4joTrDgz0rnRp0DvOqCdlSkpRD_s1YzviYFd8ziV66YnPFlk.4Too12kqG-GIghKIOa57lE2nfWbkg6n7NxoChGmKx6o&dib_tag=se&qid=1759739878&s=electronics&sr=1-4551&xpid=UZHjCDxPt3DrQ,https://www.flipkart.com/realme-gt-7-icesense-blue-256-gb/p/itm6cc8f84d92e2f?pid=MOBHCHWNFTFYCQWQ&lid=LSTMOBHCHWNFTFYCQWQ8HOP8L&marketplace=FLIPKART&q=mobile+phones&store=tyy%2F4io&srno=s_38_901&otracker=search&otracker1=search&fm=Search&iid=d11d793d-1b32-419f-a92b-850ad8de1222.MOBHCHWNFTFYCQWQ.SEARCH&ppt=sp&ppn=sp&ssid=t6vdtqbrj40000001753088284086&qH=a81ad6e72f7a2fd1,,https://rukminim2.flixcart.com/image/312/312/xif0q/mobile/r/p/m/gt-7-rmx5061-realme-original-imahchvrer2vapy2.jpeg?q=70,Mobiles,0.3427,realme,-3001.0,Amazon,3001.0,8.11
6510,1501,"Oppo F31 5G (Midnight Blue, 8GB RAM, 128GB Storage)","OPPO A5x 5G (Midnight Blue, 128 GB)",22999.0,12999.0,5.0,4.2,https://www.amazon.in/Oppo-F31-128GB-8GB-Midnight-Blue/dp/B0FP8QFLGC/ref=sr_1_6984?dib=eyJ2IjoiMSJ9.m7yD_7mLnlIsfmJlcewhQZiWsHnjwPkMKYJM8df8rtINVesYmdLZNz6w-RWJ_Wa71N2HLuYFtIf9mMp4Yi9B0cH4j02-K0qaQjC7eZGIO8WU3hZez68PpW5-wJbiQ4XRaBBt4lsetz5nM_EbxH5Qdr0el9R0L5Ujcq17pvX94EG4kt_JSDXwv-NsJOjmE_WMDiq3mmyVDgoNzenUKAXoPlkNol1crbUljNJBH34h84lxKtW94KKQW_MROU1JG-hAMwJorED1-7ezLOm0QaPF_-UFRow-JV98ZzNS6msytfM.io10I7oOjqoeyve6z8EUd-EgpHnUkBJBD6ng2cbAghc&dib_tag=se&qid=1759742875&s=electronics&sr=1-6984&xpid=UZHjCDxPt3DrQ,https://www.flipkart.com/oppo-a5x-5g-midnight-blue-128-gb/p/itm3835ee81e6b24?pid=MOBHCBRN3RB3JHEJ&lid=LSTMOBHCBRN3RB3JHEJ6Y8KMQ&marketplace=FLIPKART&q=mobile+phones&store=tyy%2F4io&srno=s_38_889&otracker=search&otracker1=search&fm=Search&iid=d11d793d-1b32-419f-a92b-850ad8de1222.MOBHCBRN3RB3JHEJ.SEARCH&ppt=sp&ppn=sp&ssid=t6vdtqbrj40000001753088284086&qH=a81ad6e72f7a2fd1,,https://rukminim2.flixcart.com/image/312/312/xif0q/mobile/c/u/o/-original-imahchfjvcuyqfqy.jpeg?q=70,Mobiles,0.3421,oppo,10000.0,Flipkart,10000.0,76.93
6182,1512,"realme GT 7 (IceSense Blue,12GB+256GB) | India's 1st MediaTek Dimensity 9400e Chipset | Strongest Battery Combo 7000mAh + 120W | AI 4K 120FPS Travel Camera | 360° Cooling IceSense Design with Graphene","realme Gt 7 (Icesense Blue, 256 GB)",39998.0,39999.0,4.2,4.7,https://www.amazon.in/realme-IceSense-MediaTek-Dimensity-Strongest/dp/B0F6YK5LLX/ref=sr_1_6639?dib=eyJ2IjoiMSJ9.taInD1rGSg0TEz-l0Lf54RAAKzNLKJrAgsODOL9b7FgQroffOR40vPl3tebq_g6I_h3hsmZgsmfX-FoFDmIChL4d5DdsUBRhgf6R2VpeVhGVVv7i7I-0O0PByXZu-_HJDrVkfxOvH3bQqKUx7aAqLJ8U99ZMTF-Fg7t0rssaZKmwd3npxN2TjNI6CzoDaXoeZEHtjm6KAnYqZ42We5Jl5vP-EdZpkoxdPFxxnbwl_8D5RaT1WxvoHt0lRWvsEYyzAQI8CZdNO6Soy5P0MD-FI31Hph2tf-H5E5FbVJF1lR4.9yHwwCRj8ruHGiWlcvNAuuzhoF4L-A-MwnfA--DEk_s&dib_tag=se&qid=1759742455&s=electronics&sr=1-6639&xpid=UZHjCDxPt3DrQ,https://www.flipkart.com/realme-gt-7-icesense-blue-256-gb/p/itm6cc8f84d92e2f?pid=MOBHCHWNFTFYCQWQ&lid=LSTMOBHCHWNFTFYCQWQ8HOP8L&marketplace=FLIPKART&q=mobile+phones&store=tyy%2F4io&srno=s_38_901&otracker=search&otracker1=search&fm=Search&iid=d11d793d-1b32-419f-a92b-850ad8de1222.MOBHCHWNFTFYCQWQ.SEARCH&ppt=sp&ppn=sp&ssid=t6vdtqbrj40000001753088284086&qH=a81ad6e72f7a2fd1,,https://rukminim2.flixcart.com/image/312/312/xif0q/mobile/r/p/m/gt-7-rmx5061-realme-original-imahchvrer2vapy2.jpeg?q=70,Mobiles,0.3412,realme,-1.0,Amazon,1.0,0.0
2923,1325,"Samsung Galaxy S24 Ultra 5G AI Smartphone with Galaxy AI (Titanium Violet, 12GB, 512GB Storage), Snapdragon 8 Gen 3, 200 MP Camera with ProVisual Engine and 5000mAh Battery","Samsung Galaxy S24 Ultra 5G (Titanium Violet, 256 GB)",94750.0,83000.0,4.5,4.6,https://www.amazon.in/Samsung-Galaxy-Smartphone-Titanium-Storage/dp/B0CS6JW9YQ/ref=sr_1_3051?dib=eyJ2IjoiMSJ9.Dt5NVAdTZc7HbBf5r-TOIICc4Mh2LnXDrLRSxbAdrvRDsKBiCIC28VV0ZF_uquBpay63wMEJDBxkYI1ISBd9aN2oruLh4fJuZLA8dW2EXk8DfmRBst5XXwLkfqgjnDVOjHwLlnyBFLqsZfzEoYcVhnIggvzHXvAF6c_ZffJpoq44W0pLVCRoeMtGnsofXrmDjOLQW97ET3wAki5Pd_VXBx8s20sGTILrv7ukOQQAvl1RxGFxSInj3u3VquqieZmpFv3Rur79k3P2oPLMMkOeAEJpQy71HfKUuh7xRqcilcQ.gzHSuSKgAChqM2V6XJhBaYyhuTpO6hdaLtqqyq4-kEg&dib_tag=se&qid=1759738304&s=electronics&sr=1-3051&xpid=UZHjCDxPt3DrQ,https://www.flipkart.com/samsung-galaxy-s24-ultra-5g-titanium-violet-256-gb/p/itmd4f51262e3e6b?pid=MOBGX2F38JBJGZSE&lid=LSTMOBGX2F38JBJGZSEYR5QKP&marketplace=FLIPKART&q=mobile+phones&store=tyy%2F4io&srno=s_30_705&otracker=search&otracker1=search&fm=Search&iid=c14999f7-a19e-4e77-9fc5-34eb37a748c2.MOBGX2F38JBJGZSE.SEARCH&ppt=sp&ppn=sp&ssid=7v2hgx3j6o0000001753088096277&qH=a81ad6e72f7a2fd1,,https://rukminim2.flixcart.com/image/312/312/xif0q/mobile/w/5/h/-original-imahyvnuta2aadbw.jpeg?q=70,Mobiles,0.3409,samsung,11750.0,Flipkart,11750.0,14.16
6971,855,"TheGiftKart Crystal Clear Back Cover Case for Samsung Galaxy A35 5G | 360 Degree Protection | Shock Proof Design | Transparent Back Cover Case for Samsung Galaxy A35 5G (PC & TPU, Transparent Bumper)","Samsung Galaxy A35 5G (Awesome Navy, 256 GB)",299.0,23999.0,4.3,4.3,https://www.amazon.in/TheGiftKart-Samsung-Galaxy-A35-Transparent/dp/B0CW1JN5SS/ref=sr_1_7509?dib=eyJ2IjoiMSJ9.3Y_3Gnh-fAI6dUcqdfXq2RKq2l6361zxoVYjQUD88K_SQ7_eC3OsJdKEnEAH9yiDo64RMXrDiP7mBkP3MyAwzEdu8xd-MX9a54Ick8pTnyD8_QCJ8iMAZnr4HsXRV76unXh0nmpHv9Xk4BApHTcjVLYrwqD_YSPkx4MCbYmyUY3_W5URQsvtrA8_MK30mW8dROp7rhzjI1miRyd-djIds6kBG32ISua_X0GpNGzACMOf6PS1fR1HFeO_cxzjzfMZ_dVCKwYfsx-rboAA9_jHzFD0PIMlOvUJ0kmHuMPKJBs.CMfWwve4DsMl0q7mgP4yJB_h58yUlD4rrhJOTd64qX0&dib_tag=se&qid=1759743533&s=electronics&sr=1-7509&xpid=UZHjCDxPt3DrQ,https://www.flipkart.com/samsung-galaxy-a35-5g-awesome-navy-256-gb/p/itm2d2e398127998?pid=MOBGYT2HEEYGMZFH&lid=LSTMOBGYT2HEEYGMZFH3U1TOF&marketplace=FLIPKART&q=mobile+phones&store=tyy%2F4io&srno=s_7_153&otracker=search&otracker1=search&fm=Search&iid=39c7c77d-e7f5-4d55-8ac8-971bf7f3649c.MOBGYT2HEEYGMZFH.SEARCH&ppt=sp&ppn=sp&ssid=oybmyd8sao0000001753087849426&qH=a81ad6e72f7a2fd1,,https://rukminim2.flixcart.com/image/312/312/xif0q/mobile/w/g/h/-original-imahbzknzpd3zwrv.jpeg?q=70,Mobiles,0.3405,samsung,-23700.0,Amazon,23700.0,7926.42
7598,1418,Redmi Note 14 Pro 5G Titan Black 8GB RAM 128GB Storage|50 MP Sony Camera Setup|Corning Gorilla Glass Victus 2 | 1.5K 3D Curved AMOLED | Mediatek Dimensity 7300- Ultra,"REDMI Note 14 5G (Titan Black, 128 GB)",21998.0,16925.0,4.0,4.3,https://www.amazon.in/Redmi-Storage-Corning-Mediatek-Dimensity/dp/B0DQVK5X4K/ref=sr_1_8202?dib=eyJ2IjoiMSJ9.YIUt3mnLc6pdq8jgZ_MyO9-w4R4r5ovm1Xr117O5OX-x9fwLKfbliE60wq_-Qdi3fG3kRIYPhXJB9EZcaprB4jKd4v0fHnd3-hA2ygjWwnwt2MZ-hcfT00BW_zPn0k7XeKEPPDqX2HPoM8tftfMfpyNQPkDu5b9pdHD3jbQddvEukApjhT4_uDPMVso3f_BmE7rI9MnTbsowIrKocGJdDblXoKc3oCDEd538YMp5RoRrQj7KijLH27xOplkOn7uxwzvawJcRhG_HjQIbdireF1u7lzea2keiRROY-v269ps.JsufAalzETILXZVqbViahuDVgYCS4mP-HWLWxeqBanU&dib_tag=se&qid=1759744404&s=electronics&sr=1-8202&xpid=UZHjCDxPt3DrQ,https://www.flipkart.com/redmi-note-14-5g-titan-black-128-gb/p/itm11a447d125328?pid=MOBH78KTASEGS2CU&lid=LSTMOBH78KTASEGS2CUBPSWWS&marketplace=FLIPKART&q=mobile+phones&store=tyy%2F4io&srno=s_34_801&otracker=search&otracker1=search&fm=Search&iid=ba77a6f1-752e-40bd-8968-b5c655b8a3c1.MOBH78KTASEGS2CU.SEARCH&ppt=sp&ppn=sp&ssid=ug23y7igqo0000001753088209917&qH=a81ad6e72f7a2fd1,,https://rukminim2.flixcart.com/image/312/312/xif0q/mobile/r/v/y/-original-imah7gbgghbsdezk.jpeg?q=70,Mobiles,0.3403,redmi,5073.0,Flipkart,5073.0,29.97
1698,63,"ZEBRONICS Zeb-Sound Bomb 1 TWS Earbuds with BT5.0, Up to 12H Playback, Touch Controls, Voice Assistant, Splash Proof with Type C Portable Charging Case (Black)","ZEBRONICS Zeb-Sound Bomb 7, TWS, 60h Backup, BT v5.2, E...",599.0,799.0,3.6,4.0,https://www.amazon.in/Zebronics-Zeb-Sound-Playback-Controls-Assistant/dp/B098XT65BC/ref=sr_1_1727?dib=eyJ2IjoiMSJ9.o77GxFopVvYXPf3bpR6wDdeep6euAtINw8nZ1Y10oL6wXOtJTC1j6_Uyj3w2lB4BX-UberVISidBK9OdOZzQi9-MI6xW8B2G4mRtr2eak4k5d8zT67uDomp9k9-QGN6B_csUhsak_foxTEf-NtthUw2e973TfhyqEkyMkapUBnFPpyPIcqKdAafOBjYD72v_nCrkB1Aq6dim_AnJFS972sMLk2vKKt-Hfx53hT77XJAar2LgCQ9CSkOeBudFC3UyakbPdnpTlsVNdMeZ2VyeU_UTxz7LbxgpKLd34hZkh2o.0n3SOjIGGeUu29ZCZ7l7vpTqCiFjY0M8BZhzj94el_c&dib_tag=se&qid=1759736906&s=electronics&sr=1-1727&xpid=UZHjCDxPt3DrQ,https://www.flipkart.com/zebronics-zeb-sound-bomb-7-tws-60h-backup-bt-v5-2-enc-rapid-charge-flash-connect-bluetooth/p/itm439e012b4ba58?pid=ACCGH2D7RDNCKCTW&lid=LSTACCGH2D7RDNCKCTWNV2JLO&marketplace=FLIPKART&q=earphones&store=0pm%2Ffcn%2F821&srno=s_3_89&otracker=search&otracker1=search&fm=Search&iid=fb4f1383-1962-4cbd-825e-0a423a0bdc78.ACCGH2D7RDNCKCTW.SEARCH&ppt=sp&ppn=sp&ssid=glmjuqed6o0000001753106012468&qH=54597ea1f2fc7f2e,,https://rukminim2.flixcart.com/image/612/612/xif0q/headphone/s/y/x/sound-7-zebronics-original-imahbb5j8ugsyyf2.jpeg?q=70,Earphones,0.3401,,-200.0,Amazon,200.0,33.39
252,1460,"Samsung Galaxy A55 5G (Awesome Navy, 8GB RAM, 256GB Storage) | AI | Metal Frame | 50 MP Main Camera (OIS) | Super HDR Video| Nightography | IP67 | Corning Gorilla Glass Victus+ | sAMOLED Display","Samsung Galaxy A55 5G (Awesome Navy, 256 GB)",25999.0,35422.0,4.2,4.3,https://www.amazon.in/Samsung-Awesome-Storage-Nightography-Corning/dp/B0CWPBBQ3M/ref=sr_1_254?dib=eyJ2IjoiMSJ9.gNOghet7pYzvbp4CYHuotsf0bxr62Wo_sx7kJwaSxTDbuJz7T1SVGJYQdUgGhl-Liewacz2rLVy-TzzX8vewiOvEdcYQieOhPL8h6NKnwAUs5Gu0RW-ifxfEyLazOVWaIGqOA7D2fjK_Z43HfLJDr9KdENQv8Yv6U8F4aXqaHJKdULPzXGl4Q7D2aT9jmTWXykZVCl3b9CBsuOm29z-mUR_RVeyo9q-KI23x38ucQ81PLKk5lRljMD1w3Mgl-S-SwK-Kx5LYDfUSXm80QautL-l5ODSEX1hc_Xwi30AxTLg.0Zj_6dbfHcA1N6IPXkvX2rMcUEPq5OfC6QYBOveuRIM&dib_tag=se&qid=1759735594&s=electronics&sr=1-254&xpid=UZHjCDxPt3DrQ,https://www.flipkart.com/samsung-galaxy-a55-5g-awesome-navy-256-gb/p/itmfb3db0f07b36b?pid=MOBGYT2HY8JZCSPW&lid=LSTMOBGYT2HY8JZCSPW8KZGEI&marketplace=FLIPKART&q=mobile+phones&store=tyy%2F4io&srno=s_36_843&otracker=search&otracker1=search&fm=Search&iid=cb80cd78-aa8b-47d5-bcd1-5ee62f38f951.MOBGYT2HY8JZCSPW.SEARCH&ppt=sp&ppn=sp&ssid=nu5401e1800000001753088265358&qH=a81ad6e72f7a2fd1,,https://rukminim2.flixcart.com/image/312/312/xif0q/mobile/q/q/t/-original-imahbzpzhcptykzf.jpeg?q=70,Mobiles,0.3401,samsung,-9423.0,Amazon,9423.0,36.24
268,1460,"Samsung Galaxy A55 5G (Awesome Navy, 8GB RAM, 128GB Storage) | AI | Metal Frame | 50 MP Main Camera (OIS) | Super HDR Video| Nightography | IP67 | Corning Gorilla Glass Victus+ | sAMOLED Display","Samsung Galaxy A55 5G (Awesome Navy, 256 GB)",23999.0,35422.0,4.2,4.3,https://www.amazon.in/Samsung-Awesome-Storage-Nightography-Corning/dp/B0CWPDH74H/ref=sr_1_270?dib=eyJ2IjoiMSJ9.tcTvpFBIW8wLOY1LEryDlwwEiCZ1OrYb0cqrkwUc1psMCxbhJmwP7zochVHLE4mLsAwsGCA2pjOKpXrhw2gHM3SZXRDsZ9JC8AJPacc_ML_Mk69JBCKvzSWhHjB4cKFZ0OHIMxeG2km-wU55DR9LEkjdyzZjG7Ed6y8TXTPUzcRjL6Ie660grsy2qbGAOnfwj1H5yq5EPNUzDIfOl3XLGVeaDA_zaZWjH7STInflaYFLnXjCRDS-iTnPFERchOmA2rQI0A8aUnf2XvHqkbdfyreNDgtktUgb6gMr90KTzd8.auM2UoHW140ioob6Htpybxiwf1je9FwYPTNzxyEkSaY&dib_tag=se&qid=1759735616&s=electronics&sr=1-270&xpid=UZHjCDxPt3DrQ,https://www.flipkart.com/samsung-galaxy-a55-5g-awesome-navy-256-gb/p/itmfb3db0f07b36b?pid=MOBGYT2HY8JZCSPW&lid=LSTMOBGYT2HY8JZCSPW8KZGEI&marketplace=FLIPKART&q=mobile+phones&store=tyy%2F4io&srno=s_36_843&otracker=search&otracker1=search&fm=Search&iid=cb80cd78-aa8b-47d5-bcd1-5ee62f38f951.MOBGYT2HY8JZCSPW.SEARCH&ppt=sp&ppn=sp&ssid=nu5401e1800000001753088265358&qH=a81ad6e72f7a2fd1,,https://rukminim2.flixcart.com/image/312/312/xif0q/mobile/q/q/t/-original-imahbzpzhcptykzf.jpeg?q=70,Mobiles,0.3401,samsung,-11423.0,Amazon,11423.0,47.6
667,19,"ZEBRONICS Bro in Ear Wired Earphones with Mic, 3.5mm Audio Jack, 10mm Drivers, Phone/Tablet Compatible (Black)","ZEBRONICS ZEB-BRO, With In-Line MiC, 3.5mm Jack, 10mm d...",99.0,159.0,3.5,3.7,https://www.amazon.in/ZEBRONICS-Earphones-Drivers-Tablet-Compatible/dp/B07T5DKR5D/ref=sr_1_671?dib=eyJ2IjoiMSJ9.1Qb5WCkhVbEHEenAQjIczSuyxXnkzxvIJIFrThDdwON1LYUmp4t1FQib_wgND4AHZ8loPhBNojr-IzvXfS_QITRe89p9Bkq7HqKDUUcqudsDfwgIaUZbuTU6ujIdNy2weWaY6B5u51QWPhbdQ83GgJv8k-UCCtWClNS3ODm4Dypb85a6iVypperIehsFl5aoAkBJVho-QKLbH1iaDV2KgiJe2xY-FyxFpCkhjHVG6R-3z2vW7LMm_Ju54y7NlkUEGm3dDqAYWkr_fL-qupTqXIq0J6n6SrMUBgQyTa0xdLI.yYSolL4HUYUGo0NhB_hISMC810WfPN3gfzEOzTGoRRU&dib_tag=se&qid=1759735918&s=electronics&sr=1-671&xpid=UZHjCDxPt3DrQ,https://www.flipkart.com/zebronics-zeb-bro-in-line-mic-3-5mm-jack-10mm-drivers-compatible-phone-tablet-wired/p/itm8b078070391e2?pid=ACCGG6NAUNJKDPYG&lid=LSTACCGG6NAUNJKDPYGRNBWR5&marketplace=FLIPKART&q=earphones&store=0pm%2Ffcn%2F821&srno=s_1_20&otracker=search&otracker1=search&fm=Search&iid=d8eda83d-c160-45b0-9bae-1ca6cdba734a.ACCGG6NAUNJKDPYG.SEARCH&ppt=sp&ppn=sp&ssid=0fz6yk2yc00000001753105988574&qH=54597ea1f2fc7f2e,,https://rukminim2.flixcart.com/image/612/612/xif0q/headphone/x/f/r/-original-imahfpmehbsghzyj.jpeg?q=70,Earphones,0.3401,,-60.0,Amazon,60.0,60.61
8550,755,"amazon basics Luxury Paper Thin Case Cover for Oppo Reno 14 5G | Matte Finish | Compatible with magsafe | (Blue, Oppo Reno 14 5G)","OPPO Reno 12 5G (Matte Brown, 256 GB)",249.0,19999.0,4.4,4.4,https://www.amazon.in/amazon-basics-Oppo-Reno-14/dp/B0FJMBCDDK/ref=sr_1_9228?dib=eyJ2IjoiMSJ9.dhzlb9bOUj6-iTUkfHUr6CayHxxUTDJQLVO94Yp8dwoD24VBpndYY_PdX4o80g3nORBURsaQu5eY4rVAM-weEn9VMY5EPzTQoFIZpahoa_nv62Q6vxwFhlXJr3O0mDFu8Ak9l174KLCHclTP_nTR7X3eDGUg7E9hGePtxEbkm4cauOOWAEpR1QczkBjJ1X3rFX53SivM_cDDQFzw2yR17VHM05nsQ5gbU0BgEmvEgSQJdz9DLb3wo4Q25LSSB1iGnVPqvZzeEbQnjgqOFdb_xoCg5kHxocJZ7EPGRwkvSHo.FbMtC4pLck15-uNmg7PORsGLPMHa5EI_EbdWGU1YqV8&dib_tag=se&qid=1759745670&s=electronics&sr=1-9228&xpid=UZHjCDxPt3DrQ,https://www.flipkart.com/oppo-reno-12-5g-matte-brown-256-gb/p/itmaa6baddef2662?pid=MOBH2AHZGJBSPDGA&lid=LSTMOBH2AHZGJBSPDGAQW2GCX&marketplace=FLIPKART&q=mobile+phones&store=tyy%2F4io&srno=s_2_48&otracker=search&otracker1=search&fm=Search&iid=8d7c571b-51b2-486f-84fa-7a4b81c5b634.MOBH2AHZGJBSPDGA.SEARCH&ppt=sp&ppn=sp&ssid=bcitpmhteo0000001753087794733&qH=a81ad6e72f7a2fd1,,https://rukminim2.flixcart.com/image/312/312/xif0q/mobile/h/o/n/-original-imah3cmbywjrzud3.jpeg?q=70,Mobiles,0.3399,oppo,-19750.0,Amazon,19750.0,7931.73
8219,42,"Skullcandy Jib In-Ear Wired Earbuds with Mic – Supreme Sound, Comfortable Silicone Ear Gels, Noise Isolating Fit, Hands-Free Calling, 3.5mm Jack Compatible with Smartphones Tablets Laptops, Gray Miami","Jib Wired Earbuds with Microphone, Noise Isolating Fit,...",399.0,549.0,4.0,4.0,https://www.amazon.in/Skullcandy-Earbuds-Microphone-Bluetooth-Computers/dp/B07DGPSWY3/ref=sr_1_8864?dib=eyJ2IjoiMSJ9.8tlmyrAlHFtMCksiuQT9PRMoaUZdPBNegN7xgsFSORsW1naBSL5hPqtm7PgmOnaJNEL6WqnjZ6liepjDkvS3CNFLthiSRyOdgcEpFfsNbcJZTMhC_mTgrXZrJsnz0m1UnGogB-yYSxgvtSm_-_YShsCpl1NBhZn-dktoKIT9GJERsPuDy-SbLvpBFQu3eAXoZ24J1gr-4faj0uNrRqh6avcEFkDJo3hjASYi0dNQnhY4Cj37ufdE18f3srEdDUDxEdLPDOm4NBMI9ImAoMU5_AHQqX6aR6b3eGfRWc3lE8w.skKoJO37Iekxx4WkG3zRgT7BcrNjcgXulC9SV3pLiCo&dib_tag=se&qid=1759745228&s=electronics&sr=1-8864&xpid=UZHjCDxPt3DrQ,https://www.flipkart.com/jib-wired-earbuds-microphone-noise-isolating-fit-call-track-control/p/itmead37fa9faecb?pid=ACCF6C86FVXGXUNJ&lid=LSTACCF6C86FVXGXUNJ52ORM3&marketplace=FLIPKART&q=earphones&store=0pm%2Ffcn%2F821&srno=s_2_55&otracker=search&otracker1=search&fm=Search&iid=2247ad38-0720-420a-95b4-87dd49456845.ACCF6C86FVXGXUNJ.SEARCH&ppt=sp&ppn=sp&ssid=wtbp0vyn3k0000001753106001023&qH=54597ea1f2fc7f2e,,https://rukminim2.flixcart.com/image/612/612/xif0q/headphone/0/x/f/-original-imah97hjzgx8bvpf.jpeg?q=70,Earphones,0.3398,noise,-150.0,Amazon,150.0,37.59
4850,1040,"GadgetBite Orbix Camera Lens Protector for iPhone 16 Pro/Pro Max (6.3""/6.9""), Tempered Glass Lens Ring Cover (Desert Titanium)","Apple iPhone 16 Pro Max (Desert Titanium, 256 GB)",91.0,135900.0,3.9,4.7,https://www.amazon.in/GadgetBite-Camera-Protector-Tempered-Titanium/dp/B0DGXL5RMF/ref=sr_1_5201?dib=eyJ2IjoiMSJ9.soKtMA-UYpTIXiIIfKCBtNzdjLfhfW94pCor3v8XdMxTOGLoevuVTlm3mXVqRPlFd6JMBFsIxuRQYVZgzwyK04k8C7irKl7AQN-k2GNIB0oWxFa2zoqEr9E3h60aWeYVEkZREwSopn8ZIjNirLk8iPqkhSglotmiYwswVmbWGwssNlgxV7kXrZOjS8nyjisOylZOpnWn4J-B7nQNwH-DdLAZNX0jvvhtp6bh9q83PZufzp7JoGHykxl60uZSaCNlLpZEy6a2hT0ZXcq1cIaEC4kOoAnklyU5iBJunAf1AZs.okl8d3Znn3NRhde0ujRKSF54fekO1x25jjzWMt1wMWw&dib_tag=se&qid=1759740658&s=electronics&sr=1-5201&xpid=UZHjCDxPt3DrQ,https://www.flipkart.com/apple-iphone-16-pro-max-desert-titanium-256-gb/p/itmb102b8a51100e?pid=MOBH4DQFTQHZAKAF&lid=LSTMOBH4DQFTQHZAKAFRC45AZ&marketplace=FLIPKART&q=mobile+phones&store=tyy%2F4io&srno=s_17_393&otracker=search&otracker1=search&fm=Search&iid=29acadd6-675d-4fbd-b6d4-17adbf815adc.MOBH4DQFTQHZAKAF.SEARCH&ppt=sp&ppn=sp&ssid=i1kz7bblo00000001753087954629&qH=a81ad6e72f7a2fd1,,https://rukminim2.flixcart.com/image/312/312/xif0q/mobile/x/v/y/-original-imah4jz66dmcwhmd.jpeg?q=70,Mobiles,0.3392,,-135809.0,Amazon,135809.0,149240.66
7417,755,"amazon basics Luxury Paper Thin Case Cover for Oppo Reno 14 5G | Matte Finish | Compatible with magsafe | (White, Oppo Reno 14 5G)","OPPO Reno 12 5G (Matte Brown, 256 GB)",249.0,19999.0,4.2,4.4,https://www.amazon.in/amazon-basics-Oppo-Reno-14/dp/B0FJM5MLDG/ref=sr_1_8007?dib=eyJ2IjoiMSJ9.1O6JCdh8taSduqov5Q-scsfZPMp4rA9y5JesPm5zjBFua3NqaIHEPwzQzTRq-1_cvN324_auMxlBpgq_qf-_a1A-SFu_iY1l5Wbij0semQlwhcDbUzPDNJ6BD5WwILQ8Yjw31Hp9E-lSALXJTACCrAfszPd-HRVG5B_ZrzjgbJD6qyeSFrClDT4kPf5pVoGwEUHxwBn8_qg71AmHyC3_l5uGR9UaRzRSoPM8D5PmWKTfbuMqL5MRrYrrSJDK-J46Hvi7GYI8fD4Uf7vCJ5JbAcSQosduOWb7hMCkuOk5MHM.FYySJ_s2XXsZT4YMBzXVJ_beex42zZKrwhquU90QMEY&dib_tag=se&qid=1759744144&s=electronics&sr=1-8007&xpid=UZHjCDxPt3DrQ,https://www.flipkart.com/oppo-reno-12-5g-matte-brown-256-gb/p/itmaa6baddef2662?pid=MOBH2AHZGJBSPDGA&lid=LSTMOBH2AHZGJBSPDGAQW2GCX&marketplace=FLIPKART&q=mobile+phones&store=tyy%2F4io&srno=s_2_48&otracker=search&otracker1=search&fm=Search&iid=8d7c571b-51b2-486f-84fa-7a4b81c5b634.MOBH2AHZGJBSPDGA.SEARCH&ppt=sp&ppn=sp&ssid=bcitpmhteo0000001753087794733&qH=a81ad6e72f7a2fd1,,https://rukminim2.flixcart.com/image/312/312/xif0q/mobile/h/o/n/-original-imah3cmbywjrzud3.jpeg?q=70,Mobiles,0.339,oppo,-19750.0,Amazon,19750.0,7931.73
6655,855,amazon basics Back Case Cover for Samsung Galaxy A35 5G (TPU + PC_Transparent),"Samsung Galaxy A35 5G (Awesome Navy, 256 GB)",209.0,23999.0,4.2,4.3,https://www.amazon.in/Amazon-Basics-Samsung-Galaxy-PC_Transparent/dp/B0CSPDBB7Q/ref=sr_1_7135?dib=eyJ2IjoiMSJ9.iJxoqFq2hBQb0VhdwVJ81gAEunbyt5RGI9F1UrY0W4m7wmnSEPKdQeynbFdXzEsxilm0PawU6cAV_deMVJLXlNO-hw49RCO8MYe2DK0tg1qnfF4myaUgZYC1pSteqDORwEigzZloBn7TKcdCirmkzbbDR9KIYsvKLr6iQE-KXBTuw-Sz-3btZ7XN-a4xZS3_dXwZ2xdNYenN7nGoVFOf1ElffLzjY5C7cJ3wvmEqafHDWJ0WG6c7WCyaWEE9pK6LRVXxGjkZ44XqgmzvD_TWA_-9-buyD7JydzFwyGx8paY.b5YN9B85ehftfUQ2TDqmv7h9GTzUMLIlFA6rz3BRPaQ&dib_tag=se&qid=1759743091&s=electronics&sr=1-7135&xpid=UZHjCDxPt3DrQ,https://www.flipkart.com/samsung-galaxy-a35-5g-awesome-navy-256-gb/p/itm2d2e398127998?pid=MOBGYT2HEEYGMZFH&lid=LSTMOBGYT2HEEYGMZFH3U1TOF&marketplace=FLIPKART&q=mobile+phones&store=tyy%2F4io&srno=s_7_153&otracker=search&otracker1=search&fm=Search&iid=39c7c77d-e7f5-4d55-8ac8-971bf7f3649c.MOBGYT2HEEYGMZFH.SEARCH&ppt=sp&ppn=sp&ssid=oybmyd8sao0000001753087849426&qH=a81ad6e72f7a2fd1,,https://rukminim2.flixcart.com/image/312/312/xif0q/mobile/w/g/h/-original-imahbzknzpd3zwrv.jpeg?q=70,Mobiles,0.3387,samsung,-23790.0,Amazon,23790.0,11382.78
604,1460,"Samsung Galaxy A55 5G (Awesome Navy, 12GB RAM, 256GB Storage) | AI | Metal Frame | 50 MP Main Camera (OIS) | Super HDR Video| Nightography | IP67 | Corning Gorilla Glass Victus+ | sAMOLED Display","Samsung Galaxy A55 5G (Awesome Navy, 256 GB)",28999.0,35422.0,4.2,4.3,https://www.amazon.in/Samsung-Awesome-Storage-Nightography-Corning/dp/B0CWPD9PTK/ref=sr_1_606?dib=eyJ2IjoiMSJ9.MwFb8rAFKxXE3DC2k_spA4ho6mzWqIQL3mW8Ep6Q8Q6VTRxYoNqHxeZfZEjkf-quhRGQfgKJNE8-eM7oJITziFXcpMzzKOr4J0iC2-ui_zO11jOCm6V3eFGD7-RUPZyNr9-INxnDddvkEb0yGYNht3EOSTG7J_dDYME86geQln8wOtH8AO0VvZaosNkLqmlXgBHwxrE5gnK1CuO1HhgQvZP4ZX4b-l84p98zXbqVJlOnRr7tlI50p8fo3AG6BBfvUC9d7A9JkFWyLtygbcAw1WEyu51pXX9kqcDkEZXSZF0.1yxK1TsNW2dFiNl_wWclRcOYzO1NjhaKXe4xiEcXKkA&dib_tag=se&qid=1759735878&s=electronics&sr=1-606&xpid=UZHjCDxPt3DrQ,https://www.flipkart.com/samsung-galaxy-a55-5g-awesome-navy-256-gb/p/itmfb3db0f07b36b?pid=MOBGYT2HY8JZCSPW&lid=LSTMOBGYT2HY8JZCSPW8KZGEI&marketplace=FLIPKART&q=mobile+phones&store=tyy%2F4io&srno=s_36_843&otracker=search&otracker1=search&fm=Search&iid=cb80cd78-aa8b-47d5-bcd1-5ee62f38f951.MOBGYT2HY8JZCSPW.SEARCH&ppt=sp&ppn=sp&ssid=nu5401e1800000001753088265358&qH=a81ad6e72f7a2fd1,,https://rukminim2.flixcart.com/image/312/312/xif0q/mobile/q/q/t/-original-imahbzpzhcptykzf.jpeg?q=70,Mobiles,0.3381,samsung,-6423.0,Amazon,6423.0,22.15
2585,50,"Portronics Conch Theta L 8 Pin Wired Earphone with in Line HD Mic, Powerful Audio, 14.2mm Driver, Unique Earbuds Design, TPE Anti Tangle Wire, in line Controls, Wide Compatibility(White)",Portronics Conch Theta C Type C Wired Earphone With HD ...,449.0,297.0,2.8,4.1,https://www.amazon.in/Portronics-Earphone-Powerful-Controls-Compatibility/dp/B0F9FR9HJY/ref=sr_1_2648?dib=eyJ2IjoiMSJ9.NTOOkISK8cn9oUGN4YdrZGZJEkszrzSWcvxOw8ytmfkakBBtHC4iK1CW7uXmxImFcz9hbS1dpsXc0KRBzQHK69eNH7XbI-lyI_HiAVzZ6c-Oh-r1dlv-esPJxRM0yK31UWTAl8w4LgypRg4HRzBFwiYaa-YG3bFHcgbB334lhqLpuESdKtySY_EB2WH-yvDjbHQHPlW265roymm0XauKybxccPwnj_M9eWLVPnv7MVTXTFVldSo3bp-ZXvpfqULRsbMQVtU8lYYUhhPkoYC0t_tQ6y5MNE_pAN2ms7ZsANs.0yr1iOmjmSikknOovlBNd8YgafRBIuNHShGAUPPimWs&dib_tag=se&qid=1759737878&s=electronics&sr=1-2648&xpid=UZHjCDxPt3DrQ,https://www.flipkart.com/portronics-conch-theta-c-type-wired-earphone-hd-quality-in-line-mic-14-2mm-driver/p/itm3a6311fa66105?pid=ACCH3ZTK9HSYJNZA&lid=LSTACCH3ZTK9HSYJNZA7QB60X&marketplace=FLIPKART&q=earphones&store=0pm%2Ffcn%2F821&srno=s_2_71&otracker=search&otracker1=search&fm=Search&iid=2247ad38-0720-420a-95b4-87dd49456845.ACCH3ZTK9HSYJNZA.SEARCH&ppt=sp&ppn=sp&ssid=wtbp0vyn3k0000001753106001023&qH=54597ea1f2fc7f2e,,https://rukminim2.flixcart.com/image/612/612/xif0q/headphone/n/e/9/conch-theta-c-type-c-wired-earphone-with-hd-quality-in-line-mic-original-imah3ztgu7cmfuqq.jpeg?q=70,Earphones,0.3377,portronics,152.0,Flipkart,152.0,51.18
3448,370,"Portronics Conch Kappa C in Ear Type C Wired Earphones with In Line HD Mic, Powerful Audio, 14.2mm Dynamic Driver, Unique Earbuds Design,TPE Anti Tangle Wire,In line Controls,Wide Compatibility(White)",Portronics Conch Kappa in Ear 3.5mm Wired Earphones wit...,284.0,299.0,3.9,4.0,https://www.amazon.in/Portronics-Earphones-Powerful-Controls-Compatibility/dp/B0F6XJCT9C/ref=sr_1_3630?dib=eyJ2IjoiMSJ9.gw-9tBR9dP7Vms2CJ2wkV5I-fD9MfhlIPvbVEq9Pni8HBC5lQrepb2F4yIee_ouNx6CeDdClExOGRbW6mKi9q-d02McgCijZQxj_FNPtmJIyAFtIBp20BJgvLYaBGGj6CjT1_FDGZ5OvrIBhmYPLnLIVSoVAskOpg_QVMgQiB3vrhO12-odhhr-mRyePaF2eEJ5HtEgm4AQEpy2QKBVOhamYUGLV1i-SVn0dKXkLmEPkoZOTQS0Z-rAe61AIHl0edFR19kleJ7n1YY__cG7P5Pb-9JxVn2NW7iK2H3uxikI.J6tCSqslMMk5C5tnfSJ-D66s9fkbfUHO20tbvdPlTik&dib_tag=se&qid=1759738916&s=electronics&sr=1-3630&xpid=UZHjCDxPt3DrQ,https://www.flipkart.com/portronics-conch-kappa-ear-3-5mm-wired-earphones-line-hd-mic-powerful-audio/p/itmb8ebc14be1bd6?pid=ACCHBR2K838DYA3E&lid=LSTACCHBR2K838DYA3ELE6AOW&marketplace=FLIPKART&q=earphones&store=0pm%2Ffcn%2F821&srno=s_25_996&otracker=search&otracker1=search&fm=Search&iid=cd742a2d-3533-4018-9d12-2b81b6ffc3e6.ACCHBR2K838DYA3E.SEARCH&ppt=sp&ppn=sp&ssid=4lofaucmfk0000001753106637400&qH=54597ea1f2fc7f2e,,https://rukminim2.flixcart.com/image/612/612/xif0q/headphone/h/3/p/conch-kappa-in-ear-3-5mm-wired-earphones-with-in-line-hd-mic-original-imahbrufvp5snf2y.jpeg?q=70,Earphones,0.3376,portronics,-15.0,Amazon,15.0,5.28
3753,333,"NEWTECHNO Compatible for AirPods Pro 2 Case (2nd/1st Gen), Military Grade Airpods pro 2nd Generation Case,Hard Shell Full-Body Protective Case Cover with Keychain(2023/2022/2019) Black",Apple AirPods Pro (2nd generation) Bluetooth,299.0,24990.0,4.4,4.3,https://www.amazon.in/NEWTECHNO-Compatible-Generation-Full-Body-Protective/dp/B0D35BVFYM/ref=sr_1_3990?dib=eyJ2IjoiMSJ9.oX6vTB0sq5XJH_BDotZfApE42zLlqsraaY7izfdBk09Xz1RzhwoYC_U0VVbIm2PIc1ELsJwU8nGyXD6HLQ3kfFlpZmfUpSUPo2fenFd30V_LaKdcgKT8IOik4Cav07LqH7skzu-uxZruwX32Jyd3ZemtsChsS2jSzEYdi31Nhf-JTuNquL6sjCBwfsZoxgJj9gSQwlEG_k89drznJbMU_N4jKearSNaI5dC490ImUGclaJjhPmpnDxts00WI0Q4vU6A_34TDqciOPQCnMJW_RuFrRpeFtcFtSWfuAFNxxxw.mjk9hGq2ONOaZWPKEblu7LnPLzeiABzzKpgSioJTEww&dib_tag=se&qid=1759739297&s=electronics&sr=1-3990&xpid=UZHjCDxPt3DrQ,https://www.flipkart.com/apple-airpods-pro-2nd-generation-bluetooth/p/itme8963259e9935?pid=ACCHAGBGS9SQEMPT&lid=LSTACCHAGBGS9SQEMPTKMPNZ8&marketplace=FLIPKART&q=earphones&store=0pm%2Ffcn%2F821&srno=s_23_915&otracker=search&otracker1=search&fm=Search&iid=1af41a8c-3b1e-46e9-899a-40b63b6e694f.ACCHAGBGS9SQEMPT.SEARCH&ppt=sp&ppn=sp&ssid=3fou8h7ik00000001753106572311&qH=54597ea1f2fc7f2e,,https://rukminim2.flixcart.com/image/612/612/xif0q/headphone/a/q/r/-original-imahahbzbyazrwxj.jpeg?q=70,Earphones,0.3366,,-24691.0,Amazon,24691.0,8257.86
3159,1557,"realme GT 7 (IceSense Black,8GB+256GB) | India's 1st MediaTek Dimensity 9400e Chipset | Strongest Battery Combo 7000mAh + 120W | AI 4K 120FPS Travel Camera | 360° Cooling IceSense Design with Graphene","realme Gt 7 (Icesense Black, 256 GB)",36998.0,39999.0,4.2,4.7,https://www.amazon.in/realme-IceSense-MediaTek-Dimensity-Strongest/dp/B0F6YNLBBK/ref=sr_1_3323?dib=eyJ2IjoiMSJ9.rxwyfzwVJYVKBewk34ruGr2oViMbGT9Un86ECg_tyGvdI_lqd81T8AgzusZloMxqEokGeK0cYITaZUNLDVhXvCaa1dk_ad9dDnhKT7Tlp2833gnZ5576s1V75qFUzy1HYTVEkSzcdXApJMH1413G4vExDBG8Nffk8MHD2a8bE1R8Fa1a8o7d7hd8ukv2PTbkr5gaRLPA0N6nbyVS3a92XQVkJd_rQ9mcgQwJpWb9xJE80CPb4wAQBxocYLAR55hJJ1zt_IQJzEg-OWGY0mtDi6czUP9HRKifA5ZkKmPmxC8.Ft3WD50tDud7nAadVsPD9KHoI9CSld-ponVImrvI1YM&dib_tag=se&qid=1759738592&s=electronics&sr=1-3323&xpid=UZHjCDxPt3DrQ,https://www.flipkart.com/realme-gt-7-icesense-black-256-gb/p/itm6cc8f84d92e2f?pid=MOBHCZYZJZ9VYSQ2&lid=LSTMOBHCZYZJZ9VYSQ2GBBR0A&marketplace=FLIPKART&q=mobile+phones&store=tyy%2F4io&srno=s_40_949&otracker=search&otracker1=search&fm=Search&iid=c79b484f-fc28-42b6-86b9-0d04a11a0634.MOBHCZYZJZ9VYSQ2.SEARCH&ppt=sp&ppn=sp&ssid=qfsfhc545s0000001753088302629&qH=a81ad6e72f7a2fd1,,https://rukminim2.flixcart.com/image/312/312/xif0q/mobile/c/n/x/gt-7-rmx5061-realme-original-imahczynyhrspysr.jpeg?q=70,Mobiles,0.3353,realme,-3001.0,Amazon,3001.0,8.11
1730,959,"Samsung Galaxy S24 FE 5G (Graphite, 8GB RAM, 256GB Storage) | Exynos 2400e Processor | Dynamic AMOLED Display | Dual Nano-SIM | 4700mAh Battery","Samsung Galaxy S24 FE 5G (Graphite, 128 GB)",37300.0,59999.0,4.4,4.5,https://www.amazon.in/Galaxy-S24-FE-Graphite-Processor/dp/B0F1YQDGL9/ref=sr_1_1760?dib=eyJ2IjoiMSJ9.GeL9WygVTTkix-pezIfcHCm9yfkPvdj0jfCrs_w1OqWQ2y5tX1KLtvrR4_VSyew3VaqrG-DhR6ComIr9cvV8EF-mgePfAcoEmiLaGF1Ppx9RUl25uBI1_TiKnlxz96a1bJFmjC2-BOcYLO8wT3NHLpzBTA17UwTfbX3JUYVaqYVN3elbJWyQW_OjCmKBnwf5QAYAN4x-wcw16N0fNQjVkaDzAf1Dc2w5j5CtC6PWZf3he0YtCdSgH34nCGp5kqPstFJsGcGxJZmsW3H0UdSUw_EVKipMGGq4hdOdU7_rWSA.w3d1fn_uRNGfU4ArnemjdG7v0znso_wJCnacXilkuK8&dib_tag=se&qid=1759736961&s=electronics&sr=1-1760&xpid=UZHjCDxPt3DrQ,https://www.flipkart.com/samsung-galaxy-s24-fe-5g-graphite-128-gb/p/itme960199e26f23?pid=MOBH4ZG33EBNZKS7&lid=LSTMOBH4ZG33EBNZKS751CITE&marketplace=FLIPKART&q=mobile+phones&store=tyy%2F4io&srno=s_13_298&otracker=search&otracker1=search&fm=Search&iid=f7119de3-df5b-49d9-9ef6-095197c85fba.MOBH4ZG33EBNZKS7.SEARCH&ppt=sp&ppn=sp&ssid=gce703p29c0000001753087912223&qH=a81ad6e72f7a2fd1,,https://rukminim2.flixcart.com/image/312/312/xif0q/mobile/n/y/y/-original-imahcfwmhfccryad.jpeg?q=70,Mobiles,0.3352,samsung,-22699.0,Amazon,22699.0,60.86
427,19,"ZEBRONICS Bro in Ear Wired Earphones with Mic, 3.5mm Audio Jack, 10mm Drivers, Phone/Tablet Compatible (Green)","ZEBRONICS ZEB-BRO, With In-Line MiC, 3.5mm Jack, 10mm d...",99.0,159.0,3.5,3.7,https://www.amazon.in/ZEBRONICS-Zeb-Bro-Earphones-Compatible-Green/dp/B09R24JBYV/ref=sr_1_429?dib=eyJ2IjoiMSJ9.htz6kPdETUnw3jtPo5jGc6JToyEbo2IE9CY53YMpImD1uODO9aNGrHg-MEaRpKsM2Ckf1S5dnFjO_fMlII_iW0d1SORPnxp7NUX5IllLvtVGVUiAuMQuASyO7a-bz_GKzKjjjzjN5pTYh3EKi79BX4Csp_Y-mbW53Dewr4dVRdRjFeMIxgJzPmS0iUHM-RhydeBiyt1P3qLWvEud37DlaGuns5fZb6RIdgotuD1Vw3CG_Y6n8_EPckSTMoiNIldNNlqLwhCQe0K-2bp33JJscdProbikmiMjsOu8igjfXBM.K5dquWUr7k2EvG-e95SmkO0VRpo2n0ELolglZvM6Pbk&dib_tag=se&qid=1759735727&s=electronics&sr=1-429&xpid=UZHjCDxPt3DrQ,https://www.flipkart.com/zebronics-zeb-bro-in-line-mic-3-5mm-jack-10mm-drivers-compatible-phone-tablet-wired/p/itm8b078070391e2?pid=ACCGG6NAUNJKDPYG&lid=LSTACCGG6NAUNJKDPYGRNBWR5&marketplace=FLIPKART&q=earphones&store=0pm%2Ffcn%2F821&srno=s_1_20&otracker=search&otracker1=search&fm=Search&iid=d8eda83d-c160-45b0-9bae-1ca6cdba734a.ACCGG6NAUNJKDPYG.SEARCH&ppt=sp&ppn=sp&ssid=0fz6yk2yc00000001753105988574&qH=54597ea1f2fc7f2e,,https://rukminim2.flixcart.com/image/612/612/xif0q/headphone/x/f/r/-original-imahfpmehbsghzyj.jpeg?q=70,Earphones,0.3345,,-60.0,Amazon,60.0,60.61
4346,19,"ZEBRONICS Bro in Ear Wired Earphones with Mic, 3.5mm Audio Jack, 10mm Drivers, Phone/Tablet Compatible (RED)","ZEBRONICS ZEB-BRO, With In-Line MiC, 3.5mm Jack, 10mm d...",99.0,159.0,3.5,3.7,https://www.amazon.in/ZEBRONICS-Zeb-Bro-Earphones-Drivers-Compatible/dp/B09PV1DFNJ/ref=sr_1_4644?dib=eyJ2IjoiMSJ9.AMCU9NsqNNUbCkZD-mYgVMy2AEEzr5TZg1fpqzKqi6m_DnHIkEfviY1_baEVdKJTBMHoyq-NWQmTqMD0wXja-BCcrWueVAVtenaG8DJsacIm_sg7eb5MupyYwwmdRdw7QEvc91IiBMnSOAVH6tF_5-A-Vj-qUaN6ojMsJJHsI5-Yzqoa4NpMmMjrrdSiRlW9aHDR-AArWi0NEYGDAndaWboHe5K6JHL4-Pb-TZp5qqoIbe7ujOZWwAvoubg15xHmTta9m53-ppei0kCr5yLnAMq2wMsf7m1soPU8m1rTNdI.nE1ZEOx6kpViORCxhyBiMhye3d5spA80ol4teiVS_sw&dib_tag=se&qid=1759739971&s=electronics&sr=1-4644&xpid=UZHjCDxPt3DrQ,https://www.flipkart.com/zebronics-zeb-bro-in-line-mic-3-5mm-jack-10mm-drivers-compatible-phone-tablet-wired/p/itm8b078070391e2?pid=ACCGG6NAUNJKDPYG&lid=LSTACCGG6NAUNJKDPYGRNBWR5&marketplace=FLIPKART&q=earphones&store=0pm%2Ffcn%2F821&srno=s_1_20&otracker=search&otracker1=search&fm=Search&iid=d8eda83d-c160-45b0-9bae-1ca6cdba734a.ACCGG6NAUNJKDPYG.SEARCH&ppt=sp&ppn=sp&ssid=0fz6yk2yc00000001753105988574&qH=54597ea1f2fc7f2e,,https://rukminim2.flixcart.com/image/612/612/xif0q/headphone/x/f/r/-original-imahfpmehbsghzyj.jpeg?q=70,Earphones,0.3336,,-60.0,Amazon,60.0,60.61
67,76,"realme Buds T310 True Wireless in-Ear Earbuds with 46dB Hybrid ANC, 360° Spatial Audio, 12.4mm Dynamic Bass Driver, Upto 40Hrs Battery and Fast Charging (Vibrant Black)","realme Buds T310 with 12.4mm Driver, 46dB ANC, Spatial ...",1999.0,2199.0,4.2,4.3,https://www.amazon.in/realme-Wireless-Earbuds-Spatial-Charging/dp/B0DBGP48NW/ref=sr_1_68?dib=eyJ2IjoiMSJ9.1MFZWEwRgAgMZLnApgJouw0FAAL-Lssa65gWQHos3288PJfyNGvWsXRJ_4BiWr2njJYc7-RypsKzxllCqhrGvdMcJm4kRGD2eXrVsRThqfIVRbXo-6lAXP7tIkpN7u9Axd4XR7CwntbrTXiqkxwl4HtbV3SGrogz_qA_ySXB5mz4JMRK5122LMtAu_6wq1eT6ak95xZA0aPBKGZ0TJLP0XxMiSxAtdCHjkKi7vWZDOA8pdV4RTXyRn8Gl7Y69t61wdzWKoO3ljjH6O8xok2B4etwjnBGaPeo1gcgt6OIGho.XZliSz-kM9oAZF6zPTjRJiZxK6xqhJYoXcmH3YN5sv4&dib_tag=se&qid=1759735448&s=electronics&sr=1-68&xpid=UZHjCDxPt3DrQ,https://www.flipkart.com/realme-buds-t310-12-4mm-driver-46db-anc-spatial-audio-upto-40-hours-playback-bluetooth/p/itmfac7ac8f4e369?pid=ACCH2PGXGP4BV2JF&lid=LSTACCH2PGXGP4BV2JFSD12ER&marketplace=FLIPKART&q=earphones&store=0pm%2Ffcn%2F821&srno=s_3_105&otracker=search&otracker1=search&fm=Search&iid=fb4f1383-1962-4cbd-825e-0a423a0bdc78.ACCH2PGXGP4BV2JF.SEARCH&ppt=sp&ppn=sp&ssid=glmjuqed6o0000001753106012468&qH=54597ea1f2fc7f2e,,https://rukminim2.flixcart.com/image/612/612/xif0q/headphone/6/9/j/-original-imah388mvfzxm2u8.jpeg?q=70,Earphones,0.3335,realme,-200.0,Amazon,200.0,10.01
5892,1022,"POPIO Borderless Military-Grade Gorilla Tempered Glass for Nothing CMF Phone 2 Pro/Nothing Phone 3A / 3A Pro (Transparent) Case Friendly Full Screen Coverage with Installation Kit, Pack of 2","Nothing Phone (3a) Pro (Black, 128 GB)",269.0,29999.0,4.1,4.5,https://www.amazon.in/POPIO-Nothing-CMF-Phone-Pro/dp/B0FK4S61RZ/ref=sr_1_6341?dib=eyJ2IjoiMSJ9.loDzMOiIlxPeRib7IZrVQTKy5AqH4PfZLDl8mi2CRlwDO-QwScmD2IYZcZBXESw8D4qIjjEZQmq4b89q0L6YnmjpGnnQJwvXHGa8ALT0M9EIhmFIPhadA2Bv3ZQsRZiwZumUdjvkEqxr82mgq7q3VBHCzsbdD1xRa2ivtpCqeN8_C60dZRXbicnz4tuABi2FS3Zci35bgdzCm95tiGUqEZLL6rj3d2PFohkhe3bMhlaV4NM1efbCsd52PkoiVw-juTIxo3iav1itTJKFVvu8Wb_rUAibo1kf1Y90b8lz1I4.erHbx3CSX6fzfi-gSUn0xzpzNgA52pwxYP6C53I7odI&dib_tag=se&qid=1759742101&s=electronics&sr=1-6341&xpid=UZHjCDxPt3DrQ,https://www.flipkart.com/nothing-phone-3a-pro-black-128-gb/p/itm04daaef6652d4?pid=MOBH8G3PJAAHAJFG&lid=LSTMOBH8G3PJAAHAJFGSJDK8E&marketplace=FLIPKART&q=mobile+phones&store=tyy%2F4io&srno=s_16_373&otracker=search&otracker1=search&fm=Search&iid=063ca73b-034f-49ce-abbd-42b43c4da71d.MOBH8G3PJAAHAJFG.SEARCH&ppt=sp&ppn=sp&ssid=j3ipelsou80000001753087943915&qH=a81ad6e72f7a2fd1,,https://rukminim2.flixcart.com/image/312/312/xif0q/mobile/7/b/7/-original-imahcfcfhkzhngeb.jpeg?q=70,Mobiles,0.3331,nothing,-29730.0,Amazon,29730.0,11052.04
5417,793,"TheGiftKart Flip Back Cover Case for OnePlus Nord CE 4 Lite 5G | Dual-Color Leather Finish | Inbuilt Stand & Pockets | Wallet Style Flip Cover for OnePlus Nord CE4 Lite (Faux Leather, Blue & Sky)","OnePlus Nord CE4 lite 5G (MEGA BLUE, 128 GB)",284.0,16829.0,4.5,4.4,https://www.amazon.in/TheGiftKart-OnePlus-Dual-Color-Leather-Inbuilt/dp/B0D7THSZD6/ref=sr_1_5818?dib=eyJ2IjoiMSJ9.yIDx7ImtCxkqfACtlel5wrQcecc7r0bgDIzN9NPZ8N1lMeyAUERu4eLDlMyGPhyJpgY7x1A_vzh78WZKjfRfIno_J-n6Za_7zRp8xf_owBqZOr6LMRdZv2Jgs5e7XGdvqP9RwBPI5s_EoUCM-QuW6tvNG9WAkVZui-uHU0_mpMIxrRPtGyJ0U-tfXfCA8ICPjQrqJkHUkNL4giAUak5RGT8YLU1n4qZnepLqqhNL6y0COmDvQxBqUtyN8c6eToHvd9CbM1jaiAH80DtnsHK-qKTyK_XZxPX0WJBKN_Ddn60.e0FdxWVdmhGMsS4zvpUxAJwN1WW-JeRcDswVGiCEKYc&dib_tag=se&qid=1759741437&s=electronics&sr=1-5818&xpid=UZHjCDxPt3DrQ,https://www.flipkart.com/oneplus-nord-ce4-lite-5g-mega-blue-128-gb/p/itm8fd5fdf300955?pid=MOBH25Z9CCTDDN3J&lid=LSTMOBH25Z9CCTDDN3JBPPDEE&marketplace=FLIPKART&q=mobile+phones&store=tyy%2F4io&srno=s_4_87&otracker=search&otracker1=search&fm=Search&iid=4bdf492a-549d-4735-91d3-2d10536e45ed.MOBH25Z9CCTDDN3J.SEARCH&ppt=sp&ppn=sp&ssid=scs8nge6b40000001753087817678&qH=a81ad6e72f7a2fd1,,https://rukminim2.flixcart.com/image/312/312/xif0q/mobile/p/m/o/-original-imah5wxz4y4qfgdq.jpeg?q=70,Mobiles,0.3327,oneplus,-16545.0,Amazon,16545.0,5825.7
6412,91,"SpinBot BattleBudz W20 Gaming Wired Earphones with Dual Mic | Detachable Boom Mic, 10mm Gaming-Tuned Drivers, Shark Fin Eartips for Mobile, PC/Laptop, Xbox One, PS4, PS5 (Green)",SpinBot BattleBudz W20 Wired Gaming Earphones with Boom...,599.0,701.0,3.4,3.6,https://www.amazon.in/SpinBot-BattleBudz-Gaming-Earphones-Mobile/dp/B0BD8WVQ22/ref=sr_1_6876?dib=eyJ2IjoiMSJ9.uHz2T_o9-AfcvgpKanOGYpcExFrddCiyU3wAGHxjyiA0FIrbc_aIozwaGyAV_BAJ3HlnR6CUmZNgapywxPDJxrh8XvfuNBHiB5diw1wPUfC2xKpMr3_sauz_gSOoPRBicIDJDUyzFRI3cbZUtiklq6-eto5ftAk8QnszzCtLkP8ra63gFu-y-QcwovcuP9j8gV2D34rw0tO1RZE_NZdiUX2ozEyLPVnyoKXpsX2JigQxSPyhxkEi4WhPVvXcb3Ug5IG0uPhyaYS1yzerVkTS63o9nA4P97wKvK1AVJvMxeE.BFX9-XucwimhQfYgnzeuUoiG3Lz4c89WY9T_PYNV3Ss&dib_tag=se&qid=1759742754&s=electronics&sr=1-6876&xpid=UZHjCDxPt3DrQ,https://www.flipkart.com/spinbot-battlebudz-w20-wired-gaming-earphones-boom-mic-mobiles-pc-xbox/p/itm9c6aaab08a252?pid=ACCGHVHNUVYXEXUG&lid=LSTACCGHVHNUVYXEXUGW1YVNG&marketplace=FLIPKART&q=earphones&store=0pm%2Ffcn%2F821&srno=s_4_130&otracker=search&otracker1=search&fm=Search&iid=49a8060f-042a-4645-b8e0-18f65e7316c8.ACCGHVHNUVYXEXUG.SEARCH&ppt=sp&ppn=sp&ssid=tnpiiuizbk0000001753106043084&qH=54597ea1f2fc7f2e,,https://rukminim2.flixcart.com/image/612/612/xif0q/headphone/0/e/a/battlebudz-w20-wired-gaming-earphones-with-boom-mic-for-mobiles-original-imah3ywdgkhfpvws.jpeg?q=70,Earphones,0.332,,-102.0,Amazon,102.0,17.03
6094,91,"SpinBot BattleBudz W20 Gaming Wired Earphones with Dual Mic | Detachable Boom Mic, 10mm Gaming-Tuned Drivers, Shark Fin Eartips for Mobile, PC/Laptop, Xbox One, PS4, PS5 (RED)",SpinBot BattleBudz W20 Wired Gaming Earphones with Boom...,584.0,701.0,3.4,3.6,https://www.amazon.in/SpinBot-BattleBudz-Gaming-Earphones-Mobile/dp/B0B5N1Q3GW/ref=sr_1_6546?dib=eyJ2IjoiMSJ9.bSylIbFORdFcG9fNdyL26i0Khl9EIQ7h54UztW9e5Ju_kfsfCL13xVQNGBtXNkLeZSbWyRdRLmADlmray_V4rj2M7rj0R_OxL8qyG0mI7CVrds-SC-f5wixROAOerWQB9ssLrmVs5hSm8VVaXk0bhBM27QDuBstV4qJ176639LE7h1sAsyJ80i4Q-flyTWGw4aRmpGgeqAlyEc3dd-z7QLFKHJ812sM63Z15RtNXYHTX2UQlVttQBldcPo9f5_OaH59-f01Rul7vN9Z88JYg64vsvv_KIoNgqURgGdh9V1E.WXCfS29mB68RSrqrlRrW-tW6Mal_2yOc5IUM2-wymD8&dib_tag=se&qid=1759742345&s=electronics&sr=1-6546&xpid=UZHjCDxPt3DrQ,https://www.flipkart.com/spinbot-battlebudz-w20-wired-gaming-earphones-boom-mic-mobiles-pc-xbox/p/itm9c6aaab08a252?pid=ACCGHVHNUVYXEXUG&lid=LSTACCGHVHNUVYXEXUGW1YVNG&marketplace=FLIPKART&q=earphones&store=0pm%2Ffcn%2F821&srno=s_4_130&otracker=search&otracker1=search&fm=Search&iid=49a8060f-042a-4645-b8e0-18f65e7316c8.ACCGHVHNUVYXEXUG.SEARCH&ppt=sp&ppn=sp&ssid=tnpiiuizbk0000001753106043084&qH=54597ea1f2fc7f2e,,https://rukminim2.flixcart.com/image/612/612/xif0q/headphone/0/e/a/battlebudz-w20-wired-gaming-earphones-with-boom-mic-for-mobiles-original-imah3ywdgkhfpvws.jpeg?q=70,Earphones,0.3317,,-117.0,Amazon,117.0,20.03
2,1214,"Samsung Galaxy S24 Ultra 5G AI Smartphone with Galaxy AI (Titanium Gray, 12GB, 256GB Storage), Snapdragon 8 Gen 3, 200 MP Camera with ProVisual Engine and 5000mAh Battery","Samsung Galaxy S24 Ultra 5G (Titanium Gray, 256 GB)",75749.0,80960.0,4.5,4.6,https://www.amazon.in/Samsung-Galaxy-Smartphone-Titanium-Storage/dp/B0CS5XW6TN/ref=sr_1_3?dib=eyJ2IjoiMSJ9.8-aKrERwPzdGyJWfWOa56BDYB1mnBqGBvnzq6l53HItCsQsxbIFLm21v9R_6FmoTBpJ600hwiR0xOHvF_xx6hMwuEFgEDCYS9iGPnysMOr1BWijktkdu3ikYyaKbiI1q6gDckmDjnylxNO7h1uRbVl7x9fl6TPDK1qp0lGKkRE5gA_wftZX3ERHLcmlkaYn3JAuOQvpxTESxFK3S1ePna3mBomQ_OcwMoivmua83h6CZUcigr3iU7jURLZAo9N2uU6GL2oUlta2OjQEkKGjrvkamiEG_33JUxUeZFvBui50.uZI1p62DqPjx-nuhqdw4L2Wnx43Peyq1jL9BkLtfCSk&dib_tag=se&qid=1759735404&s=electronics&sr=1-3&xpid=UZHjCDxPt3DrQ,https://www.flipkart.com/samsung-galaxy-s24-ultra-5g-titanium-gray-256-gb/p/itm9ae0e397e0b0d?pid=MOBH3P4UBUYFSDWV&lid=LSTMOBH3P4UBUYFSDWVHQ27EB&marketplace=FLIPKART&q=mobile+phones&store=tyy%2F4io&srno=s_25_586&otracker=search&otracker1=search&fm=Search&iid=c3a61a3e-41ea-4acb-a985-ecb61487797c.MOBH3P4UBUYFSDWV.SEARCH&ppt=sp&ppn=sp&ssid=l4l7ylc4mo0000001753088045003&qH=a81ad6e72f7a2fd1,,https://rukminim2.flixcart.com/image/312/312/xif0q/mobile/5/i/7/-original-imahfu766ybd5h4z.jpeg?q=70,Mobiles,0.3315,samsung,-5211.0,Amazon,5211.0,6.88
6953,1553,Lava A1 Josh (with BOL Feature) Dual Sim Keypad Mobile Phone | Long-Lasting Battery |22 Launguages Read Support | Auto Call Recording | Call Blink Notification (Black Gold),LAVA A1 josh Bol,948.0,999.0,3.8,4.2,https://www.amazon.in/Lava-All-New-A1-Josh-Lasting/dp/B0C4FK9HHG/ref=sr_1_7485?dib=eyJ2IjoiMSJ9.9mRO3XASw6Hvmd0qJ8_zb_eMQ4GCHJ3WXiFiATHIC0ik_2U86ooz8eJLSbDmxvOHFV8XQFkcHNKDbIz4SIzXluQ7wxmIruD3TuX1HQwv8rm6YqCc74ZcG1gYkthMyCVv3H180efBTDWTS6YgyL9VTtJyFxYLUYnv_67Orpvibm-wowyCZBt6cZvfwt0bssgTXsMaV2v9fk4QMjxw-TUhvoUdsTtmL_kdvFBnxZNYZ-XnAZISmFI-d1wZI0YDnhnPEpU8Qbm90J_MMhDROnW7J2hqlzYLFjetw3NG6_EiCTg.u3wuwt9a_mtBnjVjBmW96Q-1p037MT9vhiJ8w52skco&dib_tag=se&qid=1759743506&s=electronics&sr=1-7485&xpid=UZHjCDxPt3DrQ,https://www.flipkart.com/lava-a1-josh-bol/p/itm35b50decd618d?pid=MOBFGQRZTZ3KHQYK&lid=LSTMOBFGQRZTZ3KHQYKAWGAAH&marketplace=FLIPKART&q=mobile+phones&store=tyy%2F4io&srno=s_40_945&otracker=search&otracker1=search&fm=Search&iid=c79b484f-fc28-42b6-86b9-0d04a11a0634.MOBFGQRZTZ3KHQYK.SEARCH&ppt=sp&ppn=sp&ssid=qfsfhc545s0000001753088302629&qH=a81ad6e72f7a2fd1,,https://rukminim2.flixcart.com/image/312/312/xif0q/mobile/7/s/r/a1-josh-bol-lf1008-lava-original-imah83schgnh8gqh.jpeg?q=70,Mobiles,0.3312,,-51.0,Amazon,51.0,5.38
3341,58,"truke New Launch Crystal Dyno Leather Finish True Wireless in Ear Earbuds w/Spatial Audio, 70H Battery Fast Charge Ear Buds, 13mm Driver HiFi Sound TWS, 40ms Ultra Low Latency, 4Mics ENC- RavenBlack",truke Crystal Dyno Leather Finish earbuds w/ Spatial Au...,899.0,999.0,4.1,4.2,https://www.amazon.in/truke-Crystal-Leather-Wireless-RavenBlack/dp/B0F1YBRRMR/ref=sr_1_3521?dib=eyJ2IjoiMSJ9.kQimTi825sQga5_agcs0ouXHI3PW3CAt2fTSkAlgm_p2tg6KuezfirMIBFi41GFb7_f6vanystq-4qZXu2F_ryXWdhRbqAzzP2zMbJz69OoBqU180KVW2Fnv60ZNemfp80bmybl0FngD2ovoKGLZrOQpwlu_Y3rmGeoOxCnxqhfA-mdP_hTZrsrMztwLizioIAEtWwhrbKSKCL7oinuTQ9mlOVOKbxOXQ8T7i_9XDszJK9pS_R_5DNOrHAWIaNSuE1UuppY43cVogX4ZOxHZNTm8Qgxf78uHp-265bSB_a4.ZIIN6owmOT-7SBC2TQKfz7F7jHSCmpYw3FpuWnq2GAY&dib_tag=se&qid=1759738797&s=electronics&sr=1-3521&xpid=UZHjCDxPt3DrQ,https://www.flipkart.com/truke-crystal-dyno-leather-finish-earbuds-w-spatial-audio-70h-battery-quad-mic-enc-bluetooth/p/itmca0d9860b9d91?pid=ACCHAVF229KVTG53&lid=LSTACCHAVF229KVTG53F0TZS7&marketplace=FLIPKART&q=earphones&store=0pm%2Ffcn%2F821&srno=s_2_80&otracker=search&otracker1=search&fm=Search&iid=2247ad38-0720-420a-95b4-87dd49456845.ACCHAVF229KVTG53.SEARCH&ppt=sp&ppn=sp&ssid=wtbp0vyn3k0000001753106001023&qH=54597ea1f2fc7f2e,,https://rukminim2.flixcart.com/image/612/612/xif0q/headphone/n/4/8/-original-imahbb8hxg86v9hg.jpeg?q=70,Earphones,0.3312,,-100.0,Amazon,100.0,11.12
3056,333,"Sounce Tough Case Compatible with Airpods Pro 2 Case Cover with Carabiner, Rugged Protective Cover for Airpods Pro 2nd Generation Case Cover Shock Armor Series [Front LED Visible](White)",Apple AirPods Pro (2nd generation) Bluetooth,379.0,24990.0,4.2,4.3,https://www.amazon.in/Sounce-Compatible-Carabiner-Protective-Generation/dp/B0D9M836FC/ref=sr_1_3203?dib=eyJ2IjoiMSJ9.b5SDDXdJYBNRg9AIkMg5uBsS5ZNsbPtHllQhPnlbHPAOIxLSx0_WT6kdeEjw_qR2l6Zr_pSpSHdrXzF6YXIa0VrlB5Vvv6OhfFQbvy5hlps9LUh6QONLyfri0-gELfr6ftlwGmdgL0MDQj_0FP8_73LMQmYCYpW9zdOcoezsdcEbcFZ16EOrWRaQM-FsPh39ioCwxAAhl0_08qAUPv6ccaV-cf-bj54jentDjY1K0VFJH6589JvSJDM_v8ehilgWMibipr3pjs7Kv7yr_SvawsoKikQu-1sTLWwLWBGq36c.YaoLUJdCeWTmrhL2KPZVDjQmrA4PsYAr_dRHlWLjMs0&dib_tag=se&qid=1759738465&s=electronics&sr=1-3203&xpid=UZHjCDxPt3DrQ,https://www.flipkart.com/apple-airpods-pro-2nd-generation-bluetooth/p/itme8963259e9935?pid=ACCHAGBGS9SQEMPT&lid=LSTACCHAGBGS9SQEMPTKMPNZ8&marketplace=FLIPKART&q=earphones&store=0pm%2Ffcn%2F821&srno=s_23_915&otracker=search&otracker1=search&fm=Search&iid=1af41a8c-3b1e-46e9-899a-40b63b6e694f.ACCHAGBGS9SQEMPT.SEARCH&ppt=sp&ppn=sp&ssid=3fou8h7ik00000001753106572311&qH=54597ea1f2fc7f2e,,https://rukminim2.flixcart.com/image/612/612/xif0q/headphone/a/q/r/-original-imahahbzbyazrwxj.jpeg?q=70,Earphones,0.331,,-24611.0,Amazon,24611.0,6493.67
102,153,boAt Airdopes 131 Bluetooth Truly Wireless in Ear Earbuds with Mic (Midnight Blue),"boAt Airdopes 131 Pro Buds w/ In Ear Detection, 4 Mics ...",699.0,1499.0,4.0,4.0,https://www.amazon.in/Airdopes-131-Technology-Bluetooth-Immersive/dp/B088FKDVL2/ref=sr_1_104?dib=eyJ2IjoiMSJ9.xSzBKgMx5lB07LWDTCl8wp80rtodk35Vlv3Z83-F82R7Hi7cRQ1DlT0gCuVjkFItVMVt6HpwwUDMtOyFVz1DqaoCEAhlyXtln5BbKc_jVBxcAKlzXBxJYh-Shu0GLvxbqn-6LosH5-ACoL1NGVXhVChK3CiEYWZu_9jxW2IVZMxvVs7jMSzEqwqIbRlHEKuXhR8-HDGDDeOL8nE8xbp0Z2fGJGVxYaABc61hA1HcsnbGY3rTxOWsqxG6PlvBWKkBwRNe5G9Fatt2tUoAPwE4nRChPDUbsnmY48xqbxVJ95I.FmAMmGD94WxCOApGaJSkBCaSum9IXG9f_BPGb4hguE0&dib_tag=se&qid=1759735489&s=electronics&sr=1-104&xpid=UZHjCDxPt3DrQ,https://www.flipkart.com/boat-airdopes-131-pro-buds-w-ear-detection-4-mics-enx-tech-40-hrs-playback-bluetooth/p/itm8213d68cb24b1?pid=ACCH3Y28XZKPXUW3&lid=LSTACCH3Y28XZKPXUW3GTHRAU&marketplace=FLIPKART&q=earphones&store=0pm%2Ffcn%2F821&srno=s_8_295&otracker=search&otracker1=search&fm=Search&iid=ced89841-c3a4-4780-9f32-ad7302a73735.ACCH3Y28XZKPXUW3.SEARCH&ppt=sp&ppn=sp&ssid=jv4cx9gygg0000001753106159159&qH=54597ea1f2fc7f2e,,https://rukminim2.flixcart.com/image/612/612/xif0q/headphone/e/a/o/-original-imah4vctcsyyduxp.jpeg?q=70,Earphones,0.3305,boat,-800.0,Amazon,800.0,114.45
4121,1553,Lava A1 Josh (with BOL Feature) Dual Sim Keypad Mobile Phone | Long-Lasting Battery |22 Launguages Read Support | Auto Call Recording | Call Blink Notification (Blue Silver),LAVA A1 josh Bol,948.0,999.0,3.8,4.2,https://www.amazon.in/Lava-All-New-A1-Josh-Lasting/dp/B0C4FFBXV8/ref=sr_1_4401?dib=eyJ2IjoiMSJ9.4WHzyb9KReypIqTUd_rxVr3_jFibJzM2fmz4sdettPddamoPvMneldqRSl2gj3uYjCXZTaIUReWrwwjNSsrY9X-A7gNru5xznaolvd1rb5LWfDqVgCKRJAbHAvfk5Gmw_wsqaLDrUTYxowIPzA0XdN1d0dOb3DUhmdxbLOtJqR5an2uohYf8U_2x4oZ_S3vzOtj37cGfHisYRJS0qbah2u9SlnJc3TSgB9_jcP8tczvlJi2H603WIP6VSR-UUiy19N2CZODhNYP0pPR4Bg4WUmSSbyVHkDqPk1LwNo3u5Uk.4s9470LReaoiZPkS82KEGowm6otNa_NltJ-uLkIkJAc&dib_tag=se&qid=1759739739&s=electronics&sr=1-4401&xpid=UZHjCDxPt3DrQ,https://www.flipkart.com/lava-a1-josh-bol/p/itm35b50decd618d?pid=MOBFGQRZTZ3KHQYK&lid=LSTMOBFGQRZTZ3KHQYKAWGAAH&marketplace=FLIPKART&q=mobile+phones&store=tyy%2F4io&srno=s_40_945&otracker=search&otracker1=search&fm=Search&iid=c79b484f-fc28-42b6-86b9-0d04a11a0634.MOBFGQRZTZ3KHQYK.SEARCH&ppt=sp&ppn=sp&ssid=qfsfhc545s0000001753088302629&qH=a81ad6e72f7a2fd1,,https://rukminim2.flixcart.com/image/312/312/xif0q/mobile/7/s/r/a1-josh-bol-lf1008-lava-original-imah83schgnh8gqh.jpeg?q=70,Mobiles,0.3305,,-51.0,Amazon,51.0,5.38
4873,1490,"Samsung Galaxy S25 5G Smartphone with Galaxy AI (Silver Shadow, 12GB RAM, 256GB Storage), Snapdragon 8 Elite, 50 MP Camera with ProVisual Engine and 4000mAh Battery","Samsung Galaxy S25 5G (Silver Shadow, 256 GB)",74999.0,80999.0,4.5,4.6,https://www.amazon.in/Samsung-Smartphone-Storage-Snapdragon-ProVisual/dp/B0DSKNLFBG/ref=sr_1_5224?dib=eyJ2IjoiMSJ9.9ZRzObIqPBcI4ATvHYrzkDkoMh48qpbtagfbs1KgXqPQ9UTK2mRJwnFq6cCcqZgqbYWu9HO3ugwdFZonRKnt0QkYVcc8xxGohH_7jYJVt77gDfpU_9wOKTJNgriAgxXUESNKnv2eyuDzaAaO_APoU3-y_pzK1Q15s2t0gA21nDJqE97NkWahXpaYk9oS0GZosJt-7ySZugplS2zwTCfG89Vb8Zi80_fVWKIjKjug_4thC1yDcTsmTsxzY7ud2U_Jqtwb8KTgWD8NLcpCL3cYWeilNHWyKrDF-4QMSFmGV8A.bkxt0rZeTaafzpBAFWGTsrVmjNWri8wG5wR2PmZuxTg&dib_tag=se&qid=1759740688&s=electronics&sr=1-5224&xpid=UZHjCDxPt3DrQ,https://www.flipkart.com/samsung-galaxy-s25-5g-silver-shadow-256-gb/p/itm70d1f331ebbac?pid=MOBH8K8UH9XHPVGQ&lid=LSTMOBH8K8UH9XHPVGQEUE4JY&marketplace=FLIPKART&q=mobile+phones&store=tyy%2F4io&srno=s_37_878&otracker=search&otracker1=search&fm=Search&iid=97e7c1d8-6d4f-44ac-bb66-a510842b7e28.MOBH8K8UH9XHPVGQ.SEARCH&ppt=sp&ppn=sp&ssid=xuauh4za0g0000001753088274734&qH=a81ad6e72f7a2fd1,,https://rukminim2.flixcart.com/image/312/312/xif0q/mobile/d/m/k/-original-imahch2h4yjyygy2.jpeg?q=70,Mobiles,0.3302,samsung,-6000.0,Amazon,6000.0,8.0
717,76,"realme Buds T310 True Wireless in-Ear Earbuds with 46dB Hybrid ANC, 360° Spatial Audio, 12.4mm Dynamic Bass Driver, Upto 40Hrs Battery and Fast Charging (Monet Purple)","realme Buds T310 with 12.4mm Driver, 46dB ANC, Spatial ...",1999.0,2199.0,4.2,4.3,https://www.amazon.in/realme-Wireless-Earbuds-Spatial-Charging/dp/B0DBGNY4XP/ref=sr_1_722?dib=eyJ2IjoiMSJ9.ine4ibbMVjaKPilZbd7L6tuTPPAi04njx-85zM9xnaT1YOaCHyznibsu0rZLVo2MdoDyGxV99cJFkuaVLtupZVdyu0WlnDOwZGddvV6hHlUsQRYmTfL3q4gcWOljHz_uu4dlZm48D6kWpA-iQwu290YWFWiSBPZbdIRQWjfwvX7ufSzpgd6GvX17ibceFZwg-fYkYFl0Lby6lEnBuvA0iZCQTGIkzKJCH0-nUdVGjyq8dUGTauREvtVJDIg_bR2mZC7UCb9ROkPS6IJ9lvRSi7Mma53p3xK6wZQK0xBfVKo.v38iBtzo-jrZ05uhnFoLI-itVpn0F7BVzT_kDErXWhA&dib_tag=se&qid=1759735979&s=electronics&sr=1-722&xpid=UZHjCDxPt3DrQ,https://www.flipkart.com/realme-buds-t310-12-4mm-driver-46db-anc-spatial-audio-upto-40-hours-playback-bluetooth/p/itmfac7ac8f4e369?pid=ACCH2PGXGP4BV2JF&lid=LSTACCH2PGXGP4BV2JFSD12ER&marketplace=FLIPKART&q=earphones&store=0pm%2Ffcn%2F821&srno=s_3_105&otracker=search&otracker1=search&fm=Search&iid=fb4f1383-1962-4cbd-825e-0a423a0bdc78.ACCH2PGXGP4BV2JF.SEARCH&ppt=sp&ppn=sp&ssid=glmjuqed6o0000001753106012468&qH=54597ea1f2fc7f2e,,https://rukminim2.flixcart.com/image/612/612/xif0q/headphone/6/9/j/-original-imah388mvfzxm2u8.jpeg?q=70,Earphones,0.3301,realme,-200.0,Amazon,200.0,10.01
2449,849,"TheGiftKart Ultra-Hybrid Crystal Clear Back Case Cover for Nothing Phone 3a 5G | Shockproof Design | Camera Protection Bump | Hard Clear Back | Bumper Case for Nothing Phone 3a (PC & TPU, Transparent)","Nothing Phone (3a) (Black, 128 GB)",299.0,24999.0,4.1,4.5,https://www.amazon.in/TheGiftKart-Ultra-Hybrid-Crystal-Back-Transparent/dp/B0DYK4ZKGN/ref=sr_1_2499?dib=eyJ2IjoiMSJ9.WRwpgivMpUbDyPIFpHw_XnXh9OXgvTmHyhkZVkls34zXKbHYpOWJ-iww867HXgZJFnSmU6fFm6K-Y3FcpEjv_CrybG9Vcu9TbN-oWl9zTb8CsJQRUoK5X8myyccDCAtm5B4PbCRgWzJPoVuYH37BIveU3MqHLrsrpdNbTkm9ntMf1ecQuDD7-tS3GjKcpDYFgllatj2O2nzjuKU77J7pl7LlnWYOQFnuaTwgUEw6xKheCY4P4MPj_4jBrS2Nv7o90ztzsLSERis9jtbAZE7uZzx-_nWiCwFbJOLPO2Os_dA.3VYlGy7dzvQlj07u4Oc2jwD0rlhxNXmXMaejQbOVAgs&dib_tag=se&qid=1759737723&s=electronics&sr=1-2499&xpid=UZHjCDxPt3DrQ,https://www.flipkart.com/nothing-phone-3a-black-128-gb/p/itm49557c5a65f9c?pid=MOBH8G3P6UXPEFSZ&lid=LSTMOBH8G3P6UXPEFSZTYXBHZ&marketplace=FLIPKART&q=mobile+phones&store=tyy%2F4io&srno=s_7_146&otracker=search&otracker1=search&fm=Search&iid=39c7c77d-e7f5-4d55-8ac8-971bf7f3649c.MOBH8G3P6UXPEFSZ.SEARCH&ppt=sp&ppn=sp&ssid=oybmyd8sao0000001753087849426&qH=a81ad6e72f7a2fd1,,https://rukminim2.flixcart.com/image/312/312/xif0q/mobile/1/o/x/-original-imahcfcf2hdeqea5.jpeg?q=70,Mobiles,0.3301,nothing,-24700.0,Amazon,24700.0,8260.87
4540,326,"soundcore R50I Nc By Anker Noise Cancelling In Ear Earbuds, Powerful Bass, 45H Playtime, 2-In-1 Case And Phone Stand, Ip54, Fast Charge 10Min = 120 Min, Bluetooth 5.4 (Green)",Soundcore R50i NC Bluetooth,1379.0,1899.0,4.0,4.6,https://www.amazon.in/soundcore-Cancelling-Powerful-Playtime-Bluetooth/dp/B0CRTR3PMF/ref=sr_1_4856?dib=eyJ2IjoiMSJ9.0UPXSHtvOiTt0veXMvn_5-MkoGf_KlvQ_fzOMipEgT7K2olhO2JinM-iKjJ54WU7g50m270DXJea1a72H4H9RMbqtcvnwDoSqTPSt51lvAXhg-yTWVBn-G7pnNMlZs-wosotnBy6PYRlEr5cQiWrP_20a5tzdgpUXNuyIpVjDY8ypv2w8Jg5YacgIdnzwW6lxvQY2zunH7myQ4A_t_7fx4OFCEH8v03Oy9cVyDOl4lZfaPXahsnv5htvGE5HiNS-ui2CC0i6VobvehcdMcdIBLcL5Ao2il0ZHADsA2En61c.vdL9ambvUg-l9JbxkkOqAwFmoW8ffeHnxxh2jca2j-k&dib_tag=se&qid=1759740231&s=electronics&sr=1-4856&xpid=UZHjCDxPt3DrQ,https://www.flipkart.com/soundcore-r50i-nc-bluetooth/p/itmabaa19f170be3?pid=ACCHCFE6YCGXGVE7&lid=LSTACCHCFE6YCGXGVE7CMBVUK&marketplace=FLIPKART&q=earphones&store=0pm%2Ffcn%2F821&srno=s_23_896&otracker=search&otracker1=search&fm=Search&iid=1af41a8c-3b1e-46e9-899a-40b63b6e694f.ACCHCFE6YCGXGVE7.SEARCH&ppt=sp&ppn=sp&ssid=3fou8h7ik00000001753106572311&qH=54597ea1f2fc7f2e,,https://rukminim2.flixcart.com/image/612/612/xif0q/headphone/z/d/g/r50i-nc-soundcore-original-imahdvhs3frmv89e.jpeg?q=70,Earphones,0.3295,noise,-520.0,Amazon,520.0,37.71
7321,985,BATCHONE Tempered Glass Screen Protector Compatible for Samsung Galaxy S24 FE 5G (Black) with Edge to Edge Coverage and Easy Installation kit,"Samsung Galaxy S24 FE 5G (Blue, 128 GB)",169.0,59999.0,4.2,4.5,https://www.amazon.in/BATCHONE-Samsung-Galaxy-S24-Installation/dp/B0F8R3P5LW/ref=sr_1_7905?dib=eyJ2IjoiMSJ9.GUaOYZLdCt50QcVTSMIm_r_juVfHGKcXvmHLVvwwlubgFS-Kjh4_4aHr7M-25KYBhKrZHg95zMMLCAleh_cq2_Atb17peG8I4x_LDaYacpzdyt3ZsaZ7qJQX7Pg_4pqrAykFq9sDKzjCt5_InVUtm9YBzLl9xP_ZPMkqxLFi38XiBLb5cRWhXxeons8jH_mO6KzJg4NvOx2syThiSF5iakUB9zGjKHBbD4xN_x7oWKQmjiqpe-VcTUUvJ_Qr-GzY5Nz9R-WQcoM_I0x6u7VEbVus7uUgLf34R4-HGg62LS8.0rtmnUvB-CHWCZZPZQ_VOVk9KkKrh5TTL4kHH7k7NZ0&dib_tag=se&qid=1759744031&s=electronics&sr=1-7905&xpid=UZHjCDxPt3DrQ,https://www.flipkart.com/samsung-galaxy-s24-fe-5g-blue-128-gb/p/itme960199e26f23?pid=MOBH4ZG3Z5NCBW2H&lid=LSTMOBH4ZG3Z5NCBW2HWQMO2K&marketplace=FLIPKART&q=mobile+phones&store=tyy%2F4io&srno=s_14_329&otracker=search&otracker1=search&fm=Search&iid=b1620752-ed87-4c97-a7d8-87c89786b83f.MOBH4ZG3Z5NCBW2H.SEARCH&ppt=sp&ppn=sp&ssid=8ghyoks0rk0000001753087922506&qH=a81ad6e72f7a2fd1,,https://rukminim2.flixcart.com/image/312/312/xif0q/mobile/r/s/z/-original-imahcfwmdvbcgdzs.jpeg?q=70,Mobiles,0.3294,samsung,-59830.0,Amazon,59830.0,35402.37
5699,643,"HP 14 (2025),245 G10 AMD Ryzen 5 7520U Quad Core - (8 GB/512 GB SSD/AMD Radeon Graphics/Windows 11) Thin and Light Business Laptop/14.0"" HD Display/Ash Grey/1.36 kg MS Office 2021",HP AMD Ryzen 5 Quad Core - (8 GB/512 GB SSD/Windows 11 Home) 14-em0026AU Thin and Light Laptop,28990.0,40990.0,3.8,,https://www.amazon.in/HP-14-Ryzen-7520U-Quad/dp/B0F6V25PSC/ref=sr_1_6129?dib=eyJ2IjoiMSJ9.llGMtM-nLuqDcI4Bh-FxgrE7cCuBq4DFCaB09AIZ8MqgVFTAXk2oH_C6T1vrsONO_zmlxBHsRBCdRUQc9TYALwHyh2-44S_-CaBhopwMfIdK_MnPbZRfOM9qWvl3aX6pFqrwM9h2pwEBuwKc3s-aAlvUK9tOXux93kIBjSEA4Mu99IPW8ovTlj6ujZcdci33v4c2ngnotUiYVrzgnNogm9wg2oRVpCwld7d-W8PI9thsKlPohac_6kAAVadR_7RfW8-KHXk39nGfVyqoGJht2tl-MIpG3jg-_CNwfOJljXQ.bF-yy--LGbfRvjDg9f5aqHFcegMYXjrVg7qtvzXcWNM&dib_tag=se&qid=1759741829&s=electronics&sr=1-6129&xpid=UZHjCDxPt3DrQ,https://www.flipkart.com/hp-amd-ryzen-5-quad-core-8-gb-512-gb-ssd-windows-11-home-14-em0026au-thin-light-laptop/p/itmc485a79a5f861?pid=COMHA6D28QXGRWJS&lid=LSTCOMHA6D28QXGRWJSDB4KHL&marketplace=FLIPKART&q=laptop+hp&store=6bo%2Fb5g&srno=s_20_459&otracker=search&fm=organic&iid=e5e1c2e5-f9bf-400e-b941-b32c130b2ebb.COMHA6D28QXGRWJS.SEARCH&ppt=sp&ppn=sp&ssid=oxrx8rame80000001753105421125&qH=afa4496eec6c609d,,https://rukminim2.flixcart.com/image/312/312/xif0q/computer/j/t/0/14-em0026au-thin-and-light-laptop-hp-original-imahaahfamcah8ax.jpeg?q=70,Laptops,0.3291,hp,-12000.0,Amazon,12000.0,41.39
150,116,"OnePlus Bullets Wireless Z2 ANC Bluetooth in Ear Earphones with Mic, 45dB Hybrid ANC, Bombastic Bass - 12.4 mm Drivers, 10 Mins Charge - 20 Hrs Music, 28 Hrs Battery (Grand Green)",OnePlus Bullets Wireless Z2 Bluetooth,1799.0,1549.0,4.1,3.3,https://www.amazon.in/OnePlus-ANC-Bluetooth-Earphones-Bombastic/dp/B0CDGGT5RJ/ref=sr_1_152?dib=eyJ2IjoiMSJ9.0SRjyDuPyka0YHhrnuKxxwY1GD-bZkN1bQPpffuRQa9jwUYILPkLtlttgxP7wZp5Ff21Hv_izflaTtMgrFoK-7lrOA7Hra83s0Wo6LHUC6aDjZa6N52A32oGGXXQH8mzpWAfd8wglSvT_GeRSp1BMaSE7q-RUEyfNz9cN29M5E78jEULOdsDMW_xjhPKQBC-1MneQCACyGUEpubnZ3K8DvLo6HqODEUuiFPZB8AA7qjgcHhFyWO_rZE-I8IF4JNmraNmigEvxwx-NExBi2EU-AOGZ0NBjNFOP0fulXwV94k.NQ2GY73tKuKgTnHrt7V8jC_Y5ptlxPiz1oXBVV-HaQs&dib_tag=se&qid=1759735523&s=electronics&sr=1-152&xpid=UZHjCDxPt3DrQ,https://www.flipkart.com/oneplus-bullets-wireless-z2-bluetooth/p/itm1797590c0a716?pid=ACCH7VFJSBYCCER6&lid=LSTACCH7VFJSBYCCER6O3VZUN&marketplace=FLIPKART&q=earphones&store=0pm%2Ffcn%2F821&srno=s_5_179&otracker=search&otracker1=search&fm=Search&iid=4c1a6ec1-d5c8-46fa-8a4d-adad5b8aeae2.ACCH7VFJSBYCCER6.SEARCH&ppt=sp&ppn=sp&ssid=8s85a15s5c0000001753106078787&qH=54597ea1f2fc7f2e,,https://rukminim2.flixcart.com/image/612/612/xif0q/headphone/v/p/x/xplorer-o2-anc-bluetooth-earphones-with-mic-45db-hybrid-anc-original-imahf5p8qkr73bv6.jpeg?q=70,Earphones,0.3285,oneplus,250.0,Flipkart,250.0,16.14
412,76,"realme Buds T310 Truly Wireless in Ear Earbuds with 46dB Hybrid ANC, 360° Spatial Audio, 12.4mm Dynamic Bass Driver, Upto 40Hrs Battery and Fast Charging (Agile White)","realme Buds T310 with 12.4mm Driver, 46dB ANC, Spatial ...",1999.0,2199.0,4.2,4.3,https://www.amazon.in/realme-Wireless-Earbuds-Spatial-Charging/dp/B0DBGNDTY2/ref=sr_1_414?dib=eyJ2IjoiMSJ9.htz6kPdETUnw3jtPo5jGc6JToyEbo2IE9CY53YMpImD1uODO9aNGrHg-MEaRpKsM2Ckf1S5dnFjO_fMlII_iW0d1SORPnxp7NUX5IllLvtVGVUiAuMQuASyO7a-bz_GKzKjjjzjN5pTYh3EKi79BX4Csp_Y-mbW53Dewr4dVRdRjFeMIxgJzPmS0iUHM-RhydeBiyt1P3qLWvEud37DlaGuns5fZb6RIdgotuD1Vw3CG_Y6n8_EPckSTMoiNIldNNlqLwhCQe0K-2bp33JJscdProbikmiMjsOu8igjfXBM.K5dquWUr7k2EvG-e95SmkO0VRpo2n0ELolglZvM6Pbk&dib_tag=se&qid=1759735727&s=electronics&sr=1-414&xpid=UZHjCDxPt3DrQ,https://www.flipkart.com/realme-buds-t310-12-4mm-driver-46db-anc-spatial-audio-upto-40-hours-playback-bluetooth/p/itmfac7ac8f4e369?pid=ACCH2PGXGP4BV2JF&lid=LSTACCH2PGXGP4BV2JFSD12ER&marketplace=FLIPKART&q=earphones&store=0pm%2Ffcn%2F821&srno=s_3_105&otracker=search&otracker1=search&fm=Search&iid=fb4f1383-1962-4cbd-825e-0a423a0bdc78.ACCH2PGXGP4BV2JF.SEARCH&ppt=sp&ppn=sp&ssid=glmjuqed6o0000001753106012468&qH=54597ea1f2fc7f2e,,https://rukminim2.flixcart.com/image/612/612/xif0q/headphone/6/9/j/-original-imah388mvfzxm2u8.jpeg?q=70,Earphones,0.3283,realme,-200.0,Amazon,200.0,10.01
470,1214,"Samsung Galaxy S24 Ultra 5G AI Smartphone with Galaxy AI (Titanium Gray, 12GB, 512GB Storage), Snapdragon 8 Gen 3, 200 MP Camera with ProVisual Engine and 5000mAh Battery","Samsung Galaxy S24 Ultra 5G (Titanium Gray, 256 GB)",85999.0,80960.0,4.5,4.6,https://www.amazon.in/Samsung-Galaxy-Smartphone-Titanium-Storage/dp/B0CQYGF1QY/ref=sr_1_472?dib=eyJ2IjoiMSJ9.sWI1xGx8jUQs88AkQzwZAGUhDRA6sIQBYyWYRkAzCYJIS_2TSXmsqxXeYIVG8OJ1BK69oJBRMsCxX78UpZGnRRWqHuFeRkRJ-gGo58OVQU_eXjZAlE8wdKt1rCvzjmMfh0J1f2TLXX6UmqFRWCVMEXmIvIShsGFAw7icWkIPDXfDuxZeEPUv1adtExe6YOem1GjzLsSrXiKTdBjMxjReKEKPcPQTe8e6WW7xAFs8nt0-Mk06d6ZxqgGwioa4joCWkd1DFJiLwSAB3tZ6erN1aabRSV6W8AW5ZNrcOW_LiQ0.msFkjOAgdNSja5QoaH6qupCZXcnNqw_emvmIv55w5BI&dib_tag=se&qid=1759735759&s=electronics&sr=1-472&xpid=UZHjCDxPt3DrQ,https://www.flipkart.com/samsung-galaxy-s24-ultra-5g-titanium-gray-256-gb/p/itm9ae0e397e0b0d?pid=MOBH3P4UBUYFSDWV&lid=LSTMOBH3P4UBUYFSDWVHQ27EB&marketplace=FLIPKART&q=mobile+phones&store=tyy%2F4io&srno=s_25_586&otracker=search&otracker1=search&fm=Search&iid=c3a61a3e-41ea-4acb-a985-ecb61487797c.MOBH3P4UBUYFSDWV.SEARCH&ppt=sp&ppn=sp&ssid=l4l7ylc4mo0000001753088045003&qH=a81ad6e72f7a2fd1,,https://rukminim2.flixcart.com/image/312/312/xif0q/mobile/5/i/7/-original-imahfu766ybd5h4z.jpeg?q=70,Mobiles,0.3277,samsung,5039.0,Flipkart,5039.0,6.22
41,116,"OnePlus Bullets Wireless Z2 ANC Bluetooth in Ear Earphones with Mic, 45dB Hybrid ANC, Bombastic Bass - 12.4 mm Drivers, 10 Mins Charge - 20 Hrs Music, 28 Hrs Battery (Booming Black)",OnePlus Bullets Wireless Z2 Bluetooth,1799.0,1549.0,4.1,3.3,https://www.amazon.in/OnePlus-ANC-Bluetooth-Earphones-Bombastic/dp/B0CBTTCJL6/ref=sr_1_42?dib=eyJ2IjoiMSJ9.DNFHhKCM4dMpSkef5mTBQJMTCMoeChM7yRO4VXXQjGaDPYpuHQwNq5a3UsR9DwHo03qpaRAFhOr2rTF2DPUQJQSRdQIlG3AVYkIaRJ43mt7GMQDJ075RTDYsbXLtZqvA_6AFOAA115qA5jOawWgWJ8jZb0NSO8Jw8yi1dm4qq941QZNUxQberIzIntzighndJ5LSmaamCjW3J56vbtf2b2Z5zC4l-F7fi0DQzzmDXVDncr14-tCl7FgnGhfB9tTOmJpA1uE7rLKaY8bNQ30NMxpAFewDd82fd4oAhLZzuPU.sD8PWh1qlYjKB473qgIbnSWnDNTJheAamgrDSTHjMqs&dib_tag=se&qid=1759735423&s=electronics&sr=1-42&xpid=UZHjCDxPt3DrQ,https://www.flipkart.com/oneplus-bullets-wireless-z2-bluetooth/p/itm1797590c0a716?pid=ACCH7VFJSBYCCER6&lid=LSTACCH7VFJSBYCCER6O3VZUN&marketplace=FLIPKART&q=earphones&store=0pm%2Ffcn%2F821&srno=s_5_179&otracker=search&otracker1=search&fm=Search&iid=4c1a6ec1-d5c8-46fa-8a4d-adad5b8aeae2.ACCH7VFJSBYCCER6.SEARCH&ppt=sp&ppn=sp&ssid=8s85a15s5c0000001753106078787&qH=54597ea1f2fc7f2e,,https://rukminim2.flixcart.com/image/612/612/xif0q/headphone/v/p/x/xplorer-o2-anc-bluetooth-earphones-with-mic-45db-hybrid-anc-original-imahf5p8qkr73bv6.jpeg?q=70,Earphones,0.3275,oneplus,250.0,Flipkart,250.0,16.14
1002,285,"Portronics Conch Theta A in Ear 3.5mm Wired Earphones with In Line HD Mic, Powerful Audio, 14.2mm Dynamic Driver, Unique Earbuds Design, TPE Anti Tangle Wire,In line Controls,Wide Compatibility(Black)","Portronics Conch Sigma A in Ear 3.5mm Wired Earphones,i...",229.0,295.0,4.0,4.1,https://www.amazon.in/Portronics-Earphones-Powerful-Controls-Compatibility/dp/B0DGLRPVB6/ref=sr_1_1011?dib=eyJ2IjoiMSJ9.0R5QyS0n-nuxu_KG0F7xZDRUDvvJ8jvN5iuvCXVdViqcLml0Ek7MmDiMuy29jBCKYiCRbbySrZpgmo-G0bT2UFinEiR4GM0iWzm1NFBEe0QjxazbHiZR3237NK78DV13kMTMnp8XbQJ09_yJzB4Od59RsBM9KpW9GlZhM787kk25A3IHM1EIe7mLdZpPOFBxAwf_M4fOXlm_bvBC8cPIxPq9eOL9ECo6rZikBYCjrpngqe3K87YtHnnQjRgZ47uzD4mfPF9wNG4tJD0BtPwyet776NjQ_u5-X4a3Ve_AN7g.d9qU764BQGXnuvXYxAVinLY9QRRK2bxWDqMbjKyHB1w&dib_tag=se&qid=1759736215&s=electronics&sr=1-1011&xpid=UZHjCDxPt3DrQ,https://www.flipkart.com/portronics-conch-sigma-ear-3-5mm-wired-earphones-in-line-hd-mic-14-2mm-driver/p/itme28ad65e53911?pid=ACCH9ZH5TCXVE6TZ&lid=LSTACCH9ZH5TCXVE6TZZE6SH2&marketplace=FLIPKART&q=earphones&store=0pm%2Ffcn%2F821&srno=s_21_806&otracker=search&otracker1=search&fm=Search&iid=e56da30b-fa82-43f3-9e63-aa1697099550.ACCH9ZH5TCXVE6TZ.SEARCH&ppt=sp&ppn=sp&ssid=tgyhiu6rls0000001753106511440&qH=54597ea1f2fc7f2e,,https://rukminim2.flixcart.com/image/612/612/xif0q/headphone/p/k/h/conch-sigma-a-in-ear-3-5mm-wired-earphones-in-line-hd-mic-14-2mm-original-imahacrgzayxnrhn.jpeg?q=70,Earphones,0.3272,portronics,-66.0,Amazon,66.0,28.82
246,318,"Mivi DuoPods i2 True Wireless Earbuds - 45H+ Playtime, HD Calls, Fast Charging, 13mm Bass Drivers, IPX4 Sweatproof, v5.3 Bluetooth in Ear Ear Buds Wireless, Made in India","Mivi Duopods I2, 45Hrs Playtime, HD Call, Fast Charging...",599.0,799.0,3.8,4.0,https://www.amazon.in/Mivi-DuoPods-Wireless-Playtime-Charging/dp/B0CRTJH57W/ref=sr_1_248?dib=eyJ2IjoiMSJ9.gNOghet7pYzvbp4CYHuotsf0bxr62Wo_sx7kJwaSxTDbuJz7T1SVGJYQdUgGhl-Liewacz2rLVy-TzzX8vewiOvEdcYQieOhPL8h6NKnwAUs5Gu0RW-ifxfEyLazOVWaIGqOA7D2fjK_Z43HfLJDr9KdENQv8Yv6U8F4aXqaHJKdULPzXGl4Q7D2aT9jmTWXykZVCl3b9CBsuOm29z-mUR_RVeyo9q-KI23x38ucQ81PLKk5lRljMD1w3Mgl-S-SwK-Kx5LYDfUSXm80QautL-l5ODSEX1hc_Xwi30AxTLg.0Zj_6dbfHcA1N6IPXkvX2rMcUEPq5OfC6QYBOveuRIM&dib_tag=se&qid=1759735594&s=electronics&sr=1-248&xpid=UZHjCDxPt3DrQ,https://www.flipkart.com/mivi-duopods-i2-45hrs-playtime-hd-call-fast-charging-ipx4-low-latency-5-3v-bluetooth/p/itm6ba2adb4c9966?pid=ACCGWU35SQGNFWTR&lid=LSTACCGWU35SQGNFWTR5RTMLY&marketplace=FLIPKART&q=earphones&store=0pm%2Ffcn%2F821&srno=s_23_884&otracker=search&otracker1=search&fm=Search&iid=1af41a8c-3b1e-46e9-899a-40b63b6e694f.ACCGWU35SQGNFWTR.SEARCH&ppt=sp&ppn=sp&ssid=3fou8h7ik00000001753106572311&qH=54597ea1f2fc7f2e,,https://rukminim2.flixcart.com/image/612/612/xif0q/headphone/v/f/r/-original-imahc34369kfayxu.jpeg?q=70,Earphones,0.3269,,-200.0,Amazon,200.0,33.39
1336,1214,"Spigen Liquid Air for Samsung Galaxy S24 Ultra Case, Galaxy S24 Ultra Back Cover (2024) - TPU｜Marble Gray","Samsung Galaxy S24 Ultra 5G (Titanium Gray, 256 GB)",1082.0,80960.0,4.4,4.6,https://www.amazon.in/Spigen-Liquid-Compatible-Galaxy-Marble/dp/B0CNFB3FFW/ref=sr_1_1354?dib=eyJ2IjoiMSJ9.6Kz-iAnBzBT8DowYStPiz7PUlceXKhcRYGGn1jgig7mBX3jCHAOCBEZvpIX7g-nQNpgdXIkp13sLJjrbU-sef6Z44o59Ecp-6ZpL4bPAoEhnfa5zvQvBebMK_O9fNNT9SB60Kj1IRnyaRSPfMRwu8PB2Gu_hn3pLi5DXyWkGGcn5mxVQGh_EsdlNmxp-bFXmVO69TebTK8Tae83xxLUP6MJA51rJdP-bBHBgQtNyCs0r7FPkq9Z6RiQ2z-8w4uUqSszrANTHxlH_hUjdin4IdPdNtVd0-z1AP4NJT3FD4M0.BkQXBVRYWQkZ3OKtWZbUCHGOLiZdgAkk0evJlYk_7RU&dib_tag=se&qid=1759736513&s=electronics&sr=1-1354&xpid=UZHjCDxPt3DrQ,https://www.flipkart.com/samsung-galaxy-s24-ultra-5g-titanium-gray-256-gb/p/itm9ae0e397e0b0d?pid=MOBH3P4UBUYFSDWV&lid=LSTMOBH3P4UBUYFSDWVHQ27EB&marketplace=FLIPKART&q=mobile+phones&store=tyy%2F4io&srno=s_25_586&otracker=search&otracker1=search&fm=Search&iid=c3a61a3e-41ea-4acb-a985-ecb61487797c.MOBH3P4UBUYFSDWV.SEARCH&ppt=sp&ppn=sp&ssid=l4l7ylc4mo0000001753088045003&qH=a81ad6e72f7a2fd1,,https://rukminim2.flixcart.com/image/312/312/xif0q/mobile/5/i/7/-original-imahfu766ybd5h4z.jpeg?q=70,Mobiles,0.3268,samsung,-79878.0,Amazon,79878.0,7382.44
6685,1430,"realme 13 Pro 5G (Monet Gold, 8GB RAM, 256GB) | Upto 16GB Dynamic RAM | Snapdragon 7s Gen2 Processor | 6.7"" AMOLED Curved Display | 50MP+8MP+2MP | 32MP Front Cam | 5200 mAh Battery | AI Ultra Clarity","realme 13 Pro+ 5G (Monet Gold, 256 GB)",24400.0,25999.0,4.2,4.4,https://www.amazon.in/realme-Storage-Snapdragon-Processor-SUPERVOOC/dp/B0FH2NHT94/ref=sr_1_7167?dib=eyJ2IjoiMSJ9.CxIKI12nw4T2GOjgjWeg3aIVrUYhQSQuv8yUUZZDhimbWUIDH9o7NuU9uo4SYDa6dajlCN_xm0Oe_433GpIItEk1omwcUIZr6mz4h43z22PdDTtLElfPFFSC2iN5bPUD-XWfEvB4Wq3Kpya3qTSA9sij6nqRxlx91LKxlASW7OtDaXTL-Ke1k5ZBHLRsoZXN2aXgwoTLTtJ2uaNjYRjBrLkr5pF6XB_FZ7P8rhxp4oj7P5fVNBOjfYE-6ZZHbZs1qVi7KQP_469O4dflWG_qzQJAipsUsoit7VdMAU8noMQ.A-B7-o5P7gArKFCFbuoQIybZ3qKhaVKx7kilgMg74j0&dib_tag=se&qid=1759743121&s=electronics&sr=1-7167&xpid=UZHjCDxPt3DrQ,https://www.flipkart.com/realme-13-pro-5g-monet-gold-256-gb/p/itm1e3e0852d520a?pid=MOBH2YYDKPR78SNJ&lid=LSTMOBH2YYDKPR78SNJ5ERNB7&marketplace=FLIPKART&q=mobile+phones&store=tyy%2F4io&srno=s_34_813&otracker=search&otracker1=search&fm=Search&iid=ba77a6f1-752e-40bd-8968-b5c655b8a3c1.MOBH2YYDKPR78SNJ.SEARCH&ppt=sp&ppn=sp&ssid=ug23y7igqo0000001753088209917&qH=a81ad6e72f7a2fd1,,https://rukminim2.flixcart.com/image/312/312/xif0q/mobile/r/u/k/-original-imah38dbzpraunnj.jpeg?q=70,Mobiles,0.3265,realme,-1599.0,Amazon,1599.0,6.55
2310,294,"CMF by Nothing Buds 2 (Dark Grey)| 48 dB Hybrid ANC | Ultra Bass Technology 2.0 | Upto 55 Hours Playtime | 11mm Driver | Bluetooth 5.4 Earbuds with Fast Charging, IP55, Clear Voice Mic, Touch Controls","CMF by Nothing Buds Pro with 45 dB ANC, Ultra Bass Tech...",2267.0,2999.0,5.0,4.1,https://www.amazon.in/CMF-Buds-Technology-Playtime-Bluetooth/dp/B0FJWDYMN5/ref=sr_1_2355?dib=eyJ2IjoiMSJ9.VuCXKD5iu3rXXx8NpS_f-LxhYg4Z0PzhxdNz45UC4uFK73RpA-8qqYIznjY5UOrgGHOj1qKxQv9du4HGrkkGcx9A-kWlFdMj7FCIZRl0H5NyEI0q1q4nMMtr2cjRG_0w-yV7Dgm5hmqLZyOWWuWknmeapvJxvhsQCOAsZ9SQ4cW1biKrkZGDwbfT7ECovhT9BNGmmeOcg4-Dl0h9kkkFZpbGAfZ55EdVB8R5I5UWGb_GlYUMamFBQP8lNjcayEbjnfjy2vdZHdjthO4yB3nn5dSSx-SzDXEOa7tURCRLcU8.mhSeLbeIrGV6y6i6tBeVZZ6zDTCUdTpX2oNzQrRW63M&dib_tag=se&qid=1759737577&s=electronics&sr=1-2355&xpid=UZHjCDxPt3DrQ,https://www.flipkart.com/cmf-nothing-buds-pro-45-db-anc-ultra-bass-technology-upto-39-hours-battery-life-bluetooth/p/itm88f70990b01c5?pid=ACCGPTY9DXMSXXQ3&lid=LSTACCGPTY9DXMSXXQ3WP9YQC&marketplace=FLIPKART&q=earphones&store=0pm%2Ffcn%2F821&srno=s_21_829&otracker=search&otracker1=search&fm=Search&iid=e56da30b-fa82-43f3-9e63-aa1697099550.ACCGPTY9DXMSXXQ3.SEARCH&ppt=sp&ppn=sp&ssid=tgyhiu6rls0000001753106511440&qH=54597ea1f2fc7f2e,,https://rukminim2.flixcart.com/image/612/612/xif0q/headphone/j/9/x/buds-pro-cmf-by-nothing-original-imagtnz6gycfewru.jpeg?q=70,Earphones,0.3265,nothing,-732.0,Amazon,732.0,32.29
9151,947,Zapcase Back Case Cover for Samsung Galaxy S24 5G | Compatible for Samsung Galaxy S24 5G Back Cover | Liquid Silicon Magic Case with Camera Protection | Black,"Samsung Galaxy S24 5G (Onyx Black, 128 GB)",259.0,74999.0,4.1,4.6,https://www.amazon.in/Zapcase-Samsung-Compatible-Silicon-Protection/dp/B0CST3PRSM/ref=sr_1_21501?dib=eyJ2IjoiMSJ9.M-a9KcxKgmmif-sPiMxYSx_rUkkajMvDxKT__KJxmD9zXSXJQYVxz7WSdhKWHD0NW2j6266YR6Z91e19I5zq1BQEB62q_KNjtzFsBMtjVZCqf8VpvDZkX1RF8HkPQdtitev2bIx_mzqwUDV8Kbg54fx6SWRwmsexW7T2rsmfDExjRpvtFYIhsOPN2gvGRaqaFCI3gDop50gM5qMxSM3qKLs66te6YrpD5fK0W8IEjfaiah6HZt4V80cs9EvhZWsISZFsv6ivk_aBF5ypFDegvXwNw-fkx27KFuL7sG0fzwU.Eu_xXCkuTNDdw2p1T10ZhbsxFP5TbkhyTgSRLAcpuoo&dib_tag=se&qid=1759760885&s=electronics&sr=1-21501&xpid=UZHjCDxPt3DrQ,https://www.flipkart.com/samsung-galaxy-s24-5g-onyx-black-128-gb/p/itmc8add40b88912?pid=MOBHYJ6QFUNQYFDH&lid=LSTMOBHYJ6QFUNQYFDHVZACEH&marketplace=FLIPKART&q=mobile+phones&store=tyy%2F4io&srno=s_12_278&otracker=search&otracker1=search&fm=Search&iid=f7937241-fb59-427d-9eb7-75586bfef788.MOBHYJ6QFUNQYFDH.SEARCH&ppt=sp&ppn=sp&ssid=p65rsa2g0g0000001753087901914&qH=a81ad6e72f7a2fd1,,https://rukminim2.flixcart.com/image/312/312/xif0q/mobile/m/n/9/-original-imahcfwmchscq6fk.jpeg?q=70,Mobiles,0.3264,samsung,-74740.0,Amazon,74740.0,28857.14
3322,58,"truke New Launch Crystal Dyno Leather Finish True Wireless in Ear Earbuds w/Spatial Audio, 70H Battery Rapid Charge Ear Buds, 13mm Driver HiFi Sound TWS, 40ms Ultra Low Latency, 4Mics ENC - OakBrown",truke Crystal Dyno Leather Finish earbuds w/ Spatial Au...,899.0,999.0,4.1,4.2,https://www.amazon.in/truke-Crystal-Leather-Wireless-Earbuds/dp/B0F1YCF29P/ref=sr_1_3494?dib=eyJ2IjoiMSJ9.T7auw2_XYrzgWmrwmwJB8764K8bgmXHhUrLUjaOPC9V5WUf-BonLXBzycDsLEZbMT1OxQyyOfxZJrBYTF29QlqReOiZqZxtyfoG_S9eSVib-eBkxnrNelEm9w3lg3BoYTCslEXqAZN-0Y7buJL7BlBYL4Amo7Dhxq4_a8vRRKZoMhPWhNtg59h-DInreJQ5FIdm3RGNPHK71hGMlK5iclpaYk2tsA7lpAT7K6Ld1uaSRCKZOLzbmxCBrn9qByzSi5ccjc9bcIC3Z9NKQCWCb-mUb11ytsa4TsRufiUa6C7Q.gR_qH2zKIq1hf91bD0PWxDT7FVnY2twuSi3zoB90TVk&dib_tag=se&qid=1759738776&s=electronics&sr=1-3494&xpid=UZHjCDxPt3DrQ,https://www.flipkart.com/truke-crystal-dyno-leather-finish-earbuds-w-spatial-audio-70h-battery-quad-mic-enc-bluetooth/p/itmca0d9860b9d91?pid=ACCHAVF229KVTG53&lid=LSTACCHAVF229KVTG53F0TZS7&marketplace=FLIPKART&q=earphones&store=0pm%2Ffcn%2F821&srno=s_2_80&otracker=search&otracker1=search&fm=Search&iid=2247ad38-0720-420a-95b4-87dd49456845.ACCHAVF229KVTG53.SEARCH&ppt=sp&ppn=sp&ssid=wtbp0vyn3k0000001753106001023&qH=54597ea1f2fc7f2e,,https://rukminim2.flixcart.com/image/612/612/xif0q/headphone/n/4/8/-original-imahbb8hxg86v9hg.jpeg?q=70,Earphones,0.3263,,-100.0,Amazon,100.0,11.12
4277,58,"truke New Launch Crystal Dyno Leather Finish True Wireless in Ear Earbuds w/Spatial Audio, 70H Battery Rapid Charge Ear Buds, 13mm Driver HiFi Sound TWS, 40ms Ultra Low Latency, 4Mics ENC -ArcticBlue",truke Crystal Dyno Leather Finish earbuds w/ Spatial Au...,899.0,999.0,4.1,4.2,https://www.amazon.in/truke-Crystal-Leather-Wireless-ArcticBlue/dp/B0F1Y8MDHM/ref=sr_1_4574?dib=eyJ2IjoiMSJ9.4UozP9p4zjaxOlJDfb5c0-tK62iLyH9_LLXb48rMg2hgsr8WrWFiEIcfl-xFVwcprrGxbvHvrf62bbe6FTCB0rPx04hWXcFh42UqizsmG8_AFIkPJ5SMXBbJOapNf1vB0pe17XHnQOtHYyhdFUFni7hwxsfL47Ym6Pz7UHTHEEXBC6hLd-66peffj0gjYCCMhPEfUIulPqNV2iQy3NAnn_dFBXnP2lkcVM-zzZ14rt-jf2Z1U7OAcP795NiDNKXTrwk2rZp_h4KPx_xR4CC5xELasmoX29RxBGoRwQ2sxq0.L9qC7SCGDUHfdVQEWYgIsxIn6Unvaur1EufhtiWpvzU&dib_tag=se&qid=1759739899&s=electronics&sr=1-4574&xpid=UZHjCDxPt3DrQ,https://www.flipkart.com/truke-crystal-dyno-leather-finish-earbuds-w-spatial-audio-70h-battery-quad-mic-enc-bluetooth/p/itmca0d9860b9d91?pid=ACCHAVF229KVTG53&lid=LSTACCHAVF229KVTG53F0TZS7&marketplace=FLIPKART&q=earphones&store=0pm%2Ffcn%2F821&srno=s_2_80&otracker=search&otracker1=search&fm=Search&iid=2247ad38-0720-420a-95b4-87dd49456845.ACCHAVF229KVTG53.SEARCH&ppt=sp&ppn=sp&ssid=wtbp0vyn3k0000001753106001023&qH=54597ea1f2fc7f2e,,https://rukminim2.flixcart.com/image/612/612/xif0q/headphone/n/4/8/-original-imahbb8hxg86v9hg.jpeg?q=70,Earphones,0.3263,,-100.0,Amazon,100.0,11.12
705,285,"Portronics Conch Theta A in Ear 3.5mm Wired Earphones with In Line HD Mic, Powerful Audio, 14.2mm Dynamic Driver, Unique Earbuds Design, TPE Anti Tangle Wire,In line Controls,Wide Compatibility(White)","Portronics Conch Sigma A in Ear 3.5mm Wired Earphones,i...",229.0,295.0,4.0,4.1,https://www.amazon.in/Portronics-Earphones-Powerful-Controls-Compatibility/dp/B0DDHLPQT3/ref=sr_1_710?dib=eyJ2IjoiMSJ9.Uw2nnYM4VRAD0wCpf4t7rDiThjukjHCsq91P_nc_C1Quoth-yBO8BN8l5RvuG5I5XwhiTUjc79iaYIRALAP5zqU_dH4ZgAFHvXDsKLH3n8BjQUHeZv_jm9PiV-W5f3dlvWmdJ0ejXgEDA96SecNVlvPbK8VW_mrsV_QdCZZtBWxgTMi9tF521BKp7f32ojjrBK_w5d3PBy5Ph16a7eum-PqODFtsOZTq0vcV7y-bz7kmDT6qLW9mBArwwZaQhRtqx0Pno0ueodVtq1r4caisOvLW3PjmF1c8oOVrPstrM3c.hPm4eHnZkl1WAi4ccNUv9iN1VhdXARmodigTtwikKIo&dib_tag=se&qid=1759735955&s=electronics&sr=1-710&xpid=UZHjCDxPt3DrQ,https://www.flipkart.com/portronics-conch-sigma-ear-3-5mm-wired-earphones-in-line-hd-mic-14-2mm-driver/p/itme28ad65e53911?pid=ACCH9ZH5TCXVE6TZ&lid=LSTACCH9ZH5TCXVE6TZZE6SH2&marketplace=FLIPKART&q=earphones&store=0pm%2Ffcn%2F821&srno=s_21_806&otracker=search&otracker1=search&fm=Search&iid=e56da30b-fa82-43f3-9e63-aa1697099550.ACCH9ZH5TCXVE6TZ.SEARCH&ppt=sp&ppn=sp&ssid=tgyhiu6rls0000001753106511440&qH=54597ea1f2fc7f2e,,https://rukminim2.flixcart.com/image/612/612/xif0q/headphone/p/k/h/conch-sigma-a-in-ear-3-5mm-wired-earphones-in-line-hd-mic-14-2mm-original-imahacrgzayxnrhn.jpeg?q=70,Earphones,0.3262,portronics,-66.0,Amazon,66.0,28.82
11,1347,"Samsung Galaxy S24 Ultra 5G AI Smartphone with Galaxy AI (Titanium Black, 12GB, 256GB Storage), Snapdragon 8 Gen 3, 200 MP Camera with ProVisual Engine and 5000mAh Battery","Samsung Galaxy S24 Ultra 5G (Titanium Black, 256 GB)",75749.0,80999.0,4.5,4.6,https://www.amazon.in/Samsung-Galaxy-Smartphone-Titanium-Storage/dp/B0CS5Z3T4M/ref=sr_1_12?dib=eyJ2IjoiMSJ9.8-aKrERwPzdGyJWfWOa56BDYB1mnBqGBvnzq6l53HItCsQsxbIFLm21v9R_6FmoTBpJ600hwiR0xOHvF_xx6hMwuEFgEDCYS9iGPnysMOr1BWijktkdu3ikYyaKbiI1q6gDckmDjnylxNO7h1uRbVl7x9fl6TPDK1qp0lGKkRE5gA_wftZX3ERHLcmlkaYn3JAuOQvpxTESxFK3S1ePna3mBomQ_OcwMoivmua83h6CZUcigr3iU7jURLZAo9N2uU6GL2oUlta2OjQEkKGjrvkamiEG_33JUxUeZFvBui50.uZI1p62DqPjx-nuhqdw4L2Wnx43Peyq1jL9BkLtfCSk&dib_tag=se&qid=1759735404&s=electronics&sr=1-12&xpid=UZHjCDxPt3DrQ,https://www.flipkart.com/samsung-galaxy-s24-ultra-5g-titanium-black-256-gb/p/itm20b685e30271b?pid=MOBH3P4UM6ACEC2M&lid=LSTMOBH3P4UM6ACEC2MIS7C9G&marketplace=FLIPKART&q=mobile+phones&store=tyy%2F4io&srno=s_31_727&otracker=search&otracker1=search&fm=Search&iid=6f3dc78c-f8e0-4723-83f0-974855061bd7.MOBH3P4UM6ACEC2M.SEARCH&ppt=sp&ppn=sp&ssid=gksfv80g1s0000001753088106751&qH=a81ad6e72f7a2fd1,,https://rukminim2.flixcart.com/image/312/312/xif0q/mobile/y/e/8/-original-imahyvntxfrpuw6g.jpeg?q=70,Mobiles,0.3259,samsung,-5250.0,Amazon,5250.0,6.93
6214,1212,"GadgetBite Orbix Camera Lens Protector for iPhone 15 Pro 6.1""& iPhone 15 Pro Max 6.7"" Tempered Glass Lens Ring Cover Fit for iPhone 15 Pro/ 15 Pro Max (Natural Titanium)","Apple iPhone 16 Pro Max (Natural Titanium, 256 GB)",99.0,135900.0,3.9,4.7,https://www.amazon.in/GadgetBite-Protector-15-Tempered-Titanium/dp/B0CKNHBTB9/ref=sr_1_6673?dib=eyJ2IjoiMSJ9.V8fCNSCLqGzP15LKQm8HgpDcL0esY_PCPrBOvA09mUFFnTMzf4hTK8Ij16je3YtJa3mXOVFQ2PiGBPdGHoWOI-LqnKXg4aSuvWqILFRpo2qcNGVzDGVLuJnDOUfUrzbBKzlJm52hywKz3CUFqKIrSpMsnBecoJAiwYa5kan-BZzjr2RMiO-X4Ue51r8XFR1bG-ThP7cg4J2S74CxtLYgFRv27lTvVXTbtOG35d1WyE_4Si8ewkOQPFr91emCCVt1DHc0HOKRj9lf32ftpNOUNQawkc7L3gzmzpcmBKBBTQI.262wSyghc9ku7oWyYsR5PlS6jaE5GdpbpIXFUxKoxN8&dib_tag=se&qid=1759742509&s=electronics&sr=1-6673&xpid=UZHjCDxPt3DrQ,https://www.flipkart.com/apple-iphone-16-pro-max-natural-titanium-256-gb/p/itm05ad8e674782a?pid=MOBH4DQFRST2BQQ8&lid=LSTMOBH4DQFRST2BQQ8UII8UK&marketplace=FLIPKART&q=mobile+phones&store=tyy%2F4io&srno=s_25_584&otracker=search&otracker1=search&fm=Search&iid=c3a61a3e-41ea-4acb-a985-ecb61487797c.MOBH4DQFRST2BQQ8.SEARCH&ppt=sp&ppn=sp&ssid=l4l7ylc4mo0000001753088045003&qH=a81ad6e72f7a2fd1,,https://rukminim2.flixcart.com/image/312/312/xif0q/mobile/u/8/w/-original-imah4jz6qhwgukgt.jpeg?q=70,Mobiles,0.3249,,-135801.0,Amazon,135801.0,137172.73
8358,1347,"Samsung Galaxy S24 Ultra 5G Anti-Reflecting Screen Protector, Transparent","Samsung Galaxy S24 Ultra 5G (Titanium Black, 256 GB)",1989.0,80999.0,3.4,4.6,https://www.amazon.in/Samsung-Polycarbonate-Anti-Reflecting-Protector-Transparent/dp/B0CRGV1ZP2/ref=sr_1_9019?dib=eyJ2IjoiMSJ9.I1xwyGk34His2Kbl-OSv_g_z6uN3qx5hWXXxxxtDKNC8yGPqrzVTFDFGNYsNTplvh2QqxWMbFOBDcrzhHAqFNVRlTTnvPMmuqFeR8PZcHRULGiBnq79WCCBaeBhZHlQdQBdoMl_sPhaiqw3XD2WU5zlJsMB5sBOx_RJvBwWXxcpZGIBIrp872jhLhbZ-IJa7gP1a28xwJsre62HIVMWMmc4h09bGJUtUea7HA6IBI0lDFYOA4cLvV_1nHUqq5TfMaGvbB1ORd2UZlW6spDEAp41UM8V3u689QfXRNbCvVTI.wHfQjLQcE0I22Ux4N2kKKV479NrVj4Hc_rpBsCtOw2E&dib_tag=se&qid=1759745400&s=electronics&sr=1-9019&xpid=UZHjCDxPt3DrQ,https://www.flipkart.com/samsung-galaxy-s24-ultra-5g-titanium-black-256-gb/p/itm20b685e30271b?pid=MOBH3P4UM6ACEC2M&lid=LSTMOBH3P4UM6ACEC2MIS7C9G&marketplace=FLIPKART&q=mobile+phones&store=tyy%2F4io&srno=s_31_727&otracker=search&otracker1=search&fm=Search&iid=6f3dc78c-f8e0-4723-83f0-974855061bd7.MOBH3P4UM6ACEC2M.SEARCH&ppt=sp&ppn=sp&ssid=gksfv80g1s0000001753088106751&qH=a81ad6e72f7a2fd1,,https://rukminim2.flixcart.com/image/312/312/xif0q/mobile/y/e/8/-original-imahyvntxfrpuw6g.jpeg?q=70,Mobiles,0.3246,samsung,-79010.0,Amazon,79010.0,3972.35
6068,1011,"realme 14x 5G Smartphone 8+128GB Crystal Black, 6.67-inch Screen, 120Hz Display, 6000mAh Battery, 80MP, MediaTek Dimensity 6300, ArmorShell Protection, IP69","realme 14x 5G (Crystal Black, 128 GB)",15199.0,14999.0,4.2,4.3,https://www.amazon.in/realme-Smartphone-6-67-inch-ArmorShell-Protection/dp/B0F62ZGV35/ref=sr_1_6520?dib=eyJ2IjoiMSJ9.fhDbi-hLTuX6h8uUrWTlPQtmW5jKMUD-V9dVGweFFHw-5P-1U6IYn7xhd6LnDKbDh9rKgdT2g0Fm4f23yL38WkO3QPx1oD_P-31czBvqQvSDUHejLyazyTJOmM5-2rw7MJyCqYP-rRLXlnqbN6H8MnwXiHq5lS5tA_Cqfoz1jPSno_8kMHV6Y9Z95JavlNOXHEy2o56EXAdIluSCNKLISmnlWFT4yESbXFGuAzZUBwiVTuecz46RzKPO0mKwpyuxLvVys_f5e825qY_RdFcBGUU-WaFRw4W92LxQdKgvhDc.NzjqeKRjTsY8BxCUVL7PfJe-0uVtBeq0pxhN8lHF1kY&dib_tag=se&qid=1759742312&s=electronics&sr=1-6520&xpid=UZHjCDxPt3DrQ,https://www.flipkart.com/realme-14x-5g-crystal-black-128-gb/p/itmb45ae2fd70ae9?pid=MOBH6YGY3S7ZQHHF&lid=LSTMOBH6YGY3S7ZQHHF0FTWUD&marketplace=FLIPKART&q=mobile+phones&store=tyy%2F4io&srno=s_16_362&otracker=search&otracker1=search&fm=Search&iid=063ca73b-034f-49ce-abbd-42b43c4da71d.MOBH6YGY3S7ZQHHF.SEARCH&ppt=sp&ppn=sp&ssid=j3ipelsou80000001753087943915&qH=a81ad6e72f7a2fd1,,https://rukminim2.flixcart.com/image/312/312/xif0q/mobile/k/q/c/-original-imah7hyn4rxguugv.jpeg?q=70,Mobiles,0.3244,realme,200.0,Flipkart,200.0,1.33
3393,849,"TheGiftKart Ultra-Hybrid ShockProof Sleek Armor Back Cover Case for Nothing Phone 3a 5G | 360° Protection | Crystal Clear Hard Back Transparent Cover Case for Nothing Phone 3a (PC & TPU, Black Bumper)","Nothing Phone (3a) (Black, 128 GB)",289.0,24999.0,4.5,4.5,https://www.amazon.in/TheGiftKart-Back-Crystal-Clear-Black/dp/B0DYK8BTB2/ref=sr_1_3574?dib=eyJ2IjoiMSJ9.a2bVZzaL8CMDEUEePZVoGuTJ3BsTPbYni-YkpUKFOOTYACEBc8sWRWgdUZx2euo2rUxDQ69Dy1oTc3ZgZNj-wjD4y6fE6cXaprZrVbcckWogXdpP90ypa8-mHadHbXVF73RtKZwICUdfjo4qHgMyXFeHL6rUJ7Wx3PxPE-gL4jkwlGjDTfXF_2dXMOTmKgRAQ5R3SPsc4EYzw0ucT9sM_xh37hf8IVuuz5hFl19qDYuCjewk619TzwvvTsWkQM8PdLriyozylg3YFxLcn42oFv2tiZVlY9Awxp5odj2oCTY.vRgxFmpCtzGGX78GyvBONIWUAztzXWU9L7Us4BnFWlo&dib_tag=se&qid=1759738849&s=electronics&sr=1-3574&xpid=UZHjCDxPt3DrQ,https://www.flipkart.com/nothing-phone-3a-black-128-gb/p/itm49557c5a65f9c?pid=MOBH8G3P6UXPEFSZ&lid=LSTMOBH8G3P6UXPEFSZTYXBHZ&marketplace=FLIPKART&q=mobile+phones&store=tyy%2F4io&srno=s_7_146&otracker=search&otracker1=search&fm=Search&iid=39c7c77d-e7f5-4d55-8ac8-971bf7f3649c.MOBH8G3P6UXPEFSZ.SEARCH&ppt=sp&ppn=sp&ssid=oybmyd8sao0000001753087849426&qH=a81ad6e72f7a2fd1,,https://rukminim2.flixcart.com/image/312/312/xif0q/mobile/1/o/x/-original-imahcfcf2hdeqea5.jpeg?q=70,Mobiles,0.3243,nothing,-24710.0,Amazon,24710.0,8550.17
1104,1347,"Spigen Liquid Air for Samsung Galaxy S24 Ultra Case, Galaxy S24 Ultra Back Cover (2024) - TPU｜Matte Black","Samsung Galaxy S24 Ultra 5G (Titanium Black, 256 GB)",1079.0,80999.0,4.4,4.6,https://www.amazon.in/Spigen-Liquid-Cover-Compatible-Galaxy/dp/B0CM4VL4Z5/ref=sr_1_1114?dib=eyJ2IjoiMSJ9.V_eXRJquYs4IxJooOnU6D2E5H8MV9snDAKo4nPxc35crPh8x6XYO9Sw4TFskqjUofJRGL89Al8stSIa3eUfj7u7rH_Q2KO32gPXrS92nWfjA62bkBcxWcwyQG_kBaCf9NLQrKxKGpSBPOEnc4uNLsEr5x_bKKAUHSaZr1CjXT_Z4qyJbaxTKUW1mIEqvy74aX10jIdbrtMGZAKBnl6OVphZPuNa2CUnq_fYPTxaOGQRviPrrGHY86Uloz8t8Y22agxmrczrVvtVk4yObo7_Ckkry-p92QdotcovS5atqUrE.7CqGj3btf2geuzgl5Iz4jQK-4sdIFjBhMzdLK_fMmd4&dib_tag=se&qid=1759736289&s=electronics&sr=1-1114&xpid=UZHjCDxPt3DrQ,https://www.flipkart.com/samsung-galaxy-s24-ultra-5g-titanium-black-256-gb/p/itm20b685e30271b?pid=MOBH3P4UM6ACEC2M&lid=LSTMOBH3P4UM6ACEC2MIS7C9G&marketplace=FLIPKART&q=mobile+phones&store=tyy%2F4io&srno=s_31_727&otracker=search&otracker1=search&fm=Search&iid=6f3dc78c-f8e0-4723-83f0-974855061bd7.MOBH3P4UM6ACEC2M.SEARCH&ppt=sp&ppn=sp&ssid=gksfv80g1s0000001753088106751&qH=a81ad6e72f7a2fd1,,https://rukminim2.flixcart.com/image/312/312/xif0q/mobile/y/e/8/-original-imahyvntxfrpuw6g.jpeg?q=70,Mobiles,0.3233,samsung,-79920.0,Amazon,79920.0,7406.86
2848,227,"Noise Aura Buds in Ear Truly Wireless Earbuds with 60H of Playtime, Quad Mic with ENC, Dual Device Pairing, Instacharge(10 Min=150 Min),12Mm Polymer Composite Driver,BT V5.3(Aura Black)","Noise Aura Buds with Dual Device Pairing, 60 Hours of P...",1099.0,1499.0,3.9,4.0,https://www.amazon.in/Noise-Launched-Wireless-Instacharge-Composite/dp/B0CFYF21QZ/ref=sr_1_2974?dib=eyJ2IjoiMSJ9.oQKu9U0WHJmx0NqJeeUuL8Tys1udRQQBjUzRYbdIOuKeZrf5xhHt7bGfmHoZIJa_u_N2AFGFrpqu-XvyQSkXerwpmbjkqhbxOEU1p8NcoeZrZmSPTr8PSa2nl0PFSyu9SdmxXSzkRM_jIojW_a-21R4CUCLYhjwCfQuAFRN3Ln3i1ALvvlq2qbVkdKKjA79YEaQYSeJ0-7ElqkWCdwzLkB09LhJgA613WGXlsYRl3ATsRUqtWm0X9WzoHcOu7mzZA_Jx6Kp9RQTKBQM9KiBIwCqjENkjsdWmVt3RPythZZg.LpunulccnCmuK-fU5WXS6MNsV136NstEX6pg9R7jLyM&dib_tag=se&qid=1759738210&s=electronics&sr=1-2974&xpid=UZHjCDxPt3DrQ,https://www.flipkart.com/noise-aura-buds-dual-device-pairing-60-hours-playtime-enc-quad-mic-bluetooth/p/itmf394a7055cd7b?pid=ACCGSQJXWD82QTM5&lid=LSTACCGSQJXWD82QTM5KPKZPA&marketplace=FLIPKART&q=earphones&store=0pm%2Ffcn%2F821&srno=s_17_673&otracker=search&otracker1=search&fm=Search&iid=a7aed92e-97c2-4912-96f8-4e7ea2605b66.ACCGSQJXWD82QTM5.SEARCH&ppt=sp&ppn=sp&ssid=gwr89qeir40000001753106380793&qH=54597ea1f2fc7f2e,,https://rukminim2.flixcart.com/image/612/612/xif0q/headphone/i/d/j/-original-imagzzhfgmqtchsu.jpeg?q=70,Earphones,0.3226,noise,-400.0,Amazon,400.0,36.4
3543,227,"Noise Aura Buds in Ear Truly Wireless Earbuds with 60H of Playtime, Quad Mic with ENC, Dual Device Pairing, Instacharge(10 Min=150 Min),12Mm Polymer Composite Driver, BT V5.3(Aura Blue)","Noise Aura Buds with Dual Device Pairing, 60 Hours of P...",1099.0,1499.0,3.9,4.0,https://www.amazon.in/Noise-Launched-Wireless-Instacharge-Composite/dp/B0CFYBHJCV/ref=sr_1_3734?dib=eyJ2IjoiMSJ9.b428MhYgnCWevGjjW182N6JUXQMXibrlvtyYxqGI5aPJOVsMRuEu-sR4dldbujegtRlrWWDE3MWF-KW5UiYzvINs_98vYvAhmLvQ_LFWpuV-RYkvK6c-xBscD8azkPd2-vPeWfQiU3AA6qD3DKVdAQErCNxAjmq8R2b1pmy4j1maXpWD-Dg7A9fjIsNkN0-2lSZWKZqHS069vcpHjLHq7cQNFb4ORSISOXarlbNy4qd9GF9fBT12bxfWp6Pi5BG8llDNanJAIUoLSoNawf-38XIcIlRuAWwcsv2KH70ZTC8.nc-yc68mQlI465QEDB1cM47YzJxJ1Hl1w4Ju-HepGKA&dib_tag=se&qid=1759739015&s=electronics&sr=1-3734&xpid=UZHjCDxPt3DrQ,https://www.flipkart.com/noise-aura-buds-dual-device-pairing-60-hours-playtime-enc-quad-mic-bluetooth/p/itmf394a7055cd7b?pid=ACCGSQJXWD82QTM5&lid=LSTACCGSQJXWD82QTM5KPKZPA&marketplace=FLIPKART&q=earphones&store=0pm%2Ffcn%2F821&srno=s_17_673&otracker=search&otracker1=search&fm=Search&iid=a7aed92e-97c2-4912-96f8-4e7ea2605b66.ACCGSQJXWD82QTM5.SEARCH&ppt=sp&ppn=sp&ssid=gwr89qeir40000001753106380793&qH=54597ea1f2fc7f2e,,https://rukminim2.flixcart.com/image/612/612/xif0q/headphone/i/d/j/-original-imagzzhfgmqtchsu.jpeg?q=70,Earphones,0.3222,noise,-400.0,Amazon,400.0,36.4
4133,227,"Noise Aura Buds in Ear Truly Wireless Earbuds with 60H of Playtime, Quad Mic with ENC, Dual Device Pairing, Instacharge(10 Min=150 Min),12Mm Polymer Composite Driver,BT V5.3(Aura White)","Noise Aura Buds with Dual Device Pairing, 60 Hours of P...",1099.0,1499.0,3.9,4.0,https://www.amazon.in/Noise-Launched-Wireless-Instacharge-Composite/dp/B0CFYB2154/ref=sr_1_4414?dib=eyJ2IjoiMSJ9.4WHzyb9KReypIqTUd_rxVr3_jFibJzM2fmz4sdettPddamoPvMneldqRSl2gj3uYjCXZTaIUReWrwwjNSsrY9X-A7gNru5xznaolvd1rb5LWfDqVgCKRJAbHAvfk5Gmw_wsqaLDrUTYxowIPzA0XdN1d0dOb3DUhmdxbLOtJqR5an2uohYf8U_2x4oZ_S3vzOtj37cGfHisYRJS0qbah2u9SlnJc3TSgB9_jcP8tczvlJi2H603WIP6VSR-UUiy19N2CZODhNYP0pPR4Bg4WUmSSbyVHkDqPk1LwNo3u5Uk.4s9470LReaoiZPkS82KEGowm6otNa_NltJ-uLkIkJAc&dib_tag=se&qid=1759739739&s=electronics&sr=1-4414&xpid=UZHjCDxPt3DrQ,https://www.flipkart.com/noise-aura-buds-dual-device-pairing-60-hours-playtime-enc-quad-mic-bluetooth/p/itmf394a7055cd7b?pid=ACCGSQJXWD82QTM5&lid=LSTACCGSQJXWD82QTM5KPKZPA&marketplace=FLIPKART&q=earphones&store=0pm%2Ffcn%2F821&srno=s_17_673&otracker=search&otracker1=search&fm=Search&iid=a7aed92e-97c2-4912-96f8-4e7ea2605b66.ACCGSQJXWD82QTM5.SEARCH&ppt=sp&ppn=sp&ssid=gwr89qeir40000001753106380793&qH=54597ea1f2fc7f2e,,https://rukminim2.flixcart.com/image/612/612/xif0q/headphone/i/d/j/-original-imagzzhfgmqtchsu.jpeg?q=70,Earphones,0.3221,noise,-400.0,Amazon,400.0,36.4
798,1347,"Samsung Galaxy S24 Ultra 5G AI Smartphone with Galaxy AI (Titanium Black, 12GB, 512GB Storage), Snapdragon 8 Gen 3, 200 MP Camera with ProVisual Engine and 5000mAh Battery","Samsung Galaxy S24 Ultra 5G (Titanium Black, 256 GB)",85999.0,80999.0,4.5,4.6,https://www.amazon.in/Samsung-Galaxy-Smartphone-Titanium-Storage/dp/B0CS5Y7H6T/ref=sr_1_805?dib=eyJ2IjoiMSJ9.7Dg6zwcM1uiIj8l6JGIbzxx1Hhbfv7BdXsPIFDgfR9ZY5dVV9OBu89j_G0IUI7tZ0Hhe-huNZ7aghmg5plqMGpP-mxY_zY3Y7xvdfFMigHJJHdoOG9SxyUvZnAiuH-TLVvue4pNVslImCLvzUyALvbMn89eyQ_QCMi0DDd7E9SAAhyZp__AxkPR73hZy7ypCp-D1EGDn4cUyFDqyPcao4HPdIheLBJTCIoyygOdHdLbHyx54_REMRzPRduNOf933YJNKRNzl5wpv3s5gw4lFjI-22XAkHHu-VsFKof8J5FM.pzVd_6rZlt5Tf2jacHk18lmSeznjWOI5Aw2e3C_8d3s&dib_tag=se&qid=1759736035&s=electronics&sr=1-805&xpid=UZHjCDxPt3DrQ,https://www.flipkart.com/samsung-galaxy-s24-ultra-5g-titanium-black-256-gb/p/itm20b685e30271b?pid=MOBH3P4UM6ACEC2M&lid=LSTMOBH3P4UM6ACEC2MIS7C9G&marketplace=FLIPKART&q=mobile+phones&store=tyy%2F4io&srno=s_31_727&otracker=search&otracker1=search&fm=Search&iid=6f3dc78c-f8e0-4723-83f0-974855061bd7.MOBH3P4UM6ACEC2M.SEARCH&ppt=sp&ppn=sp&ssid=gksfv80g1s0000001753088106751&qH=a81ad6e72f7a2fd1,,https://rukminim2.flixcart.com/image/312/312/xif0q/mobile/y/e/8/-original-imahyvntxfrpuw6g.jpeg?q=70,Mobiles,0.3221,samsung,5000.0,Flipkart,5000.0,6.17
7255,333,"Meyaar Compatible for AirPods Pro 2nd Generation Case Cover with Keychain, Soft Silicone Skin Case Cover Full Protective (Only Silicone Cover) (Pink)",Apple AirPods Pro (2nd generation) Bluetooth,149.0,24990.0,4.0,4.3,https://www.amazon.in/Meyaar-Compatible-Generation-Keychain-Protective/dp/B0BJ12HYXS/ref=sr_1_7833?dib=eyJ2IjoiMSJ9.A4QE1UfPFLdpAPesO3OpNituT-vGB2dG0Gfih7VGPZ0LX9a78i6FRKaF9DVHi4vTf6bA5A_nA0z2fCSeq7VQfBSYHEvNzkY64qP6dKR-rSuoR02w6UeTqL-7BXa7z16lOEgHtG8DtDluC72RO4G7NUBEQeNWh4hFirfnmkbFXI35-9jbiYzVT6jMpiIr7z3YHXjP6FytWoPowjB2UAIsWnigdsI1VC6N7PLJVWg-yM7sF5ZvQxbXv_DGS7mpvIgPrCEUWZd1r10z9QHXzSIyojZ2iPe-qLJAcitlaQpanpE.aVn0US5ZPQxT8y3wJiIRtHxtAC4ICE3cPmDYvMXFeH4&dib_tag=se&qid=1759743944&s=electronics&sr=1-7833&xpid=UZHjCDxPt3DrQ,https://www.flipkart.com/apple-airpods-pro-2nd-generation-bluetooth/p/itme8963259e9935?pid=ACCHAGBGS9SQEMPT&lid=LSTACCHAGBGS9SQEMPTKMPNZ8&marketplace=FLIPKART&q=earphones&store=0pm%2Ffcn%2F821&srno=s_23_915&otracker=search&otracker1=search&fm=Search&iid=1af41a8c-3b1e-46e9-899a-40b63b6e694f.ACCHAGBGS9SQEMPT.SEARCH&ppt=sp&ppn=sp&ssid=3fou8h7ik00000001753106572311&qH=54597ea1f2fc7f2e,,https://rukminim2.flixcart.com/image/612/612/xif0q/headphone/a/q/r/-original-imahahbzbyazrwxj.jpeg?q=70,Earphones,0.3219,,-24841.0,Amazon,24841.0,16671.81
8771,1022,RIGGEAR Shockproof Clear Hybrid Armor Back Cover Case for Nothing Phone 3a Pro (Clear PC+ Transparent TPU Bumper),"Nothing Phone (3a) Pro (Black, 128 GB)",279.0,29999.0,4.4,4.5,https://www.amazon.in/RIGGEAR-Clear-Nothing-Phone-Pro/dp/B0DYWGMHTC/ref=sr_1_9481?dib=eyJ2IjoiMSJ9.a7F_pW8neZnidvo-zdSDzLULP4XEHmubjrHiNsQc37R3HeGvpU44GH4aIxfOerEEjh33emThihQ-xJBLk97l78LSvMug4ODp4sZz_CWbuKofYlgbQH5YW58xMqgQwI7CEyTLDAISUJIwEjXlETN_qcwzvcJQdd61CzFwLoOglJ7Yn_BdA8ybm2lIhLcE9kNuNBz9_yFiEaGAeoEISqh56lcfz9C9CmXgD7OAveTyXtl0T-jqdB1RYro-B4kJSsjI7RFL2bd4P0m1G-sBjwfWRSaGLP_Bvy29n-eSVfZEzlY.GiwdYGTaO84ZxcBPAssE6Z3gLR-RYegeVJ0SYo1-24U&dib_tag=se&qid=1759745989&s=electronics&sr=1-9481&xpid=UZHjCDxPt3DrQ,https://www.flipkart.com/nothing-phone-3a-pro-black-128-gb/p/itm04daaef6652d4?pid=MOBH8G3PJAAHAJFG&lid=LSTMOBH8G3PJAAHAJFGSJDK8E&marketplace=FLIPKART&q=mobile+phones&store=tyy%2F4io&srno=s_16_373&otracker=search&otracker1=search&fm=Search&iid=063ca73b-034f-49ce-abbd-42b43c4da71d.MOBH8G3PJAAHAJFG.SEARCH&ppt=sp&ppn=sp&ssid=j3ipelsou80000001753087943915&qH=a81ad6e72f7a2fd1,,https://rukminim2.flixcart.com/image/312/312/xif0q/mobile/7/b/7/-original-imahcfcfhkzhngeb.jpeg?q=70,Mobiles,0.3217,nothing,-29720.0,Amazon,29720.0,10652.33
3704,1482,LIRAMARK Silicone Soft Back Cover Case for Xiaomi Redmi Note 10 Lite/Redmi Note 9 Pro/Redmi Note 9 Pro Max/Poco M2 Pro (Black),"REDMI Note 8 Pro (Gamma Green, 64 GB)",140.0,10499.0,4.0,4.5,https://www.amazon.in/LIRAMARK-Silicone-Cover-Xiaomi-Redmi/dp/B0B3FZ66F3/ref=sr_1_3935?dib=eyJ2IjoiMSJ9.tX7J36sfW92gfM34rX32dJxQxiRN6d66hODoqRDm-9r_T-joCJyMcJWHTOC0K-WqzqvXN3D9qrAS_3oPeUMdmKoUWQmb6WwUH-1IQfuI-6OH-YAFMeIMSgydp93F6oaL1Uzdv5PNmXBg4lS5QoJgRbYwx1pG1dZiOPnJnmqKaB0slbcsjOGpFfmeyLmMTMZsA1nRp_ajZNFGIoUrtYp2MVyxBeB8cB6EZihJEd71jic5RJCuG9brLN_Jl8lNNcaJ06HEsbTu7DgHW2tOsI96p5wIdsnj-kNGAo_cxQoH_YI.nSfuatNCcC5rvuqeEfGyCYF6Hq-JICjKa3zpXcZZwMY&dib_tag=se&qid=1759739217&s=electronics&sr=1-3935&xpid=UZHjCDxPt3DrQ,https://www.flipkart.com/redmi-note-8-pro-gamma-green-64-gb/p/itmb5a411e20719e?pid=MOBFHHRQDRRMKU94&lid=LSTMOBFHHRQDRRMKU94JNQFYM&marketplace=FLIPKART&q=mobile+phones&store=tyy%2F4io&srno=s_37_870&otracker=search&otracker1=search&fm=Search&iid=97e7c1d8-6d4f-44ac-bb66-a510842b7e28.MOBFHHRQDRRMKU94.SEARCH&ppt=sp&ppn=sp&ssid=xuauh4za0g0000001753088274734&qH=a81ad6e72f7a2fd1,,https://rukminim2.flixcart.com/image/312/312/k87nxjk0/mobile/g/z/h/redmi-note-8-pro-mzb8309in-original-imafqaf3fp6tmwg3.jpeg?q=70,Mobiles,0.3213,redmi,-10359.0,Amazon,10359.0,7399.29
6923,793,"TheGiftKart Flip Back Cover Case for OnePlus Nord CE 4 Lite 5G | Dual-Color Leather Finish | Inbuilt Stand & Pockets | Wallet Style Flip Cover for OnePlus Nord CE4 Lite (Faux Leather, Brown & Coffee)","OnePlus Nord CE4 lite 5G (MEGA BLUE, 128 GB)",299.0,16829.0,4.5,4.4,https://www.amazon.in/TheGiftKart-OnePlus-Dual-Color-Leather-Inbuilt/dp/B0D7TKGQ3F/ref=sr_1_7447?dib=eyJ2IjoiMSJ9.azFK11wz5_xfaTN3OibGz0MkiAB19H0XAW8giFpbNfBANheyS6AoiWJRZmj_DI6qyHH5qRBKy_2E5kHKf-BZnL77OrctFi_nFqrsIAYf_pX19UcHORcC2WTaoosLJwaPrTEU8j8MJ7dSq5v7twNZtUxAbq2kSbb0kOYGvaCeG_tXhHIk9cFvvSKGHl3kJTl7v0fZAho9QFy5a5DM4yC7E0CwQ87s4YdTR9Cmuikw1P7ZzDV-xNAdyorhKLKB-WEA__HTQzWZNnSR_F9UbL2vePMzw1mpa5I4sovjyDExx4w.PpD_73r90NGVdeiXB2IRDU9xtBC6awXkFQMBtfNFu3Y&dib_tag=se&qid=1759743475&s=electronics&sr=1-7447&xpid=UZHjCDxPt3DrQ,https://www.flipkart.com/oneplus-nord-ce4-lite-5g-mega-blue-128-gb/p/itm8fd5fdf300955?pid=MOBH25Z9CCTDDN3J&lid=LSTMOBH25Z9CCTDDN3JBPPDEE&marketplace=FLIPKART&q=mobile+phones&store=tyy%2F4io&srno=s_4_87&otracker=search&otracker1=search&fm=Search&iid=4bdf492a-549d-4735-91d3-2d10536e45ed.MOBH25Z9CCTDDN3J.SEARCH&ppt=sp&ppn=sp&ssid=scs8nge6b40000001753087817678&qH=a81ad6e72f7a2fd1,,https://rukminim2.flixcart.com/image/312/312/xif0q/mobile/p/m/o/-original-imah5wxz4y4qfgdq.jpeg?q=70,Mobiles,0.3192,oneplus,-16530.0,Amazon,16530.0,5528.43
3970,1347,"Spigen Rugged Armor for Samsung Galaxy S24 Ultra Case, Galaxy S24 Ultra Back Cover (2024) - TPU｜Matte Black","Samsung Galaxy S24 Ultra 5G (Titanium Black, 256 GB)",1079.0,80999.0,4.5,4.6,https://www.amazon.in/Spigen-Rugged-Armor-Compatible-Galaxy/dp/B0CM4ZZFZT/ref=sr_1_4224?dib=eyJ2IjoiMSJ9.rabv1FnTa5Rv4_gKL4P_yTLCSfMdrm3dHqe2VTflcZuujltTtNuMipC7_2N4NlAtCqUx49x36OvoQ0mJluzE_YNdf1DybYOEEF7B8grBJtMTxqPkCHrHl6W4-ZL-LuEuDngFT21X_aPFwb-idYGeD2i37Btr1W-JlI3gZl2NlJ451pW8BdklsLEC_igsogYNwLnxDoSwNnwSeftw5oIKqjSkhtsSHIIqiNErck1bZkSsCeHGXCiutAPqrmQ088vyBD4lTVsL8HmfI9cijXwQZZS1E9BrMTJbeCiAlHGhD7A.8bRcc6G080P3D4mffdTctyMxtQu88v2Yhd_j-foOArU&dib_tag=se&qid=1759739530&s=electronics&sr=1-4224&xpid=UZHjCDxPt3DrQ,https://www.flipkart.com/samsung-galaxy-s24-ultra-5g-titanium-black-256-gb/p/itm20b685e30271b?pid=MOBH3P4UM6ACEC2M&lid=LSTMOBH3P4UM6ACEC2MIS7C9G&marketplace=FLIPKART&q=mobile+phones&store=tyy%2F4io&srno=s_31_727&otracker=search&otracker1=search&fm=Search&iid=6f3dc78c-f8e0-4723-83f0-974855061bd7.MOBH3P4UM6ACEC2M.SEARCH&ppt=sp&ppn=sp&ssid=gksfv80g1s0000001753088106751&qH=a81ad6e72f7a2fd1,,https://rukminim2.flixcart.com/image/312/312/xif0q/mobile/y/e/8/-original-imahyvntxfrpuw6g.jpeg?q=70,Mobiles,0.3182,samsung,-79920.0,Amazon,79920.0,7406.86
6713,872,"TheGiftKart ShockProof Crystal Clear Back Cover Case for iQOO Z10x 5G / Vivo T4x 5G | 360 Degree Protection | Protective Design | Transparent Cover for iQOO Z10x / Vivo T4x 5G (PC & TPU, Black Bumper)","IQOO Z10X 5G (Titanium, 128 GB)",199.0,15100.0,4.4,4.3,https://www.amazon.in/TheGiftKart-ShockProof-Protection-Protective-Transparent/dp/B0DZ25JKYQ/ref=sr_1_7198?dib=eyJ2IjoiMSJ9._9k5vMCZnr4_8ynsSKF0Le_p6eDNr0YbNCD8HEu59drCW3lktK0BgHsToPqaMvJFK6iGtZgMADwEF-7szym-GqMXprKpA-dyyBsAZGWAIN5hlNmxtQ0afgXhN2TsrmNVyAGQvr1SCoJm8mV_EFSNl3_-KwSg9DPcpYFdDslHzXtowHfRi6-kcPtmVCAUc4p53CNlJS0K-iekBcxzuRs2vDILJtSHucNvVblKUD09YLRPiEUVDzVhd5TpO4MQTdPYknbs23bqLvkpjLlkmgxg4qIRSqgdn6PJr3PDsUIj2Sk.XqKD7Z2f1sxqnMI99HY54VoUfDXYeBUmVo0cNBjpUB8&dib_tag=se&qid=1759743152&s=electronics&sr=1-7198&xpid=UZHjCDxPt3DrQ,https://www.flipkart.com/iqoo-z10x-5g-titanium-128-gb/p/itmfddcdf7717452?pid=MOBHBC8VPXAYGCKG&lid=LSTMOBHBC8VPXAYGCKG8WDVIE&marketplace=FLIPKART&q=mobile+phones&store=tyy%2F4io&srno=s_8_177&otracker=search&otracker1=search&fm=Search&iid=91086f9e-4b75-4f9a-bc38-7ebc66242788.MOBHBC8VPXAYGCKG.SEARCH&ppt=sp&ppn=sp&ssid=wfjgvjgjtc0000001753087859851&qH=a81ad6e72f7a2fd1,,https://rukminim2.flixcart.com/image/312/312/xif0q/mobile/u/a/s/z10x-5g-i2404-iqoo-original-imahbngjtvv57yhf.jpeg?q=70,Mobiles,0.3179,vivo,-14901.0,Amazon,14901.0,7487.94
863,71,"Portronics Conch Tune C in Ear Type C Wired Earphones with Mic,10mm Driver, 1.2m Nylon Braided Anti Tangle Wire, in line Controls, Metal Alloy Body, Wide Compatibility(Grey)","Portronics Conch Sigma C in Ear Type C Wired Earphones,...",329.0,299.0,3.7,4.0,https://www.amazon.in/Portronics-Earphones-Braided-Controls-Compatibility/dp/B0CF1M3S6S/ref=sr_1_870?dib=eyJ2IjoiMSJ9.UlWgjiHcUGAHp0kqbaBgpJcp88KwPSOpKnR4IdUvAUT6q6c-h26q2KcwtHae14CU7JdgH-N3S1M8EOqZMCXdFf3C68Ilkp8aLvxm2L9lTbRJbrSGKU5_WmarFmJR2aLvgD06M2tK-vIhtyWYXSN33nMsLgV9hJlykyk8kk-4eFT3bFAIdl0mQ9HwKY0xC1gnP_UgUYXEDyKufjrUXsLPREYyYpQi7QNLkkPPa9mGSjyETwkeh3RgfaLAlu_QTGCZMqRQIRsMbqvyNBoI7BKIPZCzRAdFo9mnZj8zHkNg_0Q.TCE1j77Jnvy_Hn_4sggreaDp5X9nffWy9cE8Y62288U&dib_tag=se&qid=1759736098&s=electronics&sr=1-870&xpid=UZHjCDxPt3DrQ,https://www.flipkart.com/portronics-conch-sigma-c-ear-type-wired-earphones-in-line-hd-mic-14-2mm-driver/p/itm36befdeb13c5d?pid=ACCH9A2VM9VQ4D4N&lid=LSTACCH9A2VM9VQ4D4NLJGI0A&marketplace=FLIPKART&q=earphones&store=0pm%2Ffcn%2F821&srno=s_3_100&otracker=search&otracker1=search&fm=Search&iid=fb4f1383-1962-4cbd-825e-0a423a0bdc78.ACCH9A2VM9VQ4D4N.SEARCH&ppt=sp&ppn=sp&ssid=glmjuqed6o0000001753106012468&qH=54597ea1f2fc7f2e,,https://rukminim2.flixcart.com/image/612/612/xif0q/headphone/x/g/1/conch-sigma-c-in-ear-type-c-wired-earphones-in-line-hd-mic-14-original-imah9c4b2hzy6fpn.jpeg?q=70,Earphones,0.3175,portronics,30.0,Flipkart,30.0,10.03
2251,292,"boAt Rockerz 210 ANC Bluetooth in Ear Neckband w/Spatial Audio, 30dB ANC, AI-ENx Technology, 40hrs Playback, EQ Modes, 13 mm Drivers, Dual Pairing & Fast Pair(Onyx Black)","boAt Rockerz 210 ANC w/ 30dB Active Noise Cancellation,...",1499.0,1499.0,3.5,4.0,https://www.amazon.in/boAt-Rockerz-210-ANC-Technology/dp/B0DBHCR3Q2/ref=sr_1_2292?dib=eyJ2IjoiMSJ9.Pon6k7nSv3A8Fw7AB1n7LOMAIzaNajtCbIF85xBLoVgTOULi18uHIBb55SSDg5zGXFaEsIvtUn3IXlAb7HK_g2t0uMU_T6CUWQPsg7BTW_9KurqwSHIsO9CRf0RMN2U7IRf1lHdr0dqH8QeD88KNW7-P9yxEczOw9FWyBAnh0oEBkFe6Acm11m0gbuDWqJ_bv2g7EaICQ1t91EZb8OGnwxipxM_f03tfZS76-57aClLcW-03C46vCanJTNlTOhS4Y-vMgf9d-DweacwDJwA5WjDGdT3oqbt0BIjZ3-M5xxA.DNN5AfrDMVyEnAH8R81kB5An97LA3ENmWXimLscgaGs&dib_tag=se&qid=1759737498&s=electronics&sr=1-2292&xpid=UZHjCDxPt3DrQ,https://www.flipkart.com/boat-rockerz-210-anc-w-30db-active-noise-cancellation-ai-enx-tech-spatial-audio-bluetooth/p/itm877c05519bca2?pid=ACCH2PMYZGVNECM2&lid=LSTACCH2PMYZGVNECM2H0E8ZE&marketplace=FLIPKART&q=earphones&store=0pm%2Ffcn%2F821&srno=s_21_824&otracker=search&otracker1=search&fm=Search&iid=e56da30b-fa82-43f3-9e63-aa1697099550.ACCH2PMYZGVNECM2.SEARCH&ppt=sp&ppn=sp&ssid=tgyhiu6rls0000001753106511440&qH=54597ea1f2fc7f2e,,https://rukminim2.flixcart.com/image/612/612/xif0q/headphone/x/o/r/-original-imah4gxg283tyubb.jpeg?q=70,Earphones,0.317,boat,0.0,Same Price,0.0,0.0
6514,1022,RIGGEAR Shockproof Sleek Hybrid Armor Back Cover Case for Nothing Phone 3a Pro (Smoke Black Matte PC + Black TPU Bumper),"Nothing Phone (3a) Pro (Black, 128 GB)",299.0,29999.0,4.4,4.5,https://www.amazon.in/RIGGEAR-Nothing-Phone-Black-Matte/dp/B0DYW8KSNW/ref=sr_1_6988?dib=eyJ2IjoiMSJ9.15vszJcN0xQwaiOFQG6HMpSFylNdsbFS2SA4aWdMqhlehZy0gO53pk7OPJzUM6ou8JJEhAVHOx8A46fPZhNXzdkJAfgRQBZLRkd5N6pF8qwEYTIV9g15QbrB4xf2icaHhSTgpIRCQBH-cvWgoANVo3Zbx6qfSDp4ZuRoMp9rP4iE7vm83jYL-Qpfd17d49z_WNr92qFhfPdN1LdF7pNY03GrLvNc1zcS6ny7_uVvIW85zDiGeI66Vs9jfiDNyy0eYONNTGYxDGRRsN3NsqHd2dYPiIpa_79l-2HzrwVWC6E.wUe6QN6pjQJq0NL2tx3jdwwnHlYqlihdI1hcIqvxUPs&dib_tag=se&qid=1759742909&s=electronics&sr=1-6988&xpid=UZHjCDxPt3DrQ,https://www.flipkart.com/nothing-phone-3a-pro-black-128-gb/p/itm04daaef6652d4?pid=MOBH8G3PJAAHAJFG&lid=LSTMOBH8G3PJAAHAJFGSJDK8E&marketplace=FLIPKART&q=mobile+phones&store=tyy%2F4io&srno=s_16_373&otracker=search&otracker1=search&fm=Search&iid=063ca73b-034f-49ce-abbd-42b43c4da71d.MOBH8G3PJAAHAJFG.SEARCH&ppt=sp&ppn=sp&ssid=j3ipelsou80000001753087943915&qH=a81ad6e72f7a2fd1,,https://rukminim2.flixcart.com/image/312/312/xif0q/mobile/7/b/7/-original-imahcfcfhkzhngeb.jpeg?q=70,Mobiles,0.3169,nothing,-29700.0,Amazon,29700.0,9933.11
4758,1486,"Spigen Liquid Air for Samsung Galaxy S25 Ultra Case, Galaxy S25 Ultra Back Cover (2025) - TPU｜Matte Black","Samsung Galaxy S25 Ultra 5G (Titanium Whitesilver, 256 GB)",1145.0,117999.0,4.3,4.7,https://www.amazon.in/Spigen-Liquid-Samsung-Galaxy-Ultra/dp/B0DJ9TMZT3/ref=sr_1_5095?dib=eyJ2IjoiMSJ9.xczpJY23uFcA4CLNJuxbMhKLubwoA6XFPp87lD_CvWgNefRj04111Bk0KiLw0xu8753S_88LUCn4LAAS8tlXeJ7-3OqiJY7mDF6xKhSOQ8LXvJdgR1ZblYf3iF9WLzmbI6Ok_9KzNFpzitQZtlNtOuKbp73ZbAU-Uzzkv6xHCIZu4VRIAaBY6PeecucV0YHKbXOuO0tbFVjFjBWbyIzoJmbdRXhhyi7d3XH3siAtWXB-FscQEmTFiUjJTKi4LhiAJiAC4IaaJ5gT0MR9xc35MHCym5-ouNH2llAE1YUvsas.EqExYQR_H79Z3YSW7WA0IRa2jdSDpTpeYn-nCwjlUFw&dib_tag=se&qid=1759740534&s=electronics&sr=1-5095&xpid=UZHjCDxPt3DrQ,https://www.flipkart.com/samsung-galaxy-s25-ultra-5g-titanium-whitesilver-256-gb/p/itm9beb2f2beaa5e?pid=MOBH8K8U56WRFZFR&lid=LSTMOBH8K8U56WRFZFRNVXGVH&marketplace=FLIPKART&q=mobile+phones&store=tyy%2F4io&srno=s_37_874&otracker=search&otracker1=search&fm=Search&iid=97e7c1d8-6d4f-44ac-bb66-a510842b7e28.MOBH8K8U56WRFZFR.SEARCH&ppt=sp&ppn=sp&ssid=xuauh4za0g0000001753088274734&qH=a81ad6e72f7a2fd1,,https://rukminim2.flixcart.com/image/312/312/xif0q/mobile/z/c/n/-original-imahch2huanfywjg.jpeg?q=70,Mobiles,0.3159,samsung,-116854.0,Amazon,116854.0,10205.59
3653,73,"truke New Launch Mega 8 True Wireless in-Ear Earbuds with 24-Bit Spatial Audio, 70H Battery & Fast Charge Buds, Dual Pairing, 40ms Low Latency, 4-Mic ENC, Leather Finish Case, Made in India-OnyxBlack","truke Mega 9 Buds w/ 24-bit Spatial Sound, 70H battery,...",1099.0,1299.0,4.8,4.1,https://www.amazon.in/truke-Wireless-Earbuds-Spatial-India-OnyxBlack/dp/B0FKBWNLXH/ref=sr_1_3884?dib=eyJ2IjoiMSJ9.LXCIuA-qTTsNYW-lxe226NJrAcFbT8kFjstqdt7T6vzC_8jlIPk85Qt3Vj2HEcVXiGqz_TrLYp8jKYcrpJL8g5iH4BqdjPpF0OP9uN9HYs5ZuL6qAja_YBA_tB_UztztLrYfxRnBPPfS6Dl5tKKYWb5sFZWeAs38q3lu10cUx-UCe3ktIXCjZ42qCdcoi3kF7GtQZ3Uk3Bq4Dcwwr9-5Ua_mlakjitsvoh4zHE6J-pNZSUX_clZx0pntkYRtCwfFmEUH5HEseizZ2caHsGG5v5gltXfKexLaNwRFsHNr--w.V0ZRxjVTNQSNTOr83hhxL6iAnWoA3X1YBaeGuA4wgzM&dib_tag=se&qid=1759739162&s=electronics&sr=1-3884&xpid=UZHjCDxPt3DrQ,https://www.flipkart.com/truke-mega-9-buds-w-24-bit-spatial-sound-70h-battery-leather-finish-13mm-speakers-bluetooth/p/itm575e9e59de042?pid=ACCHAVF28XGAGFVG&lid=LSTACCHAVF28XGAGFVG2KQKQT&marketplace=FLIPKART&q=earphones&store=0pm%2Ffcn%2F821&srno=s_3_102&otracker=search&otracker1=search&fm=Search&iid=en_vUcqzM2-MxSr_6w1vPWGG69i-jnqM485P-Th373HlLxrahBvWKDG3DMV9ZpTGt_5UVAs-Rd4TcmeuroX0-v-gaV8WX5krIChubBlraAu4CQ%3D&ppt=sp&ppn=sp&ssid=glmjuqed6o0000001753106012468&qH=54597ea1f2fc7f2e,,https://rukminim2.flixcart.com/image/612/612/xif0q/headphone/2/6/v/-original-imahcax8tt7u7yez.jpeg?q=70,Earphones,0.3146,,-200.0,Amazon,200.0,18.2
1057,985,OpenTech® Military-Grade Gorilla Tempered Glass Screen Protector Compatible for Samsung Galaxy S24 FE 5G / Samsung Galaxy A36 / Samsung Galaxy A56 ( 6.7 Inch ) with Edge to Edge Coverage and Easy Installation kit,"Samsung Galaxy S24 FE 5G (Blue, 128 GB)",251.0,59999.0,4.0,4.5,https://www.amazon.in/Military-Grade-Compatible-Samsung-S24-Installation/dp/B0DMNSJ4S1/ref=sr_1_1067?dib=eyJ2IjoiMSJ9.EoLOMYU1e82UL-sPH7LZxs3HgVPrxVwAU8Inab4DkVfo_SbWb1FVVS_whwG6ve6ST9AMWzpYyD4gueHWh4hUHNs6HqP8vm39_BFtVIMJufq6iZmcicNehSmDyebxiqG1w14uVcWacAFz2rlz4DzV2xBBNn1pTKqWUsg502lRbXxAYYwWUORy7p33UurDvwn7TEcCjULIxkWbRAegUiW1E1alNB5X3Z_ddf4W5umKLlBInxJnRFokPcrNdcjgkWUTwdamL1x9rpLrnorPa_GRyt9nd6aOwNjkOtABcnsYPyw.s1CTSNGGdeLdWltW7qEkw0-UriEy8r-EF5jHJjNm9IU&dib_tag=se&qid=1759736252&s=electronics&sr=1-1067&xpid=UZHjCDxPt3DrQ,https://www.flipkart.com/samsung-galaxy-s24-fe-5g-blue-128-gb/p/itme960199e26f23?pid=MOBH4ZG3Z5NCBW2H&lid=LSTMOBH4ZG3Z5NCBW2HWQMO2K&marketplace=FLIPKART&q=mobile+phones&store=tyy%2F4io&srno=s_14_329&otracker=search&otracker1=search&fm=Search&iid=b1620752-ed87-4c97-a7d8-87c89786b83f.MOBH4ZG3Z5NCBW2H.SEARCH&ppt=sp&ppn=sp&ssid=8ghyoks0rk0000001753087922506&qH=a81ad6e72f7a2fd1,,https://rukminim2.flixcart.com/image/312/312/xif0q/mobile/r/s/z/-original-imahcfwmdvbcgdzs.jpeg?q=70,Mobiles,0.3146,samsung,-59748.0,Amazon,59748.0,23803.98
6333,780,Redmi A5 Pondicherry Blue(3GB RAM 64GB Storage) | Royale Design | Segment's Largest 17.47cm(6.88) and Smoothest 120Hz Display | 5200mAh Large Battery | Expandable Storage up to 2TB,"REDMI A5 (Pondicherry Blue, 64 GB)",6199.0,6499.0,3.8,4.3,https://www.amazon.in/Redmi-Pondicherry-Blue-3GB-64GB/dp/B0F3P52HHS/ref=sr_1_6796?dib=eyJ2IjoiMSJ9.UqPpN6Fl3W1mjM_ODmdobCdMueHfMkqZ_cumcxyeqsozLo6ZRW4u3b-8NfYDIncC8u5OYdOCsOX-Jtsc0ldlYqSLuWaJh62EOEVVy4hgJAvl4W1AbAsSdZwNDFWI_q8My9XyllXmSmFPaAlz7BobygaS10IU-id-IOIxM7C4pUBdm1rZYoPkjSaXN__89wnvYv4GTodmSc8pQB_nIV6ATinmHWhKDaax4tSEM0grKT22seOVXJwcmu_JmcxVJAQloO9KT3ZeayykEINulD0PV7itMBZzKYoUnFp4VvgXPLU.3Qw4Qbb1U26M83V1a7sR8orNcxQrq1wnq6Kmn0uCcEA&dib_tag=se&qid=1759742667&s=electronics&sr=1-6796&xpid=UZHjCDxPt3DrQ,https://www.flipkart.com/redmi-a5-pondicherry-blue-64-gb/p/itm2b4357effaa74?pid=MOBHB2HGG8RN2GUC&lid=LSTMOBHB2HGG8RN2GUCGEPCK9&marketplace=FLIPKART&q=mobile+phones&store=tyy%2F4io&srno=s_4_74&otracker=search&otracker1=search&fm=Search&iid=4bdf492a-549d-4735-91d3-2d10536e45ed.MOBHB2HGG8RN2GUC.SEARCH&ppt=sp&ppn=sp&ssid=scs8nge6b40000001753087817678&qH=a81ad6e72f7a2fd1,,https://rukminim2.flixcart.com/image/312/312/xif0q/mobile/s/a/p/-original-imahb57yt4tr3gnm.jpeg?q=70,Mobiles,0.3145,redmi,-300.0,Amazon,300.0,4.84
247,1187,"Samsung Galaxy M06 5G (Blazing Black, 4GB RAM, 64GB Storage) | MediaTek Dimensity 6300 | AnTuTu Score 422K+ | 12 5G Bands | 25W Fast Charging | 4 Gen of OS Upgrades | Without Charger","Samsung M06 5G (Blazing Black, 128 GB)",7499.0,11495.0,3.9,4.1,https://www.amazon.in/Samsung-MediaTek-Dimensity-Charging-Upgrades/dp/B0F3X4R33R/ref=sr_1_249?dib=eyJ2IjoiMSJ9.gNOghet7pYzvbp4CYHuotsf0bxr62Wo_sx7kJwaSxTDbuJz7T1SVGJYQdUgGhl-Liewacz2rLVy-TzzX8vewiOvEdcYQieOhPL8h6NKnwAUs5Gu0RW-ifxfEyLazOVWaIGqOA7D2fjK_Z43HfLJDr9KdENQv8Yv6U8F4aXqaHJKdULPzXGl4Q7D2aT9jmTWXykZVCl3b9CBsuOm29z-mUR_RVeyo9q-KI23x38ucQ81PLKk5lRljMD1w3Mgl-S-SwK-Kx5LYDfUSXm80QautL-l5ODSEX1hc_Xwi30AxTLg.0Zj_6dbfHcA1N6IPXkvX2rMcUEPq5OfC6QYBOveuRIM&dib_tag=se&qid=1759735594&s=electronics&sr=1-249&xpid=UZHjCDxPt3DrQ,https://www.flipkart.com/samsung-m06-5g-blazing-black-128-gb/p/itmcafa42dadc15c?pid=MOBH9UYFYNVDBNFF&lid=LSTMOBH9UYFYNVDBNFFE2RKYW&marketplace=FLIPKART&q=mobile+phones&store=tyy%2F4io&srno=s_24_559&otracker=search&otracker1=search&fm=Search&iid=7c282218-56cb-4791-b6a9-28749e105f16.MOBH9UYFYNVDBNFF.SEARCH&ppt=sp&ppn=sp&ssid=vjk90mjakw0000001753088033951&qH=a81ad6e72f7a2fd1,,https://rukminim2.flixcart.com/image/312/312/xif0q/mobile/h/y/x/-original-imaha58mehzvmk9w.jpeg?q=70,Mobiles,0.3144,samsung,-3996.0,Amazon,3996.0,53.29
4111,1259,POPIO Tempered Glass Screen Protector Compatible For iPhone 15 Plus/iPhone 16 Plus (Black) Edge-To-Edge Protector Coverage With Easy Installation Kit,"Apple iPhone 15 Plus (Black, 128 GB)",251.0,74900.0,4.0,4.6,https://www.amazon.in/POPIO-Compatible-15-Plus-Installation/dp/B0CG286HJ2/ref=sr_1_4391?dib=eyJ2IjoiMSJ9.7yhpFbeS_r0Y0fB9bNUzfaLbPEqKw4WKwiHiV9ic2Wta8wwc0FtSn7t4cudVKuJgGrGKDPa3i4pOJS_EmAcpA6GGmICZhHbnyKjq9DbdElmb-328bvsHEY_faz1gD7F48XC6ZJxf4iRZM5lj03i5RlhmSsgM_QtDyeeQjXhIQ4IGf_2gjsVgWflhIg1HCa6CUFqvb3AHzJqeA-4W8rbMwuCnYv2gNH_uhF2KLOQtB8F_uPPVoSbcvv0t-40NKDQzyJPJW8p0-cQc3LY96-9c5LyEDpE_-cKBi_XnBcR34io.XGcd1NlV-qiRbBuEsuJnZhpAjV2PRag5qDSxhdmVW1w&dib_tag=se&qid=1759739713&s=electronics&sr=1-4391&xpid=UZHjCDxPt3DrQ,https://www.flipkart.com/apple-iphone-15-plus-black-128-gb/p/itme3a53984760fb?pid=MOBGTAGPNRQA7CS3&lid=LSTMOBGTAGPNRQA7CS3YEKCQO&marketplace=FLIPKART&q=mobile+phones&store=tyy%2F4io&srno=s_27_633&otracker=search&otracker1=search&fm=Search&iid=891e87c0-72a0-4f01-b075-0f5a2f9fde97.MOBGTAGPNRQA7CS3.SEARCH&ppt=sp&ppn=sp&ssid=ojaye37c7k0000001753088066331&qH=a81ad6e72f7a2fd1,,https://rukminim2.flixcart.com/image/312/312/xif0q/mobile/h/d/9/-original-imagtc2qzgnnuhxh.jpeg?q=70,Mobiles,0.3138,,-74649.0,Amazon,74649.0,29740.64
4601,744,"Amazon Brand - Solimo Cover Case for Motorola Moto Edge 50 Fusion 5G | 360 Degree Protection |Transparent Back Cover Case for Moto Edge 50 Fusion (PC & TPU, Black Bumper)","Motorola Edge 50 Fusion (Forest Blue, 128 GB)",109.0,18999.0,4.0,4.4,https://www.amazon.in/Amazon-Brand-Motorola-Protection-Transparent/dp/B0DK3SRFCZ/ref=sr_1_4927?dib=eyJ2IjoiMSJ9.YuSyPWv99Zzz5b3elXe_e_xlRAo-Ux82Y2i4mMtolpbDQYaEG0YytiBLj3Oft-TRnW9qNwJiXZ6FzxegHpNZz5cUjNEeiUyDtKCEPXiW4zxwgHHMebC2P1DvctQVsdWBCnYADF8msARNou9kY5LWjJy5W1cBwqMtc6AXE1Q0f096wi7-ZQvY37xtXX7fXPWKXPQeF1yjgEmIQ0VGdRo0nrTraskCCt-C9FPoNQb55TQmW3biLMF5nakn0VfneL3LwY84VJg9nyENvRpuJUv0PLK4Bj7Im2GX8rzUhwUAnDc.d11NYXlSN2DPd7fvL1cW0rngqyp6DEv6XqdwV1sfMic&dib_tag=se&qid=1759740328&s=electronics&sr=1-4927&xpid=UZHjCDxPt3DrQ,https://www.flipkart.com/motorola-edge-50-fusion-forest-blue-128-gb/p/itm32aa01db0debf?pid=MOBGXTYZMJK85GFG&lid=LSTMOBGXTYZMJK85GFGHTK438&marketplace=FLIPKART&q=mobile+phones&store=tyy%2F4io&srno=s_2_37&otracker=search&otracker1=search&fm=Search&iid=8d7c571b-51b2-486f-84fa-7a4b81c5b634.MOBGXTYZMJK85GFG.SEARCH&ppt=sp&ppn=sp&ssid=bcitpmhteo0000001753087794733&qH=a81ad6e72f7a2fd1,,https://rukminim2.flixcart.com/image/312/312/xif0q/mobile/g/w/r/edge-50-fusion-pb300000in-motorola-original-imahywzztyktktpp.jpeg?q=70,Mobiles,0.3137,motorola,-18890.0,Amazon,18890.0,17330.28
2573,1545,"VIVO Y19 5G (Titanium Silver, 6GB RAM, 128GB Storage) with No Cost EMI/Additional Exchange Offers","vivo Y19 5G (Majestic Green, 128 GB)",12999.0,11499.0,4.3,4.3,https://www.amazon.in/VIVO-Y19-Titanium-Additional-Exchange/dp/B0F3N6SL2N/ref=sr_1_2629?dib=eyJ2IjoiMSJ9.L6UYFbR2Si3msrAiQ_DRSI8ZFMd3RhXElyelMEJuCzR6qnjDho0drlaW9imGRxW09emtD7qqybm7CmAN295B5qQRzUffwcMwiOf042l9s2O-N506MrsT3bzX4PNmqZxS1HW7js-bi1bfp-dQZcgzNrVl4bkxeSZEbIwWb2XOwR6ceYtgucqItokWKv6FtzyUq2_td8-JDb3PshNV7Xf7SB0fukD0hM2Wbhtm5__L_DUWQ-OBylUX38U-BZ1T5KOqZLKUClRGySoxF70GWEInkbXc0XM6pUd8EFALNQskaY8.JBfgRQXWHy0dkfmZD7D1jTc9cEDzi14qC6OnHbpieVM&dib_tag=se&qid=1759737855&s=electronics&sr=1-2629&xpid=UZHjCDxPt3DrQ,https://www.flipkart.com/vivo-y19-5g-majestic-green-128-gb/p/itmb678fd80e7095?pid=MOBHAX75ZEGUZFQT&lid=LSTMOBHAX75ZEGUZFQTUNOI6U&marketplace=FLIPKART&q=mobile+phones&store=tyy%2F4io&srno=s_39_934&otracker=search&otracker1=search&fm=Search&iid=40f4dab7-eac6-4ce6-b4fe-080a8636f6c1.MOBHAX75ZEGUZFQT.SEARCH&ppt=sp&ppn=sp&ssid=8l02y364y80000001753088293371&qH=a81ad6e72f7a2fd1,,https://rukminim2.flixcart.com/image/312/312/xif0q/mobile/v/z/z/-original-imahbxpfagg54gcw.jpeg?q=70,Mobiles,0.3132,vivo,1500.0,Flipkart,1500.0,13.04
8402,958,"TheGiftKart Luxurious Golden-Plated Back Cover Case for Samsung Galaxy S24 FE 5G | Raised Lips for Camera & Screen Protection | Shockproof Design | Stylish Back Case for Samsung S24 FE (TPU, Mint)","Samsung Galaxy S24 FE 5G (Mint, 256 GB)",299.0,65999.0,4.3,4.5,https://www.amazon.in/TheGiftKart-Luxurious-Golden-Plated-Protection-Shockproof/dp/B0DJ7TM6VR/ref=sr_1_9070?dib=eyJ2IjoiMSJ9.bjf7EuN-FXnpL2E9q8oDW32LK8P-mgwwKeGLmW3YgzvnkGvtd9y--Pur7a1twpBH7g8WE8-WAB0y6UVM-oycCIGDByOmeIwY98IVLmdYtfWLTPrvY70r2nlNcofjQ3DVkKLdeNjlbEukj28Di_8PR2C8Ev7Ixxv9HyzAcBC7Iac5IbNNdr7LVcO-YA-6FExELpxopUDE0x5RCXV2luJmq1_J9tHZyjxlKzFCVvJUyokkPsgsIi0BgaxXt9H_Bb2wS9wpYoqAHEHnvBMaXCxlr_940MlZCArAYr7UJPx8XmM.pq0R87GV2xrPUD7TOjcNHQbkNJBsDogXxll4v2au9a4&dib_tag=se&qid=1759745457&s=electronics&sr=1-9070&xpid=UZHjCDxPt3DrQ,https://www.flipkart.com/samsung-galaxy-s24-fe-5g-mint-256-gb/p/itme960199e26f23?pid=MOBH4ZG3JACNJMZC&lid=LSTMOBH4ZG3JACNJMZCFREL85&marketplace=FLIPKART&q=mobile+phones&store=tyy%2F4io&srno=s_13_297&otracker=search&otracker1=search&fm=Search&iid=f7119de3-df5b-49d9-9ef6-095197c85fba.MOBH4ZG3JACNJMZC.SEARCH&ppt=sp&ppn=sp&ssid=gce703p29c0000001753087912223&qH=a81ad6e72f7a2fd1,,https://rukminim2.flixcart.com/image/312/312/xif0q/mobile/t/m/g/-original-imahcfwmrnwy9zgn.jpeg?q=70,Mobiles,0.313,samsung,-65700.0,Amazon,65700.0,21973.24
8247,1193,AESTMO TPU+PC Tough Armor Vivo V50 5G / V50E 5G Bumper Back Case Cover | Ring Holder & Sliding Camera Cover | 360 Degree Protection Back Case Cover For Vivo V50 5G / V50E 5G (Black),"vivo V50 5G (Titanium Grey, 128 GB)",255.0,34999.0,4.3,4.5,https://www.amazon.in/AESTMO-Vivo-V50-5G-V50e/dp/B0DY67RQ7F/ref=sr_1_8893?dib=eyJ2IjoiMSJ9.Q4nT2qHF-w6Opl3ZDmQobYZiILre-Hao4vX9bcQpUWVUmWwlzzCyfSQUqmRPWuI02ojjOMxcATbFXok9MKH8YVILzbgdrk4rGRscwQU0k9eIEEp6Nz8iU2UGyrpQ_ye5lNqLGu0_ZGJ3kjQdi1QygLGw0TpJMUEVgzBDQJ1XcjNTKuF38sY1ygFJdww2XR55IZdEh2dcyqrw13YN9-dx2uTeDpRio1W1h14FvcS2aih9yWql0oAMQMba9oqIqYg8J9juhFqcMLzdvlo64O8iLDKMuezdCZeWaSbaex7MT9g.TdvBNBiGzGtkU1d0CAWbqaDV9TW7M8GbiyGXP7wHSNI&dib_tag=se&qid=1759745258&s=electronics&sr=1-8893&xpid=UZHjCDxPt3DrQ,https://www.flipkart.com/vivo-v50-5g-titanium-grey-128-gb/p/itm12bbdca230795?pid=MOBH8Z32CM38NGYS&lid=LSTMOBH8Z32CM38NGYS74DD2D&marketplace=FLIPKART&q=mobile+phones&store=tyy%2F4io&srno=s_24_565&otracker=search&otracker1=search&fm=Search&iid=7c282218-56cb-4791-b6a9-28749e105f16.MOBH8Z32CM38NGYS.SEARCH&ppt=sp&ppn=sp&ssid=vjk90mjakw0000001753088033951&qH=a81ad6e72f7a2fd1,,https://rukminim2.flixcart.com/image/312/312/xif0q/mobile/p/b/o/-original-imahc6hdyb4zbct8.jpeg?q=70,Mobiles,0.3128,vivo,-34744.0,Amazon,34744.0,13625.1
1812,73,"truke Mega 9 New Launch True Wireless in Ear Earbuds W/ 24-Bit Lossless Spatial Audio, 70H Battery Fast Charge Ear Buds, Leather Finish, 13mm Speakers TWS, 40ms Ultra Low Latency, 4Mics ENC","truke Mega 9 Buds w/ 24-bit Spatial Sound, 70H battery,...",999.0,1299.0,4.2,4.1,https://www.amazon.in/truke-Wireless-Earbuds-Lossless-Speakers/dp/B0F1CYD5PS/ref=sr_1_1843?dib=eyJ2IjoiMSJ9.rpoQ8YJNTEpR5zZvi5IzoTD3ZDYEd9SCWmG-9XxpImmEPFGMlP5dMa_tBYWy6MnQBV7JywvQDZHSfFY9vcaaYXiPb5RJFrE-VnaOEIPZt_Zgz3fOMDhPc-gD2ajkW4k3UxVn_EkdrgPolli0fN_U6q4XqJ_UC80IdURdDgYJHtP3A4HbEKY8fh_TaoOMSkv_uMDxbKerzjXjxBVVt12Ugqy__h2goKd4xD6Zdg7nT_pBBHKL8duTUFG2W8pe7E9rT0gqusPsOfLxjXny6BTdl9xbqYnM0NFaaBcWUjoRah0.cK6qEIUvxKfkb0nFBb-lqgqraMqjBEDpCMCxnXOtyV8&dib_tag=se&qid=1759737030&s=electronics&sr=1-1843&xpid=UZHjCDxPt3DrQ,https://www.flipkart.com/truke-mega-9-buds-w-24-bit-spatial-sound-70h-battery-leather-finish-13mm-speakers-bluetooth/p/itm575e9e59de042?pid=ACCHAVF28XGAGFVG&lid=LSTACCHAVF28XGAGFVG2KQKQT&marketplace=FLIPKART&q=earphones&store=0pm%2Ffcn%2F821&srno=s_3_102&otracker=search&otracker1=search&fm=Search&iid=en_vUcqzM2-MxSr_6w1vPWGG69i-jnqM485P-Th373HlLxrahBvWKDG3DMV9ZpTGt_5UVAs-Rd4TcmeuroX0-v-gaV8WX5krIChubBlraAu4CQ%3D&ppt=sp&ppn=sp&ssid=glmjuqed6o0000001753106012468&qH=54597ea1f2fc7f2e,,https://rukminim2.flixcart.com/image/612/612/xif0q/headphone/2/6/v/-original-imahcax8tt7u7yez.jpeg?q=70,Earphones,0.3123,,-300.0,Amazon,300.0,30.03
160,85,"realme Buds T200x True Wireless Earbuds with 12.4mm Dynamic Bass Drivers, 25 dB ANC, Quad Mic, 45ms Latency, Upto 48 Hrs Playback, Fast Charge, IP55 Rated, BT 5.4 (Pure Black)","realme Buds T200x with 25dB ANC,12.4mm Dynamic Bass Dri...",1199.0,1599.0,4.0,4.0,https://www.amazon.in/realme-Wireless-Earbuds-Dynamic-Playback/dp/B0FBR6HGXM/ref=sr_1_162?dib=eyJ2IjoiMSJ9.0SRjyDuPyka0YHhrnuKxxwY1GD-bZkN1bQPpffuRQa9jwUYILPkLtlttgxP7wZp5Ff21Hv_izflaTtMgrFoK-7lrOA7Hra83s0Wo6LHUC6aDjZa6N52A32oGGXXQH8mzpWAfd8wglSvT_GeRSp1BMaSE7q-RUEyfNz9cN29M5E78jEULOdsDMW_xjhPKQBC-1MneQCACyGUEpubnZ3K8DvLo6HqODEUuiFPZB8AA7qjgcHhFyWO_rZE-I8IF4JNmraNmigEvxwx-NExBi2EU-AOGZ0NBjNFOP0fulXwV94k.NQ2GY73tKuKgTnHrt7V8jC_Y5ptlxPiz1oXBVV-HaQs&dib_tag=se&qid=1759735523&s=electronics&sr=1-162&xpid=UZHjCDxPt3DrQ,https://www.flipkart.com/realme-buds-t200x-25db-anc-12-4mm-dynamic-bass-drivers-48hrs-playback-bt5-4-ip55-bluetooth/p/itm95531da7725cd?pid=ACCHCEHF8FUDVWYS&lid=LSTACCHCEHF8FUDVWYSRP5ZZX&marketplace=FLIPKART&q=earphones&store=0pm%2Ffcn%2F821&srno=s_3_115&otracker=search&otracker1=search&fm=Search&iid=fb4f1383-1962-4cbd-825e-0a423a0bdc78.ACCHCEHF8FUDVWYS.SEARCH&ppt=sp&ppn=sp&ssid=glmjuqed6o0000001753106012468&qH=54597ea1f2fc7f2e,,https://rukminim2.flixcart.com/image/612/612/xif0q/headphone/s/a/i/-original-imahcyy3c5dyfgjt.jpeg?q=70,Earphones,0.3119,realme,-400.0,Amazon,400.0,33.36
228,154,"boAt 2025 Launch Airdopes 219, 4Mics ENx, 40H Battery, Best in Segment for Calling, Stream Ad Free Music via App Support, Bluetooth Earbuds, TWS Ear Buds Wireless Earphones with mic (Carbon Black)","boAt Airdopes 219, 40H Battery,4Mics ENx Tech,Signature...",1099.0,1099.0,4.0,3.9,https://www.amazon.in/boAt-Airdopes-Streaming-Bluetooth-Earphones/dp/B0FC2Y3XGV/ref=sr_1_230?dib=eyJ2IjoiMSJ9.VVG5euYAstHnOYPmfNiXQaGtGhJlBlIwvLSgKIKWOyxgBfkFkt6f8C8UT_L9fjxbU0t4U74FrhN9QxHWeWfhgt-foiEKEYhOzlq7KIA0lV0NoFMY5CtnK11OyWdifj9xrqvXTAx7-2-Hy_NJHv9Y3zDSxPlYSla98fAf_JwPSRPRHo9Lgjz8C4rWh0NaYq6ypsJ5DKZOIP1n9jFM69TKoMo-PpZAph13XdlgPv1jXnA09hX8hOMVeaGWgUyQWGebFEIXJLPEPe6JWWSg6Q48R0-krWgS8A7TFJRZxqtiE60.5BsUwR0YS1sEYPxrb8-62jA6juZ53NU8fNxKaMMR64Y&dib_tag=se&qid=1759735575&s=electronics&sr=1-230&xpid=UZHjCDxPt3DrQ,https://www.flipkart.com/boat-airdopes-219-40h-battery-4mics-enx-tech-signature-sound-beast-mode-asap-charge-bluetooth/p/itm9514600334640?pid=ACCHCJW3HZ2GVH29&lid=LSTACCHCJW3HZ2GVH29OUT3P5&marketplace=FLIPKART&q=earphones&store=0pm%2Ffcn%2F821&srno=s_8_296&otracker=search&otracker1=search&fm=Search&iid=ced89841-c3a4-4780-9f32-ad7302a73735.ACCHCJW3HZ2GVH29.SEARCH&ppt=sp&ppn=sp&ssid=jv4cx9gygg0000001753106159159&qH=54597ea1f2fc7f2e,,https://rukminim2.flixcart.com/image/612/612/xif0q/headphone/5/b/b/-original-imahdt83yzyjqqhe.jpeg?q=70,Earphones,0.3107,boat,0.0,Same Price,0.0,0.0
809,85,"realme Buds T200x True Wireless Earbuds with 12.4mm Dynamic Bass Drivers, 25 dB ANC, Quad Mic, 45ms Latency, Upto 48 Hrs Playback, Fast Charge, IP55 Rated, BT 5.4 (Moonlight White)","realme Buds T200x with 25dB ANC,12.4mm Dynamic Bass Dri...",1199.0,1599.0,4.0,4.0,https://www.amazon.in/realme-Wireless-Earbuds-Playback-Moonlight/dp/B0FBRBB614/ref=sr_1_816?dib=eyJ2IjoiMSJ9.7Dg6zwcM1uiIj8l6JGIbzxx1Hhbfv7BdXsPIFDgfR9ZY5dVV9OBu89j_G0IUI7tZ0Hhe-huNZ7aghmg5plqMGpP-mxY_zY3Y7xvdfFMigHJJHdoOG9SxyUvZnAiuH-TLVvue4pNVslImCLvzUyALvbMn89eyQ_QCMi0DDd7E9SAAhyZp__AxkPR73hZy7ypCp-D1EGDn4cUyFDqyPcao4HPdIheLBJTCIoyygOdHdLbHyx54_REMRzPRduNOf933YJNKRNzl5wpv3s5gw4lFjI-22XAkHHu-VsFKof8J5FM.pzVd_6rZlt5Tf2jacHk18lmSeznjWOI5Aw2e3C_8d3s&dib_tag=se&qid=1759736035&s=electronics&sr=1-816&xpid=UZHjCDxPt3DrQ,https://www.flipkart.com/realme-buds-t200x-25db-anc-12-4mm-dynamic-bass-drivers-48hrs-playback-bt5-4-ip55-bluetooth/p/itm95531da7725cd?pid=ACCHCEHF8FUDVWYS&lid=LSTACCHCEHF8FUDVWYSRP5ZZX&marketplace=FLIPKART&q=earphones&store=0pm%2Ffcn%2F821&srno=s_3_115&otracker=search&otracker1=search&fm=Search&iid=fb4f1383-1962-4cbd-825e-0a423a0bdc78.ACCHCEHF8FUDVWYS.SEARCH&ppt=sp&ppn=sp&ssid=glmjuqed6o0000001753106012468&qH=54597ea1f2fc7f2e,,https://rukminim2.flixcart.com/image/612/612/xif0q/headphone/s/a/i/-original-imahcyy3c5dyfgjt.jpeg?q=70,Earphones,0.3105,realme,-400.0,Amazon,400.0,33.36
1113,85,"realme Buds T200x True Wireless Earbuds with 12.4mm Dynamic Bass Drivers, 25 dB ANC, Quad Mic, 45ms Latency, Upto 48 Hrs Playback, Fast ChargeIP55 Rated, BT 5.4 (Frost Blue)","realme Buds T200x with 25dB ANC,12.4mm Dynamic Bass Dri...",1199.0,1599.0,4.0,4.0,https://www.amazon.in/realme-Wireless-Earbuds-Playback-ChargeIP55/dp/B0FBRBVY8Z/ref=sr_1_1123?dib=eyJ2IjoiMSJ9.V_eXRJquYs4IxJooOnU6D2E5H8MV9snDAKo4nPxc35crPh8x6XYO9Sw4TFskqjUofJRGL89Al8stSIa3eUfj7u7rH_Q2KO32gPXrS92nWfjA62bkBcxWcwyQG_kBaCf9NLQrKxKGpSBPOEnc4uNLsEr5x_bKKAUHSaZr1CjXT_Z4qyJbaxTKUW1mIEqvy74aX10jIdbrtMGZAKBnl6OVphZPuNa2CUnq_fYPTxaOGQRviPrrGHY86Uloz8t8Y22agxmrczrVvtVk4yObo7_Ckkry-p92QdotcovS5atqUrE.7CqGj3btf2geuzgl5Iz4jQK-4sdIFjBhMzdLK_fMmd4&dib_tag=se&qid=1759736289&s=electronics&sr=1-1123&xpid=UZHjCDxPt3DrQ,https://www.flipkart.com/realme-buds-t200x-25db-anc-12-4mm-dynamic-bass-drivers-48hrs-playback-bt5-4-ip55-bluetooth/p/itm95531da7725cd?pid=ACCHCEHF8FUDVWYS&lid=LSTACCHCEHF8FUDVWYSRP5ZZX&marketplace=FLIPKART&q=earphones&store=0pm%2Ffcn%2F821&srno=s_3_115&otracker=search&otracker1=search&fm=Search&iid=fb4f1383-1962-4cbd-825e-0a423a0bdc78.ACCHCEHF8FUDVWYS.SEARCH&ppt=sp&ppn=sp&ssid=glmjuqed6o0000001753106012468&qH=54597ea1f2fc7f2e,,https://rukminim2.flixcart.com/image/612/612/xif0q/headphone/s/a/i/-original-imahcyy3c5dyfgjt.jpeg?q=70,Earphones,0.3103,realme,-400.0,Amazon,400.0,33.36
1070,156,"JBL Tune 310 Wired in Ear Type C Headphones, Hi-Res Audio with Digital-to-Analog Converter, 3-Button EQ Preset Remote with Microphone, Tangle-Free Flat Cable, Compatible with USB-C Devices (Black)","JBL Tune 310C, Hi-Res Audio with DAC , 3-Button EQ , Co...",1257.0,1499.0,3.9,3.8,https://www.amazon.in/JBL-Headphones-Microphone-Tangle-Free-Compatible/dp/B0CTMTYY1D/ref=sr_1_1080?dib=eyJ2IjoiMSJ9.EoLOMYU1e82UL-sPH7LZxs3HgVPrxVwAU8Inab4DkVfo_SbWb1FVVS_whwG6ve6ST9AMWzpYyD4gueHWh4hUHNs6HqP8vm39_BFtVIMJufq6iZmcicNehSmDyebxiqG1w14uVcWacAFz2rlz4DzV2xBBNn1pTKqWUsg502lRbXxAYYwWUORy7p33UurDvwn7TEcCjULIxkWbRAegUiW1E1alNB5X3Z_ddf4W5umKLlBInxJnRFokPcrNdcjgkWUTwdamL1x9rpLrnorPa_GRyt9nd6aOwNjkOtABcnsYPyw.s1CTSNGGdeLdWltW7qEkw0-UriEy8r-EF5jHJjNm9IU&dib_tag=se&qid=1759736252&s=electronics&sr=1-1080&xpid=UZHjCDxPt3DrQ,https://www.flipkart.com/jbl-tune-310c-hi-res-audio-dac-3-button-eq-compatible-usb-c-devices-wired/p/itm5fe6d6e19c4ca?pid=ACCGXW37NEGEHZ9F&lid=LSTACCGXW37NEGEHZ9FSKR0GB&marketplace=FLIPKART&q=earphones&store=0pm%2Ffcn%2F821&srno=s_8_305&otracker=search&otracker1=search&fm=Search&iid=ced89841-c3a4-4780-9f32-ad7302a73735.ACCGXW37NEGEHZ9F.SEARCH&ppt=sp&ppn=sp&ssid=jv4cx9gygg0000001753106159159&qH=54597ea1f2fc7f2e,,https://rukminim2.flixcart.com/image/612/612/xif0q/headphone/j/l/r/-original-imagydwpwwpdyzrb.jpeg?q=70,Earphones,0.3095,jbl,-242.0,Amazon,242.0,19.25
2918,73,"truke New Launch Mega 8 True Wireless in-ear Earbuds with 24-Bit Spatial Audio, 70H Battery & Fast Charge buds, Dual Pairing, 40ms Low Latency, 4Mic ENC, Leather Finish Case, Made in India-WalnutBrown","truke Mega 9 Buds w/ 24-bit Spatial Sound, 70H battery,...",1099.0,1299.0,4.8,4.1,https://www.amazon.in/truke-Wireless-Earbuds-Spatial-India-WalnutBrown/dp/B0FKBWDVRQ/ref=sr_1_3046?dib=eyJ2IjoiMSJ9.VcbWdwllQEsu_8R_qYuUbULyLj_cMmzchqUfluL2D79_vlnmz2-i5gus2nzbL9ZESeCZbIwKyAAkQDgjTsaYeB3x0GE6R6CfzFCMwrUEdJlHZlkB8EiZtr0hPA1a_hImkXe0dMswOZ-LfNNJoMqYbDmW6z6Mbq531sUqz5zMSfZswG-JMKNW9Zwiju-9XdzAn9rk0nBs0ue_nmvMZ5hZvSv3OqYk5qtlGF2yS8HPrrbOVI6xRm44zL1Zg7lGJids_calBl22VMTEkC0X1-CMYcPaUG4fhFY7epcymk9OVcM.P1glFbQooiLr_Gfg-gWf6Je8VcEk7F9L9EBKnPmCAJI&dib_tag=se&qid=1759738283&s=electronics&sr=1-3046&xpid=UZHjCDxPt3DrQ,https://www.flipkart.com/truke-mega-9-buds-w-24-bit-spatial-sound-70h-battery-leather-finish-13mm-speakers-bluetooth/p/itm575e9e59de042?pid=ACCHAVF28XGAGFVG&lid=LSTACCHAVF28XGAGFVG2KQKQT&marketplace=FLIPKART&q=earphones&store=0pm%2Ffcn%2F821&srno=s_3_102&otracker=search&otracker1=search&fm=Search&iid=en_vUcqzM2-MxSr_6w1vPWGG69i-jnqM485P-Th373HlLxrahBvWKDG3DMV9ZpTGt_5UVAs-Rd4TcmeuroX0-v-gaV8WX5krIChubBlraAu4CQ%3D&ppt=sp&ppn=sp&ssid=glmjuqed6o0000001753106012468&qH=54597ea1f2fc7f2e,,https://rukminim2.flixcart.com/image/612/612/xif0q/headphone/2/6/v/-original-imahcax8tt7u7yez.jpeg?q=70,Earphones,0.3091,,-200.0,Amazon,200.0,18.2
107,1175,"Samsung Galaxy M06 5G (Sage Green, 4GB RAM, 64GB Storage) | MediaTek Dimensity 6300 | AnTuTu Score 422K+ | 12 5G Bands| 25W Fast Charging | 4 Gen of OS Upgrades | Without Charger","Samsung M06 5G (Sage Green, 128 GB)",7499.0,11469.0,3.9,4.1,https://www.amazon.in/Samsung-MediaTek-Dimensity-Charging-Upgrades/dp/B0F3X54YTF/ref=sr_1_109?dib=eyJ2IjoiMSJ9.xSzBKgMx5lB07LWDTCl8wp80rtodk35Vlv3Z83-F82R7Hi7cRQ1DlT0gCuVjkFItVMVt6HpwwUDMtOyFVz1DqaoCEAhlyXtln5BbKc_jVBxcAKlzXBxJYh-Shu0GLvxbqn-6LosH5-ACoL1NGVXhVChK3CiEYWZu_9jxW2IVZMxvVs7jMSzEqwqIbRlHEKuXhR8-HDGDDeOL8nE8xbp0Z2fGJGVxYaABc61hA1HcsnbGY3rTxOWsqxG6PlvBWKkBwRNe5G9Fatt2tUoAPwE4nRChPDUbsnmY48xqbxVJ95I.FmAMmGD94WxCOApGaJSkBCaSum9IXG9f_BPGb4hguE0&dib_tag=se&qid=1759735489&s=electronics&sr=1-109&xpid=UZHjCDxPt3DrQ,https://www.flipkart.com/samsung-m06-5g-sage-green-128-gb/p/itmcafa42dadc15c?pid=MOBH9UYF3VCXJ279&lid=LSTMOBH9UYF3VCXJ279DEZKGX&marketplace=FLIPKART&q=mobile+phones&store=tyy%2F4io&srno=s_23_546&otracker=search&otracker1=search&fm=Search&iid=e5d86ed0-9f7c-4784-be93-3d994f5cc97e.MOBH9UYF3VCXJ279.SEARCH&ppt=sp&ppn=sp&ssid=yrswd515wg0000001753088023963&qH=a81ad6e72f7a2fd1,,https://rukminim2.flixcart.com/image/312/312/xif0q/mobile/n/t/g/-original-imaha58mcdsfygaq.jpeg?q=70,Mobiles,0.3089,samsung,-3970.0,Amazon,3970.0,52.94
2711,156,"JBL Tune 310 Wired in Ear Type C Headphones, Hi-Res Audio with Digital-to-Analog Converter, 3-Button EQ Preset Remote with Microphone, Tangle-Free Flat Cable, Compatible with USB-C Devices (White)","JBL Tune 310C, Hi-Res Audio with DAC , 3-Button EQ , Co...",1223.0,1499.0,3.9,3.8,https://www.amazon.in/JBL-Headphones-Microphone-Tangle-Free-Compatible/dp/B0CTTWWYKK/ref=sr_1_2812?dib=eyJ2IjoiMSJ9.29vqUXciUBuRJ0NxZwCfR_Id7hDU0PEs2uCsbU2Ydng0Q9GYD4zS3izbJuN9U82FB6csQpDl_uZ6LEPuGjICAIBxHQJtjZ1SrutXaj6_GJYslv0CNfan57mxYpCW4hzVZe1W8mP7fsnT4LcjduxMUianDB9ToFrBUbQIP6y472QttqLJWpmB40AykOjKlJBlcnS9PFtdFqAkHyu2vRGbhyAT-1ZvnjHBUutMN-lvi3R98r7nFr5de6f7PFiUVr-lJ0v6dq5iIZenCfAZWms5DBpj8nRjvgc7_cSj8QF159k.ImZr84enZDPDPqcveFlZ4Pk38kpFIVYM3D_TPGrfsyA&dib_tag=se&qid=1759738058&s=electronics&sr=1-2812&xpid=UZHjCDxPt3DrQ,https://www.flipkart.com/jbl-tune-310c-hi-res-audio-dac-3-button-eq-compatible-usb-c-devices-wired/p/itm5fe6d6e19c4ca?pid=ACCGXW37NEGEHZ9F&lid=LSTACCGXW37NEGEHZ9FSKR0GB&marketplace=FLIPKART&q=earphones&store=0pm%2Ffcn%2F821&srno=s_8_305&otracker=search&otracker1=search&fm=Search&iid=ced89841-c3a4-4780-9f32-ad7302a73735.ACCGXW37NEGEHZ9F.SEARCH&ppt=sp&ppn=sp&ssid=jv4cx9gygg0000001753106159159&qH=54597ea1f2fc7f2e,,https://rukminim2.flixcart.com/image/612/612/xif0q/headphone/j/l/r/-original-imagydwpwwpdyzrb.jpeg?q=70,Earphones,0.3086,jbl,-276.0,Amazon,276.0,22.57
1099,202,"Concept Kart KZ EDC PRO IEM In Ear Wired Earphone, HiFi Dynamic Driver (DD) IEM, High-Functioning Silver-Plated OFC Cable, 0.75mm Detachable Cable, 3.5mm Plug for Audiophiles & Musicians. (Black)","KZ EDC Pro IEM Earphone with In-Line Microphone, Silver...",711.0,900.0,4.1,4.1,https://www.amazon.in/High-Functioning-Silver-Plated-OFC-Cable-Audiophiles/dp/B0DHV38WWD/ref=sr_1_1109?dib=eyJ2IjoiMSJ9.V_eXRJquYs4IxJooOnU6D2E5H8MV9snDAKo4nPxc35crPh8x6XYO9Sw4TFskqjUofJRGL89Al8stSIa3eUfj7u7rH_Q2KO32gPXrS92nWfjA62bkBcxWcwyQG_kBaCf9NLQrKxKGpSBPOEnc4uNLsEr5x_bKKAUHSaZr1CjXT_Z4qyJbaxTKUW1mIEqvy74aX10jIdbrtMGZAKBnl6OVphZPuNa2CUnq_fYPTxaOGQRviPrrGHY86Uloz8t8Y22agxmrczrVvtVk4yObo7_Ckkry-p92QdotcovS5atqUrE.7CqGj3btf2geuzgl5Iz4jQK-4sdIFjBhMzdLK_fMmd4&dib_tag=se&qid=1759736289&s=electronics&sr=1-1109&xpid=UZHjCDxPt3DrQ,https://www.flipkart.com/kz-edc-pro-iem-earphone-in-line-microphone-silver-plated-3-5mm-plug-cable-wired/p/itm535986a18d25b?pid=ACCH3CNC9GKHYEHM&lid=LSTACCH3CNC9GKHYEHMFCI554&marketplace=FLIPKART&q=earphones&store=0pm%2Ffcn%2F821&srno=s_16_613&otracker=search&otracker1=search&fm=Search&iid=c6cf3469-b7fd-40b7-bef8-56a1eda2b155.ACCH3CNC9GKHYEHM.SEARCH&ppt=sp&ppn=sp&ssid=tnc9yptzrk0000001753106355445&qH=54597ea1f2fc7f2e,,https://rukminim2.flixcart.com/image/612/612/xif0q/headphone/i/8/y/edc-pro-iem-earphone-with-in-line-microphone-silver-plated-3-5mm-original-imah3cnc8gps8mgz.jpeg?q=70,Earphones,0.3082,,-189.0,Amazon,189.0,26.58
3791,1347,"Spigen Ultra Hybrid for Samsung Galaxy S24 Ultra Case, Galaxy S24 Ultra Back Cover (2024) - TPU+Poly Carbonate｜Matte Black","Samsung Galaxy S24 Ultra 5G (Titanium Black, 256 GB)",1259.0,80999.0,4.1,4.6,https://www.amazon.in/Spigen-Hybrid-Compatible-Galaxy-Carbonate/dp/B0CM57X6Q2/ref=sr_1_4030?dib=eyJ2IjoiMSJ9.B1FUC2KysgJLPbL2l3Kjb-ESiVLeCUyWbW-ALJLGyVhJdLeoUxYFAaJUDh5CYEg0rIRzZRahgyB9b9thYbIx2AQWIjDb7ql-7qUgYFN6vuDiNT6lEDvNxPBfnnjuXKqldY5bQeAuoE-0Bgv_KkWNe_3iPyfdVjt1Stfvef4JYnTG75k528Th48_f12BO_BxfUS7egjSBogD03d1m-uBi_Te9k9mgNJfyHmQE3UGMzdl11lS4g1ZehiLhihzzdxYIicAPF4-Tw_NHZFqfBAif4DJ03G9FOutaUfwWlG576h4.kdenSUzuJ4UMvzwoHnz9tU27q_2YU1qtvVBEG0-avUc&dib_tag=se&qid=1759739322&s=electronics&sr=1-4030&xpid=UZHjCDxPt3DrQ,https://www.flipkart.com/samsung-galaxy-s24-ultra-5g-titanium-black-256-gb/p/itm20b685e30271b?pid=MOBH3P4UM6ACEC2M&lid=LSTMOBH3P4UM6ACEC2MIS7C9G&marketplace=FLIPKART&q=mobile+phones&store=tyy%2F4io&srno=s_31_727&otracker=search&otracker1=search&fm=Search&iid=6f3dc78c-f8e0-4723-83f0-974855061bd7.MOBH3P4UM6ACEC2M.SEARCH&ppt=sp&ppn=sp&ssid=gksfv80g1s0000001753088106751&qH=a81ad6e72f7a2fd1,,https://rukminim2.flixcart.com/image/312/312/xif0q/mobile/y/e/8/-original-imahyvntxfrpuw6g.jpeg?q=70,Mobiles,0.3081,samsung,-79740.0,Amazon,79740.0,6333.6
1288,156,"JBL Tune 310 Wired in Ear Type C Headphones, Hi-Res Audio with Digital-to-Analog Converter, 3-Button EQ Preset Remote with Microphone, Tangle-Free Flat Cable, Compatible with USB-C Devices (Blue)","JBL Tune 310C, Hi-Res Audio with DAC , 3-Button EQ , Co...",1299.0,1499.0,3.9,3.8,https://www.amazon.in/JBL-Headphones-Microphone-Tangle-Free-Compatible/dp/B0CTMVFL59/ref=sr_1_1304?dib=eyJ2IjoiMSJ9.cXG5YfahNWgQAS-yzH4Ymk5YsrJfOCxvlGayeyNF_ZjzKMkt9qdnc9I8PMNjdZ7aM2Ov-cSkJWJ63RwwUGbBcFA9Rp3qabZIKNimPTtK71d3kO4KxCmeztrqM6DPfS-0a5bf7jrArGzy0RfXIQFgu8grb-NRSGYUicoNMyTsun-h1H6nJS3stTMST5VMjtjix6cJz07EmFbqAc_4-8szCFrA2XNuEUrbn6-_R0w4cfFGi6GvAQECCa5vkhiS9pqgD72mbDUxZl7Zw0yQJbHFYkM7tKMPm-ncDlB3rCzxv78.03zmX6sfRTvR-vE2qAYZIxPfvl0fa1mA2msCGiWu9uc&dib_tag=se&qid=1759736468&s=electronics&sr=1-1304&xpid=UZHjCDxPt3DrQ,https://www.flipkart.com/jbl-tune-310c-hi-res-audio-dac-3-button-eq-compatible-usb-c-devices-wired/p/itm5fe6d6e19c4ca?pid=ACCGXW37NEGEHZ9F&lid=LSTACCGXW37NEGEHZ9FSKR0GB&marketplace=FLIPKART&q=earphones&store=0pm%2Ffcn%2F821&srno=s_8_305&otracker=search&otracker1=search&fm=Search&iid=ced89841-c3a4-4780-9f32-ad7302a73735.ACCGXW37NEGEHZ9F.SEARCH&ppt=sp&ppn=sp&ssid=jv4cx9gygg0000001753106159159&qH=54597ea1f2fc7f2e,,https://rukminim2.flixcart.com/image/612/612/xif0q/headphone/j/l/r/-original-imagydwpwwpdyzrb.jpeg?q=70,Earphones,0.3074,jbl,-200.0,Amazon,200.0,15.4
5487,333,"Meyaar Compatible for AirPods Pro 2nd Generation Case Cover with Keychain, Soft Silicone Skin Case Cover Full Protective (Only Silicone Cover) (Bat-Man)",Apple AirPods Pro (2nd generation) Bluetooth,199.0,24990.0,4.0,4.3,https://www.amazon.in/Meyaar-Compatible-Generation-Keychain-Protective/dp/B0D1KZHBXB/ref=sr_1_5900?dib=eyJ2IjoiMSJ9.sav4EqSBEkIR8pJSTiZJOQmkWKZlvv9t1-reZvJHms_o_srem30f43-rlZWFletm_LCa9982E_YJ61o1KUMEP4r4Dj3GScjKcdrtwNcG0qg0UiQ1EL0kGT9SF3xr6gUtwei5yDwYWozRQUBqk-EXJFX61hKXX93MO9pO6wxnNIrynEFQScnpjMPaBOg5KYEVcfygqOkdEskJRzERPhQBnoUNaxrzhIm2uTmPPnsTE5w4V0lt2cYtwsosiwfPwU_XDl66AOFu28fHKWN_ebuarY4RLU-RrR6YYrdkJxQY-rc.0YdoOwp7wLbGDESC14PoDuJ961dDcSROAIM6p9HvkRw&dib_tag=se&qid=1759741529&s=electronics&sr=1-5900&xpid=UZHjCDxPt3DrQ,https://www.flipkart.com/apple-airpods-pro-2nd-generation-bluetooth/p/itme8963259e9935?pid=ACCHAGBGS9SQEMPT&lid=LSTACCHAGBGS9SQEMPTKMPNZ8&marketplace=FLIPKART&q=earphones&store=0pm%2Ffcn%2F821&srno=s_23_915&otracker=search&otracker1=search&fm=Search&iid=1af41a8c-3b1e-46e9-899a-40b63b6e694f.ACCHAGBGS9SQEMPT.SEARCH&ppt=sp&ppn=sp&ssid=3fou8h7ik00000001753106572311&qH=54597ea1f2fc7f2e,,https://rukminim2.flixcart.com/image/612/612/xif0q/headphone/a/q/r/-original-imahahbzbyazrwxj.jpeg?q=70,Earphones,0.3069,,-24791.0,Amazon,24791.0,12457.79
5012,943,BATCHONE Tempered Glass Screen Protector Compatible for OnePlus 13R / OnePlus 13R 5G (Black) with Edge to Edge Coverage and Easy Installation kit,"OnePlus 13R 5G (Nebula Noir, 512 GB)",189.0,43777.0,4.2,4.5,https://www.amazon.in/BATCHONE-Compatible-OnePlus-13R-Installation/dp/B0F4443GR6/ref=sr_1_5367?dib=eyJ2IjoiMSJ9.UpmgR-AOTbhWkgBxCk1zK-IIXgo_ftgBjhs7-Ls9IS9_LYHjnIJZ8_Bik4rF4dDgzJb2NaoA_98Dz9IRR7yHUpkPWLUrqzv1bPsPqeyEBtFwqDS8mDqZLEYq8O0CA-KGJvmEIiKTPV4sA-g2X1t2QzSiT10Fjzhy7CKTQIddc8SI44OW-cNCcXS-8t6-mH8J5th2a2spkrzLEwrtK989CEW6-i8Fyb2mcTE7qoCPrNSB7Ho-wJCZlcDAUkPz5TGskDtxYFmY1xCwNG5oS4mPpHZ1OtYOO54qYip5bt4fGjY.hcAcek5Fa3Ru9yyc4s-GEyAT0ah0zBTejKQG1ImzvEE&dib_tag=se&qid=1759740859&s=electronics&sr=1-5367&xpid=UZHjCDxPt3DrQ,https://www.flipkart.com/oneplus-13r-5g-nebula-noir-512-gb/p/itmff6561809fab8?pid=MOBH8H4HTS84UEQN&lid=LSTMOBH8H4HTS84UEQNYUOCYH&marketplace=FLIPKART&q=mobile+phones&store=tyy%2F4io&srno=s_12_274&otracker=search&otracker1=search&fm=Search&iid=f7937241-fb59-427d-9eb7-75586bfef788.MOBH8H4HTS84UEQN.SEARCH&ppt=sp&ppn=sp&ssid=p65rsa2g0g0000001753087901914&qH=a81ad6e72f7a2fd1,,https://rukminim2.flixcart.com/image/312/312/xif0q/mobile/z/1/5/-original-imah8vc2a8dg7xea.jpeg?q=70,Mobiles,0.306,oneplus,-43588.0,Amazon,43588.0,23062.43
6,65,"OnePlus Bullets Wireless Z3 in Ear Neckband with 12.4Mm Drivers, 3D Spatial Audio,10 Mins Charge for 27 Hrs Playback, AI Call Noise Cancellation, 4 EQ Preset, Dynamic Bass Enhancement & BT5.4, Black",OnePlus Bullets Wireless Z3 Bluetooth,1399.0,1699.0,4.1,4.3,https://www.amazon.in/OnePlus-Wireless-Neckband-Cancellation-Enhancement/dp/B0FBRGKXHG/ref=sr_1_7?dib=eyJ2IjoiMSJ9.8-aKrERwPzdGyJWfWOa56BDYB1mnBqGBvnzq6l53HItCsQsxbIFLm21v9R_6FmoTBpJ600hwiR0xOHvF_xx6hMwuEFgEDCYS9iGPnysMOr1BWijktkdu3ikYyaKbiI1q6gDckmDjnylxNO7h1uRbVl7x9fl6TPDK1qp0lGKkRE5gA_wftZX3ERHLcmlkaYn3JAuOQvpxTESxFK3S1ePna3mBomQ_OcwMoivmua83h6CZUcigr3iU7jURLZAo9N2uU6GL2oUlta2OjQEkKGjrvkamiEG_33JUxUeZFvBui50.uZI1p62DqPjx-nuhqdw4L2Wnx43Peyq1jL9BkLtfCSk&dib_tag=se&qid=1759735404&s=electronics&sr=1-7&xpid=UZHjCDxPt3DrQ,https://www.flipkart.com/oneplus-bullets-wireless-z3-bluetooth/p/itme85fef80e03a9?pid=ACCHCY7SC9JNUFTQ&lid=LSTACCHCY7SC9JNUFTQUUC2WF&marketplace=FLIPKART&q=earphones&store=0pm%2Ffcn%2F821&srno=s_3_93&otracker=search&otracker1=search&fm=Search&iid=fb4f1383-1962-4cbd-825e-0a423a0bdc78.ACCHCY7SC9JNUFTQ.SEARCH&ppt=sp&ppn=sp&ssid=glmjuqed6o0000001753106012468&qH=54597ea1f2fc7f2e,,https://rukminim2.flixcart.com/image/612/612/xif0q/headphone/v/5/6/bullets-wireless-z3-oneplus-original-imahe6hbgrhhy9xr.jpeg?q=70,Earphones,0.3059,oneplus,-300.0,Amazon,300.0,21.44
3003,718,Redmi A5 Just Black (3GB RAM 64GB Storage) | Royale Design | Segment's Largest 17.47cm(6.88) and Smoothest 120Hz Display | 5200mAh Large Battery | Expandable Storage up to 2TB,"REDMI A5 (Just Black, 64 GB)",6149.0,6499.0,3.8,4.3,https://www.amazon.in/Redmi-Just-Black-3GB-64GB/dp/B0F3P2ZL2X/ref=sr_1_3143?dib=eyJ2IjoiMSJ9.vwoBXogMiDxNZtlglTOG7o7vbCztoPwANfnMzgCustk_Iv-p86NYnFaC1WGVvigdUI_UpKKUT6dTg2fZ1GtpmGa5w2mslade-noVU5pAxTDrh9M4yKJctAoB_8ZKNKEJdBcQMukrn-kWe1NBmByfFbk8XxDj87wwFDU_7id68_sG8j0db54Uuh78MDn43vKMqYwEGmkYbQIKeUw8VKS7ilWDmL4uZp08toQXoIo8zPKj-h75p7aao39GgpkhS8u29yNAfCwqFqmouPemnRdjlkQ7zwxRnw9QC1aC5USijls.4fmtfLpHcrXzitfYqK5pVbg0-L_DbdkU-Lz9j9JN2fo&dib_tag=se&qid=1759738379&s=electronics&sr=1-3143&xpid=UZHjCDxPt3DrQ,https://www.flipkart.com/redmi-a5-just-black-64-gb/p/itm2b4357effaa74?pid=MOBHB2HGNGFWXSGA&lid=LSTMOBHB2HGNGFWXSGAEDTCWH&marketplace=FLIPKART&q=mobile+phones&store=tyy%2F4io&srno=s_1_11&otracker=search&otracker1=search&fm=organic&iid=9db23609-337f-4a77-94c6-9857bded9775.MOBHB2HGNGFWXSGA.SEARCH&ppt=sp&ppn=sp&ssid=d93jfmema80000001753087781253&qH=a81ad6e72f7a2fd1,,https://rukminim2.flixcart.com/image/312/312/xif0q/mobile/p/4/r/-original-imahb56zdgszp7tg.jpeg?q=70,Mobiles,0.3055,redmi,-350.0,Amazon,350.0,5.69
24,847,"Samsung Galaxy M05 (Mint Green, 4GB RAM, 64 GB Storage) | 50MP Dual Camera | Bigger 6.7"" HD+ Display | 5000mAh Battery | 25W Fast Charging | 2 Gen OS Upgrade & 4 Year Security Update | Without Charger","Samsung M05 (Mint Green, 64 GB)",6249.0,6699.0,4.0,4.3,https://www.amazon.in/Samsung-Storage-Display-Charging-Security/dp/B0DFY3XCB6/ref=sr_1_25?dib=eyJ2IjoiMSJ9.DNFHhKCM4dMpSkef5mTBQJMTCMoeChM7yRO4VXXQjGaDPYpuHQwNq5a3UsR9DwHo03qpaRAFhOr2rTF2DPUQJQSRdQIlG3AVYkIaRJ43mt7GMQDJ075RTDYsbXLtZqvA_6AFOAA115qA5jOawWgWJ8jZb0NSO8Jw8yi1dm4qq941QZNUxQberIzIntzighndJ5LSmaamCjW3J56vbtf2b2Z5zC4l-F7fi0DQzzmDXVDncr14-tCl7FgnGhfB9tTOmJpA1uE7rLKaY8bNQ30NMxpAFewDd82fd4oAhLZzuPU.sD8PWh1qlYjKB473qgIbnSWnDNTJheAamgrDSTHjMqs&dib_tag=se&qid=1759735423&s=electronics&sr=1-25&xpid=UZHjCDxPt3DrQ,https://www.flipkart.com/samsung-m05-mint-green-64-gb/p/itm31b7d648fd40f?pid=MOBH4Z9VZNVRFV85&lid=LSTMOBH4Z9VZNVRFV85MCWDJE&marketplace=FLIPKART&q=mobile+phones&store=tyy%2F4io&srno=s_6_144&otracker=search&otracker1=search&fm=Search&iid=94d27974-1611-4942-bd78-7364d4d8c8a7.MOBH4Z9VZNVRFV85.SEARCH&ppt=sp&ppn=sp&ssid=i6vfru46jk0000001753087838766&qH=a81ad6e72f7a2fd1,,https://rukminim2.flixcart.com/image/312/312/xif0q/mobile/z/2/v/m05-sm-m055f-samsung-original-imah4z9v2qp2tpgw.jpeg?q=70,Mobiles,0.3055,samsung,-450.0,Amazon,450.0,7.2
4430,333,"Meyaar Compatible for AirPods Pro 2nd Generation Case Cover with Keychain, Soft Silicone Skin Case Cover Full Protective (Only Silicone Cover) (Cool Kitty)",Apple AirPods Pro (2nd generation) Bluetooth,199.0,24990.0,4.0,4.3,https://www.amazon.in/Meyaar-Compatible-Generation-Keychain-Protective/dp/B0D2DFMNHW/ref=sr_1_4736?dib=eyJ2IjoiMSJ9.LeeY9aG478cCEi5j59rwuYTvThe-Irv2_Floj63N54HkmoYXELDZG4C0st972_XNd8llPTKhyfFpWQirsyeV_NREb7I4J_02A-zjg_QHoG0dEd0Tlh_OVFUmWDvJfU33YrsAiZvV7eBLd2Dhv4WMtm9eeEjcF3CR4ku5s6GoMeqJTOcyEJ4314FPWNn6kSNV6sHq5_n7EM_MlhviHj-m68PrI-RnOX_P0ay_9Zcv-cUvrbI_FIbSHPyDeEP2QlGbrxW0fTe3CQXjFt2Rmz1hOL3tX-9xUz9Pe7GbE8HbI3Q.0k7RGiFq_l73SOnNhkthe3_IQfNC3D6g8-dkM3N11_E&dib_tag=se&qid=1759740076&s=electronics&sr=1-4736&xpid=UZHjCDxPt3DrQ,https://www.flipkart.com/apple-airpods-pro-2nd-generation-bluetooth/p/itme8963259e9935?pid=ACCHAGBGS9SQEMPT&lid=LSTACCHAGBGS9SQEMPTKMPNZ8&marketplace=FLIPKART&q=earphones&store=0pm%2Ffcn%2F821&srno=s_23_915&otracker=search&otracker1=search&fm=Search&iid=1af41a8c-3b1e-46e9-899a-40b63b6e694f.ACCHAGBGS9SQEMPT.SEARCH&ppt=sp&ppn=sp&ssid=3fou8h7ik00000001753106572311&qH=54597ea1f2fc7f2e,,https://rukminim2.flixcart.com/image/612/612/xif0q/headphone/a/q/r/-original-imahahbzbyazrwxj.jpeg?q=70,Earphones,0.3054,,-24791.0,Amazon,24791.0,12457.79
3637,1347,"TheGiftKart TPU+PC Hybrid Ultimate Slim Back Case Cover for Samsung Galaxy S24 Ultra 5G|Frosted Matte Translucent Hard Back Case Cover for Samsung S24 Ultra 5G, Transparent","Samsung Galaxy S24 Ultra 5G (Titanium Black, 256 GB)",281.0,80999.0,3.9,4.6,https://www.amazon.in/TheGiftKart-Ultimate-Samsung-Protection-Translucent/dp/B0DR75DLHD/ref=sr_1_3860?dib=eyJ2IjoiMSJ9.X6MCJHaCR58fI-FfU0nyXdvTS0akA0te6swmtjrYbctleT9yMHeZkLThPcUb86gyarIQjgYUo8jqrFmK7pGRGVTCSFhddqb0B99DsP6IXo8Onk_FJjePzmwM4u0m90zihqkhlKybVDLSXUR7PB2Yim3_LScaY1PGmKDCZgYo1WSE7wSgogVGAKcSat6l4VM9jpe37_K1mXRqvgwVAOiNnUEu_Ssfy-sM0c6eqNubF22zpBOrQ3pgCaODAgQiSLhxxqKQjcWCWU9kmlf6SE3skwX47swj4TyUudrV_LOV1oE.akyG3fhBIhKy7nADHsl1skuY2ibGmHFOgCAHNiC-3ks&dib_tag=se&qid=1759739143&s=electronics&sr=1-3860&xpid=UZHjCDxPt3DrQ,https://www.flipkart.com/samsung-galaxy-s24-ultra-5g-titanium-black-256-gb/p/itm20b685e30271b?pid=MOBH3P4UM6ACEC2M&lid=LSTMOBH3P4UM6ACEC2MIS7C9G&marketplace=FLIPKART&q=mobile+phones&store=tyy%2F4io&srno=s_31_727&otracker=search&otracker1=search&fm=Search&iid=6f3dc78c-f8e0-4723-83f0-974855061bd7.MOBH3P4UM6ACEC2M.SEARCH&ppt=sp&ppn=sp&ssid=gksfv80g1s0000001753088106751&qH=a81ad6e72f7a2fd1,,https://rukminim2.flixcart.com/image/312/312/xif0q/mobile/y/e/8/-original-imahyvntxfrpuw6g.jpeg?q=70,Mobiles,0.3054,samsung,-80718.0,Amazon,80718.0,28725.27
2857,1327,OnePlus 13s | Snapdragon® 8 Elite | Best Battery Life Ever on a Compact Phone | Lifetime Display Warranty | 12GB+256GB | Pink Satin,"OnePlus 13s 5G (Pink Satin, 256 GB)",50999.0,51840.0,4.5,4.5,https://www.amazon.in/OnePlus-Snapdragon%C2%AE-Battery-Lifetime-Warranty/dp/B0F5WSDY93/ref=sr_1_2984?dib=eyJ2IjoiMSJ9.Vgcns8BVTaKlgrHfXuFLjQBWt9Xrtw0iL-4lUoZvV14k9iP1DxxkAnd-1ShUvMZ1X3T67KFgY1brOf9jAKbwjBvarkCQ7dwlU1v8e41uvgtWgaV8jgxmICBjmmUKuHl4go-dhaVaRCIa9GjY7F4uFBxdzYp6OWxpH75OnDo7sMk86kQYWKJQ_L33B01qw03bRb33JsZ-PL6Jhho2iJ_tdBGQ0Pfd2LxGgmT7eppqjIwWUpKQH9VTE-QRPWtU6lHlp1ruO-rn7YFpLeJ0FutlRv2Y6v2sVH4_gCjCfAZStIo.JUdXib-SxN_pb76YjzjzF_T69iWNyKhiuQhwI7gM6Zs&dib_tag=se&qid=1759738235&s=electronics&sr=1-2984&xpid=UZHjCDxPt3DrQ,https://www.flipkart.com/oneplus-13s-5g-pink-satin-256-gb/p/itmb6d10cf953b5d?pid=MOBHCY89MXCYXQ3B&lid=LSTMOBHCY89MXCYXQ3BTMISA4&marketplace=FLIPKART&q=mobile+phones&store=tyy%2F4io&srno=s_30_707&otracker=search&otracker1=search&fm=Search&iid=c14999f7-a19e-4e77-9fc5-34eb37a748c2.MOBHCY89MXCYXQ3B.SEARCH&ppt=sp&ppn=sp&ssid=7v2hgx3j6o0000001753088096277&qH=a81ad6e72f7a2fd1,,https://rukminim2.flixcart.com/image/312/312/xif0q/mobile/b/z/v/13s-5g-cph2723-oneplus-original-imahdhmzjah7cypa.jpeg?q=70,Mobiles,0.3053,oneplus,-841.0,Amazon,841.0,1.65
229,71,"Portronics Conch Theta C in Ear Type C Wired Earphones with in Line HD Mic, Powerful Audio, 14.2mm Driver, Unique Earbuds Design, TPE Anti Tangle Wire, in line Controls, Wide Compatibility(Black)","Portronics Conch Sigma C in Ear Type C Wired Earphones,...",249.0,299.0,4.0,4.0,https://www.amazon.in/Portronics-Earphones-Powerful-Controls-Compatibility/dp/B0DGLQHBF9/ref=sr_1_231?dib=eyJ2IjoiMSJ9.VVG5euYAstHnOYPmfNiXQaGtGhJlBlIwvLSgKIKWOyxgBfkFkt6f8C8UT_L9fjxbU0t4U74FrhN9QxHWeWfhgt-foiEKEYhOzlq7KIA0lV0NoFMY5CtnK11OyWdifj9xrqvXTAx7-2-Hy_NJHv9Y3zDSxPlYSla98fAf_JwPSRPRHo9Lgjz8C4rWh0NaYq6ypsJ5DKZOIP1n9jFM69TKoMo-PpZAph13XdlgPv1jXnA09hX8hOMVeaGWgUyQWGebFEIXJLPEPe6JWWSg6Q48R0-krWgS8A7TFJRZxqtiE60.5BsUwR0YS1sEYPxrb8-62jA6juZ53NU8fNxKaMMR64Y&dib_tag=se&qid=1759735575&s=electronics&sr=1-231&xpid=UZHjCDxPt3DrQ,https://www.flipkart.com/portronics-conch-sigma-c-ear-type-wired-earphones-in-line-hd-mic-14-2mm-driver/p/itm36befdeb13c5d?pid=ACCH9A2VM9VQ4D4N&lid=LSTACCH9A2VM9VQ4D4NLJGI0A&marketplace=FLIPKART&q=earphones&store=0pm%2Ffcn%2F821&srno=s_3_100&otracker=search&otracker1=search&fm=Search&iid=fb4f1383-1962-4cbd-825e-0a423a0bdc78.ACCH9A2VM9VQ4D4N.SEARCH&ppt=sp&ppn=sp&ssid=glmjuqed6o0000001753106012468&qH=54597ea1f2fc7f2e,,https://rukminim2.flixcart.com/image/612/612/xif0q/headphone/x/g/1/conch-sigma-c-in-ear-type-c-wired-earphones-in-line-hd-mic-14-original-imah9c4b2hzy6fpn.jpeg?q=70,Earphones,0.3049,portronics,-50.0,Amazon,50.0,20.08
626,65,"OnePlus Bullets Wireless Z3 in Ear Neckband with 12.4Mm Drivers, 3D Spatial Audio,10 Mins Charge for 27 Hrs Playback, AI Call Noise Cancellation, 4 EQ Preset, Dynamic Bass Enhancement & BT5.4, Red",OnePlus Bullets Wireless Z3 Bluetooth,1399.0,1699.0,4.1,4.3,https://www.amazon.in/OnePlus-Wireless-Neckband-Cancellation-Enhancement/dp/B0FBRHCR6C/ref=sr_1_629?dib=eyJ2IjoiMSJ9.pz7mpbshjXId-1MbMc-WdluGehZz1cjHMElhTok9HIs0-r5NEPLu2DT1AX218KwFw_y8Vjg3_3ZGDCYetvifPbQ4QSZUn3RKGOHGdnGMaiclL6J87XIGMzkn9DIQApm0olsHjGyKo55ZwtKhp9UmbXidujujrHT44kscYSruKzZvcxvtgrnSkjUORvLkTeUSyF0zwxTNSShu_u1Siy69NBng0jSUtiHKXk1AiuVt3_91k92_vOzXpGXmET6hqOl4GyjZrUi7KHDKjLjRKg0TPSK9B8RZj80L--Ld3rCDueg.JcMhSNCCMlFB0bRHQ-Wt6UxDpkPnWYYI0upz9JEzulI&dib_tag=se&qid=1759735897&s=electronics&sr=1-629&xpid=UZHjCDxPt3DrQ,https://www.flipkart.com/oneplus-bullets-wireless-z3-bluetooth/p/itme85fef80e03a9?pid=ACCHCY7SC9JNUFTQ&lid=LSTACCHCY7SC9JNUFTQUUC2WF&marketplace=FLIPKART&q=earphones&store=0pm%2Ffcn%2F821&srno=s_3_93&otracker=search&otracker1=search&fm=Search&iid=fb4f1383-1962-4cbd-825e-0a423a0bdc78.ACCHCY7SC9JNUFTQ.SEARCH&ppt=sp&ppn=sp&ssid=glmjuqed6o0000001753106012468&qH=54597ea1f2fc7f2e,,https://rukminim2.flixcart.com/image/612/612/xif0q/headphone/v/5/6/bullets-wireless-z3-oneplus-original-imahe6hbgrhhy9xr.jpeg?q=70,Earphones,0.3049,oneplus,-300.0,Amazon,300.0,21.44
6585,333,"Meyaar Compatible for AirPods Pro 2nd Generation Case Cover with Keychain, Soft Silicone Skin Case Cover Full Protective (Only Silicone Cover) (Vase-line)",Apple AirPods Pro (2nd generation) Bluetooth,199.0,24990.0,4.0,4.3,https://www.amazon.in/Meyaar-Compatible-Generation-Protective-Vase-line/dp/B0DZV3WBC7/ref=sr_1_7060?dib=eyJ2IjoiMSJ9.7Sm2HUy5NK3en3ssrG4o39pmfOj1jo6CFOGD7yUHmN1Cx0FbqChqPIcnkTysnqtILi5UFy0cKsHYQLlQshp47qIGlGahgn_ii5wXEX5lCRgEOTBRMrJumDifDgsiiu1OCicF68kyILJOiY_JGMIVNH9TpyjCq2dDX3BAxaLourVJZIjfqicUzqGcRUlhv5ayNbNVGa-UEH8OvoCfZRV7BrZTOZ831Webh9AxQKfDfVcpI9ywzlvDkuuh-10jMAR0bTr9nkYTrRFgvf4nsKB9D6v-kSxBADZy1C_-bbexcPE.N0UxyUWLpzgDYnYTvTUuQJQJlmwkU1wQN117UEU59og&dib_tag=se&qid=1759743003&s=electronics&sr=1-7060&xpid=UZHjCDxPt3DrQ,https://www.flipkart.com/apple-airpods-pro-2nd-generation-bluetooth/p/itme8963259e9935?pid=ACCHAGBGS9SQEMPT&lid=LSTACCHAGBGS9SQEMPTKMPNZ8&marketplace=FLIPKART&q=earphones&store=0pm%2Ffcn%2F821&srno=s_23_915&otracker=search&otracker1=search&fm=Search&iid=1af41a8c-3b1e-46e9-899a-40b63b6e694f.ACCHAGBGS9SQEMPT.SEARCH&ppt=sp&ppn=sp&ssid=3fou8h7ik00000001753106572311&qH=54597ea1f2fc7f2e,,https://rukminim2.flixcart.com/image/612/612/xif0q/headphone/a/q/r/-original-imahahbzbyazrwxj.jpeg?q=70,Earphones,0.3048,,-24791.0,Amazon,24791.0,12457.79
464,154,"boAt 2025 Launch Airdopes 219, 4Mics ENx, 40H Battery, Best in Segment for Calling, Stream Ad Free Music via App Support, Bluetooth Earbuds, TWS Ear Buds Wireless Earphones with mic (Ivory Mist)","boAt Airdopes 219, 40H Battery,4Mics ENx Tech,Signature...",1099.0,1099.0,4.0,3.9,https://www.amazon.in/boAt-Airdopes-Streaming-Bluetooth-Earphones/dp/B0FC2Z19RX/ref=sr_1_466?dib=eyJ2IjoiMSJ9.sWI1xGx8jUQs88AkQzwZAGUhDRA6sIQBYyWYRkAzCYJIS_2TSXmsqxXeYIVG8OJ1BK69oJBRMsCxX78UpZGnRRWqHuFeRkRJ-gGo58OVQU_eXjZAlE8wdKt1rCvzjmMfh0J1f2TLXX6UmqFRWCVMEXmIvIShsGFAw7icWkIPDXfDuxZeEPUv1adtExe6YOem1GjzLsSrXiKTdBjMxjReKEKPcPQTe8e6WW7xAFs8nt0-Mk06d6ZxqgGwioa4joCWkd1DFJiLwSAB3tZ6erN1aabRSV6W8AW5ZNrcOW_LiQ0.msFkjOAgdNSja5QoaH6qupCZXcnNqw_emvmIv55w5BI&dib_tag=se&qid=1759735759&s=electronics&sr=1-466&xpid=UZHjCDxPt3DrQ,https://www.flipkart.com/boat-airdopes-219-40h-battery-4mics-enx-tech-signature-sound-beast-mode-asap-charge-bluetooth/p/itm9514600334640?pid=ACCHCJW3HZ2GVH29&lid=LSTACCHCJW3HZ2GVH29OUT3P5&marketplace=FLIPKART&q=earphones&store=0pm%2Ffcn%2F821&srno=s_8_296&otracker=search&otracker1=search&fm=Search&iid=ced89841-c3a4-4780-9f32-ad7302a73735.ACCHCJW3HZ2GVH29.SEARCH&ppt=sp&ppn=sp&ssid=jv4cx9gygg0000001753106159159&qH=54597ea1f2fc7f2e,,https://rukminim2.flixcart.com/image/612/612/xif0q/headphone/5/b/b/-original-imahdt83yzyjqqhe.jpeg?q=70,Earphones,0.3041,boat,0.0,Same Price,0.0,0.0
8799,1347,"Spigen Ultra Hybrid for Samsung Galaxy S24 Ultra Case, Galaxy S24 Ultra Back Cover (2024) - TPU+Poly Carbonate｜Frost Black","Samsung Galaxy S24 Ultra 5G (Titanium Black, 256 GB)",1349.0,80999.0,4.1,4.6,https://www.amazon.in/Spigen-Hybrid-Compatible-Galaxy-Carbonate/dp/B0CM54Y54G/ref=sr_1_9513?dib=eyJ2IjoiMSJ9.slmmkQDzscbdHivr-pzChXAv8f0daplRHJI_TnvPdkyrgFd_TCjPaNQ2M3xU7vMH-b13fqHjOc2O_CcpnnKCbAzbHwLfDPOzN8Ax1G5XpYewgqg3Hoec0zvmVzd_-HPtSAQkiFfVA_MXIVRe81uMbgkfsw3d5V05Ejk58aVlH9w7RMD5j8Q8Q-8fhwKOLPMWX3_ZiwpEuH9eE55FoONhcjrUopzZ00ua-fTcJOudragBoJN60Ffzs3kudWlLSEXytODUH0HjqIgL9S7QKoCmfocn0KE0HCT7HwXJFeAscdA.TZIGQfRSuPizauGmeOv5lZIhyNfxNnrv7_MdQu1rDbM&dib_tag=se&qid=1759746021&s=electronics&sr=1-9513&xpid=UZHjCDxPt3DrQ,https://www.flipkart.com/samsung-galaxy-s24-ultra-5g-titanium-black-256-gb/p/itm20b685e30271b?pid=MOBH3P4UM6ACEC2M&lid=LSTMOBH3P4UM6ACEC2MIS7C9G&marketplace=FLIPKART&q=mobile+phones&store=tyy%2F4io&srno=s_31_727&otracker=search&otracker1=search&fm=Search&iid=6f3dc78c-f8e0-4723-83f0-974855061bd7.MOBH3P4UM6ACEC2M.SEARCH&ppt=sp&ppn=sp&ssid=gksfv80g1s0000001753088106751&qH=a81ad6e72f7a2fd1,,https://rukminim2.flixcart.com/image/312/312/xif0q/mobile/y/e/8/-original-imahyvntxfrpuw6g.jpeg?q=70,Mobiles,0.3041,samsung,-79650.0,Amazon,79650.0,5904.37
418,154,"boAt 2025 Launch Airdopes 219, 4Mics ENx, 40H Battery, Best in Segment for Calling, Stream Ad Free Music via App Support, Bluetooth Earbuds, TWS Ear Buds Wireless Earphones with mic (Forest Sage)","boAt Airdopes 219, 40H Battery,4Mics ENx Tech,Signature...",1099.0,1099.0,4.0,3.9,https://www.amazon.in/boAt-Airdopes-Streaming-Bluetooth-Earphones/dp/B0FC2YFSN4/ref=sr_1_420?dib=eyJ2IjoiMSJ9.htz6kPdETUnw3jtPo5jGc6JToyEbo2IE9CY53YMpImD1uODO9aNGrHg-MEaRpKsM2Ckf1S5dnFjO_fMlII_iW0d1SORPnxp7NUX5IllLvtVGVUiAuMQuASyO7a-bz_GKzKjjjzjN5pTYh3EKi79BX4Csp_Y-mbW53Dewr4dVRdRjFeMIxgJzPmS0iUHM-RhydeBiyt1P3qLWvEud37DlaGuns5fZb6RIdgotuD1Vw3CG_Y6n8_EPckSTMoiNIldNNlqLwhCQe0K-2bp33JJscdProbikmiMjsOu8igjfXBM.K5dquWUr7k2EvG-e95SmkO0VRpo2n0ELolglZvM6Pbk&dib_tag=se&qid=1759735727&s=electronics&sr=1-420&xpid=UZHjCDxPt3DrQ,https://www.flipkart.com/boat-airdopes-219-40h-battery-4mics-enx-tech-signature-sound-beast-mode-asap-charge-bluetooth/p/itm9514600334640?pid=ACCHCJW3HZ2GVH29&lid=LSTACCHCJW3HZ2GVH29OUT3P5&marketplace=FLIPKART&q=earphones&store=0pm%2Ffcn%2F821&srno=s_8_296&otracker=search&otracker1=search&fm=Search&iid=ced89841-c3a4-4780-9f32-ad7302a73735.ACCHCJW3HZ2GVH29.SEARCH&ppt=sp&ppn=sp&ssid=jv4cx9gygg0000001753106159159&qH=54597ea1f2fc7f2e,,https://rukminim2.flixcart.com/image/612/612/xif0q/headphone/5/b/b/-original-imahdt83yzyjqqhe.jpeg?q=70,Earphones,0.304,boat,0.0,Same Price,0.0,0.0
27,71,"Portronics Conch Theta C in Ear Type C Wired Earphones with in Line HD Mic, Powerful Audio, 14.2mm Driver, Unique Earbuds Design, TPE Anti Tangle Wire, in line Controls, Wide Compatibility(White)","Portronics Conch Sigma C in Ear Type C Wired Earphones,...",199.0,299.0,4.0,4.0,https://www.amazon.in/Portronics-Earphones-Powerful-Controls-Compatibility/dp/B0DDHM6D3L/ref=sr_1_28?dib=eyJ2IjoiMSJ9.DNFHhKCM4dMpSkef5mTBQJMTCMoeChM7yRO4VXXQjGaDPYpuHQwNq5a3UsR9DwHo03qpaRAFhOr2rTF2DPUQJQSRdQIlG3AVYkIaRJ43mt7GMQDJ075RTDYsbXLtZqvA_6AFOAA115qA5jOawWgWJ8jZb0NSO8Jw8yi1dm4qq941QZNUxQberIzIntzighndJ5LSmaamCjW3J56vbtf2b2Z5zC4l-F7fi0DQzzmDXVDncr14-tCl7FgnGhfB9tTOmJpA1uE7rLKaY8bNQ30NMxpAFewDd82fd4oAhLZzuPU.sD8PWh1qlYjKB473qgIbnSWnDNTJheAamgrDSTHjMqs&dib_tag=se&qid=1759735423&s=electronics&sr=1-28&xpid=UZHjCDxPt3DrQ,https://www.flipkart.com/portronics-conch-sigma-c-ear-type-wired-earphones-in-line-hd-mic-14-2mm-driver/p/itm36befdeb13c5d?pid=ACCH9A2VM9VQ4D4N&lid=LSTACCH9A2VM9VQ4D4NLJGI0A&marketplace=FLIPKART&q=earphones&store=0pm%2Ffcn%2F821&srno=s_3_100&otracker=search&otracker1=search&fm=Search&iid=fb4f1383-1962-4cbd-825e-0a423a0bdc78.ACCH9A2VM9VQ4D4N.SEARCH&ppt=sp&ppn=sp&ssid=glmjuqed6o0000001753106012468&qH=54597ea1f2fc7f2e,,https://rukminim2.flixcart.com/image/612/612/xif0q/headphone/x/g/1/conch-sigma-c-in-ear-type-c-wired-earphones-in-line-hd-mic-14-original-imah9c4b2hzy6fpn.jpeg?q=70,Earphones,0.3039,portronics,-100.0,Amazon,100.0,50.25
38,1084,"Redmi 13 5G Prime Edition, Orchid Pink, 8GB+128GB | India Debut SD 4 Gen 2 AE | 108MP Pro Grade Camera | 6.79in Largest Display in Segment","REDMI 13 5G (Orchid Pink, 128 GB)",10999.0,13999.0,4.1,4.3,https://www.amazon.in/Redmi-Orchid-Largest-Display-Segment/dp/B0D78X5CMJ/ref=sr_1_39?dib=eyJ2IjoiMSJ9.DNFHhKCM4dMpSkef5mTBQJMTCMoeChM7yRO4VXXQjGaDPYpuHQwNq5a3UsR9DwHo03qpaRAFhOr2rTF2DPUQJQSRdQIlG3AVYkIaRJ43mt7GMQDJ075RTDYsbXLtZqvA_6AFOAA115qA5jOawWgWJ8jZb0NSO8Jw8yi1dm4qq941QZNUxQberIzIntzighndJ5LSmaamCjW3J56vbtf2b2Z5zC4l-F7fi0DQzzmDXVDncr14-tCl7FgnGhfB9tTOmJpA1uE7rLKaY8bNQ30NMxpAFewDd82fd4oAhLZzuPU.sD8PWh1qlYjKB473qgIbnSWnDNTJheAamgrDSTHjMqs&dib_tag=se&qid=1759735423&s=electronics&sr=1-39&xpid=UZHjCDxPt3DrQ,https://www.flipkart.com/redmi-13-5g-orchid-pink-128-gb/p/itm315c71c2ffcce?pid=MOBH45GGJWHCYHFC&lid=LSTMOBH45GGJWHCYHFCDYF9FC&marketplace=FLIPKART&q=mobile+phones&store=tyy%2F4io&srno=s_19_445&otracker=search&otracker1=search&fm=Search&iid=bb7c8792-f9b7-483b-bcf0-eba4ca01acc1.MOBH45GGJWHCYHFC.SEARCH&ppt=sp&ppn=sp&ssid=x5p3473w800000001753087983579&qH=a81ad6e72f7a2fd1,,https://rukminim2.flixcart.com/image/312/312/xif0q/mobile/a/p/v/-original-imah4smtqmxb2j2f.jpeg?q=70,Mobiles,0.3036,redmi,-3000.0,Amazon,3000.0,27.28
2727,449,"HP 15, 13th Gen Intel Core i7-1355U (16GB DDR4, 512GB SSD) FHD, Anti-Glare, 15.6’’/39.6cm, Win11, M365(1yr)* Office 24, Silver, 1.59kg, Iris Xe, FHD Camera w/Shutter, Backlit Laptop fd0468tu/fd0515tu",HP 15 Intel Core i7 13th Gen 1355U - (16 GB/512 GB SSD/Windows 11 Home) fd0468TU / fd0515TU Thin and L...,64490.0,70990.0,3.9,4.2,https://www.amazon.in/HP-i7-1355U-Anti-Glare-fd0468tu-fd0515tu/dp/B0DTTS34NW/ref=sr_1_2828?dib=eyJ2IjoiMSJ9.29vqUXciUBuRJ0NxZwCfR_Id7hDU0PEs2uCsbU2Ydng0Q9GYD4zS3izbJuN9U82FB6csQpDl_uZ6LEPuGjICAIBxHQJtjZ1SrutXaj6_GJYslv0CNfan57mxYpCW4hzVZe1W8mP7fsnT4LcjduxMUianDB9ToFrBUbQIP6y472QttqLJWpmB40AykOjKlJBlcnS9PFtdFqAkHyu2vRGbhyAT-1ZvnjHBUutMN-lvi3R98r7nFr5de6f7PFiUVr-lJ0v6dq5iIZenCfAZWms5DBpj8nRjvgc7_cSj8QF159k.ImZr84enZDPDPqcveFlZ4Pk38kpFIVYM3D_TPGrfsyA&dib_tag=se&qid=1759738058&s=electronics&sr=1-2828&xpid=UZHjCDxPt3DrQ,https://www.flipkart.com/hp-15-intel-core-i7-13th-gen-1355u-16-gb-512-gb-ssd-windows-11-home-fd0468tu-fd0515tu-thin-light-laptop/p/itma87d15ac1dc92?pid=COMH8QXWPDAGH9HG&lid=LSTCOMH8QXWPDAGH9HGHV25W7&marketplace=FLIPKART&q=laptop+hp&store=6bo%2Fb5g&srno=s_5_104&otracker=search&fm=organic&iid=21e48dbc-653b-48e9-8b5a-08041719b288.COMH8QXWPDAGH9HG.SEARCH&ppt=sp&ppn=sp&ssid=8heita6w8g0000001753105206725&qH=afa4496eec6c609d,,https://rukminim2.flixcart.com/image/312/312/xif0q/computer/x/z/f/-original-imahbngspwugwnfv.jpeg?q=70,Laptops,0.3033,hp,-6500.0,Amazon,6500.0,10.08
3327,333,"Meyaar Compatible for AirPods Pro 2nd Generation Case Cover with Keychain, Soft Silicone Skin Case Cover Full Protective (Only Silicone Cover) (Peach Kitty)",Apple AirPods Pro (2nd generation) Bluetooth,179.0,24990.0,4.0,4.3,https://www.amazon.in/Meyaar-Compatible-Generation-Keychain-Protective/dp/B0DZV291SM/ref=sr_1_3499?dib=eyJ2IjoiMSJ9.T7auw2_XYrzgWmrwmwJB8764K8bgmXHhUrLUjaOPC9V5WUf-BonLXBzycDsLEZbMT1OxQyyOfxZJrBYTF29QlqReOiZqZxtyfoG_S9eSVib-eBkxnrNelEm9w3lg3BoYTCslEXqAZN-0Y7buJL7BlBYL4Amo7Dhxq4_a8vRRKZoMhPWhNtg59h-DInreJQ5FIdm3RGNPHK71hGMlK5iclpaYk2tsA7lpAT7K6Ld1uaSRCKZOLzbmxCBrn9qByzSi5ccjc9bcIC3Z9NKQCWCb-mUb11ytsa4TsRufiUa6C7Q.gR_qH2zKIq1hf91bD0PWxDT7FVnY2twuSi3zoB90TVk&dib_tag=se&qid=1759738776&s=electronics&sr=1-3499&xpid=UZHjCDxPt3DrQ,https://www.flipkart.com/apple-airpods-pro-2nd-generation-bluetooth/p/itme8963259e9935?pid=ACCHAGBGS9SQEMPT&lid=LSTACCHAGBGS9SQEMPTKMPNZ8&marketplace=FLIPKART&q=earphones&store=0pm%2Ffcn%2F821&srno=s_23_915&otracker=search&otracker1=search&fm=Search&iid=1af41a8c-3b1e-46e9-899a-40b63b6e694f.ACCHAGBGS9SQEMPT.SEARCH&ppt=sp&ppn=sp&ssid=3fou8h7ik00000001753106572311&qH=54597ea1f2fc7f2e,,https://rukminim2.flixcart.com/image/612/612/xif0q/headphone/a/q/r/-original-imahahbzbyazrwxj.jpeg?q=70,Earphones,0.3031,,-24811.0,Amazon,24811.0,13860.89
6998,988,"TheGiftKart Hybrid Ultimate Slim Back Case Cover for iPhone 16 Pro | Camera & Screen Protection | Frosted Matte Translucent Hard Back Case Cover for iPhone 16 Pro (PC & TPU, Desert Titanium Bumper)","Apple iPhone 16 Pro (Desert Titanium, 128 GB)",284.0,112900.0,4.2,4.6,https://www.amazon.in/TheGiftKart-iPhone-Pro-Desert-Titanium/dp/B0DQPLLBQT/ref=sr_1_7539?dib=eyJ2IjoiMSJ9.GwisRK6D887zwpV0xOsXsXYP-qapg3HHHerNxB57QEa6r_EGvnq0To0UdZgtSBRCdMECYl8cvjggHEAz14ZhSmHEruPEfx-ZKOygxTndjlnGeYpYRDml161-TdPpkn5c6EPuU_ceU4TsaNddqO4kWyqNFPXPl0b6azRZ8scaC9w1a_Kg1onCVWOjBixKFmqvPvW35oIoGVbiLCWgGlqd_dwgbUn-yGiaMBvA3VutnfFOfzwQjsMbIYMi0f7UsKfUZ6RfNRdJsEsLAkkWy_-kBZoRIMvYzhYBdwVdpOy2iAM.eA96eI0BkH6LAuyGwechUyv325CbtQw-GTbVSuyF6h0&dib_tag=se&qid=1759743591&s=electronics&sr=1-7539&xpid=UZHjCDxPt3DrQ,https://www.flipkart.com/apple-iphone-16-pro-desert-titanium-128-gb/p/itm5a8453e89cbd4?pid=MOBH4DQFSDYNVH5U&lid=LSTMOBH4DQFSDYNVH5UFZYHLF&marketplace=FLIPKART&q=mobile+phones&store=tyy%2F4io&srno=s_14_332&otracker=search&otracker1=search&fm=Search&iid=b1620752-ed87-4c97-a7d8-87c89786b83f.MOBH4DQFSDYNVH5U.SEARCH&ppt=sp&ppn=sp&ssid=8ghyoks0rk0000001753087922506&qH=a81ad6e72f7a2fd1,,https://rukminim2.flixcart.com/image/312/312/xif0q/mobile/7/d/z/-original-imah4jywfm9uuvzw.jpeg?q=70,Mobiles,0.303,,-112616.0,Amazon,112616.0,39653.52
7326,1347,amazon basics Back Case Cover for Samsung Galaxy S24 Ultra 5G (Thermoplastic Polyurethane_MagSafe-Clear),"Samsung Galaxy S24 Ultra 5G (Titanium Black, 256 GB)",279.0,80999.0,3.9,4.6,https://www.amazon.in/Amazon-Basics-Samsung-Thermoplastic-Polyurethane_Clear/dp/B0CSKJPX9Y/ref=sr_1_7911?dib=eyJ2IjoiMSJ9.GUaOYZLdCt50QcVTSMIm_r_juVfHGKcXvmHLVvwwlubgFS-Kjh4_4aHr7M-25KYBhKrZHg95zMMLCAleh_cq2_Atb17peG8I4x_LDaYacpzdyt3ZsaZ7qJQX7Pg_4pqrAykFq9sDKzjCt5_InVUtm9YBzLl9xP_ZPMkqxLFi38XiBLb5cRWhXxeons8jH_mO6KzJg4NvOx2syThiSF5iakUB9zGjKHBbD4xN_x7oWKQmjiqpe-VcTUUvJ_Qr-GzY5Nz9R-WQcoM_I0x6u7VEbVus7uUgLf34R4-HGg62LS8.0rtmnUvB-CHWCZZPZQ_VOVk9KkKrh5TTL4kHH7k7NZ0&dib_tag=se&qid=1759744031&s=electronics&sr=1-7911&xpid=UZHjCDxPt3DrQ,https://www.flipkart.com/samsung-galaxy-s24-ultra-5g-titanium-black-256-gb/p/itm20b685e30271b?pid=MOBH3P4UM6ACEC2M&lid=LSTMOBH3P4UM6ACEC2MIS7C9G&marketplace=FLIPKART&q=mobile+phones&store=tyy%2F4io&srno=s_31_727&otracker=search&otracker1=search&fm=Search&iid=6f3dc78c-f8e0-4723-83f0-974855061bd7.MOBH3P4UM6ACEC2M.SEARCH&ppt=sp&ppn=sp&ssid=gksfv80g1s0000001753088106751&qH=a81ad6e72f7a2fd1,,https://rukminim2.flixcart.com/image/312/312/xif0q/mobile/y/e/8/-original-imahyvntxfrpuw6g.jpeg?q=70,Mobiles,0.3028,samsung,-80720.0,Amazon,80720.0,28931.9
194,14,realme Buds 3 (3.5 mm) Wired in Ear Earphones with Mic (Black),realme Buds 2 Wired,598.0,599.0,3.8,4.4,https://www.amazon.in/realme-Buds-Wired-Earphones-Black/dp/B0F6TNFL96/ref=sr_1_196?dib=eyJ2IjoiMSJ9.SiGOJTnj9_DH_PrDMQDkgIs6xNUX3d6lQWCvsX3ryCwUWjdPtUTd1OihfTrGDEbr5y_d4-usKFVlotFtLlri1oojBysXt6AaGA3PRbxsrZumFtwWkiJOtMalZiK-RHh1V_QtuNojCA9hHW__lYgPohhjMLim9ARJSUUXFEmSLrUQrql3UXIp8EtObfcxgxKgwWgrGQwKUV8D6uRlsOXKtGqapeFRH2Y51Saf0e_Xp5X7quUYvUcIVwIrs7ODxgn7TTWkeHQqWMIoh173ffHqKM9Hs92OkccyI5Rcas01kSQ.vNM7e9jX37o4nOl1CgLafG2hthMt_axCnAVsupxCEvw&dib_tag=se&qid=1759735555&s=electronics&sr=1-196&xpid=UZHjCDxPt3DrQ,https://www.flipkart.com/realme-buds-2-wired/p/itm192cca0f0aa57?pid=ACCGTGKXSTSMYV7E&lid=LSTACCGTGKXSTSMYV7E1RK7QD&marketplace=FLIPKART&q=earphones&store=0pm%2Ffcn%2F821&srno=s_1_15&otracker=search&otracker1=search&fm=Search&iid=d8eda83d-c160-45b0-9bae-1ca6cdba734a.ACCGTGKXSTSMYV7E.SEARCH&ppt=sp&ppn=sp&ssid=0fz6yk2yc00000001753105988574&qH=54597ea1f2fc7f2e,,https://rukminim2.flixcart.com/image/612/612/xif0q/headphone/u/j/3/-original-imagtyy3gtfngmta.jpeg?q=70,Earphones,0.3024,realme,-1.0,Amazon,1.0,0.17
5593,1311,"Original Apple 20w USB C Power Adapter Charger Compatible for iPhone 16, 16 Pro, 16 Pro Max,15, 15 Pro Max","Apple iPhone 16 Pro Max (Black Titanium, 256 GB)",899.0,135900.0,,4.7,https://www.amazon.in/Original-Adapter-Charger-Compatible-iPhone/dp/B0F29NV6VD/ref=sr_1_6020?dib=eyJ2IjoiMSJ9.ID5agp3PojG7_LgwpNUuuQ3nbiFQbnFdHtDPo1Fhv6WfR9MmR9LeFPKzOuQdf7x0kYazYKrV2twvFPpZ3cIS47jFofKNBrxUdkktWgeX0mhcZ9VkhR07usNiCZnM3SrNKJR4sIRM1rseNLITShArp5EWIonw1WeXbj-1pOOk7jbuddSMmAIm7MsyqErUOc5ed2pWO_1WyejeU2mZpjexNsO6LrYTUetxeElmy7Y58VNd_cIfNJ-8a0E_O2keB8nzx2rEu-lX0PX0JKo212A05LrFSXySRhDbRl1z5WwDTZI.XnWfnCC1V_0Bztr2l6Orooxy_Yp6MeqnLEx0tdeLnFk&dib_tag=se&qid=1759741685&s=electronics&sr=1-6020&xpid=UZHjCDxPt3DrQ,https://www.flipkart.com/apple-iphone-16-pro-max-black-titanium-256-gb/p/itm7e75db4f27bd5?pid=MOBH4DQFNXH8SZ9D&lid=LSTMOBH4DQFNXH8SZ9DUXE3QP&marketplace=FLIPKART&q=mobile+phones&store=tyy%2F4io&srno=s_29_689&otracker=search&otracker1=search&fm=Search&iid=9c28c77d-e1b8-4447-977c-3e75b46c59db.MOBH4DQFNXH8SZ9D.SEARCH&ppt=sp&ppn=sp&ssid=bfe30g3s1c0000001753088086408&qH=a81ad6e72f7a2fd1,,https://rukminim2.flixcart.com/image/312/312/xif0q/mobile/y/m/i/-original-imah4jz66pzdzy4z.jpeg?q=70,Mobiles,0.3023,apple,-135001.0,Amazon,135001.0,15016.8
2371,282,"ZEBRONICS Jumbo LITE with 70 Hours Backup, Bluetooth v5.2 in Ear Wireless Neckband, Fast Charging, ENC Calling, Gaming Mode(Upto 50ms), Voice Assistant, Dual Pairing, Splash Proof, and Type C(Black)","ZEBRONICS Jumbo Lite, with 70Hrs Backup, Fast Charging,...",549.0,599.0,3.6,3.8,https://www.amazon.in/ZEBRONICS-Jumbo-Bluetooth-Wireless-Assistant/dp/B0BGS28H74/ref=sr_1_2417?dib=eyJ2IjoiMSJ9.VXOVkXNReyOP0Ybms7p4t2oDRwfsJtL1KBoNrhwycyH4cuGIlKC0u7Ehm-pHFFdcqfCeKSa8-88T9Xb0k0VZHck9ZYEPawxPOxp-bjELYkQhJotU6XyNKFD4Rzm3pxLqifdum2I3ZUSGxhX4SGEWuqpqL0IureTqWCoRjGOJmgcAF9K_exjNrRgqKE52FqOzjvxLh0Ee24PeO2d_WAZIiiz3hTHc-pwI8fYTltj8Kib1Bd5AWkXcPijphvlO-C2D3_RR8tUSCKbCSpj_h9X43QRlook56Rj4DG1_xg7TiWs.84PcQ7Agi7xMR1nP5AeVlcXw6X9VvWzCcgIx-_reM1c&dib_tag=se&qid=1759737623&s=electronics&sr=1-2417&xpid=UZHjCDxPt3DrQ,https://www.flipkart.com/zebronics-jumbo-lite-70hrs-backup-fast-charging-enc-mic-gaming-mode-splash-proof-bluetooth/p/itm920cf5f24a817?pid=ACCGK5GRB8JDBCUM&lid=LSTACCGK5GRB8JDBCUMQWNOFO&marketplace=FLIPKART&q=earphones&store=0pm%2Ffcn%2F821&srno=s_20_794&otracker=search&otracker1=search&fm=Search&iid=8c808220-bc8d-41a8-8d6f-0d67c74d4b4e.ACCGK5GRB8JDBCUM.SEARCH&ppt=sp&ppn=sp&ssid=9b0pahkye80000001753106480437&qH=54597ea1f2fc7f2e,,https://rukminim2.flixcart.com/image/612/612/xif0q/headphone/u/h/e/zeb-yoga-7-jumbo-lite-with-70-hours-backup-enc-calling-gaming-original-imagk5gru3snsrzy.jpeg?q=70,Earphones,0.3023,,-50.0,Amazon,50.0,9.11
462,284,boAt Bassheads 100 in Ear Wired Headphones with Mic (White),Sennheiser CX 80S in-Ear Wired Headphones with in-line ...,349.0,1690.0,4.1,4.0,https://www.amazon.in/boAt-BassHeads-100-Headphones-White/dp/B07234XXJF/ref=sr_1_464?dib=eyJ2IjoiMSJ9.sWI1xGx8jUQs88AkQzwZAGUhDRA6sIQBYyWYRkAzCYJIS_2TSXmsqxXeYIVG8OJ1BK69oJBRMsCxX78UpZGnRRWqHuFeRkRJ-gGo58OVQU_eXjZAlE8wdKt1rCvzjmMfh0J1f2TLXX6UmqFRWCVMEXmIvIShsGFAw7icWkIPDXfDuxZeEPUv1adtExe6YOem1GjzLsSrXiKTdBjMxjReKEKPcPQTe8e6WW7xAFs8nt0-Mk06d6ZxqgGwioa4joCWkd1DFJiLwSAB3tZ6erN1aabRSV6W8AW5ZNrcOW_LiQ0.msFkjOAgdNSja5QoaH6qupCZXcnNqw_emvmIv55w5BI&dib_tag=se&qid=1759735759&s=electronics&sr=1-464&xpid=UZHjCDxPt3DrQ,https://www.flipkart.com/sennheiser-cx-80s-in-ear-wired-headphones-in-line-one-button-smart-control-mic/p/itm763b0077b7bc4?pid=ACCFNV8NXGNEG9TY&lid=LSTACCFNV8NXGNEG9TYBOOXJW&marketplace=FLIPKART&q=earphones&store=0pm%2Ffcn%2F821&srno=s_21_805&otracker=search&otracker1=search&fm=Search&iid=e56da30b-fa82-43f3-9e63-aa1697099550.ACCFNV8NXGNEG9TY.SEARCH&ppt=sp&ppn=sp&ssid=tgyhiu6rls0000001753106511440&qH=54597ea1f2fc7f2e,,https://rukminim2.flixcart.com/image/612/612/k6nxrbk0/headphone/9/t/y/sennheiser-cx-80s-original-imafp2h9uhnngauh.jpeg?q=70,Earphones,0.3013,boat,-1341.0,Amazon,1341.0,384.24
5654,778,"realme P3 5G with 6.67″ FHD+ 120Hz AMOLED Display (6 GB RAM, 128 GB ROM) Comet Grey","realme P3 5G (Space Silver, 128 GB)",16199.0,15999.0,4.2,4.4,https://www.amazon.in/realme-6-67%E2%80%B3-120Hz-AMOLED-Display/dp/B0F1TGF39G/ref=sr_1_6083?dib=eyJ2IjoiMSJ9.s-xT6hRfuhzWDhCanbTXmvMHYEYLrRd3yeK--lQcRaOIkwgm0ieKxzxwB8FHUblLK9TicRGiUYFFpGON1q-KvwHpUQ9uwcPz2f1WF3fSF1xYpLhlK93FNGUCmqrlxRFSb6EWW9a5kKd0BaRF9xX1_LYFgwGoxXMyLtkbpZtH-Pj_TDhAbmO8prt5vcX8cTIPOi9s462Prb4LJnDZ_DXovtuBKNDWh0ZjXi6rnFiAE39BfItLbHbNnB6U_cVCiO19AKeL7kxAMxdzmkOHHdfgfX46wft5tOykJ77BQCjdxxE.P28I37rsSJ52Hq854JdzHV9ne1ePiMz3GAJDloN968o&dib_tag=se&qid=1759741769&s=electronics&sr=1-6083&xpid=UZHjCDxPt3DrQ,https://www.flipkart.com/realme-p3-5g-space-silver-128-gb/p/itm69060f73d27e8?pid=MOBHAYN5ZXFQ3GFG&lid=LSTMOBHAYN5ZXFQ3GFGFUCV7J&marketplace=FLIPKART&q=mobile+phones&store=tyy%2F4io&srno=s_3_72&otracker=search&otracker1=search&fm=Search&iid=5e6f9ac8-4212-4e3a-9649-3114714e76ca.MOBHAYN5ZXFQ3GFG.SEARCH&ppt=sp&ppn=sp&ssid=jyzjxrisao0000001753087806754&qH=a81ad6e72f7a2fd1,,https://rukminim2.flixcart.com/image/312/312/xif0q/mobile/t/c/y/-original-imahaff2rbuykhcw.jpeg?q=70,Mobiles,0.3009,realme,200.0,Flipkart,200.0,1.25
5240,1347,"Spigen Tough Armor for Samsung Galaxy S24 Ultra Case, Galaxy S24 Ultra Back Cover (2024) - TPU+Poly Carbonate｜Black","Samsung Galaxy S24 Ultra 5G (Titanium Black, 256 GB)",1709.0,80999.0,4.4,4.6,https://www.amazon.in/Spigen-Tough-Compatible-Galaxy-Carbonate/dp/B0CM57R1QM/ref=sr_1_5621?dib=eyJ2IjoiMSJ9.3NmGvdnZpcSCitBJNyVEx-EHzZpDg-cXdNESJvaoGIjhL3bGk4U-dEwLybzzA_a3uGF3J__gG9ePBacTNMqGxvurjYknc94WIsA9k_oyLpr7Vs8FLcwZ4lWwXYQTR_RZC7F5Ka4EJSeDHm04lRx5SZ41RXcjLbajEQ0DHn-BBXhLfwEA9BI-QigpQ3gHkESwvKHq7F0e4GiZT_MTsxV2lk5QJVN4zhAfSIgVCLPeknIQnZBeChxGl5RXbwXgHs1lJgBRAbeCZKlvZEJbVfGQLXxJTyF36f_YQFsaarm_yk8.tuewiMUOwT1yftyVS6-oPr4wCQfy6apDS0gCrWwStAA&dib_tag=se&qid=1759741194&s=electronics&sr=1-5621&xpid=UZHjCDxPt3DrQ,https://www.flipkart.com/samsung-galaxy-s24-ultra-5g-titanium-black-256-gb/p/itm20b685e30271b?pid=MOBH3P4UM6ACEC2M&lid=LSTMOBH3P4UM6ACEC2MIS7C9G&marketplace=FLIPKART&q=mobile+phones&store=tyy%2F4io&srno=s_31_727&otracker=search&otracker1=search&fm=Search&iid=6f3dc78c-f8e0-4723-83f0-974855061bd7.MOBH3P4UM6ACEC2M.SEARCH&ppt=sp&ppn=sp&ssid=gksfv80g1s0000001753088106751&qH=a81ad6e72f7a2fd1,,https://rukminim2.flixcart.com/image/312/312/xif0q/mobile/y/e/8/-original-imahyvntxfrpuw6g.jpeg?q=70,Mobiles,0.3008,samsung,-79290.0,Amazon,79290.0,4639.56
4184,947,"TheGiftKart Hybrid Back Cover Case for Samsung Galaxy S24 5G Compatible with MagSafe | Shockproof Design | Hard Transparent Back Cover Case for Samsung Galaxy S24 5G (PC & TPU, Clear Sides)","Samsung Galaxy S24 5G (Onyx Black, 128 GB)",237.0,74999.0,4.2,4.6,https://www.amazon.in/TheGiftKart-Samsung-Compatible-Shockproof-Transparent/dp/B0DP57MVW1/ref=sr_1_4474?dib=eyJ2IjoiMSJ9.oRamGC__xSVWxpg6ntnc0hq3Nbm35wJnG5v8e35b4QFq7Q6WEFqptNhv71PEGMaDAMrUp58IOo72WnaGodCTTEGV5m-NDBxHyhU1Tb9K0aBB3OCEio8zPOVDVKQ2lpHThijXxenHlbm2Zmy8VKcU9b2px7s2jYnEBVFrIaip0GdXB4IllwHDXpnb62wzDsfKA2_4rukI3f_QgDSKaLXcfzCn9YHHxzO6d5HIszcudQYl7VsfyOhm16JpYKrnSclBLsNI0WeJdu1QXBG19SnqqMQ_WLHzyX9131BepN9VLjk.hspqTZnhhqxaEJ_VL9VLRTxXCpAhVtEqpS4CZzx_DgU&dib_tag=se&qid=1759739808&s=electronics&sr=1-4474&xpid=UZHjCDxPt3DrQ,https://www.flipkart.com/samsung-galaxy-s24-5g-onyx-black-128-gb/p/itmc8add40b88912?pid=MOBHYJ6QFUNQYFDH&lid=LSTMOBHYJ6QFUNQYFDHVZACEH&marketplace=FLIPKART&q=mobile+phones&store=tyy%2F4io&srno=s_12_278&otracker=search&otracker1=search&fm=Search&iid=f7937241-fb59-427d-9eb7-75586bfef788.MOBHYJ6QFUNQYFDH.SEARCH&ppt=sp&ppn=sp&ssid=p65rsa2g0g0000001753087901914&qH=a81ad6e72f7a2fd1,,https://rukminim2.flixcart.com/image/312/312/xif0q/mobile/m/n/9/-original-imahcfwmchscq6fk.jpeg?q=70,Mobiles,0.3006,samsung,-74762.0,Amazon,74762.0,31545.15
